step,vehicle_count,mean_speed,total_fuel_ml_s,total_co2_mg_s,total_waiting_s,halting_count,departed_count,arrived_count,mean_fuel_per_veh,mean_co2_per_veh
0,1,0.0,837.2222,2624.7222,0.0,1,1,0,837.2222,2624.7222
1,1,1.3556,938.4938,2942.2632,0.0,0,0,0,938.4938,2942.2632
2,1,2.8619,1097.6798,3441.3844,0.0,0,0,0,1097.6798,3441.3844
3,2,2.16,2066.0449,6477.301,0.0,1,1,0,1033.0225,3238.6505
4,2,4.443,3229.8487,10126.2564,0.0,0,0,0,1614.9244,5063.1282
5,2,6.6156,3936.1189,12340.6863,0.0,0,0,0,1968.0594,6170.3432
6,3,5.4763,4425.4791,13874.783,0.0,1,1,0,1475.1597,4624.9277
7,3,7.2925,5520.9108,17309.3672,0.0,0,0,0,1840.3036,5769.7891
8,3,8.1576,4314.9696,13528.5232,0.0,0,0,0,1438.3232,4509.5077
9,4,6.5028,3165.8887,9925.5307,0.0,1,1,0,791.4722,2481.3827
10,4,7.6553,4175.5515,13091.2603,0.0,0,0,0,1043.8879,3272.8151
11,4,8.4425,4387.3263,13755.1384,0.0,0,0,0,1096.8316,3438.7846
12,5,7.1375,4238.0206,13286.9404,0.0,1,1,0,847.6041,2657.3881
13,5,7.4619,4268.2779,13381.9868,0.0,0,0,0,853.6556,2676.3974
14,5,7.9085,5779.5628,18120.2419,0.0,0,0,0,1155.9126,3624.0484
15,6,7.3854,7587.7303,23789.1466,0.0,1,1,0,1264.6217,3964.8578
16,6,8.0709,6803.9826,21332.1132,0.0,0,0,0,1133.9971,3555.3522
17,6,8.812,8784.1197,27540.2784,0.0,0,0,0,1464.02,4590.0464
18,7,7.6563,5122.1883,16058.7994,0.0,1,1,0,731.7412,2294.1142
19,7,8.4619,7237.0391,22689.6389,0.0,0,0,0,1033.8627,3241.377
20,7,9.0683,7785.9936,24410.7356,0.0,0,0,0,1112.2848,3487.2479
21,8,8.3404,7392.5682,23177.1681,0.0,1,1,0,924.071,2897.146
22,8,9.1372,9723.5881,30485.8038,0.0,0,0,0,1215.4485,3810.7255
23,8,9.4421,6366.7035,19960.7992,0.0,0,0,0,795.8379,2495.0999
24,9,8.5241,6871.6775,21543.9349,0.0,1,1,0,763.5197,2393.7705
25,9,8.8541,6117.0183,19178.0101,0.0,0,0,0,679.6687,2130.89
26,9,9.5166,9918.9693,31098.1393,0.0,0,0,0,1102.1077,3455.3488
27,10,8.6957,6539.2274,20501.6545,0.0,1,1,0,653.9227,2050.1655
28,10,9.4457,12010.8819,37656.822,0.0,0,0,0,1201.0882,3765.6822
29,10,9.9942,10056.4761,31529.2758,0.0,0,0,0,1005.6476,3152.9276
30,11,9.4578,11719.9834,36744.9196,0.0,1,1,0,1065.453,3340.4472
31,11,9.5327,7253.7743,22741.9934,0.0,0,0,0,659.434,2067.4539
32,11,9.1334,5918.797,18556.5576,0.0,0,0,0,538.0725,1686.9598
33,12,8.5402,9028.1011,28304.5752,0.0,1,1,0,752.3418,2358.7146
34,12,8.6881,7739.5216,24264.8873,0.0,0,0,0,644.9601,2022.0739
35,12,9.2227,12619.9338,39566.2493,0.0,0,0,0,1051.6612,3297.1874
36,13,8.8463,11080.3982,34739.385,0.0,1,1,0,852.3383,2672.2604
37,13,9.0423,9408.5623,29497.8524,0.0,0,0,0,723.7356,2269.0656
38,13,9.2021,11242.3303,35246.985,0.0,0,0,0,864.7946,2711.3065
39,14,8.5427,12102.5637,37943.985,0.0,1,1,0,864.4688,2710.2846
40,14,9.09,14116.7963,44259.0026,0.0,0,0,0,1008.3426,3161.3573
41,14,9.183,9205.6322,28861.7764,0.0,0,0,0,657.5452,2061.5555
42,15,9.1162,16351.1388,51264.8425,0.0,1,1,0,1090.0759,3417.6562
43,15,9.7136,17355.3781,54412.9203,0.0,0,0,0,1157.0252,3627.528
44,15,9.7009,11394.1968,35723.4871,0.0,0,0,0,759.6131,2381.5658
45,16,9.1671,10983.2376,34434.6525,0.0,1,1,0,686.4524,2152.1658
46,16,9.2714,13160.6352,41261.6784,0.0,0,0,0,822.5397,2578.8549
47,16,9.5131,15421.5982,48350.2398,0.0,0,0,0,963.8499,3021.89
48,17,9.1398,17153.7871,53780.7292,0.0,1,1,0,1009.0463,3163.5723
49,17,9.4945,16975.8029,53222.9468,0.0,0,0,0,998.5766,3130.7616
50,17,9.5496,14427.6886,45234.3373,0.0,0,0,0,848.6876,2660.8434
51,18,8.9731,16356.0361,51279.9691,0.0,1,1,0,908.6687,2848.8872
52,18,8.8735,12442.9569,39011.4215,0.0,0,0,0,691.2754,2167.3012
53,18,9.4303,22162.5475,69484.6991,1.0,1,0,0,1231.2526,3860.2611
54,19,8.9939,18727.7291,58715.3792,2.0,2,1,0,985.67,3090.2831
55,19,8.8599,14892.8097,46692.2229,3.0,1,0,0,783.8321,2457.4854
56,19,9.5387,21690.8438,68005.7764,0.0,0,0,0,1141.6234,3579.2514
57,20,9.4047,16738.1577,52477.959,0.0,1,1,0,836.9079,2623.898
58,20,9.896,22588.1111,70818.9828,0.0,0,0,0,1129.4056,3540.9491
59,20,10.1861,21286.977,66739.8261,0.0,0,0,0,1064.3488,3336.9913
60,21,10.0527,20098.328,63012.8145,0.0,1,1,0,957.0632,3000.6102
61,21,10.1929,16823.0725,52744.2614,0.0,0,0,0,801.0987,2511.6315
62,21,10.2336,15870.62,49757.8165,0.0,0,0,0,755.7438,2369.4198
63,22,9.98,17545.4396,55008.5401,0.0,1,1,0,797.52,2500.3882
64,22,9.9708,14540.9649,45588.7968,0.0,0,0,0,660.953,2072.218
65,22,10.0588,18904.2168,59268.8673,0.0,0,0,0,859.2826,2694.0394
66,23,9.5571,12889.3379,40410.4517,0.0,1,1,0,560.406,1756.9762
67,23,9.5175,20730.5268,64994.8239,0.0,0,0,0,901.3273,2825.8619
68,23,9.5848,19836.8815,62193.075,0.0,0,0,0,862.4731,2704.0467
69,24,8.8514,16330.8566,51200.7172,0.0,1,1,0,680.4524,2133.3632
70,24,8.8395,21912.396,68700.0471,0.0,0,0,0,913.0165,2862.502
71,24,8.7583,14623.5251,45847.7348,0.0,0,0,0,609.3135,1910.3223
72,25,8.1676,15118.159,47398.1962,1.0,2,1,0,604.7264,1895.9278
73,25,8.4406,22655.4857,71029.6117,2.0,1,0,0,906.2194,2841.1845
74,25,8.7928,22764.563,71371.5736,4.0,2,0,0,910.5825,2854.8629
75,26,8.6909,25049.5425,78535.7671,6.0,3,1,0,963.4439,3020.6064
76,26,9.1062,28390.868,89011.6992,8.0,2,0,0,1091.9565,3423.5269
77,26,9.7144,30781.551,96507.177,10.0,2,0,0,1183.9058,3711.8145
78,27,9.5798,26204.0315,82155.6964,12.0,3,1,0,970.5197,3042.8036
79,27,9.5368,24400.5176,76500.6642,14.0,2,0,0,903.7229,2833.3579
80,27,9.6817,21080.7312,66092.8462,9.0,1,0,0,780.7678,2447.8832
81,28,9.5523,25060.2401,78569.1767,10.0,2,1,0,895.0086,2806.042
82,28,10.0671,34426.7058,107935.6807,11.0,1,0,0,1229.5252,3854.8457
83,28,10.2174,24870.074,77973.2026,12.0,1,0,0,888.2169,2784.7572
84,29,9.8981,23893.8504,74912.4557,13.0,2,1,0,823.9259,2583.1881
85,29,10.3857,31634.2129,99180.5327,14.0,1,0,0,1090.8349,3420.0184
86,29,10.7169,33104.0552,103789.2429,15.0,1,0,0,1141.5191,3578.9394
87,30,10.4715,29172.2446,91461.6739,16.0,2,1,0,972.4082,3048.7225
88,30,10.6615,24135.4322,75669.9164,17.0,1,0,0,804.5144,2522.3305
89,30,10.6712,19996.319,62692.3978,18.0,1,0,0,666.544,2089.7466
90,31,10.2388,22455.895,70404.224,0.0,1,1,0,724.3837,2271.104
91,31,10.4499,29587.9656,92764.8271,0.0,0,0,0,954.4505,2992.4138
92,31,10.6555,23628.8197,74081.5793,0.0,0,0,0,762.22,2389.7284
93,32,10.5697,29378.3175,92107.5107,0.0,1,1,0,918.0724,2878.3597
94,32,10.4602,19653.7589,61618.6768,0.0,0,0,0,614.18,1925.5837
95,32,10.3736,24799.7482,77752.8463,0.0,0,0,0,774.9921,2429.7764
96,33,10.2082,30028.437,94145.5943,0.0,1,1,0,909.9526,2852.8968
97,33,10.4811,29571.6583,92713.8792,0.0,0,0,0,896.1109,2809.5115
98,33,10.803,30597.6371,95930.8073,0.0,0,0,0,927.2011,2906.9942
99,34,10.7276,28725.8256,90062.1096,0.0,1,1,0,844.8772,2648.8856
100,34,11.1086,34104.9125,106926.9438,0.0,0,0,0,1003.0857,3144.9101
101,34,11.0913,22667.2053,71066.8804,0.0,0,0,0,666.6825,2090.2024
102,35,10.7101,22906.9631,71818.4796,0.0,1,1,0,654.4847,2051.9566
103,35,10.5678,21657.9085,67901.7464,0.0,0,0,0,618.7974,1940.0499
104,35,10.3586,23704.09,74317.3028,0.0,0,0,0,677.2597,2123.3515
105,36,10.1786,30372.7944,95225.4387,0.0,1,1,0,843.6887,2645.1511
106,36,10.0967,30518.1778,95681.106,0.0,0,0,0,847.7272,2657.8085
107,36,10.1956,29164.9712,91438.9519,0.0,0,0,0,810.1381,2539.9709
108,37,9.9871,37484.1726,117521.6138,1.0,2,1,0,1013.0857,3176.2598
109,37,10.2333,32556.5301,102072.1593,2.0,1,0,0,879.9062,2758.707
110,37,10.352,27116.6649,85016.3262,4.0,2,0,0,732.8828,2297.7385
111,38,10.3526,35297.9703,110666.8074,6.0,3,1,0,928.894,2912.2844
112,37,10.5301,26507.3354,83105.9521,5.0,1,0,1,716.4145,2246.1068
113,37,10.7323,33132.8354,103878.4925,6.0,1,0,0,895.482,2807.5268
114,38,10.6487,32137.2476,100756.9998,7.0,2,1,0,845.717,2651.5
115,38,10.6484,27138.8755,85086.0934,8.0,1,0,0,714.1809,2239.1077
116,38,10.3704,25404.2909,79648.0984,9.0,1,0,0,668.534,2096.0026
117,39,10.1765,31922.6193,100083.9025,10.0,2,1,0,818.5287,2566.2539
118,39,10.1562,30940.4502,97005.1027,11.0,1,0,0,793.3449,2487.3103
119,38,10.1399,30134.676,94478.7246,12.0,1,0,1,793.0178,2486.2822
120,38,10.2221,38539.335,120829.7987,13.0,1,0,0,1014.193,3179.7315
121,38,10.2197,31105.4499,97522.7361,14.0,1,0,0,818.5645,2566.3878
122,38,10.2906,31554.7012,98931.0662,15.0,1,0,0,830.3869,2603.4491
123,39,10.1073,35619.2889,111674.6213,17.0,3,1,0,913.3151,2863.4518
124,39,10.2508,31041.3146,97320.9725,19.0,2,0,0,795.9311,2495.4096
125,39,10.2221,30731.9793,96351.4769,21.0,2,0,0,787.9995,2470.5507
126,40,9.9573,32042.8439,100461.1408,24.0,4,1,0,801.0711,2511.5285
127,40,9.9756,33829.8024,106063.3237,27.0,3,0,0,845.7451,2651.5831
128,40,10.2604,35199.8111,110358.7835,10.0,3,0,0,879.9953,2758.9696
129,42,9.8005,38161.7165,119645.1166,9.0,4,2,0,908.6123,2848.6933
130,42,9.5146,24126.1826,75640.1756,11.0,2,0,0,574.4329,1800.9566
131,42,9.3441,31671.0057,99295.0423,13.0,2,0,0,754.0716,2364.1677
132,43,9.204,31715.2674,99434.0058,10.0,2,1,0,737.5644,2312.4187
133,43,9.3585,38791.4741,121619.5455,12.0,2,0,0,902.1273,2828.3615
134,43,9.6159,40400.9453,126665.7812,14.0,2,0,0,939.5569,2945.7158
135,44,9.7455,46438.2627,145594.4899,16.0,3,1,0,1055.4151,3308.9657
136,44,10.1058,45194.1834,141694.0581,4.0,1,0,0,1027.1405,3220.3195
137,44,10.3597,42836.5773,134302.3584,6.0,2,0,0,973.5586,3052.3263
138,45,10.0263,37514.1534,117615.0005,8.0,3,1,0,833.6479,2613.6667
139,45,10.03,37041.4193,116133.2028,10.0,2,0,0,823.1427,2580.7378
140,45,10.3065,50493.3529,158308.3038,12.0,2,0,0,1122.0745,3517.9623
141,46,9.5358,26798.7618,84019.6247,15.0,4,1,0,582.5818,1826.5136
142,46,9.8561,48079.1673,150738.8242,16.0,2,0,0,1045.1993,3276.931
143,46,9.9363,40606.442,127309.7923,19.0,3,0,0,882.7487,2767.6042
144,47,10.1598,48330.5153,151527.1632,0.0,1,1,0,1028.3088,3223.9822
145,47,10.4022,43144.8985,135269.004,0.0,0,0,0,917.9766,2878.0639
146,46,10.7368,44238.518,138698.1461,0.0,0,0,1,961.7069,3015.1771
147,47,10.7879,49065.3949,153831.5728,0.0,1,1,0,1043.9446,3273.0122
148,47,10.7618,47497.677,148916.5851,0.0,0,0,0,1010.5889,3168.438
149,46,10.7806,40941.3337,128360.9819,0.0,0,0,1,890.029,2790.4561
150,47,10.6949,42369.3024,132837.3642,0.0,1,1,0,901.4745,2826.3269
151,47,10.8983,46377.9403,145405.8455,1.0,1,0,0,986.7647,3093.7414
152,47,10.9473,47643.6304,149374.0368,2.0,1,0,0,1013.6943,3178.171
153,48,10.5196,35800.9978,112243.8043,4.0,3,1,0,745.8541,2338.4126
154,48,10.8552,47442.3467,148742.4646,4.0,1,0,0,988.3822,3098.8013
155,48,10.8193,38826.131,121728.759,5.0,1,0,0,808.8777,2536.0158
156,49,10.9434,54189.427,169896.5198,7.0,3,1,0,1105.9067,3467.2759
157,49,11.1575,47681.508,149492.3654,9.0,2,0,0,973.092,3050.8646
158,49,11.3987,54967.2298,172335.7858,11.0,2,0,0,1121.7802,3517.0569
159,50,11.3795,43932.3821,137737.7804,13.0,3,1,0,878.6476,2754.7556
160,50,11.5331,46333.3294,145266.066,0.0,0,0,0,926.6666,2905.3213
161,50,11.6519,43503.2546,136393.0282,0.0,0,0,0,870.0651,2727.8606
162,51,11.4336,45989.2587,144186.9964,0.0,1,1,0,901.7502,2827.196
163,51,11.3819,47712.3003,149589.3409,0.0,0,0,0,935.5353,2933.1243
164,51,11.2808,39038.1977,122393.7683,0.0,0,0,0,765.4549,2399.8778
165,52,10.9053,45272.3965,141939.3182,0.0,1,1,0,870.623,2729.6023
166,52,10.8688,40477.0124,126904.4881,1.0,1,0,0,778.4041,2440.4709
167,52,10.9823,51633.5096,161882.7958,3.0,2,0,0,992.9521,3113.1307
168,53,10.7403,49291.0562,154538.8026,3.0,2,1,0,930.0199,2915.8265
169,53,10.8362,49199.5782,154252.0797,5.0,2,0,0,928.2939,2910.4166
170,53,10.8355,45512.9555,142693.6138,7.0,2,0,0,858.735,2692.3323
171,54,10.7034,45917.7855,143962.1632,9.0,3,1,0,850.3294,2665.966
172,54,10.6813,46752.5634,146579.2688,13.0,4,0,0,865.7882,2714.4309
173,54,10.7584,49889.5839,156414.8898,17.0,4,0,0,923.8812,2896.572
174,55,10.376,42243.7801,132443.5005,21.0,5,1,0,768.0687,2408.0636
175,55,10.3174,49555.3836,155367.0779,25.0,4,0,0,901.007,2824.856
176,55,10.1344,42561.4503,133439.644,18.0,3,0,0,773.8446,2426.1753
177,56,9.7933,51289.8879,160805.283,21.0,4,1,0,915.8909,2871.5229
178,56,9.8304,51466.4829,161358.6148,25.0,4,0,0,919.0443,2881.4038
179,56,9.6971,44749.6563,140299.8146,29.0,4,0,0,799.101,2505.3538
180,57,9.6646,53815.9099,168724.4468,34.0,6,1,0,944.1388,2960.078
181,57,10.1228,60105.8787,188445.0259,39.0,5,0,0,1054.4891,3306.0531
182,57,10.1106,47297.2482,148286.5682,44.0,5,0,0,829.7763,2601.5187
183,58,9.9927,47764.3343,149751.2046,49.0,6,1,0,823.523,2581.9173
184,58,10.1202,52235.6212,163770.1874,25.0,3,0,0,900.6142,2823.6239
185,58,10.2671,52331.8548,164072.1036,22.0,2,0,0,902.2734,2828.8294
186,59,10.1116,53196.771,166783.8143,24.0,3,1,0,901.6402,2826.8443
187,59,10.2631,57112.798,179061.6737,26.0,2,0,0,968.0135,3034.9436
188,59,10.4117,57018.2412,178765.0573,28.0,2,0,0,966.4109,3029.9162
189,60,10.1832,42587.2483,133520.0515,32.0,5,1,0,709.7875,2225.3342
190,60,10.1904,47455.628,148783.571,18.0,4,0,0,790.9271,2479.7262
191,60,10.4969,59469.9745,186451.5328,19.0,3,0,0,991.1662,3107.5255
192,61,10.5607,51645.0812,161918.6745,0.0,1,1,0,846.6407,2654.4045
193,61,10.9004,60150.5385,188585.433,1.0,1,0,0,986.0744,3091.5645
194,61,11.0411,50757.2087,159135.0446,2.0,1,0,0,832.0854,2608.7712
195,62,11.0501,58391.5176,183070.8378,0.0,1,1,0,941.7987,2952.7554
196,62,10.974,46986.546,147313.6449,0.0,0,0,0,757.8475,2376.0265
197,62,11.0224,57103.6641,179033.3536,0.0,0,0,0,921.0268,2887.6347
198,63,10.9603,66466.9175,208389.4614,1.0,2,1,0,1055.0304,3307.7692
199,63,10.8847,50754.0269,159125.6766,3.0,2,0,0,805.6195,2525.8044
200,63,10.7713,51863.9336,162604.7843,5.0,2,0,0,823.237,2581.0283
201,64,10.5798,56611.2526,177489.2807,5.0,3,1,0,884.5508,2773.27
202,64,10.6801,58887.9193,184627.0234,6.0,2,0,0,920.1237,2884.7972
203,64,10.6661,55351.7929,173540.4221,6.0,1,0,0,864.8718,2711.5691
204,65,10.6282,63332.406,198561.4333,8.0,3,1,0,974.3447,3054.7913
205,65,10.8443,57476.3176,180201.5697,10.0,2,0,0,884.251,2772.3318
206,65,11.0895,63059.0424,197704.9299,12.0,2,0,0,970.1391,3041.6143
207,66,10.9486,55380.2885,173629.5124,14.0,3,1,0,839.0953,2630.7502
208,66,11.2332,63214.896,198193.507,5.0,1,0,0,957.8015,3002.9319
209,66,11.377,64423.3633,201982.3882,0.0,0,0,0,976.1116,3060.3392
210,67,11.5401,69567.2175,218109.5929,0.0,1,1,0,1038.3167,3255.3671
211,67,11.592,58682.9345,183984.6587,0.0,0,0,0,875.8647,2746.0397
212,67,11.5854,57426.6898,180046.4887,0.0,0,0,0,857.1148,2687.261
213,68,11.3106,58721.7786,184106.8544,0.0,1,1,0,863.5556,2707.4537
214,68,11.5734,65895.3321,206597.7244,0.0,0,0,0,969.049,3038.2018
215,67,11.7063,67322.1413,211071.0763,0.0,0,0,1,1004.8081,3150.3146
216,68,11.5962,61054.1832,191419.692,1.0,2,1,0,897.8556,2814.9955
217,68,11.6331,58400.2788,183098.2674,2.0,1,0,0,858.8276,2692.6216
218,68,11.6329,63013.6373,197563.2581,3.0,1,0,0,926.6711,2905.342
219,69,11.637,61054.5688,191420.4128,4.0,2,1,0,884.8488,2774.2089
220,69,11.6871,54959.6853,172311.2367,5.0,1,0,0,796.5172,2497.2643
221,69,11.6572,61213.6651,191919.0515,6.0,1,0,0,887.1546,2781.4355
222,70,11.6505,62415.0451,195685.8097,7.0,2,1,0,891.6435,2795.5116
223,70,11.7851,63143.6326,197970.4045,8.0,1,0,0,902.0519,2828.1486
224,70,11.9607,70764.5138,221864.0834,9.0,1,0,0,1010.9216,3169.4869
225,71,11.6516,56187.0978,176159.4622,10.0,2,1,0,791.3676,2481.1192
226,71,11.6124,61958.7666,194255.4075,0.0,0,0,0,872.6587,2735.9917
227,71,11.5229,53195.1846,166779.3004,0.0,0,0,0,749.228,2349.0042
228,72,11.5684,76278.9443,239152.8987,0.0,1,1,0,1059.4298,3321.568
229,72,11.4196,51818.4337,162462.7293,1.0,1,0,0,719.7005,2256.4268
230,72,11.3788,68163.5505,213708.6294,2.0,1,0,0,946.716,2968.1754
231,73,11.1811,60400.0881,189368.5787,3.0,2,1,0,827.3985,2594.0901
232,73,11.2005,64201.7146,201286.926,4.0,1,0,0,879.4755,2757.3552
233,73,11.0421,52926.469,165936.2139,6.0,2,0,0,725.0201,2273.0988
234,73,10.9852,67299.0993,210997.927,2.0,2,1,1,921.9055,2890.3826
235,73,11.0871,57803.3319,181226.1953,0.0,0,0,0,791.8265,2482.5506
236,73,10.974,57016.6727,178760.3187,0.0,0,0,0,781.0503,2448.7715
237,74,10.9984,64118.7918,201027.0082,1.0,2,1,0,866.4702,2716.5812
238,74,11.0006,67328.0728,211089.2602,2.0,1,0,0,909.8388,2852.5576
239,74,10.8672,53163.0887,166678.3443,4.0,2,0,0,718.4201,2252.4101
240,75,10.518,52739.0042,165348.5674,2.0,2,1,0,703.1867,2204.6476
241,74,10.6607,68837.6687,215821.3902,3.0,1,0,1,930.2388,2916.5053
242,74,10.6835,67140.692,210501.2808,4.0,1,0,0,907.3066,2844.6119
243,75,10.6903,78180.2213,245113.5749,7.0,4,1,0,1042.403,3268.181
244,75,10.7776,69169.106,216860.8742,10.0,3,0,0,922.2547,2891.4783
245,75,10.8722,73991.2897,231979.8483,14.0,4,0,0,986.5505,3093.0646
246,76,10.748,63880.8499,200280.1662,18.0,5,1,0,840.5375,2635.2653
247,75,10.7638,59837.8203,187604.6814,17.0,3,0,1,797.8376,2501.3958
248,75,10.8068,57747.1769,181049.8938,20.0,3,0,0,769.9624,2413.9986
249,76,10.7923,68497.3044,214754.3939,23.0,4,1,0,901.2803,2825.7157
250,76,10.8651,65992.6064,206901.5439,26.0,3,0,0,868.3238,2722.3887
251,76,10.9271,74913.8203,234871.7505,29.0,3,0,0,985.7082,3090.4178
252,77,10.65,61864.193,193958.1353,32.0,4,1,0,803.4311,2518.9368
253,77,10.727,62480.6059,195890.6495,35.0,3,0,0,811.4364,2544.0344
254,77,11.0841,80025.9805,250900.0785,26.0,2,0,0,1039.2984,3258.4426
255,78,11.1824,70347.8141,220555.9931,28.0,3,1,0,901.8951,2827.6409
256,77,11.5841,80419.8027,252134.8933,18.0,1,0,1,1044.413,3274.4791
257,77,11.8621,82860.1116,259786.7028,19.0,1,0,0,1076.1053,3373.8533
258,78,11.8467,72848.3079,228396.8841,20.0,2,1,0,933.9527,2928.1652
259,78,11.8809,64010.5837,200687.7034,21.0,1,0,0,820.6485,2572.9193
260,78,11.9116,63837.7955,200146.3709,0.0,0,0,0,818.4333,2565.9791
261,79,11.6756,57713.7966,180946.012,0.0,1,1,0,730.5544,2290.4558
262,78,11.8303,72465.362,227195.3704,0.0,0,0,1,929.0431,2912.7612
263,78,11.7551,61525.1652,192896.0825,0.0,0,0,0,788.7842,2473.0267
264,79,11.3391,64466.7666,202118.473,0.0,1,1,0,816.035,2558.4617
265,79,11.2338,69408.1003,217610.6765,0.0,0,0,0,878.5835,2754.5655
266,79,11.1374,60444.317,189506.3044,1.0,1,0,0,765.1179,2398.814
267,80,11.1367,73402.0386,230132.1142,2.0,2,1,0,917.5255,2876.6514
268,80,11.3076,76067.4819,238489.1366,3.0,1,0,0,950.8435,2981.1142
269,80,11.3529,62991.292,197492.1119,4.0,1,0,0,787.3912,2468.6514
270,81,11.3677,75622.9313,237095.4416,5.0,2,1,0,933.6164,2927.1042
271,81,11.2932,58713.8493,184080.7782,6.0,1,0,0,724.8623,2272.6022
272,81,11.3827,64287.9285,201556.97,0.0,0,0,0,793.6781,2488.3577
273,82,11.4287,74786.7976,234473.7894,0.0,1,1,0,912.0341,2859.4365
274,82,11.3746,65694.1996,205966.5665,0.0,0,0,0,801.1488,2511.7874
275,82,11.3749,75624.2985,237100.224,0.0,0,0,0,922.2475,2891.4661
276,83,11.2695,70178.0811,220024.9716,0.0,1,1,0,845.519,2650.9033
277,83,11.577,80670.1826,252919.9261,0.0,0,0,0,971.9299,3047.228
278,81,11.5186,64655.5924,202709.7969,0.0,0,0,2,798.2172,2502.5901
279,82,11.5951,75789.6971,237618.0503,0.0,1,1,0,924.2646,2897.7811
280,82,11.4578,58041.0669,181971.3642,0.0,0,0,0,707.8179,2219.163
281,82,11.3778,59089.5678,185258.66,0.0,0,0,0,720.6045,2259.252
282,83,11.2632,73126.4675,229268.1494,0.0,1,1,0,881.0418,2762.2669
283,82,11.2541,57775.6628,181139.2361,0.0,0,0,1,704.5813,2209.0151
284,81,11.3039,62050.027,194539.9275,1.0,1,0,1,766.0497,2401.7275
285,82,11.1557,59603.7158,186870.3532,2.0,2,1,0,726.8746,2278.9067
286,82,11.089,63112.5012,197871.6647,3.0,1,0,0,769.6646,2413.0691
287,81,10.8049,61597.6409,193122.2817,4.0,1,0,1,760.4647,2384.2257
288,82,10.7454,71423.236,223927.9269,5.0,2,1,0,871.0151,2730.8284
289,82,10.7508,65668.4586,205885.2035,0.0,0,0,0,800.8349,2510.7952
290,82,10.8229,69116.9269,216697.0066,0.0,0,0,0,842.8894,2642.6464
291,83,10.6994,62387.3385,195597.9672,0.0,1,1,0,751.6547,2356.602
292,83,10.663,66893.2686,209725.2785,1.0,1,0,0,805.943,2526.8106
293,83,10.5962,64001.936,200659.7534,2.0,1,0,0,771.1077,2417.5874
294,82,10.486,61675.8287,193367.228,4.0,3,1,2,752.1443,2358.1369
295,81,10.5454,67859.9168,212755.8109,6.0,2,0,1,837.7768,2626.6149
296,81,10.5535,70485.5277,220987.9538,5.0,1,0,0,870.1917,2728.2463
297,82,10.1879,56096.6981,175875.3133,7.0,3,1,0,684.1061,2144.8209
298,82,10.163,63661.9966,199594.718,9.0,2,0,0,776.3658,2434.0819
299,82,10.105,68489.6117,214730.367,13.0,4,0,0,835.2392,2618.663
300,83,9.9616,68236.2412,213935.3035,18.0,6,1,0,822.1234,2577.5338
301,83,10.1387,74852.4516,234678.795,23.0,5,0,0,901.8368,2827.4554
302,83,10.3932,79051.0068,247842.4448,22.0,4,0,0,952.4218,2986.0536
303,84,10.5062,91836.4156,287929.0422,26.0,5,1,0,1093.2907,3427.7267
304,84,10.464,71024.9607,222678.5902,30.0,4,0,0,845.5352,2650.9356
305,84,10.216,56861.0791,178271.3315,13.0,2,0,0,676.9176,2122.2778
306,85,9.673,52573.8553,164829.637,15.0,3,1,0,618.5159,1939.1722
307,85,9.9004,70526.7415,221116.1121,18.0,3,0,0,829.7264,2601.366
308,85,10.253,83799.52,262730.5962,22.0,4,0,0,985.8767,3090.9482
309,85,10.4717,77864.5335,244122.432,15.0,4,1,1,916.0533,2872.0286
310,85,10.5072,76263.3877,239103.2285,7.0,2,0,0,897.2163,2812.9792
311,85,10.3572,74177.0799,232562.5369,9.0,2,0,0,872.6715,2736.0298
312,86,10.1407,76266.1721,239111.7678,5.0,2,1,0,886.816,2780.3694
313,86,10.114,73118.6726,229243.1755,8.0,3,0,0,850.2171,2665.6183
314,86,10.2865,83488.4196,261754.6634,12.0,4,0,0,970.7956,3043.6589
315,86,10.2968,74776.2155,234440.1367,17.0,6,1,1,869.4909,2726.0481
316,86,10.4135,77731.5503,243705.873,14.0,5,0,0,903.8552,2833.7892
317,86,10.5593,75701.7034,237341.7763,19.0,5,0,0,880.2524,2759.7881
318,86,10.6128,84478.5314,264859.4613,25.0,7,1,1,982.3085,3079.7612
319,86,10.585,69455.3687,217757.5391,31.0,6,0,0,807.6206,2532.0644
320,85,10.7037,72648.8608,227770.1595,23.0,4,0,1,854.6925,2679.6489
321,86,10.6098,70285.2067,220359.3934,13.0,3,1,0,817.2698,2562.3185
322,86,10.5821,66678.9058,209052.3952,16.0,3,0,0,775.3361,2430.8418
323,86,10.6387,70400.211,220719.8876,18.0,3,0,0,818.6071,2566.5103
324,87,10.2694,58078.6861,182088.7085,21.0,4,1,0,667.5711,2092.9737
325,87,10.2908,74416.8449,233313.6199,25.0,4,0,0,855.366,2681.7657
326,86,10.2314,60963.089,191131.5503,30.0,5,0,1,708.8731,2222.4599
327,87,10.168,73083.8749,229132.611,34.0,7,1,0,840.0445,2633.7082
328,87,10.2556,70684.4442,221610.4463,38.0,5,0,0,812.4649,2547.2465
329,86,10.303,69831.3369,218936.7017,43.0,5,0,1,811.9923,2545.7756
330,87,10.325,79646.4224,249708.4289,48.0,6,1,0,915.4761,2870.2118
331,87,10.407,73126.3205,229266.279,35.0,5,0,0,840.5324,2635.2446
332,87,10.4625,77705.1675,243622.974,26.0,5,0,0,893.1628,2800.2641
333,88,10.2275,72322.16,226746.2097,20.0,5,1,0,821.8427,2576.6615
334,88,10.3328,75660.7484,237212.9888,17.0,2,0,0,859.7812,2695.6021
335,88,10.5016,81814.8004,256508.1404,19.0,2,0,0,929.7136,2914.8652
336,89,10.5347,83996.6596,263348.648,22.0,4,1,0,943.7827,2958.9736
337,89,10.6299,82460.7128,258533.4036,2.0,1,0,0,926.5249,2904.8697
338,86,10.8243,81757.8656,256329.6928,3.0,1,0,3,950.6729,2980.5778
339,87,10.7438,76293.0365,239196.4472,5.0,3,1,0,876.9315,2749.3845
340,87,10.8774,80487.648,252347.5051,2.0,1,0,0,925.1454,2900.546
341,87,10.9716,74765.8106,234408.4512,3.0,1,0,0,859.3771,2694.35
342,87,10.9933,77723.6013,243681.517,4.0,2,1,1,893.3747,2800.937
343,86,11.2683,84076.0847,263598.2487,0.0,0,0,1,977.6289,3065.0959
344,85,11.4201,80035.9597,250932.0292,1.0,1,0,1,941.5995,2952.1415
345,86,11.2618,64937.2958,203593.3788,2.0,2,1,0,755.0848,2367.3649
346,86,11.2188,65640.903,205798.8994,4.0,2,0,0,763.2663,2393.0105
347,86,11.4064,86300.2939,270572.1415,2.0,1,0,0,1003.4918,3146.1877
348,87,11.1526,65661.6826,205863.5887,3.0,2,1,0,754.732,2366.2481
349,87,11.0914,69309.8333,217301.4274,4.0,1,0,0,796.6648,2497.7176
350,87,11.2542,78606.6068,246449.7452,5.0,1,0,0,903.5242,2832.7557
351,88,11.199,73139.8372,229309.9996,6.0,2,1,0,831.1345,2605.7955
352,87,11.311,73236.6121,229613.2259,7.0,1,0,1,841.8001,2639.2325
353,87,11.3688,77576.2585,243219.3347,1.0,1,0,0,891.6811,2795.6245
354,87,11.227,68433.0272,214553.1228,0.0,1,1,1,786.5865,2466.1278
355,87,11.5257,91633.7948,287294.0088,0.0,0,0,0,1053.262,3302.23
356,87,11.6449,74630.1059,233982.7453,0.0,0,0,0,857.8173,2689.4568
357,88,11.4507,64735.0722,202959.0508,0.0,1,1,0,735.6258,2306.3529
358,86,11.5012,69639.2993,218334.4484,1.0,1,0,2,809.7593,2538.7727
359,86,11.2841,62840.9084,197020.2059,3.0,2,0,0,730.7082,2290.9326
360,87,10.8834,58935.3923,184775.4877,5.0,3,1,0,677.4183,2123.8562
361,87,10.895,73505.641,230456.7131,7.0,2,0,0,844.8924,2648.9277
362,86,10.8939,75258.5963,235952.0028,10.0,3,0,1,875.1,2743.6279
363,87,10.7906,74555.5451,233747.8431,13.0,4,1,0,856.9603,2686.7568
364,86,10.7781,75932.4956,238065.5783,17.0,4,0,1,882.936,2768.2044
365,85,10.6314,72319.8361,226739.2166,21.0,4,0,1,850.8216,2667.5202
366,86,10.5358,71053.0745,222766.78,25.0,5,1,0,826.1985,2590.3114
367,86,10.3683,63339.526,198582.2017,30.0,5,0,0,736.5061,2309.0954
368,86,10.1628,58674.024,183955.2551,36.0,6,0,0,682.2561,2139.0146
369,87,10.169,71463.4594,224052.1283,16.0,4,1,0,821.4191,2575.3118
370,86,10.4802,91503.167,286883.9509,19.0,3,0,1,1063.9903,3335.8599
371,86,10.6135,72408.3785,227016.4022,22.0,3,0,0,841.9579,2639.7256
372,85,10.583,69867.2357,219048.8829,26.0,5,1,2,821.9675,2577.0457
373,85,10.6297,73091.4858,229158.5501,30.0,4,0,0,859.8998,2695.9829
374,84,10.6483,70214.1042,220136.8718,31.0,3,0,1,835.8822,2620.677
375,85,10.5837,72105.1832,226066.2395,34.0,4,1,0,848.2963,2659.6028
376,85,10.7621,84407.7632,264638.4167,38.0,4,0,0,993.0325,3113.3931
377,85,10.9267,80894.2479,253622.2399,28.0,3,0,0,951.697,2983.7911
378,86,10.8219,78590.4523,246398.8104,21.0,4,1,0,913.8425,2865.1024
379,86,10.7635,59208.3391,185630.9216,20.0,2,0,0,688.4691,2158.4991
380,86,10.8885,74639.7771,234012.1256,22.0,2,0,0,867.9044,2721.0712
381,87,10.898,74874.0144,234746.9776,24.0,3,1,0,860.6209,2698.2411
382,87,10.9114,76293.5251,239197.348,26.0,2,0,0,876.9371,2749.3948
383,86,10.9152,73390.8586,230097.316,28.0,2,0,1,853.3821,2675.5502
384,87,10.8468,79357.173,248803.2955,30.0,3,1,0,912.1514,2859.808
385,86,10.8905,72238.9313,226484.6448,8.0,1,0,1,839.9876,2633.5424
386,83,10.9062,72224.8012,226441.1556,10.0,2,0,3,870.1783,2728.2067
387,84,10.9617,74309.9447,232978.7537,13.0,4,1,0,884.6422,2773.5566
388,84,11.0772,77730.9794,243704.8073,16.0,3,0,0,925.3688,2901.2477
389,83,11.1257,73105.0047,229200.9014,19.0,3,0,1,880.7832,2761.4566
390,84,11.2319,80195.2097,251430.5941,18.0,3,1,0,954.7049,2993.2214
391,84,11.1573,73917.8299,231749.7577,21.0,3,0,0,879.9742,2758.9257
392,84,11.1116,68353.1196,214302.223,24.0,3,0,0,813.7276,2551.2169
393,85,10.98,67451.5963,211475.6411,27.0,4,1,0,793.5482,2487.9487
394,85,10.9444,64922.2264,203545.2332,31.0,4,0,0,763.7909,2394.6498
395,85,11.1779,82678.7739,259216.5531,8.0,3,0,0,972.6915,3049.6065
396,86,10.8281,66403.3164,208188.6906,11.0,4,1,0,772.1316,2420.7987
397,85,10.9147,69962.9834,219349.2586,14.0,3,0,1,823.0939,2580.5795
398,85,10.8657,66027.6312,207011.0077,19.0,5,0,0,776.7957,2435.4236
399,86,10.712,72414.6347,227036.0362,24.0,6,1,0,842.0306,2639.9539
400,85,10.6892,69152.0459,216807.2238,29.0,5,0,1,813.5535,2550.6732
401,85,10.8277,70664.1311,221547.6272,19.0,3,0,0,831.3427,2606.4427
402,86,10.9053,86392.377,270859.6497,22.0,4,1,0,1004.5625,3149.5308
403,86,10.836,65363.9241,204930.4771,16.0,2,0,0,760.0456,2382.9125
404,86,10.9301,75724.4432,237414.0251,18.0,2,0,0,880.5168,2760.6282
405,87,10.8596,82145.9908,257546.7915,20.0,3,1,0,944.2068,2960.3079
406,86,10.8835,79089.3305,247962.764,23.0,3,0,1,919.6434,2883.288
407,86,10.8525,80762.5498,253209.8438,26.0,3,0,0,939.0994,2944.3005
408,87,10.7842,76540.5028,239971.4654,29.0,4,1,0,879.7759,2758.2927
409,86,10.7771,69727.4018,218610.8441,21.0,3,0,1,810.7837,2541.9866
410,85,11.0648,85732.4941,268791.0772,24.0,3,0,1,1008.6176,3162.248
411,86,11.1298,88866.3992,278616.7418,29.0,6,1,0,1033.3302,3239.7296
412,86,11.2282,71602.8356,224491.4144,32.0,4,0,0,832.5911,2610.3653
413,86,11.1946,74573.6779,233805.3795,36.0,4,0,0,867.1358,2718.6672
414,85,11.0415,62429.637,195730.5139,31.0,3,0,1,734.4663,2302.7119
415,85,11.1361,76673.0159,240387.8474,12.0,2,0,0,902.0355,2828.0923
416,85,11.197,76604.6968,240173.1323,9.0,3,1,1,901.2317,2825.5663
417,86,11.1917,86689.7698,271792.9857,11.0,3,1,0,1008.0206,3160.3836
418,86,11.0901,67268.5406,210902.1283,3.0,1,0,0,782.1923,2452.3503
419,86,11.2619,80227.1896,251530.6954,4.0,1,0,0,932.8743,2924.7755
420,87,11.1435,84599.582,265240.3373,5.0,2,1,0,972.409,3048.7395
421,87,11.293,88549.6018,277624.7019,6.0,1,0,0,1017.8115,3191.0885
422,87,11.3103,75674.7296,237257.9323,8.0,2,0,0,869.8245,2727.1027
423,88,11.1967,74856.0899,234690.7502,3.0,3,1,0,850.6374,2666.9403
424,87,10.9194,58502.7952,183419.4395,5.0,2,0,1,672.4459,2108.2694
425,86,10.8902,69030.8548,216427.1256,8.0,3,0,1,802.6844,2516.5945
426,87,10.7672,73998.4041,232001.7446,12.0,5,1,0,850.5564,2666.6867
427,87,10.9736,85524.3692,268138.4997,16.0,4,0,0,983.0387,3082.0517
428,86,11.0399,76481.2271,239786.1044,20.0,4,0,1,889.3166,2788.2105
429,87,11.025,80183.5345,251392.9369,25.0,6,1,0,921.6498,2889.574
430,87,10.9446,62385.4925,195591.7141,30.0,5,0,0,717.0746,2248.1806
431,87,10.7046,62516.857,196003.95,35.0,5,0,0,718.5846,2252.919
432,88,10.5259,63784.476,199977.6615,36.0,5,1,0,724.8236,2272.4734
433,88,10.7242,80326.5209,251841.2906,28.0,3,0,0,912.8014,2861.8328
434,88,10.7998,77662.5978,243489.7365,31.0,3,0,0,882.5295,2766.9288
435,89,10.4729,62716.9856,196631.1581,35.0,5,1,0,704.6852,2209.3389
436,89,10.4931,75776.286,237575.2081,39.0,4,0,0,851.4189,2669.3844
437,88,10.4091,67764.9293,212458.1824,44.0,5,0,1,770.056,2414.2975
438,89,10.3178,80197.9545,251438.7369,37.0,6,1,0,901.1006,2825.1543
439,89,10.2908,70221.1757,220158.6428,42.0,5,0,0,789.002,2473.6926
440,88,10.5657,79513.9774,249293.7677,47.0,5,0,1,903.5679,2832.8837
441,89,10.6916,80385.2247,252024.997,23.0,4,1,0,903.2048,2831.7415
442,88,10.9303,73033.2186,228975.3419,8.0,2,0,1,829.9229,2601.9925
443,88,11.1675,81783.1591,256408.717,3.0,1,0,0,929.3541,2913.7354
444,89,11.327,84614.7431,265286.8005,0.0,1,1,0,950.7275,2980.7506
445,89,11.5259,78054.452,244718.389,0.0,0,0,0,877.0163,2749.6448
446,88,11.7054,77483.4122,242927.9755,0.0,0,0,1,880.4933,2760.5452
447,89,11.749,78701.1058,246745.6899,0.0,1,1,0,884.2821,2772.4235
448,88,11.7678,63960.6377,200530.9195,0.0,0,0,1,726.8254,2278.7604
449,87,11.7678,66121.3414,207304.9476,0.0,0,0,1,760.0154,2382.8155
450,87,11.447,63460.1031,198961.7123,0.0,1,1,1,729.4265,2286.9162
451,87,11.3476,64844.316,203301.1744,0.0,0,0,0,745.337,2336.7951
452,87,11.3354,65627.8653,205758.1649,0.0,0,0,0,754.3433,2365.0364
453,87,11.3309,77707.9466,243632.1714,0.0,1,1,1,893.1948,2800.3698
454,86,11.4786,75065.6204,235347.1875,4.0,4,0,1,872.8561,2736.5952
455,86,11.3916,58178.0214,182400.1494,6.0,3,0,0,676.4886,2120.932
456,87,11.1682,68023.1552,213267.6149,9.0,4,1,0,781.8753,2451.3519
457,86,11.1765,66397.0315,208169.5428,12.0,3,0,1,772.0585,2420.5761
458,86,11.1083,70822.164,222042.7052,16.0,4,0,0,823.5135,2581.8919
459,87,10.9534,67188.5776,210650.8207,20.0,5,1,0,772.2825,2421.2738
460,86,10.9659,70869.5044,222191.7783,18.0,4,0,1,824.064,2583.6253
461,86,10.8385,62380.5639,195576.5779,22.0,4,0,0,725.3554,2274.1463
462,86,10.5273,74061.1645,232198.3167,26.0,5,1,1,861.1763,2699.9804
463,86,10.6638,77792.8927,243897.974,30.0,4,0,0,904.5685,2836.023
464,83,10.6162,73806.6256,231400.1106,35.0,5,0,3,889.2365,2787.9531
465,84,10.4014,71379.0589,223789.7541,29.0,6,1,0,849.7507,2664.1637
466,84,10.4686,74794.6639,234498.3292,32.0,5,0,0,890.4127,2791.6468
467,83,10.5575,72201.7874,226368.4418,34.0,4,0,1,869.9011,2727.3306
468,83,10.5093,66724.6307,209196.1676,38.0,5,1,1,803.9112,2520.4358
469,83,10.7493,77811.0192,243955.2748,42.0,4,0,0,937.4822,2939.2202
470,82,10.7693,73179.7107,229434.968,47.0,5,0,1,892.4355,2797.9874
471,83,10.708,72674.0902,227849.7466,34.0,5,1,0,875.5914,2745.1777
472,83,10.863,71055.254,222774.0481,31.0,3,0,0,856.0874,2684.0247
473,83,10.9279,72810.2608,228276.5138,18.0,2,0,0,877.2321,2750.3194
474,84,10.7517,70544.3582,221172.8524,1.0,2,1,0,839.8138,2633.0101
475,84,10.9928,82104.4305,257417.1117,0.0,0,0,0,977.4337,3064.4894
476,84,11.037,82445.6942,258486.6802,0.0,0,0,0,981.4964,3077.2224
477,85,10.7756,74205.5979,232651.5489,1.0,2,1,0,873.007,2737.077
478,84,10.5717,68654.5027,215247.6401,2.0,1,0,1,817.3155,2562.4719
479,84,10.26,70447.8337,220869.9298,5.0,3,0,0,838.6647,2629.4039
480,85,10.1015,73282.9697,229758.3557,11.0,7,1,0,862.1526,2703.0395
481,85,10.0655,76297.1816,239208.4237,14.0,5,0,0,897.6139,2814.2167
482,85,9.9778,67306.7076,211020.8067,19.0,5,0,0,791.8436,2482.5977
483,85,10.0291,79239.0447,248431.528,14.0,5,1,1,932.2241,2922.7239
484,85,10.2479,77525.8274,243060.1695,8.0,2,0,0,912.0686,2859.5314
485,85,10.1879,69223.448,217030.7161,10.0,2,0,0,814.3935,2553.3025
486,86,10.2316,90911.5783,285029.4838,12.0,3,1,0,1057.1114,3314.2963
487,86,10.2439,72635.2426,227728.0014,14.0,2,0,0,844.5958,2648.0
488,86,10.3739,81751.588,256310.1933,16.0,2,0,0,950.5999,2980.3511
489,87,10.3756,84131.21,263770.8929,12.0,3,1,0,967.0254,3031.8493
490,87,10.4174,74480.3886,233512.8775,15.0,3,0,0,856.0964,2684.0561
491,87,10.6588,92438.0591,289814.732,18.0,3,0,0,1062.5064,3331.2038
492,88,10.7287,85235.2695,267232.099,21.0,4,1,0,968.5826,3036.7284
493,87,10.7849,82641.0204,259098.2225,24.0,3,0,1,949.8968,2978.1405
494,87,10.5855,65502.0203,205362.9855,18.0,3,0,0,752.8968,2360.4941
495,88,10.3693,72319.4832,226737.2215,21.0,4,1,0,821.8123,2576.5593
496,88,10.3784,77571.0605,243201.6933,26.0,5,0,0,881.4893,2763.6556
497,88,10.3444,70102.6698,219786.8657,32.0,6,0,0,796.6212,2497.578
498,89,10.3015,80541.004,252513.0959,39.0,8,1,0,904.9551,2837.2258
499,89,10.5839,88876.5422,278647.5175,47.0,8,0,0,998.6128,3130.871
500,89,10.4876,63323.936,198533.636,55.0,8,0,0,711.5049,2230.715
501,90,10.3108,85820.035,269065.1328,63.0,9,1,0,953.5559,2989.6126
502,90,10.252,73427.5207,230210.6682,71.0,8,0,0,815.8613,2557.8963
503,89,10.2272,78306.8475,245508.9086,69.0,7,0,1,879.8522,2758.5271
504,89,10.3516,81814.6348,256506.4442,68.0,8,1,1,919.2656,2882.0949
505,89,10.3215,66343.5149,208000.6999,27.0,4,0,0,745.4328,2337.0865
506,89,10.4168,76374.3211,239450.3295,12.0,2,0,0,858.1384,2690.4531
507,90,10.4606,79639.18,249686.1988,14.0,3,1,0,884.8798,2774.2911
508,90,10.5077,74491.3367,233547.1174,16.0,2,0,0,827.6815,2594.968
509,90,10.6501,88583.8594,277730.6584,19.0,3,0,0,984.2651,3085.8962
510,90,10.3923,71492.3685,224144.6117,20.0,3,1,1,794.3597,2490.4957
511,90,10.6188,90431.3853,283523.2675,22.0,2,0,0,1004.7932,3150.2585
512,90,10.59,78317.475,245543.5209,24.0,2,0,0,870.1942,2728.2613
513,90,10.4758,75894.9357,237947.5905,12.0,4,1,1,843.2771,2643.8621
514,90,10.4096,78878.8654,247302.6758,16.0,4,0,0,876.4318,2747.8075
515,89,10.6483,85654.6304,268546.6206,20.0,4,0,1,962.4116,3017.3778
516,90,10.8042,102637.1355,321791.3407,24.0,5,1,0,1140.4126,3575.4593
517,89,10.7125,73986.4113,231964.4112,29.0,5,0,1,831.308,2606.3417
518,89,10.9708,95374.037,299019.6367,19.0,4,0,0,1071.6184,3359.7712
519,89,10.8109,64934.0857,203582.2765,23.0,5,1,1,729.5965,2287.4413
520,88,10.953,81244.7374,254720.734,20.0,4,0,1,923.2357,2894.5538
521,88,10.94,77778.867,243854.6891,24.0,4,0,0,883.8508,2771.076
522,89,10.7207,69586.1327,218167.4666,19.0,4,1,0,781.8667,2451.3198
523,88,10.7479,71719.4657,224856.5142,22.0,3,0,1,814.9939,2555.1877
524,88,10.7665,76122.6164,238661.9409,25.0,3,0,0,865.0297,2712.0675
525,89,10.6135,77800.1149,243920.9706,28.0,4,1,0,874.1586,2740.6851
526,89,10.7066,87753.8975,275128.7097,32.0,4,0,0,985.9988,3091.3338
527,89,10.6176,73683.7968,231015.4617,37.0,5,0,0,827.9078,2595.6793
528,90,10.5278,75194.6667,235751.3655,27.0,6,1,0,835.4963,2619.4596
529,90,10.6168,81130.8607,254363.3037,22.0,4,0,0,901.454,2826.2589
530,90,10.6404,75902.0887,237969.9444,26.0,4,0,0,843.3565,2644.1105
531,90,10.4908,77685.3627,243560.5224,31.0,6,1,1,863.1707,2706.228
532,90,10.5399,76162.7587,238786.8348,37.0,6,0,0,846.2529,2653.1871
533,90,10.5302,69516.9925,217950.7988,36.0,5,0,0,772.411,2421.6755
534,90,10.5722,87584.5722,274597.6386,37.0,5,1,1,973.1619,3051.0849
535,90,10.9149,93186.1484,292160.5428,41.0,4,0,0,1035.4016,3246.2283
536,90,11.0746,90961.2804,285184.5652,45.0,4,0,0,1010.6809,3168.7174
537,90,11.2437,86034.2409,269736.6889,17.0,4,1,1,955.936,2997.0743
538,90,11.2538,71631.3258,224580.5006,8.0,2,0,0,795.9036,2495.3389
539,90,11.212,84421.9339,264682.4151,10.0,2,0,0,938.0215,2940.9157
540,91,11.22,88280.9176,276781.9135,12.0,3,1,0,970.12,3041.5595
541,91,11.3638,84066.7349,263568.5214,14.0,2,0,0,923.8103,2896.3574
542,91,11.4764,79029.263,247775.0025,16.0,2,0,0,868.4534,2722.8022
543,91,11.6051,88693.9476,278075.9622,18.0,3,1,1,974.6588,3055.7798
544,90,11.696,79203.2791,248320.904,20.0,2,0,1,880.0364,2759.1212
545,90,11.459,64695.0989,202833.7438,13.0,1,0,0,718.8344,2253.7083
546,91,11.2673,74102.0432,232326.3704,14.0,2,1,0,814.3082,2553.037
547,91,11.1818,79453.6104,249105.1373,0.0,0,0,0,873.1166,2737.4191
548,91,10.9764,59336.5168,186032.8525,1.0,1,0,0,652.0496,2044.3171
549,92,10.8829,85248.3524,267272.8214,2.0,2,1,0,926.6125,2905.1394
550,91,10.943,72446.1233,227134.6287,4.0,2,0,1,796.1112,2495.9849
551,91,11.0002,76567.4853,240056.2598,8.0,4,0,0,841.4009,2637.9809
552,92,10.916,79447.5413,249086.1123,12.0,5,1,0,863.5602,2707.4577
553,91,10.9143,86540.6306,271324.5873,16.0,4,0,1,950.9959,2981.5889
554,90,10.7715,68424.4067,214526.0944,16.0,4,0,1,760.2712,2383.6233
555,91,10.5544,71815.1046,225155.4119,5.0,2,1,0,789.177,2474.2353
556,91,10.6267,80259.2075,251630.3151,6.0,1,0,0,881.9693,2765.1683
557,89,10.4853,64175.5267,201204.0124,9.0,3,0,2,721.0733,2260.7192
558,90,10.1007,71732.3053,224896.5188,13.0,5,1,0,797.0256,2498.8502
559,90,9.9132,78599.6731,246427.7529,17.0,4,0,0,873.3297,2738.0861
560,89,9.9634,78944.2921,247507.7924,18.0,3,0,1,887.0145,2780.9864
561,90,9.9609,76370.5577,239438.0749,11.0,4,1,0,848.5618,2660.4231
562,90,10.1974,75513.1916,236750.0433,15.0,4,0,0,839.0355,2630.556
563,90,10.5145,90139.1572,282606.2768,19.0,4,0,0,1001.5462,3140.0697
564,91,10.5672,86559.0502,271382.5439,20.0,4,1,0,951.1984,2982.2258
565,90,10.7701,81444.459,255347.4211,14.0,2,0,1,904.9384,2837.1936
566,90,10.8896,81888.2295,256738.8937,16.0,2,0,0,909.8692,2852.6544
567,91,10.9422,88319.2774,276901.3546,7.0,2,1,0,970.5415,3042.872
568,91,11.0176,85559.9001,268250.6192,8.0,1,0,0,940.2187,2947.809
569,91,11.1223,80365.4722,251964.3385,1.0,1,0,0,883.1371,2768.8389
570,91,10.9402,71032.2864,222701.74,2.0,2,1,1,780.5746,2447.2719
571,91,11.174,89929.5527,281950.3805,4.0,2,0,0,988.2368,3098.3558
572,90,11.4143,87174.3492,273311.7102,4.0,1,0,1,968.6039,3036.7968
573,91,11.3747,82083.0758,257349.4632,7.0,4,1,0,902.0118,2828.0161
574,91,11.2518,68445.3126,214590.9328,9.0,3,0,0,752.1463,2358.1421
575,91,11.1907,61269.3349,192092.3522,12.0,3,0,0,673.2894,2110.905
576,92,11.1462,83827.5432,262818.3217,3.0,2,1,0,911.1689,2856.7209
577,92,11.2048,83623.2958,262178.0558,0.0,0,0,0,908.9489,2849.7615
578,92,11.4476,87070.8428,272987.3144,0.0,0,0,0,946.4222,2967.2534
579,93,11.371,81049.0125,254107.2289,1.0,2,1,0,871.4948,2732.3358
580,92,11.3771,72776.7499,228171.6089,2.0,1,0,1,791.0516,2480.1262
581,92,11.3529,83975.2693,263281.9408,3.0,1,0,0,912.7747,2861.7602
582,93,11.0986,72398.7458,226986.2222,7.0,5,1,0,778.4811,2440.7121
583,93,11.0257,74209.8155,232664.0405,9.0,3,0,0,797.955,2501.7639
584,93,11.0914,83458.0776,261660.2709,12.0,3,0,0,897.3987,2813.5513
585,94,11.0086,79365.6373,248829.1361,15.0,4,1,0,844.3153,2647.1185
586,93,11.1783,83172.1782,260763.4503,13.0,2,0,1,894.3245,2803.9081
587,93,11.1177,67702.5693,212261.6693,16.0,3,0,0,727.9846,2282.3835
588,94,10.7948,74875.3407,234750.1414,19.0,4,1,0,796.5462,2497.3419
589,94,10.8952,86810.6217,272170.9842,11.0,2,0,0,923.5173,2895.436
590,94,10.6694,63769.2389,199930.5753,13.0,2,0,0,678.3962,2126.921
591,94,10.6151,77381.5861,242607.9676,15.0,3,1,1,823.2084,2580.9358
592,94,10.6956,85880.8389,269255.786,18.0,3,0,0,913.6259,2864.4233
593,94,10.8756,82443.5958,258479.326,7.0,1,0,0,877.0595,2749.7801
594,95,11.0091,94412.7667,296005.8325,8.0,2,1,0,993.8186,3115.8509
595,95,11.0515,83509.8972,261823.2463,9.0,1,0,0,879.0515,2756.0342
596,92,11.1024,81051.54,254115.4051,10.0,1,0,3,880.995,2762.124
597,93,11.0548,81119.1217,254327.6123,0.0,1,1,0,872.2486,2734.7055
598,93,11.2453,88946.4472,278867.8632,0.0,0,0,0,956.4134,2998.5792
599,91,11.3422,82016.9201,257142.0657,1.0,1,0,2,901.2848,2825.737
600,92,11.322,76995.4517,241397.7886,0.0,1,1,0,836.9071,2623.889
601,92,11.4819,83001.7041,260228.9291,1.0,1,0,0,902.1924,2828.5753
602,92,11.6891,85926.3847,269399.0452,2.0,1,0,0,933.9824,2928.2505
603,92,11.6383,80976.3268,253879.1936,3.0,2,1,1,880.1775,2759.5565
604,91,11.7556,78624.0916,246504.4137,5.0,2,0,1,864.001,2708.8397
605,90,11.9932,90879.0327,284927.5566,7.0,2,0,1,1009.767,3165.8617
606,91,11.9295,76537.3869,239961.7247,9.0,3,1,0,841.0702,2636.942
607,91,11.7182,61649.7336,193285.6349,11.0,2,0,0,677.4696,2124.018
608,91,11.7507,74837.9423,234634.0208,8.0,1,0,0,822.395,2578.3958
609,91,11.4352,64103.0602,200977.5681,9.0,2,1,1,704.4292,2208.5447
610,91,11.5872,86338.7575,270692.2709,10.0,1,0,0,948.7776,2974.6403
611,91,11.6343,71284.1345,223491.7557,0.0,0,0,0,783.3421,2455.9534
612,92,11.654,86335.1868,270681.0237,1.0,2,1,0,938.4259,2942.185
613,92,11.711,85174.1888,267040.965,2.0,1,0,0,925.8064,2902.6192
614,91,11.8609,84327.9983,264388.3119,4.0,2,0,1,926.6813,2905.3661
615,91,11.6882,64026.4009,200737.0114,6.0,3,1,1,703.5868,2205.9012
616,90,11.5947,75531.3701,236808.8262,8.0,2,0,1,839.2374,2631.2092
617,89,11.4821,57380.1135,179899.2996,10.0,2,0,1,644.7204,2021.3404
618,89,11.4515,81030.4578,254049.1373,12.0,3,1,1,910.4546,2854.4847
619,89,11.4437,72072.2442,225963.1313,14.0,2,0,0,809.8005,2538.9116
620,88,11.3929,65771.8758,206208.9345,8.0,2,0,1,747.4077,2343.2833
621,87,11.5034,74508.2995,233600.0808,10.0,2,0,1,856.4172,2685.0584
622,88,11.2091,60862.3865,190816.9518,4.0,3,1,0,691.618,2168.3745
623,88,11.1816,73413.0252,230166.6326,7.0,3,0,0,834.2389,2615.5299
624,89,11.2478,91785.2464,287768.0701,6.0,4,1,0,1031.2949,3233.3491
625,89,11.3209,75685.2746,237291.0599,5.0,2,0,0,850.3963,2666.1917
626,88,11.3747,70997.3822,222593.03,7.0,2,0,1,806.7884,2529.4663
627,89,11.3751,82210.1287,257747.6317,10.0,4,1,0,923.7093,2896.0408
628,89,11.4979,79236.2665,248424.0038,13.0,3,0,0,890.2951,2791.2809
629,89,11.3156,62888.2615,197168.1625,17.0,4,0,0,706.6097,2215.3726
630,90,10.9503,68004.4796,213208.8796,22.0,6,1,0,755.6053,2368.9876
631,90,10.8134,69415.3087,217631.4997,28.0,6,0,0,771.2812,2418.1278
632,90,10.7902,68149.5799,213663.512,34.0,6,0,0,757.2176,2374.039
633,91,10.7001,80142.3233,251264.0032,40.0,7,1,0,880.6849,2761.1429
634,91,10.7844,82410.715,258375.7958,46.0,6,0,0,905.6123,2839.2945
635,91,10.6581,65346.5219,204875.3561,40.0,6,0,0,718.0936,2251.3775
636,92,10.5469,75007.0908,235163.1119,36.0,6,1,0,815.2945,2556.1208
637,91,10.6764,81969.9597,256994.0928,30.0,3,0,1,900.7688,2824.1109
638,91,10.769,72652.6753,227782.4937,33.0,3,0,0,798.381,2503.1043
639,92,10.7903,85531.548,268160.6992,36.0,4,1,0,929.6907,2914.7902
640,92,10.818,74641.6672,234018.9338,39.0,3,0,0,811.3225,2543.6841
641,92,11.0587,90282.9408,283058.5682,42.0,3,0,0,981.3363,3076.7236
642,93,10.8351,76767.4346,240683.1938,46.0,5,1,0,825.4563,2587.9913
643,93,10.7884,79388.5286,248901.2922,51.0,5,0,0,853.6401,2676.358
644,93,10.7565,84577.0894,265168.5999,56.0,5,0,0,909.4311,2851.2753
645,91,10.8873,90404.9782,283440.5098,3.0,2,1,3,993.4613,3114.7309
646,90,11.0977,81852.2589,256625.6445,0.0,0,0,1,909.4695,2851.3961
647,90,11.251,80017.4933,250873.6676,0.0,0,0,0,889.0833,2787.4852
648,88,11.1346,81950.1895,256933.3376,0.0,1,1,3,931.2522,2919.697
649,88,11.1038,75507.7229,236734.4196,0.0,0,0,0,858.0423,2690.1639
650,88,11.0757,79294.4946,248606.6453,0.0,0,0,0,901.0738,2825.0755
651,89,10.9165,75218.0288,235825.3436,2.0,3,1,0,845.1464,2649.723
652,89,11.1246,85509.1785,268091.759,4.0,2,0,0,960.7773,3012.267
653,89,11.4345,93199.0228,292201.336,6.0,2,0,0,1047.18,3283.1611
654,89,11.3505,80696.8085,253003.4749,8.0,3,1,1,906.7057,2842.7357
655,89,11.3915,73102.9704,229193.9813,10.0,2,0,0,821.3817,2575.2133
656,88,11.2856,79922.3509,250575.4421,12.0,2,0,1,908.2085,2847.4482
657,89,10.8916,73087.7559,229146.8227,15.0,4,1,0,821.2107,2574.6834
658,88,10.8771,74581.4725,233829.6313,19.0,4,0,1,847.5167,2657.1549
659,88,11.0626,84330.8798,264396.953,23.0,4,0,0,958.3055,3004.5108
660,89,10.979,76150.4125,238748.3693,28.0,6,1,0,855.6226,2682.5659
661,88,10.8666,71887.2553,225382.6746,11.0,3,0,1,816.9006,2561.1668
662,88,10.728,62218.4694,195068.5446,14.0,3,0,0,707.0281,2216.688
663,89,10.6296,74042.0421,232137.9662,13.0,3,1,0,831.9331,2608.2918
664,89,10.58,75813.6158,237692.1453,9.0,3,0,0,851.8384,2670.6983
665,88,10.7141,76564.0248,240045.7458,12.0,3,0,1,870.0457,2727.7926
666,89,10.6896,73968.9133,231909.0404,15.0,4,1,0,831.1114,2605.7196
667,89,10.519,61367.4987,192400.0812,19.0,4,0,0,689.5225,2161.7987
668,89,10.6708,86133.1039,270046.4369,7.0,2,0,0,967.7877,3034.2296
669,90,10.6925,76715.5695,240520.2161,10.0,4,1,0,852.3952,2672.4468
670,89,10.7777,78630.5049,246524.5323,13.0,3,0,1,883.4888,2769.9386
671,89,10.7239,70038.0183,219584.9775,16.0,3,0,0,786.944,2467.2469
672,89,10.6215,76738.4494,240592.3541,19.0,4,1,1,862.2298,2703.2849
673,88,10.6777,74078.1653,232252.2841,22.0,3,0,1,841.7973,2639.2305
674,88,10.642,70324.3525,220482.0969,25.0,3,0,0,799.1404,2505.4784
675,87,10.5381,64111.1639,201002.7981,29.0,5,1,2,736.9099,2310.377
676,87,10.5891,76426.4954,239614.5539,33.0,4,0,0,878.4655,2754.1903
677,87,10.3681,69422.8063,217655.9638,34.0,3,0,0,797.9633,2501.7927
678,88,10.0823,69537.3351,218014.6333,37.0,4,1,0,790.197,2477.439
679,86,10.1416,63775.5116,199950.0041,24.0,2,0,2,741.5757,2325.0
680,85,10.4274,82612.231,259007.9164,14.0,3,0,1,971.9086,3047.152
681,85,10.5094,73251.9856,229661.3527,13.0,2,1,1,861.7881,2701.8983
682,84,10.6892,71036.5738,222715.0797,15.0,2,0,1,845.6735,2651.37
683,84,10.9036,81690.826,256119.3093,17.0,2,0,0,972.5098,3049.0394
684,85,10.7516,67608.1167,211966.4973,19.0,3,1,0,795.3896,2493.7235
685,85,10.6908,70200.3129,220093.884,21.0,2,0,0,825.886,2589.3398
686,84,10.6488,70829.2644,222065.4289,24.0,3,0,1,843.2055,2643.6361
687,84,10.5173,67228.3987,210775.4268,28.0,5,1,1,800.3381,2509.2313
688,84,10.609,73510.4506,230471.6123,29.0,3,0,0,875.1244,2743.7097
689,84,10.7404,74123.4841,232394.4382,24.0,2,0,0,882.4224,2766.6005
690,85,10.8794,88324.8861,276919.2845,26.0,3,1,0,1039.1163,3257.8739
691,85,10.906,73570.1449,230659.6283,5.0,1,0,0,865.5311,2713.6427
692,84,11.0802,76221.0508,238970.3618,6.0,1,0,1,907.3935,2844.8853
693,84,11.0729,73400.8935,230128.1112,8.0,3,1,1,873.8202,2739.6204
694,83,11.0701,70217.99,220149.3431,9.0,2,0,1,845.9999,2652.4017
695,82,10.9872,66026.0079,207006.7609,11.0,2,0,1,805.1952,2524.4727
696,83,10.7634,66912.28,209784.6992,13.0,3,1,0,806.172,2527.5265
697,82,10.8861,75110.0841,235488.0314,15.0,2,0,1,915.9766,2871.8053
698,81,10.915,70097.641,219772.2175,12.0,1,0,1,865.403,2713.2373
699,82,10.8797,77357.0889,242532.604,13.0,2,1,0,943.3791,2957.7147
700,82,11.0765,75519.7869,236771.7372,15.0,2,0,0,920.973,2887.4602
701,80,11.3769,76538.4853,239965.911,2.0,1,0,2,956.7311,2999.5739
702,81,11.3604,72217.7057,226420.0133,0.0,1,1,0,891.5766,2795.3088
703,80,11.7529,83746.5169,262565.3786,0.0,0,0,1,1046.8315,3282.0672
704,80,11.8491,72494.6066,227287.6564,0.0,0,0,0,906.1826,2841.0957
705,80,11.6648,64193.5615,201261.5825,0.0,1,1,1,802.4195,2515.7698
706,80,11.6988,73959.3625,231880.1585,0.0,0,0,0,924.492,2898.502
707,80,11.6801,68280.0543,214073.9465,0.0,0,0,0,853.5007,2675.9243
708,81,11.6788,66840.013,209558.8542,0.0,1,1,0,825.1853,2587.1463
709,81,11.9248,72025.2879,225815.8453,0.0,0,0,0,889.2011,2787.8499
710,81,11.9332,62606.1644,196285.119,0.0,0,0,0,772.9156,2423.2731
711,82,11.7988,71533.0309,224273.2589,0.0,1,1,0,872.354,2735.0397
712,82,11.7065,66194.6599,207535.8255,0.0,0,0,0,807.252,2530.9247
713,82,11.4086,59491.1007,186518.1458,0.0,0,0,0,725.5012,2274.6115
714,82,11.1909,63089.1517,197798.8253,0.0,1,1,1,769.3799,2412.1808
715,82,10.974,48995.404,153611.0134,0.0,0,0,0,597.5049,1873.305
716,82,10.8341,68050.3153,213353.4812,1.0,1,0,0,829.8819,2601.8717
717,83,10.5108,68841.932,215834.9293,2.0,2,1,0,829.4209,2600.4208
718,83,10.684,77787.2731,243881.1216,3.0,1,0,0,937.1961,2938.3268
719,83,10.7985,81301.5197,254899.1605,4.0,1,0,0,979.5364,3071.0742
720,84,10.6703,73689.0696,231031.9535,6.0,3,1,0,877.2508,2750.3804
721,84,10.7846,74726.3221,234284.1746,8.0,2,0,0,889.5991,2789.0973
722,84,11.1356,92698.8016,290633.2067,11.0,3,0,0,1103.5572,3459.9191
723,85,11.1737,81754.395,256318.9179,14.0,4,1,0,961.8164,3015.5167
724,85,11.3629,89576.7403,280844.7115,17.0,3,0,0,1053.844,3304.0554
725,85,11.0331,55884.2691,175209.546,20.0,3,0,0,657.462,2061.2888
726,86,11.0054,76975.8606,241336.5531,7.0,2,1,0,895.0681,2806.239
727,84,10.7083,53939.5899,169112.2275,8.0,1,0,2,642.138,2013.2408
728,84,10.6048,65643.0062,205805.1614,10.0,2,0,0,781.4644,2450.0614
729,85,10.4527,67645.0531,212081.6346,14.0,5,1,0,795.8242,2495.0781
730,85,10.3604,66627.764,208892.021,16.0,3,0,0,783.856,2457.5532
731,85,10.5083,82822.2706,259666.4905,19.0,3,0,0,974.3797,3054.8999
732,86,10.3676,63799.4049,200024.5311,18.0,4,1,0,741.8535,2325.8666
733,85,10.3729,66238.6503,207672.3444,21.0,3,0,1,779.2782,2443.2041
734,85,10.3296,68280.5583,214075.0923,19.0,3,0,0,803.3007,2518.5305
735,86,10.2106,73349.991,229968.34,23.0,5,1,0,852.9069,2674.0505
736,86,10.1371,66941.7421,209876.6885,27.0,4,0,0,778.3924,2440.4266
737,85,10.1928,70560.1069,221221.0147,32.0,5,0,1,830.1189,2602.6002
738,86,10.1198,62523.7556,196025.3828,30.0,4,1,0,727.0204,2279.3649
739,86,10.5422,91694.5794,287483.3375,33.0,3,0,0,1066.216,3342.8295
740,86,10.7839,85663.2192,268574.1772,36.0,3,0,0,996.0839,3122.9555
741,86,10.9426,79109.3583,248025.5405,10.0,2,1,1,919.8763,2884.0179
742,86,11.2619,86552.1831,271361.3133,12.0,2,0,0,1006.4207,3155.3641
743,86,11.2291,65024.1843,203865.5232,12.0,1,0,0,756.0952,2370.5293
744,87,11.1761,73114.7763,229231.6166,13.0,2,1,0,840.3997,2634.8462
745,87,11.3012,79208.9925,248338.5168,14.0,1,0,0,910.4482,2854.4657
746,87,11.3174,68643.3891,215212.8899,15.0,1,0,0,789.0045,2473.7114
747,88,11.0701,66625.8964,208887.1894,17.0,3,1,0,757.1125,2373.7181
748,88,11.1736,82257.2276,257895.591,2.0,1,0,0,934.7412,2930.6317
749,88,11.2397,74284.6627,232899.5196,4.0,2,0,0,844.1439,2646.5854
750,89,11.3385,86602.9413,271520.2531,6.0,3,1,0,973.0668,3050.7894
751,89,11.3484,68442.1663,214581.3177,8.0,2,0,0,769.0131,2411.026
752,89,11.2284,70228.7369,220183.1481,10.0,2,0,0,789.0869,2473.968
753,89,11.1804,76689.3666,240439.1005,12.0,3,1,1,861.6783,2701.5629
754,89,11.2422,80451.5756,252234.5723,8.0,1,0,0,903.9503,2834.0963
755,89,11.2485,68675.5824,215313.3557,10.0,2,0,0,771.6358,2419.2512
756,90,11.2171,82853.8503,259765.8783,10.0,2,1,0,920.5983,2886.2875
757,90,11.0842,68354.8086,214307.1348,0.0,0,0,0,759.4979,2381.1904
758,90,11.0821,75276.7557,236009.6971,0.0,0,0,0,836.4084,2622.33
759,91,10.9648,78747.2173,246890.7517,0.0,1,1,0,865.354,2713.0852
760,91,10.9053,71782.0185,225052.6941,1.0,1,0,0,788.8134,2473.1065
761,91,11.013,81965.6614,256981.547,3.0,2,0,0,900.7216,2823.973
762,92,11.1763,91279.8938,286184.1885,5.0,3,1,0,992.1728,3110.6977
763,91,11.3656,90026.8685,282255.4671,7.0,2,0,1,989.3062,3101.7084
764,91,11.4809,78404.2585,245815.8769,5.0,1,0,0,861.5853,2701.2734
765,92,11.3354,65863.7643,206497.6783,6.0,2,1,0,715.9105,2244.54
766,92,11.3451,69551.9096,218060.8917,0.0,0,0,0,755.999,2370.2271
767,92,11.4573,73766.7671,231275.6402,0.0,0,0,0,801.8127,2513.8657
768,93,11.322,70267.9589,220306.1422,0.0,1,1,0,755.5695,2368.8832
769,92,11.3715,86877.806,272382.1965,0.0,0,0,1,944.324,2960.676
770,92,11.0228,61783.8417,193706.0067,0.0,0,0,0,671.5635,2105.5001
771,93,11.0171,88070.2745,276120.7191,0.0,1,1,0,946.9922,2969.04
772,93,10.9536,64677.6294,202778.3037,0.0,0,0,0,695.4584,2180.4119
773,92,10.9033,73560.6161,230628.685,1.0,1,0,1,799.5719,2506.8335
774,93,10.8443,77475.7438,242904.0364,3.0,3,1,0,833.0725,2611.8714
775,93,11.0078,84636.2968,265354.5177,3.0,1,0,0,910.0677,2853.2744
776,93,10.9923,81270.7747,254802.8152,4.0,1,0,0,873.8793,2739.8152
777,94,10.9413,84771.0378,265776.2653,5.0,2,1,0,901.8196,2827.4071
778,94,10.997,80604.4589,252712.8654,6.0,1,0,0,857.4942,2688.4347
779,94,10.9228,74412.601,233300.1073,8.0,2,0,0,791.6234,2481.916
780,94,10.6298,71336.3405,223655.2093,11.0,4,1,1,758.8972,2379.3107
781,94,10.7095,80122.5127,251201.5416,12.0,3,0,0,852.3672,2672.3568
782,92,10.7684,71102.9025,222923.4672,6.0,3,0,2,772.8576,2423.0812
783,93,10.5849,73440.6803,230252.1921,8.0,4,1,0,789.6847,2475.83
784,93,10.6774,79685.6961,249832.1781,11.0,3,0,0,856.8354,2686.3675
785,93,10.7689,74069.2598,232223.3667,11.0,2,0,0,796.4437,2497.0254
786,94,10.6525,72271.5497,226587.1336,13.0,3,1,0,768.8463,2410.5014
787,94,10.9321,92516.2195,290060.1361,16.0,3,0,0,984.2151,3085.7461
788,94,10.9724,80299.296,251756.5814,19.0,3,0,0,854.2478,2678.2615
789,95,10.6693,80394.6102,252055.8355,22.0,4,1,0,846.2591,2653.2193
790,94,10.6459,74648.0846,234038.1393,25.0,3,0,1,794.1286,2489.7674
791,94,10.4328,60915.4896,190982.5927,18.0,3,0,0,648.0371,2031.7297
792,95,10.3955,82905.4815,259927.5703,16.0,4,1,0,872.6893,2736.0797
793,95,10.3773,78792.8375,247032.9835,19.0,3,0,0,829.3983,2600.3472
794,95,10.4558,84649.2188,265394.4982,7.0,2,0,0,891.0444,2793.6263
795,94,10.4858,89150.3361,279506.9038,9.0,3,1,2,948.4078,2973.4777
796,92,10.7646,84220.4033,264050.6118,11.0,2,0,2,915.4392,2870.1153
797,90,10.8539,73675.661,230989.6223,13.0,2,0,2,818.6185,2566.5514
798,90,10.8843,83778.1445,262664.2894,15.0,3,1,1,930.8683,2918.4921
799,90,10.9001,80138.1867,251252.2762,17.0,2,0,0,890.4243,2791.692
800,90,11.0414,84640.5839,265368.4295,19.0,2,0,0,940.4509,2948.5381
801,91,11.0235,86559.134,271383.4827,21.0,3,1,0,951.1993,2982.2361
802,91,11.0802,81057.0573,254132.5058,12.0,2,0,0,890.7369,2792.6649
803,90,10.9965,82181.191,257657.062,16.0,4,0,1,913.1243,2862.8562
804,91,10.8823,72099.1527,226045.8628,18.0,4,1,0,792.2984,2484.0205
805,91,10.9195,79299.9234,248622.8634,8.0,3,0,0,871.4277,2732.1194
806,91,10.8634,75432.8981,236499.578,6.0,2,0,0,828.9329,2598.8965
807,92,10.7393,72991.6963,228845.4065,8.0,3,1,0,793.388,2487.4501
808,92,10.8413,84841.3362,265997.264,11.0,3,0,0,922.1884,2891.2746
809,92,10.9627,86220.5132,270320.8173,14.0,3,0,0,937.1795,2938.2698
810,92,10.8028,70592.1157,221322.2506,18.0,5,1,1,767.3056,2405.6766
811,92,10.6715,77979.7646,244484.1279,22.0,4,0,0,847.6061,2657.4362
812,92,10.7826,84980.9588,266434.5848,21.0,3,0,0,923.7061,2896.0281
813,93,10.8072,79731.2746,249975.219,20.0,3,1,0,857.3255,2687.9056
814,92,10.9127,81346.1665,255038.4612,23.0,3,0,1,884.1975,2772.1572
815,92,11.003,70919.4801,222348.0101,26.0,3,0,0,770.8639,2416.8262
816,93,10.8784,77880.0027,244171.5842,29.0,4,1,0,837.4194,2625.5009
817,92,10.9123,80996.6558,253943.3183,33.0,4,0,1,880.3984,2760.2535
818,91,10.8686,74329.5197,233040.1104,2.0,1,0,1,816.8079,2560.8803
819,92,10.8211,75392.6945,236371.8925,0.0,1,1,0,819.4858,2569.2597
820,91,10.7492,73050.237,229028.9888,1.0,1,0,1,802.7499,2516.8021
821,91,10.8384,75323.9317,236157.3832,1.0,1,0,0,827.7355,2595.1361
822,92,10.6019,72654.3498,227787.7585,2.0,2,1,0,789.7212,2475.9539
823,92,10.6746,81305.4616,254910.8232,3.0,1,0,0,883.755,2770.7698
824,92,10.8107,84142.566,263806.085,0.0,0,0,0,914.5931,2867.4574
825,93,10.864,87556.5431,274509.4731,1.0,2,1,0,941.4682,2951.7148
826,92,11.0342,90708.334,284391.7919,4.0,3,0,1,985.9602,3091.2151
827,91,11.121,76832.9894,240888.9192,7.0,3,0,1,844.3186,2647.131
828,91,10.8463,71323.1231,223614.3448,6.0,3,1,1,783.7706,2457.3005
829,91,10.7044,70901.2241,222290.7404,8.0,2,0,0,779.1343,2442.7554
830,90,10.7242,77240.0076,242164.5463,11.0,3,0,1,858.2223,2690.7172
831,90,10.5723,74924.4188,234904.5937,14.0,4,1,1,832.4935,2610.051
832,90,10.6826,82084.9926,257355.6295,17.0,3,0,0,912.0555,2859.507
833,89,10.9639,86986.7657,272723.8092,20.0,3,0,1,977.3794,3064.3125
834,89,11.0042,84756.4045,265730.6779,23.0,4,1,1,952.3192,2985.738
835,89,10.9576,72253.3228,226530.6575,26.0,3,0,0,811.8351,2545.2883
836,89,10.9776,76381.9917,239475.0459,29.0,3,0,0,858.2246,2690.7309
837,90,10.8609,78469.3126,246018.3874,8.0,2,1,0,871.8813,2733.5376
838,90,10.9466,70716.413,221712.0175,0.0,0,0,0,785.7379,2463.4669
839,90,11.1702,91317.4181,286301.5464,0.0,0,0,0,1014.638,3181.1283
840,91,10.9401,62891.181,197178.0655,0.0,1,1,0,691.1119,2166.7919
841,91,11.1146,90682.9827,284312.6163,1.0,1,0,0,996.5163,3124.3145
842,91,11.0962,73761.4696,231259.6468,2.0,1,0,0,810.5656,2541.3148
843,92,11.1568,87479.0002,274266.7206,1.0,2,1,0,950.8587,2981.16
844,91,11.59,106554.0672,334072.6524,0.0,0,0,1,1170.9238,3671.128
845,91,11.5639,72927.9207,228645.5882,0.0,0,0,0,801.4057,2512.5889
846,92,11.4143,71812.1462,225146.9257,0.0,1,1,0,780.5668,2447.2492
847,92,11.3007,69717.7906,218580.3965,2.0,2,0,0,757.8021,2375.8739
848,92,11.2454,77447.9887,242816.6869,4.0,2,0,0,841.826,2639.3118
849,93,11.0106,71369.7935,223759.89,4.0,3,1,0,767.4171,2406.0203
850,92,11.0473,75329.351,236174.2825,6.0,2,0,1,818.7973,2567.1118
851,92,11.0556,73073.3523,229100.9557,8.0,2,0,0,794.2756,2490.2278
852,91,11.1493,89103.834,279361.1267,6.0,2,1,2,979.163,3069.9025
853,91,11.3552,81697.3357,256140.4037,0.0,0,0,0,897.7729,2814.7297
854,89,11.3333,70248.3111,220244.437,0.0,0,0,2,789.3069,2474.6566
855,89,11.2853,77984.1466,244498.3655,1.0,2,1,1,876.2264,2747.1726
856,89,11.2555,67509.3169,211656.7343,2.0,1,0,0,758.5317,2378.1656
857,89,11.339,78023.3808,244620.9707,3.0,1,0,0,876.6672,2748.5502
858,90,11.2928,80421.9154,252140.8219,5.0,3,1,0,893.5768,2801.5647
859,90,11.1078,64971.2811,203699.4981,7.0,2,0,0,721.9031,2263.3278
860,90,11.0457,79399.4185,248935.388,10.0,3,0,0,882.2158,2765.9488
861,91,10.8951,74592.1581,233862.8537,6.0,3,1,0,819.694,2569.9215
862,91,10.898,71300.9149,223544.4496,8.0,2,0,0,783.5265,2456.5324
863,91,10.8164,70392.2671,220695.6789,10.0,2,0,0,773.5414,2425.2272
864,91,10.5453,65996.6216,206913.3187,12.0,3,1,1,725.2376,2273.7727
865,91,10.7696,82798.8246,259592.9118,0.0,0,0,0,909.8772,2852.6694
866,91,11.0539,88238.6298,276649.1244,0.0,0,0,0,969.6553,3040.1003
867,90,11.3245,93252.1612,292367.852,0.0,0,0,1,1036.1351,3248.5317
868,91,11.2387,78893.1061,247348.7297,0.0,1,1,0,866.9572,2718.1179
869,91,11.0552,74821.3411,234582.5025,0.0,0,0,0,822.2125,2577.8297
870,92,10.7095,66175.2204,207473.5011,0.0,1,1,0,719.2959,2255.1468
871,91,10.7457,74903.7055,234839.4845,1.0,1,0,1,823.1176,2580.6537
872,91,10.757,65725.5823,206064.5484,3.0,2,0,0,722.2591,2264.4456
873,92,10.5852,79073.4678,247913.1644,5.0,3,1,0,859.4942,2694.7083
874,92,10.4639,66547.0325,208638.8155,7.0,2,0,0,723.3373,2267.8132
875,92,10.473,77436.6562,242781.4072,9.0,2,0,0,841.7028,2638.9283
876,93,10.4233,81423.2064,255279.9368,12.0,4,1,0,875.5183,2744.9456
877,93,10.4505,76717.8327,240527.28,13.0,2,0,0,824.9229,2586.3148
878,93,10.462,70439.851,220844.214,15.0,2,0,0,757.4178,2374.669
879,93,10.3926,72577.9516,227547.0035,17.0,3,1,1,780.4081,2446.742
880,92,10.4708,83121.2499,260604.1548,20.0,3,0,1,903.4918,2832.6539
881,92,10.4136,70638.1127,221465.5755,23.0,3,0,0,767.8056,2407.2345
882,92,10.3283,77794.9077,243903.8159,26.0,4,1,1,845.5968,2651.1284
883,92,10.2771,70701.7989,221665.6829,29.0,3,0,0,768.4978,2409.4096
884,92,10.4961,79929.9747,250598.3648,6.0,2,0,0,868.8041,2723.8953
885,92,10.4755,77724.5523,243683.4905,8.0,3,1,1,844.8321,2648.7336
886,92,10.6162,83709.1113,262447.5722,10.0,2,0,0,909.8816,2852.691
887,91,10.8161,83470.5683,261699.1448,8.0,1,0,1,917.259,2875.8148
888,92,10.8306,84277.9181,264231.0572,9.0,2,1,0,916.0643,2872.0767
889,91,10.8568,80814.6732,253372.8934,0.0,0,0,1,888.0733,2784.3175
890,91,10.8348,81300.9426,254897.138,1.0,1,0,0,893.417,2801.0675
891,92,10.7998,81552.4482,255685.6186,3.0,3,1,0,886.4397,2779.1915
892,91,10.9819,80048.7904,250970.7574,5.0,2,0,1,879.657,2757.9204
893,91,11.1115,87854.463,275444.2318,7.0,2,0,0,965.4337,3026.8597
894,92,10.9646,81991.8113,257063.7332,5.0,2,1,0,891.2153,2794.171
895,92,10.7536,80076.4482,251058.9137,6.0,1,0,0,870.3962,2728.9012
896,91,10.7588,91219.8362,285995.8825,7.0,1,0,1,1002.4158,3142.8119
897,91,10.6048,76173.233,238820.5022,8.0,2,1,1,837.0685,2624.4011
898,88,10.8269,76414.4086,239575.8364,11.0,3,0,3,868.3456,2722.4527
899,87,10.9749,78563.3655,246313.5444,14.0,3,0,1,903.0272,2831.1902
900,88,10.8213,69879.149,219086.9526,17.0,4,1,0,794.0812,2489.6245
901,88,11.1303,84860.9279,266058.3576,8.0,2,0,0,964.3287,3023.3904
902,87,11.2598,78312.9495,245528.7121,5.0,1,0,1,900.1488,2822.1691
903,88,11.3398,84399.6754,264612.3634,6.0,2,1,0,959.0872,3006.9587
904,88,11.3194,67762.8497,212451.3198,0.0,0,0,0,770.0324,2414.2195
905,88,11.3146,77958.2884,244417.2706,0.0,0,0,0,885.8896,2777.469
906,89,11.0028,63166.5393,198040.9276,0.0,1,1,0,709.7364,2225.179
907,88,10.9662,77040.9019,241541.0417,1.0,1,0,1,875.4648,2744.7846
908,88,10.8818,70342.891,220540.5974,3.0,2,0,0,799.351,2506.1432
909,89,10.7803,73278.4519,229744.4181,6.0,4,1,0,823.3534,2581.398
910,89,10.9228,80091.9833,251106.3939,9.0,3,0,0,899.9099,2821.4202
911,88,10.8207,62609.0965,196293.3185,13.0,4,0,1,711.467,2230.6059
912,88,10.6251,65463.4546,205242.3754,17.0,5,1,1,743.9029,2332.2997
913,87,10.4634,61100.3444,191562.5629,22.0,5,0,1,702.3028,2201.8685
914,87,10.5274,74814.773,234560.3036,27.0,5,0,0,859.9399,2696.0954
915,87,10.273,63948.6706,200492.584,32.0,6,1,1,735.0422,2304.5125
916,87,10.3849,78780.6076,246994.4798,37.0,5,0,0,905.5242,2839.017
917,85,10.4072,73570.4847,230659.7548,31.0,4,0,2,865.5351,2713.6442
918,86,10.0955,60227.5159,188825.6473,36.0,6,1,0,700.32,2195.6471
919,86,10.0882,68639.6544,215199.6881,26.0,4,0,0,798.1355,2502.322
920,86,10.0614,62351.2586,195484.2269,27.0,3,0,0,725.0146,2273.0724
921,87,9.9699,67511.3014,211661.806,31.0,5,1,0,775.992,2432.8943
922,87,10.1385,76264.0619,239104.7874,35.0,4,0,0,876.5984,2748.3309
923,87,10.1789,73009.5277,228900.7308,39.0,4,0,0,839.19,2631.0429
924,88,10.1488,83159.0502,260722.8697,43.0,5,1,0,944.9892,2962.7599
925,88,10.2111,72101.3082,226053.5932,29.0,3,0,0,819.333,2568.7908
926,87,10.3526,71927.8413,225509.8569,26.0,2,0,1,826.7568,2592.0673
927,88,10.3224,71201.4155,223232.0294,28.0,3,1,0,809.107,2536.7276
928,87,10.3972,82075.9616,257327.1154,30.0,2,0,1,943.4019,2957.7829
929,85,10.3825,65213.299,204457.9888,32.0,2,0,2,767.2153,2405.3881
930,86,10.269,68916.8866,216069.5768,34.0,3,1,0,801.3591,2512.4369
931,86,10.525,87368.5136,273920.2391,36.0,2,0,0,1015.9129,3185.1191
932,86,10.5132,72874.6322,228478.8785,39.0,3,0,0,847.3794,2656.7311
933,85,10.5998,79109.6007,248026.4234,17.0,3,1,2,930.7012,2917.9579
934,85,10.8605,79762.4056,250073.1391,0.0,0,0,0,938.3812,2942.0369
935,83,10.9424,58268.4173,182683.7974,0.0,0,0,2,702.0291,2201.0096
936,84,10.7376,65061.0378,203980.9747,0.0,1,1,0,774.5362,2428.3449
937,83,10.8255,66169.5805,207456.3773,0.0,0,0,1,797.2239,2499.4744
938,83,10.829,63714.133,199757.8497,0.0,0,0,0,767.6402,2406.7211
939,84,10.7997,71951.2619,225582.5401,0.0,1,1,0,856.5626,2685.5064
940,83,10.591,56924.1787,178469.571,1.0,1,0,1,685.8335,2150.2358
941,83,10.5921,63951.4672,200501.9461,3.0,2,0,0,770.4996,2415.6861
942,84,10.6086,78101.4243,244865.8845,5.0,3,1,0,929.7789,2915.0701
943,84,10.6631,66900.1543,209746.4694,7.0,2,0,0,796.4304,2496.9818
944,84,10.8219,79757.4729,250057.9666,9.0,2,0,0,949.4937,2976.8806
945,85,10.8119,70816.1517,222024.0576,11.0,3,1,0,833.1312,2612.0477
946,85,10.7704,60049.5159,188268.6138,13.0,2,0,0,706.4649,2214.9249
947,84,10.8901,71544.2402,224307.1428,15.0,2,0,1,851.7171,2670.3231
948,85,10.6023,64321.4887,201661.7541,17.0,3,1,0,756.7234,2372.4912
949,84,10.7578,77368.6872,242568.6622,9.0,1,0,1,921.0558,2887.7222
950,84,10.5403,63371.2438,198683.1671,11.0,2,0,0,754.4196,2365.2758
951,85,10.5467,71438.0399,223974.512,13.0,3,1,0,840.4475,2634.9943
952,85,10.6934,73632.3401,230853.5425,16.0,3,0,0,866.2628,2715.924
953,84,11.0326,86102.7278,269951.7354,19.0,3,0,1,1025.0325,3213.7111
954,85,10.8481,70240.416,220219.9367,17.0,3,1,0,826.3578,2590.8228
955,85,10.8228,74484.0004,233524.8444,4.0,1,0,0,876.2824,2747.3511
956,85,10.7507,67366.2666,211209.0472,0.0,0,0,0,792.5443,2484.8123
957,86,10.7299,75287.3372,236043.0209,0.0,1,1,0,875.4342,2744.6863
958,86,10.8082,71766.7432,225005.0343,0.0,0,0,0,834.497,2616.3376
959,85,10.9228,65053.4555,203957.0743,1.0,1,0,1,765.3348,2399.495
960,85,10.987,76560.6607,240035.4195,2.0,2,1,1,900.7137,2823.9461
961,84,11.2283,80034.3169,250926.212,0.0,0,0,1,952.7895,2987.2168
962,84,11.2519,68899.1786,216014.8334,0.0,0,0,0,820.2283,2571.6052
963,85,11.2704,85294.0567,267416.923,0.0,1,1,0,1003.4595,3146.0814
964,85,11.3119,72665.6476,227823.5932,0.0,0,0,0,854.89,2680.2776
965,85,11.3689,65420.2357,205107.1832,0.0,0,0,0,769.6498,2413.0257
966,86,11.3538,81169.0204,254483.4486,1.0,2,1,0,943.8258,2959.1099
967,85,11.3023,64442.2781,202041.1803,2.0,1,0,1,758.1444,2376.9551
968,85,11.2564,60862.7148,190817.7476,3.0,1,0,0,716.0319,2244.9147
969,86,11.1488,68289.9705,214104.0154,1.0,2,1,0,794.0694,2489.5816
970,84,11.4885,81391.3859,255180.3206,3.0,2,0,2,968.9451,3037.861
971,84,11.4045,65045.3018,203931.9993,2.0,1,0,0,774.3488,2427.7619
972,84,11.3439,73053.9076,229040.9367,3.0,2,1,1,869.6894,2726.6778
973,82,11.26,65761.5808,206177.0874,5.0,2,0,2,801.9705,2514.3547
974,82,11.1718,57770.9573,181124.3853,7.0,2,0,0,704.5239,2208.834
975,83,10.95,65192.198,204391.5132,9.0,3,1,0,785.4482,2462.5484
976,83,10.7044,66578.0039,208736.7233,11.0,2,0,0,802.1446,2514.9003
977,83,10.5232,58289.6069,182750.1368,13.0,2,0,0,702.2844,2201.8089
978,84,10.663,79097.2689,247988.2069,15.0,3,1,0,941.6342,2952.2406
979,84,10.7914,77782.864,243867.3981,17.0,2,0,0,925.9865,2903.1833
980,84,10.9909,81728.845,256239.3532,19.0,2,0,0,972.9624,3050.4685
981,84,10.944,75465.3296,236601.2573,21.0,3,1,1,898.3968,2816.6816
982,84,11.0233,71332.8601,223644.5587,13.0,1,0,0,849.2007,2662.4352
983,83,10.9273,67384.1771,211264.914,15.0,2,0,1,811.8576,2545.3604
984,84,10.8525,69449.0511,217737.9337,15.0,2,1,0,826.7744,2592.1183
985,84,10.9444,73098.8168,229181.2737,17.0,2,0,0,870.224,2728.3485
986,84,10.9339,65076.5255,204029.1428,19.0,2,0,0,774.7205,2428.9184
987,84,10.7233,68483.298,214710.4669,22.0,4,1,1,815.2774,2556.077
988,84,10.7823,66473.3626,208408.5555,25.0,3,0,0,791.3496,2481.0542
989,84,10.8447,69168.9141,216859.6644,5.0,1,0,0,823.4395,2581.6627
990,83,10.7176,70065.437,219670.7452,6.0,2,1,2,844.1619,2646.6355
991,83,10.7542,69193.1174,216936.7433,7.0,1,0,0,833.652,2613.6957
992,83,10.8702,71757.0341,224974.5604,8.0,1,0,0,864.5426,2710.5369
993,83,10.8365,71041.1085,222729.7583,9.0,2,1,1,855.917,2683.4911
994,82,10.9912,74352.9926,233113.1176,10.0,1,0,1,906.7438,2842.8429
995,82,11.1042,68084.7521,213461.1661,12.0,2,0,0,830.3019,2603.185
996,83,10.8892,56414.8294,176872.608,2.0,2,1,0,679.6967,2130.9953
997,83,10.9437,65935.7341,206723.0795,0.0,0,0,0,794.4064,2490.6395
998,83,10.8321,52578.7101,164845.1231,1.0,1,0,0,633.4784,1986.0858
999,84,10.6585,70803.1028,221983.8559,2.0,2,1,0,842.8941,2642.665
1000,84,10.741,73020.7675,228936.8485,0.0,0,0,0,869.2949,2725.4387
1001,83,10.8124,72973.8753,228789.8949,0.0,0,0,1,879.2033,2756.5048
1002,82,10.7451,68752.9134,215556.0704,0.0,1,1,2,838.4502,2628.7326
1003,80,10.6442,55531.8306,174104.8804,1.0,1,0,2,694.1479,2176.311
1004,80,10.7807,76797.1285,240776.0513,3.0,2,0,0,959.9641,3009.7006
1005,81,10.8172,66452.0793,208342.312,5.0,3,1,0,820.396,2572.1273
1006,81,11.0195,79225.0564,248389.0489,7.0,2,0,0,978.0871,3066.5315
1007,79,11.09,74051.3413,232168.2603,9.0,2,0,2,937.3588,2938.8387
1008,80,10.9864,71290.698,223512.5466,12.0,4,1,0,891.1337,2793.9068
1009,79,10.9989,64129.7317,201061.477,15.0,3,0,1,811.7688,2545.082
1010,79,10.9816,61831.1481,193854.2962,18.0,3,0,0,782.6728,2453.8519
1011,79,11.137,71814.6711,225154.8521,21.0,4,1,1,909.0465,2850.0614
1012,79,11.2531,62238.7664,195131.824,24.0,3,0,0,787.8325,2470.0231
1013,79,11.2239,62458.1466,195820.0812,27.0,3,0,0,790.6095,2478.7352
1014,80,11.0305,68599.95,215076.6775,30.0,4,1,0,857.4994,2688.4585
1015,80,10.7945,53439.7957,167545.0852,33.0,3,0,0,667.9974,2094.3136
1016,80,10.7902,62573.9579,196182.7861,36.0,3,0,0,782.1745,2452.2848
1017,81,10.6748,66075.9374,207162.0731,40.0,5,1,0,815.7523,2557.5565
1018,81,10.5484,62688.5402,196542.1586,32.0,3,0,0,773.9326,2426.4464
1019,81,10.4457,58755.6196,184211.6809,35.0,3,0,0,725.378,2274.2183
1020,82,10.3655,74778.6335,234447.8751,35.0,3,1,0,911.9346,2859.1204
1021,82,10.2085,61776.8761,193683.5976,37.0,2,0,0,753.3765,2361.9951
1022,81,10.1141,68626.2699,215159.2539,39.0,2,0,1,847.2379,2656.2871
1023,82,10.0296,63549.1342,199240.7853,1.0,2,1,0,774.9894,2429.7657
1024,81,10.3227,75668.5444,237237.7762,2.0,1,0,1,934.1796,2928.8614
1025,81,10.6288,83014.4154,260270.1106,4.0,2,0,0,1024.8693,3213.2112
1026,81,10.792,79751.1595,250038.9466,6.0,3,1,1,984.5822,3086.9006
1027,81,10.9137,73478.9127,230373.524,8.0,2,0,0,907.1471,2844.1176
1028,79,10.9525,67487.609,211589.5745,10.0,2,0,2,854.2735,2678.349
1029,79,11.1694,80891.2507,253613.2527,7.0,2,1,1,1023.9399,3210.2943
1030,79,11.1996,65146.2455,204248.2527,8.0,1,0,0,824.636,2585.4209
1031,79,11.021,57645.1446,180730.3201,9.0,1,0,0,729.6854,2287.7256
1032,80,11.0081,76771.3318,240695.4137,10.0,2,1,0,959.6416,3008.6927
1033,78,10.9254,53731.9047,168461.4129,11.0,1,0,2,688.8706,2159.7617
1034,78,10.8111,58747.4431,184186.2117,0.0,0,0,0,753.1723,2361.3617
1035,79,10.548,58769.5323,184255.6572,0.0,1,1,0,743.9181,2332.3501
1036,79,10.654,67826.0206,212649.4768,2.0,2,0,0,858.5572,2691.7655
1037,79,10.8003,71221.479,223296.0113,4.0,2,0,0,901.5377,2826.5318
1038,79,10.7946,74399.3213,233258.8277,6.0,3,1,1,941.7636,2952.6434
1039,79,10.9214,64496.4943,202210.5798,5.0,2,0,0,816.4113,2559.6276
1040,79,11.1494,70146.5321,219924.9174,7.0,2,0,0,887.9308,2783.8597
1041,79,11.1855,66876.0237,209671.5174,9.0,2,0,0,846.5319,2654.0698
1042,79,11.1653,60561.7116,189874.4969,11.0,2,0,0,766.6039,2403.4746
1043,79,10.9589,53926.234,169070.9885,13.0,2,0,0,682.6106,2140.1391
1044,80,10.7789,62533.064,196054.6353,15.0,3,1,0,781.6633,2450.6829
1045,81,10.5809,59909.7192,187830.0673,18.0,4,1,0,739.6262,2318.8897
1046,81,10.6485,69520.7128,217962.0225,22.0,4,0,0,858.2804,2690.8892
1047,82,10.6306,73348.2386,229962.5868,23.0,4,1,0,894.4907,2804.4218
1048,82,10.7154,67374.0126,211232.3831,24.0,3,0,0,821.6343,2576.0047
1049,81,10.839,69614.9062,218258.2988,27.0,3,0,1,859.4433,2694.5469
1050,82,10.7603,70939.8728,222411.9303,30.0,4,1,0,865.1204,2712.3406
1051,82,10.5953,56566.665,177348.77,20.0,2,0,0,689.8374,2162.7899
1052,82,10.5758,61631.4333,193227.7424,22.0,2,0,0,751.6028,2356.4359
1053,83,10.4322,67442.5381,211447.1946,6.0,2,1,0,812.5607,2547.5566
1054,83,10.3972,63720.2203,199776.9463,7.0,1,0,0,767.7135,2406.9512
1055,83,10.5164,67946.8993,213029.319,8.0,1,0,0,818.6373,2566.6183
1056,84,10.4284,75633.7265,237129.4072,9.0,2,1,0,900.4015,2822.9691
1057,84,10.7056,84174.2543,263905.9317,0.0,0,0,0,1002.0745,3141.7373
1058,84,10.7451,75804.6104,237665.6031,0.0,0,0,0,902.4358,2829.3524
1059,85,10.4072,57984.9207,181795.5019,1.0,2,1,0,682.1755,2138.7706
1060,85,10.518,74277.7191,232877.7287,2.0,1,0,0,873.8555,2739.738
1061,85,10.5607,70125.4844,219859.3311,4.0,2,0,0,825.0057,2586.5804
1062,86,10.4947,77209.4136,242068.7241,2.0,2,1,0,897.7839,2814.7526
1063,85,10.6306,77908.0781,244259.5648,3.0,1,0,1,916.5656,2873.6419
1064,85,10.8718,85827.203,269088.3504,5.0,2,0,0,1009.7318,3165.7453
1065,83,10.6903,61733.3757,193547.7708,5.0,2,1,3,743.7756,2331.9009
1066,83,10.668,59928.7869,187890.3337,0.0,0,0,0,722.0336,2263.739
1067,83,10.7543,67287.8976,210962.9009,0.0,0,0,0,810.6976,2541.7217
1068,83,10.5801,64820.2069,203226.2109,1.0,2,1,1,780.9663,2448.5086
1069,83,10.7556,72982.0273,228815.3244,2.0,1,0,0,879.3015,2756.8111
1070,82,10.8046,70970.9135,222510.2477,3.0,1,0,1,865.4989,2713.5396
1071,82,10.6952,77412.6394,242706.0917,4.0,2,1,1,944.0566,2959.8304
1072,82,10.6608,65971.8064,206835.8322,7.0,3,0,0,804.5342,2522.3882
1073,82,10.5766,60910.0951,190966.1242,8.0,2,0,0,742.806,2328.8552
1074,82,10.5768,76612.7888,240198.7962,8.0,3,1,1,934.3023,2929.2536
1075,82,10.7017,70871.2203,222197.188,10.0,2,0,0,864.2832,2709.7218
1076,82,10.8182,72981.243,228812.5713,12.0,2,0,0,890.0152,2790.3972
1077,83,10.7999,70331.3398,220504.6126,15.0,4,1,0,847.3655,2656.6821
1078,83,10.9963,75523.6262,236783.0053,19.0,4,0,0,909.9232,2852.8073
1079,83,11.0729,69805.0334,218854.5563,23.0,4,0,0,841.0245,2636.8019
1080,84,11.0171,75129.0834,235547.2958,24.0,4,1,0,894.3938,2804.1345
1081,83,10.9,64028.8497,200744.6448,22.0,2,0,1,771.4319,2418.6102
1082,82,10.5414,54449.8711,170712.2332,24.0,2,0,1,664.0228,2081.8565
1083,83,10.372,70572.887,221261.9883,26.0,3,1,0,850.2757,2665.8071
1084,83,10.074,56403.5095,176837.3084,28.0,2,0,0,679.5604,2130.57
1085,82,10.3196,74829.1699,234606.1663,12.0,1,0,1,912.5509,2861.0508
1086,83,10.424,79349.7253,248779.6764,15.0,4,1,0,956.0208,2997.3455
1087,82,10.5112,65444.6138,205183.3656,20.0,5,0,1,798.105,2502.2362
1088,82,10.6874,76554.4778,240015.6125,23.0,5,0,0,933.5912,2927.0197
1089,83,10.7546,74304.1975,232959.8556,25.0,5,1,0,895.2313,2806.7452
1090,83,10.8533,69841.3923,218968.3429,29.0,4,0,0,841.4626,2638.1728
1091,83,10.9883,73325.7452,229892.9905,15.0,3,0,0,883.4427,2769.7951
1092,84,10.8378,68933.7752,216123.2087,18.0,4,1,0,820.6402,2572.8953
1093,84,10.7514,66711.1982,209154.4195,21.0,3,0,0,794.1809,2489.9336
1094,84,10.7493,75375.6741,236320.0154,8.0,1,0,0,897.3295,2813.3335
1095,85,10.8109,75967.2866,238174.3689,9.0,2,1,0,893.7328,2802.0514
1096,85,10.9066,74915.8084,234878.257,0.0,0,0,0,881.3625,2763.2736
1097,85,10.9108,70505.5677,221051.0864,1.0,1,0,0,829.4773,2600.601
1098,86,10.7221,74097.8713,232313.4131,2.0,2,1,0,861.6032,2701.3188
1099,86,10.7486,74228.7526,232723.937,5.0,3,0,0,863.125,2706.0923
1100,86,10.7367,67457.9792,211495.6468,8.0,3,0,0,784.3951,2459.2517
1101,84,10.737,71860.5107,225298.7984,3.0,2,1,3,855.4823,2682.1286
1102,84,10.7963,70316.4089,220458.2252,4.0,1,0,0,837.1001,2624.5027
1103,84,10.9194,75620.177,237087.0242,0.0,0,0,0,900.2402,2822.4646
1104,85,11.056,85561.6747,268255.6772,0.0,1,1,0,1006.6079,3155.9491
1105,85,11.1446,73897.953,231687.7194,0.0,0,0,0,869.3877,2725.7379
1106,85,11.2632,74104.3412,232334.3758,0.0,0,0,0,871.8158,2733.3456
1107,86,11.2397,76202.7555,238913.2564,0.0,1,1,0,886.0786,2778.0611
1108,86,11.1369,69078.7326,216577.5906,0.0,0,0,0,803.2411,2518.3441
1109,86,11.2976,73356.5211,229988.8338,0.0,0,0,0,852.9828,2674.2888
1110,86,11.2818,74582.5582,233833.6219,1.0,2,1,1,867.239,2718.9956
1111,85,11.3364,72260.1428,226551.8651,2.0,1,0,1,850.1193,2665.3161
1112,84,11.2252,65235.8878,204529.4397,3.0,1,0,1,776.6177,2434.8743
1113,84,10.9516,77921.3108,244301.5796,4.0,2,1,1,927.6347,2908.3521
1114,84,10.8538,62333.7989,195430.6575,0.0,0,0,0,742.069,2326.5554
1115,84,10.6753,63109.3085,197861.9485,0.0,0,0,0,751.3013,2355.4994
1116,85,10.2827,59874.8039,187720.0748,1.0,2,1,0,704.4095,2208.4715
1117,85,10.2308,75032.4981,235243.6925,0.0,0,0,0,882.7353,2767.5729
1118,85,10.3471,78182.738,245120.2918,1.0,1,0,0,919.7969,2883.7681
1119,85,10.3547,72006.3944,225755.8732,2.0,2,1,1,847.1341,2655.9514
1120,84,10.6941,83463.795,261678.7734,3.0,1,0,1,993.6166,3115.2235
1121,84,10.7834,76961.9192,241293.2348,4.0,1,0,0,916.2133,2872.5385
1122,85,10.7813,77981.7317,244490.2405,5.0,2,1,0,917.4321,2876.3558
1123,84,10.7189,61371.6353,192413.4052,6.0,1,0,1,730.6147,2290.6358
1124,84,10.7209,68133.839,213615.0792,7.0,1,0,0,811.1171,2543.0367
1125,85,10.7691,77402.2324,242673.6585,9.0,3,1,0,910.6145,2854.9842
1126,85,10.8929,74612.3738,233926.9629,11.0,2,0,0,877.7926,2752.0819
1127,84,10.8081,65280.5282,204668.5441,13.0,2,0,1,777.1491,2436.5303
1128,85,10.6769,66950.7036,209905.5401,4.0,2,1,0,787.6553,2469.4769
1129,85,10.7502,76975.6879,241336.0334,1.0,1,0,0,905.5963,2839.2475
1130,84,10.811,62278.4552,195256.5387,0.0,0,0,1,741.4102,2324.4826
1131,85,10.7317,70400.1807,220719.8131,0.0,1,1,0,828.2374,2596.7037
1132,84,10.5401,57199.2713,179332.1643,0.0,0,0,1,680.9437,2134.9067
1133,83,10.3376,67755.0885,212427.5764,0.0,0,0,1,816.3264,2559.3684
1134,82,10.5081,79566.7926,249460.5626,0.0,1,1,2,970.3267,3042.202
1135,82,10.48,61108.2374,191587.9649,0.0,0,0,0,745.2224,2336.4386
1136,82,10.6376,71061.342,222793.034,1.0,1,0,0,866.6017,2716.9882
1137,83,10.4836,65961.8307,206805.3721,2.0,2,1,0,794.7209,2491.631
1138,82,10.5134,77799.3069,243918.7883,3.0,1,0,1,948.772,2974.6194
1139,82,10.4021,64643.5139,202672.489,5.0,2,0,0,788.3355,2471.6157
1140,83,10.4375,76340.7712,239345.7252,7.0,3,1,0,919.7683,2883.6834
1141,83,10.4061,68656.8398,215254.6841,10.0,3,0,0,827.1908,2593.4299
1142,83,10.6184,78097.7801,244854.0401,11.0,2,0,0,940.9371,2950.0487
1143,84,10.561,71157.3769,223094.8126,13.0,3,1,0,847.1116,2655.8906
1144,84,10.713,76114.9096,238637.2432,15.0,2,0,0,906.1299,2840.9196
1145,84,10.8392,66709.9507,209150.187,17.0,2,0,0,794.1661,2489.8832
1146,84,10.6721,68093.93,213489.8797,20.0,4,1,1,810.642,2541.5462
1147,82,10.8177,71619.3456,224542.9353,11.0,2,0,2,873.4067,2738.3285
1148,82,10.8243,64064.5965,200856.6669,3.0,1,0,0,781.2756,2449.4715
1149,83,10.7714,63217.6917,198200.9863,4.0,2,1,0,761.6589,2387.9637
1150,83,10.8987,68427.1595,214534.2476,0.0,0,0,0,824.4236,2584.75
1151,83,10.8334,62332.394,195426.3539,0.0,0,0,0,750.9927,2354.5344
1152,84,10.7242,67079.8099,210310.228,0.0,1,1,0,798.5692,2503.6932
1153,84,10.7349,67523.4883,211701.7526,0.0,0,0,0,803.8511,2520.259
1154,84,10.8228,74714.027,234246.0089,0.0,0,0,0,889.4527,2788.643
1155,85,10.7033,66767.466,209330.9848,0.0,1,1,0,785.4996,2462.7175
1156,85,10.5471,59654.2967,187028.9975,0.0,0,0,0,701.8153,2200.3411
1157,85,10.771,80342.7371,251892.4934,0.0,0,0,0,945.2087,2963.4411
1158,86,10.4143,64310.0063,201626.4792,0.0,1,1,0,747.7908,2344.4939
1159,85,10.3527,75185.698,235724.4797,0.0,0,0,1,884.5376,2773.2292
1160,85,10.2972,73496.6746,230428.6001,0.0,0,0,0,864.6668,2710.9247
1161,85,10.1392,65473.977,205275.4415,1.0,1,0,0,770.2821,2415.0052
1162,84,10.1289,76177.5406,238833.7079,3.0,2,0,1,906.8755,2843.2584
1163,84,10.0945,82594.0492,258950.5502,7.0,5,1,1,983.2625,3082.7446
1164,84,9.8731,61665.3882,193333.7863,8.0,5,1,1,734.1118,2301.5927
1165,84,10.0945,74934.8874,234937.3293,10.0,3,0,0,892.082,2796.873
1166,83,10.2999,69981.8041,219408.3754,13.0,3,0,1,843.1543,2643.4744
1167,84,10.0636,65719.6826,206045.3408,12.0,4,1,0,782.3772,2452.9207
1168,84,9.996,64762.826,203045.6676,16.0,4,0,0,770.986,2417.2103
1169,83,9.9364,70471.1992,220942.5217,18.0,4,0,1,849.0506,2661.9581
1170,84,9.7229,68142.9813,213642.7036,14.0,4,1,0,811.226,2543.3655
1171,84,9.7486,69095.8338,216629.7231,14.0,3,0,0,822.5694,2578.9253
1172,84,9.8847,72412.017,227026.8519,18.0,4,0,0,862.0478,2702.7006
1173,85,10.0697,81006.1966,253972.0615,25.0,8,1,0,953.0141,2987.9066
1174,85,10.1147,70412.6954,220758.8729,32.0,7,0,0,828.3847,2597.1632
1175,85,10.1421,72783.8445,228193.0309,34.0,6,0,0,856.2805,2684.6239
1176,86,9.7341,51247.307,160670.5149,40.0,7,1,0,595.8989,1868.2618
1177,86,9.8418,73024.3755,228947.066,46.0,6,0,0,849.1206,2662.1752
1178,85,9.9409,70033.2227,219569.1412,52.0,6,0,1,823.9203,2583.1664
1179,86,9.7888,73870.7808,231600.6786,59.0,8,1,0,858.9626,2693.0311
1180,86,9.8408,72810.9725,228277.73,66.0,7,0,0,846.6392,2654.3922
1181,86,9.9777,77838.3136,244039.8842,75.0,9,0,0,905.0967,2837.6731
1182,86,9.7805,67073.6631,210290.395,53.0,8,1,1,779.9263,2445.2372
1183,84,10.0387,81058.2522,254135.4316,55.0,6,0,2,964.9792,3025.4218
1184,84,10.2262,73149.5599,229339.9233,53.0,4,0,0,870.8281,2730.2372
1185,84,10.2374,80481.8278,252328.3762,57.0,5,1,1,958.117,3003.9092
1186,84,10.3057,77502.5059,242988.202,61.0,4,0,0,922.6489,2892.7167
1187,84,10.3545,75668.8583,237239.3138,65.0,4,0,0,900.8197,2824.2775
1188,85,10.4235,85146.1872,266952.4592,69.0,5,1,0,1001.7198,3140.6172
1189,85,10.6204,79475.437,249173.7706,53.0,4,0,0,935.0051,2931.4561
1190,85,10.6609,79148.2749,248148.1561,2.0,1,0,0,931.1562,2919.3901
1191,86,10.9764,90526.7439,283822.6539,0.0,1,1,0,1052.6366,3300.2634
1192,84,11.2796,88296.7915,276831.272,1.0,1,0,2,1051.1523,3295.6104
1193,84,11.3997,73317.1593,229866.1899,2.0,1,0,0,872.8233,2736.5023
1194,83,11.2217,71138.187,223034.3569,3.0,2,1,2,857.0866,2687.1609
1195,82,11.1522,64428.3561,201998.0849,4.0,1,0,1,785.7117,2463.3913
1196,81,11.0016,70234.2934,220201.1953,6.0,2,0,1,867.09,2718.5333
1197,82,10.8819,72416.4374,227041.8701,9.0,4,1,0,883.1273,2768.8033
1198,82,11.0317,71936.0641,225535.2564,14.0,5,0,0,877.2691,2750.43
1199,82,11.1544,70092.7074,219756.3589,19.0,5,0,0,854.7891,2679.9556
1200,83,11.0557,73745.4426,231208.3703,24.0,6,1,0,888.4993,2785.643
1201,83,11.1746,76714.2423,240516.7101,29.0,5,0,0,924.268,2897.7917
1202,83,11.1946,71153.8195,223083.5649,34.0,5,0,0,857.2749,2687.7538
1203,84,11.0945,73759.4971,231252.141,39.0,6,1,0,878.0893,2753.0017
1204,84,10.9352,53967.8827,169200.1855,44.0,5,0,0,642.4748,2014.2879
1205,84,10.8368,69916.7514,219204.2778,36.0,5,0,0,832.3423,2609.5747
1206,85,10.8518,78204.8587,245190.151,39.0,5,1,0,920.0572,2884.59
1207,85,10.8841,64824.2664,203237.5771,44.0,5,0,0,762.6384,2391.0303
1208,84,10.9868,70130.1945,219873.5139,24.0,3,0,1,834.8833,2617.5418
1209,85,11.1452,82399.7473,258341.7524,12.0,2,1,0,969.4088,3039.3147
1210,85,11.3348,77852.4107,244085.449,13.0,1,0,0,915.9107,2871.5935
1211,85,11.4507,76145.3793,238733.7642,14.0,1,0,0,895.828,2808.6325
1212,86,11.5373,87158.6872,273262.8038,15.0,2,1,0,1013.4731,3177.4745
1213,86,11.5445,68114.3477,213554.2598,16.0,1,0,0,792.0273,2483.1891
1214,85,11.6351,76692.1719,240447.731,18.0,2,0,1,902.2608,2828.7968
1215,85,11.5548,67991.8597,213169.5678,18.0,2,1,1,799.9042,2507.8773
1216,84,11.545,71235.0942,223338.5374,19.0,1,0,1,848.0368,2658.7921
1217,84,11.5842,75149.9422,235612.2571,20.0,1,0,0,894.6422,2804.9078
1218,85,11.382,72657.8676,227799.6277,21.0,2,1,0,854.7984,2679.9956
1219,85,11.5663,79370.6102,248845.3671,22.0,1,0,0,933.7719,2927.5926
1220,85,11.6969,82575.658,258894.6038,23.0,1,0,0,971.4783,3045.8189
1221,86,11.5516,80463.4008,252272.1829,24.0,2,1,0,935.6209,2933.3975
1222,86,11.6091,75150.4909,235614.2421,26.0,2,0,0,873.8429,2739.7005
1223,84,11.5652,71095.0687,222900.0519,26.0,1,0,2,846.3699,2653.572
1224,85,11.4453,76847.8475,240935.6417,0.0,1,1,0,904.0923,2834.537
1225,85,11.3699,66524.9135,208570.8138,0.0,0,0,0,782.646,2453.7743
1226,85,11.6006,80705.515,253030.5808,2.0,2,0,0,949.4766,2976.8304
1227,86,11.7241,87370.9655,273928.8257,4.0,3,1,0,1015.9415,3185.2189
1228,86,11.771,82995.7287,260211.0199,6.0,2,0,0,965.0666,3025.7095
1229,86,11.6711,67575.2009,211863.7921,9.0,3,0,0,785.7581,2463.5325
1230,85,11.5017,73934.8767,231802.7323,8.0,4,1,2,869.8221,2727.091
1231,85,11.1785,63434.0905,198879.6816,11.0,3,0,0,746.2834,2339.761
1232,85,10.8659,56659.3101,177638.4433,14.0,3,0,0,666.5801,2089.864
1233,86,10.8182,68209.16,213849.9847,18.0,5,1,0,793.1298,2486.6277
1234,86,10.9163,72538.7319,227425.0386,13.0,3,0,0,843.4736,2644.4772
1235,85,11.2563,92864.5658,291151.8815,18.0,5,0,1,1092.5243,3425.3163
1236,85,11.187,79553.5014,249419.2786,23.0,6,1,1,935.9235,2934.3445
1237,85,11.1813,82085.1957,257356.3234,28.0,5,0,0,965.7082,3027.7215
1238,85,11.1811,74276.6418,232874.1966,33.0,5,0,0,873.8428,2739.6964
1239,85,10.9266,74249.893,232790.4225,22.0,5,1,1,873.5282,2738.7109
1240,84,10.9066,69741.9839,218656.65,24.0,3,0,1,830.2617,2603.0554
1241,84,10.9988,81615.8662,255884.464,21.0,3,0,0,971.6175,3046.2436
1242,84,10.9426,82072.2241,257315.5714,26.0,6,1,1,977.0503,3063.2806
1243,84,11.0593,74799.482,234513.3902,22.0,4,0,0,890.47,2791.8261
1244,84,11.0138,72791.8683,228218.5242,28.0,6,0,0,866.5699,2716.8872
1245,85,10.7429,69582.8133,218157.2414,32.0,6,1,0,818.6213,2566.5558
1246,85,10.8091,79873.3595,250420.9649,37.0,5,0,0,939.6866,2946.129
1247,84,10.853,75193.3958,235748.1847,36.0,4,0,1,895.1595,2806.526
1248,85,10.927,85442.4246,267882.0373,20.0,4,1,0,1005.205,3151.5534
1249,85,11.0766,76791.4751,240758.7507,24.0,4,0,0,903.4291,2832.4559
1250,85,11.3402,80122.4572,251202.3164,20.0,4,0,0,942.6171,2955.3214
1251,86,11.368,81524.2383,255597.2862,24.0,5,1,0,947.9563,2972.0615
1252,85,11.5351,77193.5824,242019.8908,24.0,3,0,1,908.1598,2847.2928
1253,85,11.6141,84362.9975,264498.2292,27.0,3,0,0,992.5059,3111.7439
1254,86,11.4486,64551.8348,202384.2738,19.0,3,1,0,750.6027,2353.3055
1255,86,11.6429,81230.2132,254674.9916,21.0,2,0,0,944.5374,2961.3371
1256,86,11.7343,75570.0992,236929.3898,23.0,2,0,0,878.7221,2754.9929
1257,87,11.6372,70548.1393,221184.5343,25.0,3,1,0,810.8982,2542.351
1258,87,11.6277,73535.1696,230550.0635,27.0,2,0,0,845.2318,2650.0007
1259,87,11.5717,76383.2863,239479.622,29.0,2,0,0,877.9688,2752.6393
1260,88,11.2625,65201.4105,204420.8204,31.0,3,1,0,740.9251,2322.9639
1261,88,11.3024,83749.6024,262574.7777,12.0,1,0,0,951.7,2983.8043
1262,88,11.379,77108.0419,241751.408,0.0,0,0,0,876.2277,2747.1751
1263,89,11.1663,70948.3602,222438.8739,1.0,2,1,0,797.1726,2499.3132
1264,89,11.2443,78446.9497,245949.2113,0.0,0,0,0,881.4264,2763.4743
1265,89,11.3964,79676.5385,249804.4564,0.0,0,0,0,895.242,2806.7916
1266,90,11.2496,68726.2241,215471.5865,0.0,1,1,0,763.6247,2394.1287
1267,89,11.4415,76927.0116,241183.982,1.0,1,0,1,864.3484,2709.9324
1268,89,11.5469,75692.2682,237312.9688,2.0,1,0,0,850.4749,2666.4379
1269,90,11.3303,75750.1855,237493.9909,3.0,2,1,0,841.6687,2638.8221
1270,90,11.1311,68200.6134,213824.1017,4.0,1,0,0,757.7846,2375.8234
1271,90,10.9773,73116.5725,229237.247,5.0,1,0,0,812.4064,2547.0805
1272,90,11.0292,78647.4362,246577.9078,6.0,1,0,0,873.8604,2739.7545
1273,90,10.7185,69460.959,217775.8375,8.0,2,0,0,771.7884,2419.7315
1274,90,10.5662,81360.9051,255085.2271,8.0,1,0,0,904.0101,2834.2803
1275,91,10.255,70090.0925,219748.0964,10.0,3,1,0,770.2208,2414.8142
1276,92,10.3146,85998.432,269624.6716,12.0,3,1,0,934.7656,2930.703
1277,92,10.4343,81633.4954,255938.78,12.0,2,0,0,887.3206,2781.9433
1278,93,10.4883,81387.5066,255167.5222,16.0,5,1,0,875.1345,2743.7368
1279,93,10.7776,89192.9172,279640.3092,4.0,2,0,0,959.0636,3006.885
1280,92,11.0682,85892.752,269292.9026,6.0,2,0,1,933.6169,2927.0968
1281,93,11.3,91132.4082,285721.3702,0.0,1,1,0,979.9184,3072.2728
1282,93,11.5205,76437.3814,239648.9523,0.0,0,0,0,821.9073,2576.8705
1283,92,11.4975,78929.4567,247461.971,0.0,0,0,1,857.9289,2689.804
1284,93,11.3294,75457.9202,236578.0661,0.0,1,1,0,811.3755,2543.8502
1285,92,11.318,79260.3736,248499.3736,0.0,0,0,1,861.5258,2701.0801
1286,92,11.2961,75532.8734,236813.1611,0.0,0,0,0,821.0095,2574.0561
1287,93,11.2097,78560.2982,246305.005,0.0,1,1,0,844.7344,2648.4409
1288,92,11.2379,78098.4096,244856.2321,1.0,1,0,1,848.8958,2661.4808
1289,92,11.26,77897.3876,244226.1536,2.0,1,0,0,846.7107,2654.6321
1290,92,10.9526,65143.9255,204240.3482,4.0,3,1,1,708.0861,2220.0038
1291,92,10.9915,78677.9351,246672.6873,6.0,2,0,0,855.1949,2681.2249
1292,91,11.0198,72501.6999,227308.6867,8.0,2,0,1,796.722,2497.8977
1293,91,10.9087,71831.564,225208.2212,11.0,4,1,1,789.3578,2474.8156
1294,91,10.8313,71552.5978,224333.4712,14.0,3,0,0,786.2923,2465.203
1295,91,10.5899,64861.1378,203354.0553,11.0,2,0,0,712.7598,2234.6599
1296,92,10.437,74139.4872,232443.579,13.0,3,1,0,805.864,2526.5606
1297,92,10.3378,72962.9788,228755.1671,15.0,2,0,0,793.0759,2486.4692
1298,91,10.191,74855.0204,234687.0312,17.0,2,0,1,822.5826,2578.9784
1299,92,9.7984,66847.1876,209580.8599,19.0,3,1,0,726.5999,2278.0528
1300,92,9.8612,85757.9451,268870.9307,23.0,4,0,0,932.1516,2922.5101
1301,92,9.9041,80599.6448,252697.726,29.0,6,0,0,876.0831,2746.7144
1302,93,9.9741,88562.8049,277663.7913,35.0,7,1,0,952.2882,2985.6322
1303,92,10.1262,84615.0636,265287.5141,41.0,6,0,1,919.729,2883.5599
1304,92,10.1323,81721.6901,256215.3022,48.0,7,0,0,888.2792,2784.9489
1305,93,9.9356,69252.2179,217120.2266,32.0,7,1,0,744.6475,2334.6261
1306,93,10.131,91130.8801,285714.3154,39.0,7,0,0,979.9019,3072.1969
1307,92,10.1995,74949.6637,234982.9101,29.0,6,0,1,814.6703,2554.1621
1308,93,10.2368,74616.352,233937.9329,26.0,6,1,0,802.3264,2515.4616
1309,93,10.4856,84606.7378,265260.8986,25.0,4,0,0,909.7499,2852.2677
1310,92,10.6257,75105.4411,235472.2596,21.0,2,0,1,816.3635,2559.4811
1311,93,10.651,86839.4372,272262.3552,23.0,3,1,0,933.7574,2927.5522
1312,93,10.85,90837.4432,284796.7027,13.0,1,0,0,976.7467,3062.3301
1313,93,10.8042,75773.4766,237567.3949,14.0,1,0,0,814.7686,2554.4881
1314,94,10.9553,88406.5346,277174.389,16.0,3,1,0,940.495,2948.6637
1315,94,11.0096,79072.9324,247911.7372,18.0,2,0,0,841.2014,2637.3589
1316,94,11.0914,82552.2776,258819.8311,20.0,2,0,0,878.2157,2753.4025
1317,94,11.1761,89462.5499,280486.0233,18.0,2,1,1,951.7293,2983.8939
1318,94,11.2945,87672.3552,274873.5636,19.0,1,0,0,932.6846,2924.1868
1319,94,11.2634,79804.7787,250206.7582,20.0,1,0,0,848.987,2661.774
1320,95,11.2049,85266.0506,267328.9856,0.0,1,1,0,897.5374,2813.9893
1321,94,11.384,78387.3933,245762.62,0.0,0,0,1,833.9084,2614.496
1322,93,11.3829,73059.8384,229059.8636,0.0,0,0,1,785.5897,2463.0093
1323,94,11.3304,84745.5392,265696.6279,0.0,1,1,0,901.5483,2826.5599
1324,92,11.176,71807.2236,225132.1555,0.0,0,0,2,780.5133,2447.0886
1325,91,11.1141,71750.1921,224952.9542,0.0,0,0,1,788.4636,2472.0105
1326,91,10.9189,66362.3504,208061.0055,1.0,2,1,1,729.2566,2286.3847
1327,91,10.9131,69961.5961,219345.0274,2.0,1,0,0,768.8087,2410.3849
1328,91,10.9484,74312.6836,232986.5942,3.0,1,0,0,816.6229,2560.2922
1329,91,10.9962,78299.6527,245487.041,4.0,2,1,1,860.4357,2697.6598
1330,91,11.1562,85412.0124,267786.5063,5.0,1,0,0,938.5935,2942.7089
1331,91,10.9704,72836.8144,228360.3155,6.0,1,0,0,800.4046,2509.454
1332,91,10.884,78318.654,245547.3148,7.0,2,1,1,860.6445,2698.3221
1333,90,10.9016,78583.2142,246376.0816,8.0,1,0,1,873.1468,2737.512
1334,89,10.9471,74393.5875,233241.4783,10.0,2,0,1,835.883,2620.6908
1335,90,10.9204,77026.0006,241493.9138,12.0,3,1,0,855.8445,2683.2657
1336,90,10.7801,68967.5665,216228.946,3.0,1,0,0,766.3063,2402.5438
1337,90,10.8238,80818.2139,253383.4658,5.0,2,0,0,897.9802,2815.3718
1338,91,10.7368,86043.2941,269765.745,7.0,3,1,0,945.5307,2964.4587
1339,91,10.9451,86759.8381,272012.3378,9.0,2,0,0,953.4048,2989.1466
1340,91,10.996,83085.9254,260493.2626,7.0,1,0,0,913.0321,2862.5633
1341,92,10.8754,74703.7079,234213.4867,9.0,3,1,0,811.9968,2545.7988
1342,92,10.9706,75433.6714,236501.0906,9.0,1,0,0,819.9312,2570.664
1343,92,11.0932,75790.6934,237620.7634,10.0,1,0,0,823.8119,2582.8344
1344,93,11.0512,78988.4548,247646.2806,11.0,2,1,0,849.3382,2662.8632
1345,93,10.9974,76209.7763,238935.513,12.0,1,0,0,819.46,2569.1991
1346,93,10.9066,70943.6869,222424.8722,13.0,1,0,0,762.8353,2391.6653
1347,94,10.7697,86858.4455,272321.1871,14.0,2,1,0,924.026,2897.0339
1348,94,10.8245,83313.9859,261208.7191,16.0,2,0,0,886.319,2778.8162
1349,93,11.0791,90520.0544,283801.6009,18.0,2,0,1,973.3339,3051.6301
1350,94,11.0677,81623.4676,255908.7315,20.0,3,1,0,868.3348,2722.4333
1351,94,11.0267,72668.758,227833.402,23.0,3,0,0,773.0719,2423.7596
1352,93,11.0663,77827.5955,244006.8927,0.0,0,0,1,836.8559,2623.73
1353,93,11.0394,74489.1023,233539.859,0.0,1,1,1,800.9581,2511.1813
1354,93,11.1635,85060.7217,266685.1268,1.0,1,0,0,914.6314,2867.582
1355,93,11.1695,74277.0982,232875.6266,2.0,1,0,0,798.6785,2504.039
1356,94,10.97,67586.5999,211899.1526,3.0,2,1,0,719.0064,2254.2463
1357,94,10.784,68094.0227,213490.3659,4.0,1,0,0,724.4045,2271.1741
1358,93,10.7073,73774.8822,231300.7921,2.0,2,0,1,793.2783,2487.1053
1359,93,10.4733,74004.713,232020.7122,4.0,3,1,1,795.7496,2494.8464
1360,93,10.3433,81019.3317,254013.6732,8.0,4,0,0,871.1756,2731.3298
1361,92,10.3384,80570.0336,252604.7994,12.0,4,0,1,875.7612,2745.7043
1362,93,10.1838,78597.682,246420.8187,15.0,6,1,0,845.1364,2649.6862
1363,93,10.3114,85460.3923,267937.5156,21.0,6,0,0,918.9289,2881.0486
1364,92,10.4844,85494.3987,268043.965,27.0,6,0,1,929.2869,2913.5214
1365,92,10.4672,78938.2067,247488.3797,33.0,7,1,1,858.024,2690.0911
1366,92,10.3735,75631.8614,237121.8082,39.0,6,0,0,822.0855,2577.411
1367,92,10.1774,70769.9704,221878.5705,40.0,5,0,0,769.2388,2411.7236
1368,92,10.1062,76325.9856,239297.978,23.0,4,1,1,829.6303,2601.065
1369,92,10.3106,79097.9527,247989.0236,20.0,4,0,0,859.7604,2695.5329
1370,92,10.2059,67262.6143,210882.3984,24.0,4,0,0,731.1154,2292.2
1371,93,10.066,75625.0187,237101.0204,28.0,5,1,0,813.1722,2549.4733
1372,92,10.2154,84970.3088,266400.2792,32.0,4,0,1,923.5903,2895.6552
1373,92,10.168,71883.9673,225371.5522,37.0,5,0,0,781.3475,2449.6908
1374,93,10.1231,86548.7753,271349.3135,36.0,5,1,0,930.632,2917.7346
1375,91,10.5114,93317.9581,292573.1128,25.0,4,0,2,1025.4721,3215.0892
1376,90,10.8311,85188.9975,267086.5719,11.0,3,0,1,946.5444,2967.6286
1377,91,10.778,81437.6776,255326.2136,11.0,3,1,0,894.9195,2805.7826
1378,91,10.7742,74342.3625,233080.0544,13.0,2,0,0,816.949,2561.3193
1379,91,10.8005,81036.7434,254068.6118,15.0,2,0,0,890.5137,2791.9628
1380,92,10.6013,76516.8549,239897.9287,18.0,4,1,0,831.7049,2607.5862
1381,91,10.6678,88444.0369,277292.8926,19.0,2,0,1,971.9125,3047.1746
1382,91,10.6284,85576.0424,268300.726,21.0,2,0,0,940.3961,2948.3596
1383,92,10.4798,80971.6788,253864.2212,26.0,6,1,0,880.1269,2759.3937
1384,91,10.6917,82411.2856,258377.8856,27.0,3,0,1,905.6185,2839.3174
1385,91,10.9782,87932.0392,275686.8137,30.0,3,0,0,966.2861,3029.5254
1386,91,11.1207,88074.9739,276135.2121,34.0,5,1,1,967.8569,3034.4529
1387,89,11.246,90188.0421,282760.1084,26.0,3,0,2,1013.3488,3177.0799
1388,88,11.2929,70049.7149,219622.2933,29.0,3,0,1,796.0195,2495.7079
1389,89,11.1265,82199.7575,257714.9602,32.0,4,1,0,923.5928,2895.6737
1390,88,11.1472,81116.7894,254319.3484,37.0,5,0,1,921.7817,2889.9926
1391,88,11.0328,63043.7769,197655.7596,42.0,5,0,0,716.4066,2246.0882
1392,88,10.9627,70627.9153,221433.5748,48.0,7,1,1,802.5899,2516.2906
1393,88,10.9478,74672.0485,234112.3266,55.0,7,0,0,848.546,2660.3673
1394,88,10.8513,71897.5345,225414.8549,57.0,6,0,0,817.0174,2561.5324
1395,89,10.7187,89280.8326,279915.1528,63.0,7,1,0,1003.1554,3145.1141
1396,89,10.6905,75152.9038,235621.2567,66.0,6,0,0,844.4146,2647.4299
1397,89,10.8241,79117.8646,248051.9832,57.0,5,0,0,888.9648,2787.1009
1398,90,10.6209,79432.1239,249037.6644,47.0,5,1,0,882.5792,2767.0852
1399,90,10.7416,84400.1775,264613.8689,51.0,4,0,0,937.7797,2940.1541
1400,89,11.0846,91651.0555,287347.3194,9.0,1,0,1,1029.7871,3228.6216
1401,87,11.4708,99408.8902,311670.5596,10.0,2,1,3,1142.6309,3582.4202
1402,87,11.7754,90116.9171,282538.4466,11.0,1,0,0,1035.8266,3247.5684
1403,87,12.0237,91575.2857,287111.357,12.0,1,0,0,1052.5895,3300.1305
1404,88,12.1537,104720.1372,328323.564,13.0,2,1,0,1190.0016,3730.9496
1405,88,12.1506,81445.1718,255350.3422,14.0,1,0,0,925.5133,2901.7084
1406,86,12.1232,77510.11,243013.3173,15.0,1,0,2,901.2803,2825.7362
1407,87,12.0704,87920.5522,275651.7055,16.0,2,1,0,1010.5811,3168.4104
1408,87,12.2185,84424.8822,264691.7373,0.0,0,0,0,970.4009,3042.4338
1409,87,12.3391,79999.3272,250816.6979,0.0,0,0,0,919.5325,2882.9506
1410,88,12.1947,72993.9692,228853.1393,0.0,1,1,0,829.4769,2600.6039
1411,88,12.3846,90771.5519,284590.3865,1.0,1,0,0,1031.4949,3233.9817
1412,88,12.4261,75090.3532,235425.182,3.0,2,0,0,853.2995,2675.2862
1413,89,12.3141,71385.2187,223809.0711,5.0,3,1,0,802.0811,2514.7087
1414,89,12.3495,81967.317,256987.2798,4.0,1,0,0,920.9811,2887.4975
1415,89,12.3608,81381.7816,255151.0265,6.0,2,0,0,914.402,2866.8655
1416,90,11.9866,62901.0614,197209.1807,2.0,2,1,0,698.9007,2191.2131
1417,89,11.8637,73337.0056,229927.8609,4.0,2,0,1,824.0113,2583.4591
1418,89,11.5938,59160.3075,185480.5335,6.0,2,0,0,664.7226,2084.0509
1419,90,11.5409,82246.0868,257860.5937,8.0,3,1,0,913.8454,2865.1177
1420,90,11.5927,75093.3216,235434.5451,7.0,2,0,0,834.3702,2615.9394
1421,90,11.7869,88371.6247,277066.2077,9.0,2,0,0,981.9069,3078.5134
1422,90,11.7313,80983.57,253902.0168,12.0,4,1,1,899.8174,2821.1335
1423,89,11.8844,93053.2407,291743.8141,15.0,3,0,1,1045.542,3278.0204
1424,89,11.6477,67650.2291,212098.9096,18.0,3,0,0,760.1149,2383.1338
1425,89,11.2519,71769.9594,225014.8253,22.0,5,1,1,806.404,2528.2565
1426,88,11.041,73225.5146,229578.4046,26.0,4,0,1,832.1081,2608.8455
1427,88,10.7658,69022.3805,216400.4803,31.0,5,0,0,784.3452,2459.0964
1428,89,10.6877,84389.2606,264578.8143,33.0,6,1,0,948.1939,2972.7957
1429,89,10.8875,86581.1391,271451.6274,36.0,5,0,0,972.8218,3050.0183
1430,88,10.9368,77090.5243,241695.935,41.0,5,0,1,876.0287,2746.5447
1431,89,11.0524,82492.852,258634.1527,22.0,3,1,0,926.886,2906.0017
1432,88,11.273,83225.877,260932.3817,0.0,0,0,1,945.7486,2965.1407
1433,88,11.3409,71045.1465,222742.2956,0.0,0,0,0,807.3312,2531.1624
1434,89,11.292,87299.8734,273706.3135,0.0,1,1,0,980.8975,3075.3518
1435,89,11.5388,92643.0052,290458.7257,0.0,0,0,0,1040.9326,3263.5812
1436,88,11.7527,91653.0967,287354.9292,0.0,0,0,1,1041.5125,3265.3969
1437,89,11.7223,86657.3439,271692.4493,0.0,1,1,0,973.678,3052.7241
1438,89,11.5823,80792.0554,253301.968,1.0,1,0,0,907.7759,2846.0895
1439,89,11.5026,72662.5706,227813.9778,1.0,1,0,0,816.4334,2559.7076
1440,90,11.4129,72616.6607,227669.2207,2.0,2,1,0,806.8518,2529.658
1441,90,11.5329,86792.2435,272113.8949,5.0,3,0,0,964.3583,3023.4877
1442,90,11.481,72955.547,228731.7911,6.0,2,0,0,810.6172,2541.4643
1443,91,11.3822,80709.0746,253041.2287,8.0,3,1,0,886.9129,2780.6728
1444,91,11.3995,82787.1078,259556.967,11.0,3,0,0,909.7484,2852.2744
1445,91,11.3962,73894.8768,231677.0299,14.0,3,0,0,812.0316,2545.9014
1446,91,11.1843,71418.2289,223912.3052,10.0,4,1,1,784.8157,2460.5748
1447,90,11.285,81021.874,254022.2324,6.0,2,0,1,900.243,2822.4692
1448,90,11.187,74060.9014,232197.598,1.0,1,0,0,822.8989,2579.9733
1449,91,11.1214,82472.1133,258569.1329,2.0,2,1,0,906.287,2841.419
1450,91,11.2938,84142.0668,263804.9966,3.0,1,0,0,924.6381,2898.956
1451,91,11.3066,80113.2274,251173.6858,4.0,1,0,0,880.3651,2760.1504
1452,92,11.2618,89669.0837,281133.5104,7.0,4,1,0,974.664,3055.799
1453,92,11.2841,84512.0612,264965.0887,11.0,4,0,0,918.6094,2880.0553
1454,91,11.4566,86729.0421,271915.7269,16.0,5,0,1,953.0664,2988.0849
1455,90,11.363,89534.034,280710.173,21.0,6,1,2,994.8226,3119.0019
1456,90,11.3837,73344.9481,229952.7857,21.0,4,0,0,814.9439,2555.031
1457,90,11.5071,85872.4437,269229.6356,20.0,3,0,0,954.1383,2991.4404
1458,91,11.1796,59161.1763,185482.3042,23.0,4,1,0,650.1228,2038.2671
1459,91,11.3098,84272.4701,264212.7205,26.0,3,0,0,926.0711,2903.4365
1460,91,11.3107,68539.8683,214886.7772,29.0,3,0,0,753.1854,2361.3932
1461,92,11.2102,76849.6851,240940.7576,32.0,4,1,0,835.3227,2618.9213
1462,92,11.0711,72225.3983,226442.8245,35.0,3,0,0,785.0587,2461.335
1463,92,11.0468,76506.9526,239866.2105,40.0,5,0,0,831.5973,2607.2414
1464,93,10.8891,75318.8982,236140.8671,34.0,5,1,0,809.8806,2539.1491
1465,92,10.9648,85586.3858,268332.013,6.0,2,0,1,930.2868,2916.6523
1466,92,10.8303,67754.1033,212423.6581,9.0,3,0,0,736.4576,2308.9528
1467,93,10.6411,76607.4317,240180.9357,14.0,6,1,0,823.7358,2582.5907
1468,93,10.5855,71983.2118,225683.356,13.0,4,0,0,774.013,2426.7028
1469,93,10.7078,79886.5802,250461.9647,11.0,2,0,0,858.9955,2693.1394
1470,94,10.6521,90805.3991,284695.6127,14.0,4,1,0,966.0149,3028.6767
1471,94,10.6822,83870.1354,262952.2425,17.0,3,0,0,892.2355,2797.3643
1472,93,10.8515,87379.405,273954.4062,7.0,1,0,1,939.5635,2945.7463
1473,94,10.8523,86006.4678,269650.2392,0.0,1,1,0,914.9624,2868.6196
1474,94,10.9235,73824.5576,231456.8843,0.0,0,0,0,785.3676,2462.3073
1475,94,10.948,85253.0911,267287.8312,0.0,0,0,0,906.9478,2843.4876
1476,95,10.9445,91620.3067,287251.7663,1.0,2,1,0,964.4243,3023.7028
1477,92,11.0682,90143.9108,282622.9502,0.0,0,0,3,979.8251,3071.9886
1478,91,11.0298,77645.1931,243435.675,0.0,0,0,1,853.2439,2675.1173
1479,92,11.0118,82386.7555,258301.0356,0.0,1,1,0,895.5082,2807.62
1480,91,11.0351,62606.5119,196284.873,0.0,0,0,1,687.9836,2156.9766
1481,91,11.0222,64658.541,202718.8308,0.0,0,0,0,710.5334,2227.6795
1482,92,11.0699,82703.2759,259293.4604,1.0,2,1,0,898.9487,2818.4072
1483,91,11.1139,75307.9993,236107.4604,0.0,0,0,1,827.5604,2594.5875
1484,91,11.3346,82044.9157,257230.4421,0.0,0,0,0,901.5925,2826.7082
1485,92,11.1243,74192.3135,232610.36,0.0,1,1,0,806.4382,2528.3735
1486,92,11.0679,79861.235,250382.933,0.0,0,0,0,868.0569,2721.5536
1487,92,10.9423,65550.4219,205515.1921,0.0,0,0,0,712.5046,2233.8608
1488,93,10.8703,80316.6981,251811.2285,0.0,1,1,0,863.6204,2707.6476
1489,92,10.9329,80428.4356,252161.5911,0.0,0,0,1,874.2221,2740.8869
1490,91,10.7701,65540.4841,205484.2042,0.0,0,0,1,720.2251,2258.0682
1491,92,10.5387,82090.1025,257370.8124,0.0,1,1,0,892.2837,2797.5088
1492,92,10.5362,77785.5075,243875.3054,1.0,1,0,0,845.4946,2650.8185
1493,92,10.5564,79947.6668,250653.9836,3.0,2,0,0,868.9964,2724.4998
1494,92,10.4574,70994.3302,222582.7512,6.0,3,0,0,771.6775,2419.3777
1495,92,10.5754,77706.7838,243628.3663,5.0,2,0,0,844.639,2648.1344
1496,93,10.3912,79591.8224,249538.1317,7.0,3,1,0,855.826,2683.2057
1497,93,10.1728,82317.6563,258084.0573,9.0,3,1,1,885.1361,2775.0974
1498,93,10.1322,74334.5704,233054.7691,13.0,4,0,0,799.2965,2505.9653
1499,93,10.059,69224.8077,217034.7276,7.0,2,0,0,744.3528,2333.7067
1500,93,10.0945,85777.6164,268931.971,4.0,3,1,1,922.34,2891.7416
1501,93,10.2739,79438.4072,249056.6871,6.0,2,0,0,854.1764,2678.0289
1502,93,10.4587,81275.3462,254817.0586,9.0,3,0,0,873.9285,2739.9684
1503,93,10.5997,88460.6742,277344.5145,12.0,4,1,1,951.19,2982.1991
1504,92,10.8564,84479.3704,264861.98,8.0,2,0,1,918.254,2878.9346
1505,91,10.8406,66067.3631,207135.8694,10.0,2,0,1,726.015,2276.2183
1506,92,10.7859,76097.8186,238582.8209,8.0,3,1,0,827.1502,2593.2915
1507,90,10.7315,69843.51,218974.4747,10.0,2,0,2,776.039,2433.0497
1508,90,10.7278,73033.7852,228977.2592,4.0,2,0,0,811.4865,2544.1918
1509,90,10.6304,74278.6483,232880.0421,6.0,3,1,1,825.3183,2587.556
1510,89,10.4187,77727.5738,243693.4876,9.0,3,0,1,873.3435,2738.1291
1511,88,10.3833,67620.2693,212004.4148,6.0,2,0,1,768.4122,2409.1411
1512,86,10.2288,67787.1244,212527.3296,3.0,2,1,3,788.2224,2471.248
1513,86,10.2942,76382.9469,239477.2109,4.0,1,0,0,888.1738,2784.6187
1514,86,10.3748,70761.9796,221854.7285,6.0,2,0,0,822.8137,2579.7061
1515,87,10.5198,82437.5073,258459.6674,8.0,3,1,0,947.5576,2970.8008
1516,87,10.598,73874.4741,231614.1448,10.0,2,0,0,849.1319,2662.2315
1517,87,10.9095,90771.4746,284590.1007,8.0,1,0,0,1043.3503,3271.1506
1518,87,10.8971,77688.8729,243572.5913,9.0,2,1,1,892.9756,2799.685
1519,87,10.9725,78431.9895,245902.2755,10.0,1,0,0,901.5171,2826.4629
1520,86,10.9561,67720.0048,212318.2454,0.0,0,0,1,787.4419,2468.8168
1521,87,10.8234,67742.0039,212386.344,1.0,2,1,0,778.6437,2441.2223
1522,87,10.9617,77564.3792,243182.0622,2.0,1,0,0,891.5446,2795.1961
1523,87,10.9834,68220.1076,213885.3755,3.0,1,0,0,784.1392,2458.4526
1524,87,10.8155,73702.3401,231073.6805,4.0,2,1,1,847.1533,2656.0193
1525,87,10.7334,73993.4237,231985.9567,5.0,1,0,0,850.4991,2666.5052
1526,87,10.8205,81271.3865,254804.2597,6.0,1,0,0,934.1539,2928.7846
1527,88,10.5214,64941.6769,203606.3921,8.0,3,1,0,737.9736,2313.709
1528,87,10.2825,66703.5648,209130.2814,10.0,2,0,1,766.7076,2403.7963
1529,87,10.241,68331.4276,214234.0012,11.0,3,0,0,785.4187,2462.4598
1530,88,10.2288,80954.0065,253809.2606,4.0,3,1,0,919.9319,2884.1961
1531,88,10.2805,74686.9959,234160.4993,6.0,2,0,0,848.7159,2660.9148
1532,88,10.3054,80332.297,251860.3443,8.0,2,0,0,912.867,2862.0494
1533,89,10.3631,77334.1348,242459.3235,6.0,3,1,0,868.9229,2724.2621
1534,89,10.5017,77613.4391,243335.2984,8.0,2,0,0,872.0611,2734.1045
1535,89,10.6318,82212.3138,257754.8641,11.0,3,0,0,923.7339,2896.1221
1536,89,10.7396,88478.1551,277398.7374,10.0,3,1,1,994.1366,3116.8397
1537,88,10.8988,77678.4639,243539.5338,13.0,3,0,1,882.7098,2767.4947
1538,88,10.8968,76235.1806,239014.975,16.0,3,0,0,866.3089,2716.0793
1539,89,10.7466,72146.7241,226196.3758,14.0,3,1,0,810.6373,2541.5323
1540,89,10.6869,78356.6773,245666.2088,17.0,3,0,0,880.4121,2760.2945
1541,88,10.8998,86876.5985,272377.7559,8.0,3,0,1,987.2341,3095.2018
1542,88,10.9721,80341.9748,251889.5373,9.0,4,1,1,912.977,2862.3811
1543,88,10.9034,71554.8156,224340.4557,10.0,2,0,0,813.1229,2549.3234
1544,87,11.0148,79285.3072,248577.324,13.0,3,0,1,911.3254,2857.2106
1545,87,11.1786,82496.9679,258646.4856,8.0,4,1,1,948.241,2972.9481
1546,87,11.3563,82298.8937,258026.1046,3.0,1,0,0,945.9643,2965.8173
1547,87,11.1921,65340.4686,204856.6277,4.0,1,0,0,751.0399,2354.6739
1548,88,11.017,83856.1194,262908.6966,5.0,2,1,0,952.9104,2987.5988
1549,88,11.0624,76642.9787,240293.3422,6.0,1,0,0,870.9429,2730.6062
1550,88,11.1033,76754.2783,240642.3274,7.0,1,0,0,872.2077,2734.5719
1551,89,10.9001,77519.3004,243041.0786,10.0,4,1,0,871.0034,2730.7986
1552,89,10.898,78054.0786,244717.3725,13.0,3,0,0,877.0121,2749.6334
1553,88,10.8193,68141.2727,213638.0078,14.0,3,0,1,774.3326,2427.7046
1554,89,10.7777,79529.4646,249342.4409,19.0,6,1,0,893.5895,2801.6005
1555,88,10.97,82351.0232,258189.1021,22.0,5,0,1,935.8071,2933.9671
1556,87,11.1131,85639.9667,268501.2265,24.0,4,0,1,984.3674,3086.221
1557,88,10.8702,65274.9907,204651.04,26.0,5,1,0,741.7613,2325.58
1558,88,11.1369,94390.0313,295934.2379,30.0,4,0,0,1072.614,3362.8891
1559,88,11.16,66948.3489,209897.9994,25.0,2,0,0,760.7767,2385.2045
1560,88,11.2561,83638.3049,262226.0293,17.0,2,1,1,950.4353,2979.8412
1561,88,11.2906,73013.5333,228913.6202,18.0,1,0,0,829.6992,2601.2911
1562,88,11.1402,65896.7978,206601.2832,19.0,1,0,0,748.8272,2347.7419
1563,89,10.9525,74589.3942,233854.1237,21.0,3,1,0,838.0831,2627.5744
1564,89,10.9172,68700.7936,215392.2699,24.0,3,0,0,771.919,2420.1379
1565,87,11.0575,76455.1465,239704.0832,25.0,2,0,2,878.7948,2755.2193
1566,88,10.994,65691.7999,205958.0333,27.0,3,1,0,746.4977,2340.4322
1567,88,11.1821,81458.2649,255389.9534,6.0,2,0,0,925.6621,2902.1586
1568,88,11.4019,83818.1361,262789.1766,2.0,1,0,0,952.4788,2986.2406
1569,89,11.2921,83686.9215,262378.1631,4.0,3,1,0,940.3025,2948.0692
1570,89,11.3498,82664.3725,259172.5051,0.0,0,0,0,928.8132,2912.0506
1571,89,11.3887,81770.3606,256369.3191,0.0,0,0,0,918.7681,2880.5541
1572,90,11.3238,78316.5241,245540.3192,0.0,1,1,0,870.1836,2728.2258
1573,90,11.4157,77600.6792,243296.2131,0.0,0,0,0,862.2298,2703.2913
1574,90,11.7422,96431.3797,302335.9082,1.0,1,0,0,1071.4598,3359.2879
1575,91,11.6433,79791.5733,250165.1579,2.0,2,1,0,876.8305,2749.0677
1576,91,11.5606,82714.8443,259330.2358,3.0,1,0,0,908.9543,2849.7828
1577,91,11.3444,61290.8569,192160.417,5.0,2,0,0,673.5259,2111.6529
1578,92,11.1045,78327.2981,245573.7924,7.0,3,1,0,851.3837,2669.2804
1579,92,11.092,77990.8862,244519.0489,7.0,2,0,0,847.727,2657.8157
1580,92,11.0802,78651.4104,246589.8006,10.0,3,0,0,854.9066,2680.3239
1581,93,10.9135,73209.9984,229529.6081,14.0,5,1,0,787.2043,2468.0603
1582,92,11.0673,85693.34,268667.7177,9.0,3,0,1,931.4493,2920.3013
1583,91,11.1744,78938.8163,247491.1307,12.0,3,0,1,867.4595,2719.6828
1584,91,10.9733,74363.8997,233147.906,10.0,3,1,1,817.1857,2562.0649
1585,91,10.8825,78376.0464,245726.8856,12.0,2,0,0,861.2752,2700.2954
1586,91,11.0832,96697.6297,303170.2797,14.0,2,0,0,1062.6113,3331.5415
1587,92,11.0975,87390.492,273989.0504,9.0,4,1,0,949.8967,2978.1419
1588,91,11.0398,77235.0406,242149.3272,12.0,3,0,1,848.7367,2660.9816
1589,91,11.0277,82760.1593,259472.2926,16.0,4,0,0,909.4523,2851.3439
1590,91,10.9496,88367.2874,277051.559,21.0,6,1,1,971.0691,3044.5226
1591,91,10.9753,84934.4024,266288.8464,26.0,5,0,0,933.3451,2926.2511
1592,91,11.2501,96712.0705,303214.5195,32.0,6,0,0,1062.77,3332.0277
1593,90,11.0089,67837.3535,212685.1488,39.0,8,1,2,753.7484,2363.1683
1594,90,11.0677,81553.6547,255688.8551,26.0,5,0,0,906.1517,2840.9873
1595,90,10.9814,72380.9417,226930.0318,31.0,5,0,0,804.2327,2521.4448
1596,90,10.8307,82163.2939,257599.3331,30.0,6,1,1,912.9255,2862.2148
1597,89,10.9105,76980.2114,241350.3672,31.0,6,0,1,864.9462,2711.8019
1598,89,10.7797,77001.9298,241417.9354,34.0,5,0,0,865.1902,2712.5611
1599,90,10.8034,80948.7262,253791.7979,39.0,6,1,0,899.4303,2819.9089
1600,90,11.0148,82719.3466,259343.8983,20.0,4,0,0,919.1039,2881.5989
1601,90,11.2843,91975.8247,288366.0241,19.0,3,0,0,1021.9536,3204.0669
1602,90,11.1294,77592.0387,243268.414,23.0,5,1,1,862.1338,2702.9824
1603,90,11.1335,84950.9293,266340.8659,28.0,5,0,0,943.8992,2959.343
1604,89,11.3614,96200.0769,301610.2946,15.0,4,0,1,1080.8997,3388.8797
1605,90,11.1502,81476.7957,255448.6396,13.0,4,1,0,905.2977,2838.3182
1606,90,11.252,85577.2202,268304.5469,10.0,3,0,0,950.858,2981.1616
1607,90,11.3118,77606.053,243312.6957,8.0,3,0,0,862.2895,2703.4744
1608,91,11.4481,92579.0205,290257.0266,5.0,3,1,0,1017.3519,3189.6377
1609,90,11.7142,91580.1756,287125.7259,7.0,2,0,1,1017.5575,3190.2858
1610,90,11.8181,83362.0003,261359.8057,9.0,2,0,0,926.2444,2903.9978
1611,91,11.6464,80498.7377,252382.389,6.0,2,1,0,884.6015,2773.4328
1612,91,11.6391,84425.4255,264693.6389,7.0,1,0,0,927.7519,2908.7213
1613,91,11.7445,79828.018,250279.2187,8.0,1,0,0,877.231,2750.3211
1614,92,11.5642,68330.3981,214231.3978,9.0,2,1,0,742.7217,2328.6022
1615,92,11.5401,81876.7164,256702.34,11.0,2,0,0,889.9643,2790.2428
1616,92,11.5142,80176.4356,251371.8884,1.0,1,0,0,871.483,2732.3031
1617,93,11.6193,88974.5273,278956.8285,0.0,1,1,0,956.7153,2999.5358
1618,93,11.6286,76039.8861,238402.9243,0.0,0,0,0,817.6332,2563.4723
1619,92,11.6469,82503.9606,258669.2494,0.0,0,0,1,896.7822,2811.6223
1620,92,11.4602,77713.4681,243650.1297,1.0,2,1,1,844.7116,2648.371
1621,91,11.5503,84580.4288,265179.5626,2.0,1,0,1,929.4553,2914.0611
1622,91,11.5076,80573.0376,252615.5869,3.0,1,0,0,885.418,2775.9955
1623,92,11.3462,83998.8315,263355.6614,0.0,1,1,0,913.0308,2862.5615
1624,92,11.4274,84629.7655,265334.1293,0.0,0,0,0,919.8888,2884.0666
1625,92,11.3591,66158.9034,207423.3429,1.0,1,0,0,719.1185,2254.6016
1626,92,11.2887,80179.1614,251379.913,2.0,2,1,1,871.5126,2732.3904
1627,91,11.3945,77360.8812,242543.681,0.0,0,0,1,850.1196,2665.3152
1628,91,11.47,78522.7556,246187.2369,0.0,0,0,0,862.8874,2705.3543
1629,91,11.3733,78345.1163,245630.6837,0.0,1,1,1,860.9353,2699.2383
1630,91,11.4232,85191.9743,267097.549,0.0,0,0,0,936.1755,2935.1379
1631,91,11.607,85054.0529,266663.9268,1.0,1,0,0,934.6599,2930.3728
1632,92,11.679,87371.3764,273929.7093,3.0,3,1,0,949.6889,2977.4968
1633,91,11.9244,84689.4488,265521.0083,5.0,2,0,1,930.6533,2917.8133
1634,91,12.1192,87200.2261,273392.9938,7.0,2,0,0,958.2442,3004.3186
1635,91,12.0026,69901.0836,219156.1267,5.0,2,1,1,768.1438,2408.3091
1636,91,12.05,85491.025,268034.5261,6.0,1,0,0,939.4618,2945.4344
1637,90,11.8271,67897.6973,212874.4738,7.0,1,0,1,754.4189,2365.2719
1638,91,11.5839,74346.3372,233092.9476,8.0,2,1,0,816.9927,2561.461
1639,91,11.597,75945.2314,238106.0164,9.0,1,0,0,834.563,2616.5496
1640,91,11.7103,82063.9078,257289.6212,10.0,1,0,0,901.8012,2827.3585
1641,92,11.517,76267.1107,239115.1565,12.0,3,1,0,828.9903,2599.0778
1642,92,11.4933,76176.9084,238832.0161,14.0,2,0,0,828.0099,2596.0002
1643,91,11.3745,68681.1234,215331.117,16.0,2,0,1,754.7376,2366.276
1644,92,10.9098,61555.2917,192989.3343,18.0,3,1,0,669.0793,2097.7102
1645,92,11.1531,84837.0718,265983.7225,20.0,2,0,0,922.1421,2891.1274
1646,91,11.2489,83409.9843,261510.1508,16.0,1,0,1,916.5932,2873.7379
1647,92,11.1956,83996.3826,263347.9814,18.0,3,1,0,913.0042,2862.4781
1648,92,11.09,74708.4876,234227.8509,20.0,2,0,0,812.0488,2545.9549
1649,92,11.0203,75469.0019,236612.0298,22.0,2,0,0,820.3152,2571.8699
1650,92,10.7606,70466.5723,220928.3667,5.0,3,1,1,765.941,2401.3953
1651,92,10.7261,76159.325,238776.7905,7.0,2,0,0,827.8188,2595.3999
1652,92,10.8427,87092.3041,273054.5136,9.0,2,0,0,946.6555,2967.9838
1653,93,10.9386,88978.977,278969.3727,4.0,2,1,0,956.7632,2999.6707
1654,93,11.09,86368.5022,270786.0937,7.0,3,0,0,928.6936,2911.6784
1655,93,11.3759,96780.0016,303428.5504,4.0,2,0,0,1040.6452,3262.6726
1656,94,11.5132,94062.1033,294907.5175,6.0,3,1,0,1000.6607,3137.314
1657,94,11.463,75895.7548,237950.2736,8.0,2,0,0,807.4016,2531.3859
1658,94,11.2408,72602.4297,227624.5779,11.0,3,0,0,772.3663,2421.5381
1659,95,11.0831,81770.7589,256369.9072,8.0,3,1,0,860.7448,2698.6306
1660,95,10.9197,66471.4569,208402.3414,7.0,1,0,0,699.6995,2193.7089
1661,95,10.8611,79397.3868,248927.9204,9.0,2,0,0,835.762,2620.2939
1662,95,10.6471,71998.5577,225730.7566,3.0,3,1,1,757.8796,2376.1132
1663,95,10.7367,82670.1623,259189.355,8.0,5,0,0,870.2122,2728.309
1664,95,10.9083,81505.2517,255537.3031,9.0,4,0,0,857.95,2689.8663
1665,96,10.8106,81993.5968,257068.2895,10.0,5,1,0,854.1,2677.7947
1666,96,11.0486,83413.6013,261520.5729,14.0,4,0,0,868.8917,2724.1726
1667,96,11.0805,85387.9936,267710.5848,13.0,3,0,0,889.4583,2788.6519
1668,97,10.9945,87571.5935,274556.6789,16.0,4,1,0,902.7999,2830.4812
1669,96,11.0457,75895.8819,237950.8936,19.0,3,0,1,790.5821,2478.6551
1670,96,11.1385,90727.5165,284452.1456,22.0,3,0,0,945.0783,2963.0432
1671,97,11.2523,92657.9878,290503.9772,18.0,3,1,0,955.237,2994.8864
1672,97,11.216,72455.3232,227163.8567,10.0,1,0,0,746.9621,2341.8954
1673,97,11.3589,93225.0177,292282.6196,11.0,1,0,0,961.0827,3013.2229
1674,98,11.24,78350.0294,245645.2766,12.0,2,1,0,799.4901,2506.5845
1675,97,11.3089,92911.752,291301.1166,13.0,1,0,1,957.8531,3003.1043
1676,97,11.3567,83893.0237,263023.5721,14.0,1,0,0,864.8765,2711.5832
1677,98,11.2893,80010.6779,250851.3347,15.0,2,1,0,816.4355,2559.7075
1678,96,11.3264,79584.8973,249516.7105,16.0,1,0,2,829.0093,2599.1324
1679,96,11.3926,87681.3489,274901.3399,18.0,2,0,0,913.3474,2863.5556
1680,97,11.3075,84949.7276,266337.3224,20.0,3,1,0,875.7704,2745.7456
1681,97,11.386,88679.0985,278029.5968,22.0,2,0,0,914.2175,2866.2845
1682,97,11.5665,89729.5955,281323.2674,24.0,2,0,0,925.0474,2900.2399
1683,98,11.3178,75478.8133,236643.1852,26.0,3,1,0,770.192,2414.7264
1684,97,11.4486,92250.5492,289227.587,0.0,0,0,1,951.0366,2981.7277
1685,95,11.4575,78406.9714,245823.4927,0.0,0,0,2,825.3365,2587.6157
1686,96,11.3398,80049.2589,250973.0081,2.0,3,1,0,833.8464,2614.3022
1687,96,11.0839,70969.9492,222506.605,4.0,2,0,0,739.2703,2317.7771
1688,96,11.027,70003.7869,219477.1969,7.0,3,0,0,729.2061,2286.2208
1689,93,10.9124,85161.8141,267001.3702,10.0,4,1,4,915.7184,2870.9825
1690,92,10.9633,82765.087,259487.307,13.0,3,0,1,899.6205,2820.5142
1691,92,11.1521,93440.6391,292958.5882,11.0,3,0,0,1015.6591,3184.3325
1692,93,11.116,88314.7594,276887.6462,14.0,4,1,0,949.6211,2977.2865
1693,93,11.2454,79631.0555,249661.1114,10.0,3,0,0,856.2479,2684.5281
1694,92,11.3823,80954.5704,253810.5069,6.0,2,0,1,879.941,2758.8099
1695,93,11.1943,68587.2525,215036.2039,5.0,2,1,0,737.4973,2312.2172
1696,92,11.0904,75379.3447,236331.1293,6.0,1,0,1,819.3407,2568.8166
1697,92,11.1352,76579.1943,240093.5507,7.0,1,0,0,832.3825,2609.7125
1698,93,10.8329,70228.0118,220180.8869,9.0,3,1,0,755.1399,2367.5364
1699,93,10.766,74885.7009,234783.5236,12.0,3,0,0,805.2226,2524.554
1700,91,10.9842,84823.6268,265941.4012,15.0,3,0,2,932.1278,2922.433
1701,92,11.0446,83838.5066,262852.5558,18.0,4,1,0,911.2881,2857.093
1702,91,11.0576,73910.8174,231726.6609,21.0,3,0,1,812.2068,2546.4468
1703,90,11.1425,79344.954,248764.1686,18.0,2,0,1,881.6106,2764.0463
1704,91,11.1664,87551.7482,274494.8901,21.0,4,1,0,962.1071,3016.4274
1705,91,11.0949,73128.6178,229274.5454,24.0,3,0,0,803.6112,2519.5005
1706,90,11.1239,81101.1265,254270.4165,11.0,2,0,1,901.1236,2825.2268
1707,90,10.9994,71540.8952,224296.0493,10.0,3,1,1,794.8988,2492.1783
1708,90,11.1178,78233.9271,245280.8012,12.0,2,0,0,869.2659,2725.3422
1709,90,11.3294,80433.916,252178.9157,14.0,2,0,0,893.7102,2801.988
1710,89,11.2926,84448.4943,264766.008,16.0,3,1,2,948.8595,2974.899
1711,89,11.4394,82667.9352,259183.3137,18.0,2,0,0,928.8532,2912.1721
1712,89,11.4062,73299.2186,229810.3357,20.0,2,0,0,823.5867,2582.1386
1713,90,11.2319,69985.8289,219421.2143,23.0,4,1,0,777.6203,2438.0135
1714,90,11.3143,77725.6427,243687.2165,26.0,3,0,0,863.6183,2707.6357
1715,90,11.3973,85274.8714,267357.0253,20.0,2,0,0,947.4986,2970.6336
1716,89,11.3679,68288.0332,214097.5471,22.0,3,1,2,767.2813,2405.5904
1717,89,11.416,75750.2955,237494.4281,24.0,2,0,0,851.1269,2668.4767
1718,89,11.215,65046.0784,203934.2621,6.0,1,0,0,730.8548,2291.3962
1719,90,11.129,79272.0571,248535.9379,0.0,1,1,0,880.8006,2761.5104
1720,88,11.3084,77750.3568,243765.0455,1.0,1,0,2,883.5268,2770.0573
1721,87,11.2692,67212.6288,210726.9283,2.0,1,0,1,772.559,2422.1486
1722,88,11.0589,71691.6225,224769.3054,4.0,3,1,0,814.6775,2554.1967
1723,88,11.1183,74724.9654,234279.8379,6.0,2,0,0,849.1473,2662.2709
1724,88,11.1844,80357.4485,251939.4462,8.0,2,0,0,913.1528,2862.9483
1725,88,11.2321,80231.9176,251545.3018,10.0,3,1,1,911.7263,2858.4693
1726,88,11.4145,84331.5379,264399.65,7.0,1,0,0,958.3129,3004.5415
1727,87,11.4893,80370.4535,251980.6604,8.0,1,0,1,923.7983,2896.3294
1728,87,11.4883,75704.5848,237351.4586,9.0,2,1,1,870.1676,2728.1777
1729,87,11.6837,84237.6892,264104.9092,10.0,1,0,0,968.2493,3035.6886
1730,87,11.7394,80535.4682,252497.8218,11.0,1,0,0,925.695,2902.2738
1731,88,11.5759,67391.0639,211286.3232,12.0,2,1,0,765.8075,2400.9809
1732,88,11.5193,70072.1525,219691.9264,14.0,2,0,0,796.2745,2496.4992
1733,88,11.4837,72300.8895,226679.2217,16.0,2,0,0,821.601,2575.9002
1734,88,11.3186,69429.8237,217678.0747,18.0,3,1,1,788.9753,2473.6145
1735,88,11.1492,65035.3696,203899.4218,21.0,3,0,0,739.0383,2317.0389
1736,88,10.8189,64520.9551,202287.4469,24.0,3,0,0,733.1927,2298.721
1737,89,10.542,58546.2544,183554.6812,27.0,4,1,0,657.8231,2062.4121
1738,89,10.5977,70614.5335,221391.4852,31.0,4,0,0,793.4217,2487.5448
1739,87,10.5685,75967.5721,238175.0055,35.0,5,0,2,873.1905,2737.6437
1740,87,10.6719,75712.9714,237377.2793,10.0,3,0,0,870.264,2728.4745
1741,87,10.5865,72939.8961,228682.2497,13.0,4,1,1,838.3896,2628.5316
1742,86,10.6232,74554.8098,233746.3778,16.0,3,0,1,866.9164,2717.9811
1743,86,10.6782,75731.5266,237435.4557,20.0,5,1,1,880.5991,2760.8774
1744,86,10.816,81836.5086,256576.1034,18.0,3,0,0,951.5873,2983.4431
1745,86,10.9403,84633.01,265344.3056,21.0,3,0,0,984.1048,3085.3989
1746,87,10.6909,75286.9501,236042.2659,12.0,2,1,0,865.3672,2713.1295
1747,87,10.4599,72488.5007,227267.9184,13.0,1,0,0,833.2012,2612.2749
1748,87,10.4899,79908.4343,250531.4126,14.0,1,0,0,918.4878,2879.6714
1749,88,10.426,75910.0698,237994.8974,17.0,4,1,0,862.6144,2704.4875
1750,86,10.5535,80460.595,252262.1479,21.0,4,0,2,935.5883,2933.2808
1751,86,10.7145,76093.0508,238569.0929,25.0,4,0,0,884.8029,2774.0592
1752,87,10.8291,83977.8101,263290.1065,11.0,4,1,0,965.2622,3026.3231
1753,85,11.0229,84415.0994,264661.4918,14.0,3,0,2,993.1188,3113.6646
1754,84,10.9825,72888.1577,228521.3687,17.0,3,0,1,867.7162,2720.4925
1755,85,10.5661,65881.0748,206551.6746,21.0,5,1,0,775.0715,2430.0197
1756,85,10.4117,70609.9652,221377.4714,25.0,4,0,0,830.7055,2604.4408
1757,85,10.662,80206.3735,251464.7941,22.0,5,0,0,943.6044,2958.4093
1758,85,10.7554,76975.9595,241336.7328,14.0,4,1,1,905.5995,2839.2557
1759,85,10.9243,86322.5666,270641.4171,4.0,2,0,0,1015.5596,3184.0167
1760,85,10.9478,71837.3781,225226.1583,6.0,2,0,0,845.1456,2649.7195
1761,86,11.0187,84110.2974,263705.0863,8.0,3,1,0,978.0267,3066.3382
1762,85,11.3055,87220.2871,273456.0044,10.0,2,0,1,1026.121,3217.1295
1763,85,11.4567,70246.5016,220239.0608,8.0,2,0,0,826.4294,2591.0478
1764,86,11.6058,85708.5945,268715.9962,10.0,3,1,0,996.6116,3124.6046
1765,86,11.6744,77403.9691,242679.2381,12.0,2,0,0,900.0462,2821.8516
1766,85,11.7893,79704.7104,249893.5424,14.0,2,0,1,937.7025,2939.924
1767,86,11.612,73323.8848,229887.2922,16.0,3,1,0,852.6033,2673.108
1768,86,11.6195,79890.5565,250475.7412,18.0,2,0,0,928.96,2912.5086
1769,86,11.6216,68294.6353,214119.4565,20.0,2,0,0,794.1237,2489.7611
1770,87,11.5029,82609.9012,259000.7587,24.0,5,1,0,949.5391,2977.0202
1771,87,11.1336,57373.8315,179879.0344,24.0,2,0,0,659.4693,2067.5751
1772,86,11.0255,71029.3113,222692.6601,27.0,3,0,1,825.9222,2589.4495
1773,86,11.0745,87983.4409,275848.3273,20.0,4,1,1,1023.0633,3207.5387
1774,86,11.1664,77338.3365,242473.571,6.0,3,0,0,899.283,2819.4601
1775,86,11.2721,78712.3737,246781.628,9.0,3,0,0,915.2602,2869.5538
1776,87,11.4072,84982.2778,266439.1192,8.0,3,1,0,976.8078,3062.5186
1777,87,11.6732,84401.9052,264619.7689,10.0,2,0,0,970.1368,3041.6065
1778,87,11.691,74049.415,232162.8476,12.0,2,0,0,851.1427,2668.5385
1779,87,11.7034,89782.6439,281490.1105,14.0,3,1,1,1031.9844,3235.5185
1780,86,11.6612,78668.2737,246643.5027,16.0,2,0,1,914.7474,2867.9477
1781,85,11.8955,85156.6376,266986.4024,18.0,2,0,1,1001.8428,3141.0165
1782,86,11.8899,75759.3013,237523.3634,20.0,3,1,0,880.9221,2761.8996
1783,85,12.0509,85444.0465,267887.4035,22.0,2,0,1,1005.2241,3151.6165
1784,83,12.1897,72941.7915,228689.804,1.0,1,0,2,878.8168,2755.2988
1785,83,12.1849,88725.8199,278176.6852,0.0,1,1,1,1068.9858,3351.5263
1786,83,12.1195,73846.9046,231527.5278,1.0,1,0,0,889.7217,2789.4883
1787,83,12.0556,73782.5744,231325.8906,2.0,1,0,0,888.9467,2787.0589
1788,83,11.7484,68104.4025,213523.1198,3.0,2,1,1,820.535,2572.5677
1789,83,11.8807,70730.9948,221758.1944,4.0,1,0,0,852.1807,2671.7855
1790,83,11.8241,71302.4636,223550.1142,5.0,1,0,0,859.0658,2693.3749
1791,84,11.6664,82733.7305,259390.2286,6.0,2,1,0,984.9254,3087.9789
1792,84,11.684,70472.2264,220946.3384,7.0,1,0,0,838.9551,2630.3136
1793,84,11.6937,78962.9348,247567.102,8.0,1,0,0,940.0349,2947.2274
1794,85,11.5917,75833.458,237755.0378,9.0,2,1,0,892.1583,2797.1181
1795,84,11.5931,64853.2065,203329.2871,11.0,2,0,1,772.062,2420.5868
1796,84,11.888,79109.8727,248027.6123,13.0,2,0,0,941.7842,2952.7097
1797,85,11.9834,80299.8614,251758.5325,12.0,2,1,0,944.7043,2961.8651
1798,84,12.0593,76555.4165,240019.5254,13.0,1,0,1,911.374,2857.3753
1799,84,12.0358,66608.0825,208832.0239,14.0,1,0,0,792.9534,2486.0955
1800,84,11.742,58037.0961,181959.2269,15.0,2,1,1,690.9178,2166.1813
1801,83,11.7291,72434.0308,227097.3112,16.0,1,0,1,872.6992,2736.1122
1802,83,11.7473,73530.649,230535.6537,17.0,1,0,0,885.9114,2777.538
1803,83,11.5013,59824.1073,187561.7103,18.0,2,1,1,720.7724,2259.7796
1804,83,11.738,81278.4544,254826.8895,19.0,1,0,0,979.2585,3070.2035
1805,83,11.5349,62400.093,195638.8311,20.0,1,0,0,751.8083,2357.0944
1806,84,11.3716,72348.9283,226830.3133,22.0,3,1,0,861.2968,2700.3609
1807,84,11.2192,67341.5452,211131.0534,24.0,2,0,0,801.6851,2513.4649
1808,84,11.3014,73127.5234,229271.3009,3.0,1,0,0,870.5658,2729.4202
1809,85,11.1186,69534.586,218006.7547,4.0,2,1,0,818.054,2564.7853
1810,85,10.9339,62808.3553,196918.218,6.0,2,0,0,738.9218,2316.6849
1811,85,10.8173,74682.4781,234146.457,7.0,2,0,0,878.6174,2754.6642
1812,83,10.8274,78611.0673,246463.7535,9.0,3,1,3,947.1213,2969.4428
1813,83,10.9529,75853.9075,237819.3306,11.0,2,0,0,913.9025,2865.2931
1814,83,11.091,74542.3623,233707.2959,13.0,2,0,0,898.1008,2815.7506
1815,84,11.1244,81268.8483,254796.9005,15.0,3,1,0,967.4863,3033.2964
1816,84,11.4165,83684.0846,262369.2908,6.0,1,0,0,996.2391,3123.4439
1817,84,11.4545,69169.9491,216863.8372,7.0,1,0,0,823.4518,2581.7123
1818,84,11.2239,71533.3588,224273.2476,8.0,2,1,1,851.5876,2669.9196
1819,84,11.3658,85543.7078,268199.7818,0.0,0,0,0,1018.3775,3192.8545
1820,84,11.2918,71538.1955,224288.8857,0.0,0,0,0,851.6452,2670.1058
1821,85,11.1279,77175.3479,241962.9098,0.0,1,1,0,907.9453,2846.6225
1822,85,11.1724,78666.1124,246637.1035,1.0,1,0,0,925.4837,2901.613
1823,85,11.1223,73914.0274,231738.0166,2.0,1,0,0,869.5768,2726.3296
1824,85,11.2124,82300.5747,258031.3003,3.0,2,1,1,968.2421,3035.6624
1825,84,11.3368,78262.5169,245370.7237,2.0,2,0,1,931.6966,2921.08
1826,84,11.3169,64651.3634,202697.0114,4.0,2,0,0,769.6591,2413.0597
1827,85,11.3154,75459.0445,236581.2823,6.0,3,1,0,887.7535,2783.3092
1828,85,11.6496,85524.3083,268138.4797,4.0,1,0,0,1006.1683,3154.5703
1829,85,11.5663,67488.0592,211590.7192,5.0,1,0,0,793.9772,2489.3026
1830,86,11.2763,64932.623,203577.9958,6.0,2,1,0,755.0305,2367.186
1831,86,11.2591,61404.0328,192515.4604,7.0,1,0,0,714.0004,2238.5519
1832,86,11.2597,81694.6516,256132.3572,8.0,1,0,0,949.9378,2978.2832
1833,85,10.9277,67486.4866,211585.6048,9.0,2,1,2,793.9587,2489.2424
1834,85,10.9751,74860.5275,234704.9859,10.0,1,0,0,880.7121,2761.2351
1835,84,10.9214,70983.967,222551.003,11.0,1,0,1,845.0472,2649.4167
1836,85,10.8006,70785.4272,221928.4465,13.0,3,1,0,832.7697,2610.9229
1837,85,10.8872,78531.9772,246215.6241,13.0,1,0,0,923.9056,2896.6544
1838,84,11.0233,75515.5987,236758.7986,15.0,2,0,1,898.9952,2818.5571
1839,85,10.9388,71745.8019,224938.5658,18.0,4,1,0,844.0683,2646.3361
1840,85,10.9516,68534.2293,214869.4627,18.0,2,0,0,806.2851,2527.876
1841,85,10.9103,70423.4271,220793.1126,21.0,3,0,0,828.5109,2597.566
1842,86,10.7871,69854.199,219008.7909,7.0,4,1,0,812.2581,2546.6138
1843,86,10.6871,66303.8841,207877.547,10.0,3,0,0,770.9754,2417.1808
1844,85,10.8054,77111.3076,241761.1568,13.0,3,0,1,907.1919,2844.2489
1845,86,10.7426,77274.8122,242274.4504,7.0,2,1,0,898.5443,2817.1448
1846,86,10.6876,66798.0361,209427.0581,8.0,1,0,0,776.7214,2435.1984
1847,86,10.8599,80393.9197,252053.6287,0.0,0,0,0,934.813,2930.8561
1848,87,10.7796,71029.3755,222693.0387,0.0,1,1,0,816.4296,2559.6901
1849,87,10.944,82780.2163,259535.1595,0.0,0,0,0,951.4967,2983.1628
1850,87,10.8848,71680.3964,224734.3816,0.0,0,0,0,823.9126,2583.1538
1851,87,11.0045,87196.259,273380.9513,0.0,0,0,0,1002.2559,3142.3098
1852,87,10.9137,69748.7068,218678.0476,1.0,1,0,0,801.7093,2513.5408
1853,88,10.8475,77264.0418,242240.5088,3.0,3,1,0,878.0005,2752.7331
1854,89,10.8406,68513.0111,214803.6758,3.0,2,1,0,769.8091,2413.5244
1855,89,11.1275,93699.5653,293770.4934,4.0,1,0,0,1052.8041,3300.7921
1856,88,11.1403,71856.0615,225285.195,0.0,0,0,1,816.5462,2560.059
1857,88,11.0499,69344.6758,217411.8347,0.0,1,1,1,788.0077,2470.589
1858,88,11.2643,74162.0761,232514.8881,0.0,0,0,0,842.7509,2642.2146
1859,88,11.2123,67289.0512,210966.1681,0.0,0,0,0,764.6483,2397.3428
1860,88,11.2555,68816.0966,215753.976,0.0,0,0,0,782.0011,2451.7497
1861,87,11.2692,69487.8926,217860.3215,0.0,0,0,1,798.7114,2504.1416
1862,87,11.3763,72970.5726,228779.0518,0.0,0,0,0,838.7422,2629.6443
1863,89,11.1482,67854.6587,212739.1178,0.0,2,2,0,762.4119,2390.3272
1864,89,11.1681,70327.5252,220492.3364,0.0,0,0,0,790.1969,2477.442
1865,88,11.0965,65747.2701,206132.4511,1.0,1,0,1,747.1281,2342.4142
1866,87,10.649,54346.9956,170389.1306,2.0,2,1,2,624.6781,1958.4958
1867,86,10.637,66264.6618,207754.0152,2.0,2,0,1,770.5193,2415.7444
1868,86,10.6346,62937.0252,197320.9183,2.0,1,0,0,731.8259,2294.4293
1869,87,10.5324,68602.808,215084.4803,3.0,2,1,0,788.538,2472.2354
1870,87,10.8152,84689.3537,265520.8889,4.0,1,0,0,973.4408,3051.9642
1871,87,10.752,70401.0598,220723.9865,5.0,1,0,0,809.2076,2537.0573
1872,88,10.8892,90150.1262,282641.7238,6.0,2,1,0,1024.4333,3211.8378
1873,87,11.0459,79924.0255,250580.6138,7.0,1,0,1,918.667,2880.2369
1874,87,11.0537,75763.2653,237535.1211,8.0,1,0,0,870.8421,2730.2887
1875,88,10.9015,67734.0912,212361.6481,9.0,2,1,0,769.7056,2413.2005
1876,88,10.8924,73002.4723,228879.5124,0.0,0,0,0,829.5735,2600.9035
1877,88,10.952,79146.0216,248140.8965,0.0,0,0,0,899.3866,2819.7829
1878,89,10.823,78473.4825,246032.6057,0.0,1,1,0,881.7245,2764.4113
1879,88,10.7697,72048.2176,225887.4928,1.0,1,0,1,818.7297,2566.9033
1880,88,11.0569,88745.1303,278236.7321,2.0,1,0,0,1008.4674,3161.781
1881,89,11.1137,77318.6185,242411.5544,3.0,2,1,0,868.7485,2723.7253
1882,88,11.159,68745.6504,215532.8247,4.0,1,0,1,781.2006,2449.2366
1883,88,11.3449,87862.7102,275470.2242,5.0,1,0,0,998.4399,3130.3435
1884,89,11.1393,71144.3428,223053.8971,6.0,2,1,0,799.3746,2506.2236
1885,89,11.1414,74030.8237,232103.8643,7.0,1,0,0,831.807,2607.9086
1886,88,11.2124,77665.3441,243498.6443,9.0,2,0,1,882.5607,2767.03
1887,88,11.1801,79886.2257,250461.7878,12.0,4,1,1,907.798,2846.1567
1888,87,11.1288,68053.0048,213361.3757,5.0,2,0,1,782.2184,2452.4296
1889,86,11.1697,74464.9783,233464.557,3.0,1,0,1,865.8718,2714.7042
1890,87,10.9052,61378.7374,192436.3983,4.0,2,1,0,705.5027,2211.9126
1891,87,10.8363,66725.9822,209199.6578,0.0,0,0,0,766.9653,2404.5938
1892,87,10.8187,66060.6592,207114.3151,2.0,2,0,0,759.3179,2380.6243
1893,87,10.728,69380.4921,217522.1792,5.0,4,1,1,797.4769,2500.2549
1894,87,10.7986,78902.6801,247377.6236,6.0,2,0,0,906.9274,2843.421
1895,87,10.6743,63984.8348,200606.2713,8.0,2,0,0,735.4579,2305.8192
1896,88,10.767,83811.644,262768.3873,11.0,4,1,0,952.405,2986.0044
1897,88,10.6416,64735.3864,202959.1319,15.0,4,0,0,735.6294,2306.3538
1898,88,10.6017,79748.8952,250030.7494,13.0,4,0,0,906.2374,2841.2585
1899,88,10.4902,63889.7067,200308.3526,11.0,2,0,0,726.0194,2276.2313
1900,88,10.5663,79449.3006,249091.8099,13.0,2,0,0,902.833,2830.5887
1901,88,10.5025,68867.9581,215916.5268,15.0,2,0,0,782.5904,2453.5969
1902,87,10.4781,80873.1202,253555.5068,17.0,3,1,2,929.5761,2914.4311
1903,84,10.4443,69018.6701,216389.0641,19.0,2,0,3,821.6508,2576.0603
1904,82,10.5151,68372.3394,214362.3049,22.0,3,0,2,833.809,2614.1745
1905,83,10.235,69829.3911,218930.1532,27.0,6,1,0,841.318,2637.7127
1906,83,10.2499,67791.1115,212539.087,33.0,6,0,0,816.7604,2560.7119
1907,83,10.3484,67707.72,212277.782,39.0,6,0,0,815.7557,2557.5636
1908,85,10.0062,63840.6287,200153.2226,43.0,8,2,0,751.0662,2354.7438
1909,85,10.124,67315.0182,211046.4841,41.0,4,0,0,791.9414,2482.8998
1910,85,10.2972,74271.6904,232857.8209,26.0,3,0,0,873.7846,2739.5038
1911,86,10.3182,68410.5985,214481.8764,14.0,3,1,0,795.4721,2493.9753
1912,85,10.6272,74527.2562,233659.4286,16.0,2,0,1,876.7912,2748.9345
1913,85,10.8322,67733.1512,212358.7147,9.0,1,0,0,796.8606,2498.3378
1914,86,11.0317,90021.3411,282237.8754,10.0,2,1,0,1046.7598,3281.8358
1915,86,11.2572,74964.3088,235030.7994,11.0,1,0,0,871.678,2732.9163
1916,86,11.3249,72714.1016,227975.4027,12.0,1,0,0,845.5128,2650.8768
1917,87,11.0089,69084.1573,216594.3028,13.0,2,1,0,794.0708,2489.5897
1918,87,11.0004,67237.5991,210804.541,1.0,1,0,0,772.846,2423.0407
1919,87,11.138,77435.2223,242776.7348,3.0,2,0,0,890.06,2790.5372
1920,88,11.1134,73393.7849,230105.8691,5.0,3,1,0,834.0203,2614.8394
1921,88,11.0887,70039.5141,219590.0089,3.0,1,0,0,795.9036,2495.341
1922,88,11.097,68882.4874,215962.1044,4.0,1,0,0,782.7555,2454.1148
1923,89,10.985,66741.3675,209248.9629,5.0,2,1,0,749.903,2351.1119
1924,88,11.1268,72460.4196,227179.9404,6.0,1,0,1,823.4139,2581.5902
1925,88,11.1479,73562.8414,230636.4411,7.0,1,0,0,835.9414,2620.8686
1926,89,11.0864,76071.722,238502.6127,8.0,2,1,0,854.7384,2679.8046
1927,88,11.1316,72266.9526,226573.5908,9.0,1,0,1,821.2154,2574.6999
1928,88,11.218,78380.3005,245740.0403,1.0,1,0,0,890.6852,2792.5005
1929,89,11.0887,71032.8371,222703.7584,2.0,2,1,0,798.1218,2502.2894
1930,89,11.1896,70051.3261,219626.3985,4.0,2,0,0,787.0936,2467.7123
1931,89,11.1,66529.3157,208584.438,6.0,2,0,0,747.5204,2343.6454
1932,88,11.0858,79470.0429,249156.5538,8.0,3,1,2,903.0687,2831.3245
1933,88,11.103,74441.2977,233390.3615,10.0,2,0,0,845.9238,2652.1632
1934,88,11.009,66728.3957,209208.3963,12.0,2,0,0,758.2772,2377.3681
1935,89,10.7381,66997.2477,210051.1342,14.0,3,1,0,752.7781,2360.1251
1936,89,10.6759,72705.9252,227949.6484,16.0,2,0,0,816.9205,2561.232
1937,88,10.492,70224.9014,220170.8647,18.0,2,0,1,798.0102,2501.9416
1938,89,10.1835,60263.3042,188938.8069,20.0,3,1,0,677.1158,2122.9079
1939,89,10.4231,87524.9058,274411.2093,22.0,2,0,0,983.4259,3083.272
1940,89,10.5522,84613.8001,265283.6847,24.0,2,0,0,950.7169,2980.7156
1941,90,10.5428,82918.4981,259967.912,28.0,5,1,0,921.3166,2888.5324
1942,90,10.4121,64866.9392,203372.0643,32.0,4,0,0,720.7438,2259.6896
1943,89,10.4511,77092.2263,241700.9023,36.0,4,0,1,866.2048,2715.7405
1944,90,10.2053,67479.9177,211563.8236,23.0,4,1,0,749.7769,2350.7092
1945,89,10.2614,74992.7417,235118.5214,27.0,4,0,1,842.6151,2641.7811
1946,89,10.2617,69911.4388,219187.0069,33.0,6,0,0,785.5218,2462.7754
1947,90,10.133,69266.407,217164.9619,32.0,6,1,0,769.6267,2412.944
1948,89,10.0684,60675.1715,190229.459,30.0,3,0,1,681.7435,2137.4097
1949,89,10.0392,71605.9748,224500.4571,29.0,2,0,0,804.5615,2522.477
1950,89,9.6984,65694.9699,205967.8022,32.0,4,1,1,738.1457,2314.245
1951,88,9.7345,79110.4336,248029.2755,35.0,3,0,1,898.9822,2818.5145
1952,87,9.6203,66057.0528,207102.6101,39.0,4,0,1,759.2765,2380.4898
1953,88,9.903,89312.7105,280015.5146,19.0,4,1,0,1014.9172,3181.9945
1954,88,10.0635,81283.9274,254843.4357,21.0,4,0,0,923.681,2895.9481
1955,88,10.0507,80830.4627,253421.8762,26.0,5,0,0,918.528,2879.794
1956,89,9.8437,69346.0467,217414.893,28.0,5,1,0,779.1691,2442.864
1957,89,9.9883,84544.7912,265066.5407,29.0,4,0,0,949.9415,2978.2757
1958,89,10.0357,81892.1323,256749.9856,34.0,5,0,0,920.1363,2884.8313
1959,89,9.8614,78971.6907,247593.2316,40.0,7,1,1,887.3224,2781.9464
1960,88,9.7944,75688.7585,237301.3865,23.0,5,0,1,860.0995,2696.6067
1961,88,9.9801,81460.8676,255397.575,11.0,2,0,0,925.6917,2902.2452
1962,89,10.1185,89094.5028,279331.1811,6.0,3,1,0,1001.0618,3138.5526
1963,89,10.1851,75126.0941,235537.5064,3.0,2,0,0,844.1134,2646.4888
1964,89,10.2142,85800.9387,269006.1289,0.0,0,0,0,964.0555,3022.5408
1965,89,10.2054,86779.7399,272074.0721,0.0,1,1,1,975.0533,3057.012
1966,89,10.2189,79531.9585,249351.0966,2.0,2,0,0,893.6175,2801.6977
1967,89,10.1824,73187.9905,229460.0741,6.0,4,0,0,822.337,2578.2031
1968,90,9.8998,70944.5956,222426.0528,10.0,5,1,0,788.2733,2471.4006
1969,90,9.8945,75224.9563,235846.0385,14.0,6,0,0,835.8328,2620.5115
1970,89,10.0789,76217.4336,238957.6732,20.0,7,0,1,856.3757,2684.9177
1971,89,9.9788,71444.8467,223994.6759,27.0,8,1,1,802.7511,2516.7941
1972,88,10.1243,79282.8418,248568.234,35.0,8,0,1,900.9414,2824.639
1973,88,10.3812,85378.4453,267680.7809,33.0,6,0,0,970.2096,3041.8271
1974,88,10.3141,70748.8763,221813.4059,39.0,7,1,1,803.9645,2520.6069
1975,88,10.6369,90035.0176,282280.2289,45.0,6,0,0,1023.1252,3207.7299
1976,88,10.7873,80068.5314,251032.766,51.0,6,0,0,909.8697,2852.6451
1977,89,10.7014,71920.4486,225486.3376,57.0,7,1,0,808.0949,2533.5544
1978,88,10.6973,74330.2069,233041.3054,63.0,6,0,1,844.6614,2648.1967
1979,88,10.8266,78541.5523,246245.354,69.0,6,0,0,892.5176,2798.2427
1980,89,10.7278,73635.8396,230864.6152,46.0,5,1,0,827.369,2593.9844
1981,89,10.651,66404.0908,208190.87,25.0,2,0,0,746.1134,2339.2233
1982,89,10.6587,68354.2531,214306.143,15.0,2,0,0,768.0253,2407.9342
1983,90,10.6698,76306.0046,239236.1404,17.0,3,1,0,847.8445,2658.1793
1984,90,10.8555,85247.8543,267271.8298,19.0,2,0,0,947.1984,2969.687
1985,89,10.9218,69072.8391,216559.1404,21.0,2,0,1,776.0993,2433.2488
1986,90,11.1368,98710.4253,309480.8274,23.0,3,1,0,1096.7825,3438.6759
1987,88,11.1727,67348.3506,211152.272,25.0,2,0,2,765.3222,2399.4576
1988,88,11.2568,71444.974,223996.2903,20.0,1,0,0,811.8747,2545.4124
1989,88,11.1257,81034.1587,254060.5578,21.0,2,1,1,920.8427,2887.0518
1990,88,11.1222,74244.5345,232773.7236,0.0,0,0,0,843.6879,2645.156
1991,87,11.2929,79603.4696,249575.1255,0.0,0,0,1,914.9824,2868.6796
1992,87,11.154,64498.8866,202217.7868,1.0,2,1,1,741.3665,2324.3424
1993,87,11.2306,75543.0422,236845.0931,2.0,1,0,0,868.3108,2722.3574
1994,87,11.198,70672.1327,221573.6419,0.0,0,0,0,812.3234,2546.8235
1995,88,10.9287,69847.4901,218987.7483,0.0,1,1,0,793.7215,2488.4971
1996,87,10.8466,68313.101,214176.7923,1.0,1,0,1,785.2081,2461.8022
1997,87,10.9419,78365.032,245692.4403,0.0,0,0,0,900.7475,2824.051
1998,88,10.9607,82544.129,258795.0284,1.0,2,1,0,938.0015,2940.8526
1999,87,10.9728,71754.5262,224967.6514,2.0,1,0,1,824.7647,2585.8351
2000,87,10.9819,70325.1394,220485.0446,4.0,2,0,0,808.3349,2534.3109
2001,88,11.0174,83227.4732,260938.2179,0.0,1,1,0,945.7667,2965.207
2002,88,11.2123,82943.3899,260046.9703,0.0,0,0,0,942.5385,2955.0792
2003,88,11.3165,87082.03,273023.2164,1.0,1,0,0,989.5685,3102.5366
2004,88,10.9349,56910.7489,178427.7091,0.0,1,1,1,646.7131,2027.5876
2005,88,11.1138,87279.3353,273641.3398,0.0,0,0,0,991.8106,3109.5607
2006,88,11.0985,71934.3557,225530.4731,1.0,1,0,0,817.4359,2562.8463
2007,89,10.906,70249.0433,220246.2814,2.0,2,1,0,789.3151,2474.6773
2008,89,10.9955,77672.2395,243520.0797,4.0,2,0,0,872.7218,2736.1807
2009,88,11.0624,76510.1211,239876.9609,6.0,2,0,1,869.4332,2725.8746
2010,89,10.9432,85034.0784,266601.8499,8.0,3,1,0,955.4391,2995.5264
2011,89,10.8134,72376.9599,226918.8038,10.0,2,0,0,813.2243,2549.6495
2012,88,11.0037,80351.5687,251920.8615,0.0,0,0,1,913.086,2862.7371
2013,89,10.8496,74671.8238,234113.1775,0.0,1,1,0,839.0093,2630.4851
2014,89,10.8146,74897.3562,234820.7786,0.0,0,0,0,841.5433,2638.4357
2015,89,10.7177,75846.2113,237795.4517,0.0,0,0,0,852.2046,2671.859
2016,90,10.5232,74752.1024,234364.3035,0.0,1,1,0,830.5789,2604.0478
2017,89,10.7375,83533.0224,261894.8868,1.0,1,0,1,938.5733,2942.6392
2018,88,10.9032,83105.8583,260555.7577,2.0,1,0,1,944.3848,2960.8609
2019,88,10.8467,81888.1944,256738.7708,3.0,2,1,1,930.5477,2917.486
2020,87,10.9818,88995.3073,279021.8449,6.0,3,0,1,1022.9346,3207.1476
2021,85,11.1484,86565.8359,271404.7808,6.0,2,0,2,1018.4216,3192.9974
2022,86,11.1475,83199.239,260848.8323,7.0,3,1,0,967.433,3033.126
2023,86,11.2381,71315.3528,223589.2758,7.0,1,0,0,829.2483,2599.8753
2024,86,11.3338,68472.5989,214676.6326,1.0,1,0,0,796.193,2496.2399
2025,87,11.1939,71184.1117,223178.2106,2.0,2,1,0,818.2082,2565.2668
2026,87,11.2581,79705.5798,249895.4379,3.0,1,0,0,916.1561,2872.3614
2027,87,11.1339,74332.0368,233048.2042,4.0,1,0,0,854.3912,2678.715
2028,88,11.203,81554.221,255691.6299,0.0,1,1,0,926.7525,2905.5867
2029,87,11.4706,79142.3022,248129.6703,0.0,0,0,1,909.6816,2852.0652
2030,87,11.7117,88846.2115,278553.8457,0.0,0,0,0,1021.2208,3201.7683
2031,88,11.5585,79193.7586,248290.7585,1.0,2,1,0,899.9291,2821.4859
2032,87,11.5559,80945.2984,253783.6323,0.0,0,0,1,930.4057,2917.0532
2033,87,11.6166,74065.1056,232211.3233,1.0,1,0,0,851.3231,2669.0957
2034,87,11.596,79863.5098,250390.6926,2.0,2,1,1,917.9714,2878.0539
2035,86,11.637,72572.6447,227531.8011,3.0,1,0,1,843.868,2645.7186
2036,85,11.586,64536.7666,202337.5171,5.0,2,0,1,759.2561,2380.4414
2037,86,11.5245,75234.1159,235876.245,5.0,2,1,0,874.8153,2742.747
2038,86,11.6324,77820.3573,243984.7389,6.0,1,0,0,904.8879,2837.0318
2039,86,11.4759,67076.5159,210300.6915,7.0,1,0,0,779.9595,2445.3569
2040,87,11.5086,83677.8192,262349.229,8.0,2,1,0,961.814,3015.5084
2041,87,11.6546,76211.5784,238940.2736,10.0,2,0,0,875.9952,2746.4399
2042,87,11.6887,72275.9911,226601.5582,13.0,3,0,0,830.7585,2604.6156
2043,87,11.4963,69290.0618,217239.9882,17.0,5,1,1,796.4375,2497.0114
2044,87,11.4273,67612.8209,211980.9627,9.0,3,0,0,777.1589,2436.5628
2045,87,11.3718,66623.9201,208880.2968,13.0,4,0,0,765.7922,2400.923
2046,87,11.251,72515.8572,227352.9162,13.0,4,1,1,833.5156,2613.2519
2047,87,11.2452,65384.8976,204996.19,16.0,3,0,0,751.5505,2356.278
2048,86,11.3187,67639.6739,212065.5114,4.0,1,0,1,786.5078,2465.878
2049,86,11.2114,77693.4845,243586.7062,5.0,2,1,1,903.4126,2832.4036
2050,86,11.3094,72812.3987,228284.2247,6.0,1,0,0,846.6558,2654.4677
2051,86,11.4468,81040.6878,254081.2383,7.0,1,0,0,942.3336,2954.433
2052,87,11.4406,81603.3108,255844.7986,0.0,1,1,0,937.9691,2940.7448
2053,87,11.5529,72595.2581,227603.2156,1.0,1,0,0,834.4283,2616.1289
2054,87,11.6527,81525.0921,255600.7613,2.0,1,0,0,937.07,2937.9398
2055,87,11.5557,74104.2346,232333.3355,3.0,2,1,1,851.7728,2670.4981
2056,87,11.5557,66254.5997,207723.2472,4.0,1,0,0,761.5471,2387.6235
2057,87,11.5998,80735.4316,253124.3051,5.0,1,0,0,927.9935,2909.4748
2058,88,11.4559,69474.3536,217817.9923,6.0,2,1,0,789.4813,2475.2045
2059,87,11.4312,72214.7542,226409.6924,7.0,1,0,1,830.0546,2602.4103
2060,87,11.495,65483.8627,205306.5254,0.0,0,0,0,752.6881,2359.8451
2061,88,11.4538,74011.6159,232043.0477,1.0,2,1,0,841.0411,2636.8528
2062,87,11.2771,58125.1931,182235.3562,2.0,1,0,1,668.1057,2094.6593
2063,87,11.1378,72327.1866,226762.3018,3.0,1,0,0,831.347,2606.4632
2064,88,10.9801,72384.7695,226942.6868,0.0,1,1,0,822.5542,2578.8942
2065,88,10.7789,67463.3974,211512.6759,0.0,0,0,0,766.6295,2403.5531
2066,88,10.5898,65245.5245,204559.5622,1.0,1,0,0,741.4264,2324.5405
2067,88,10.346,69267.0937,217168.1605,2.0,2,1,1,787.1261,2467.82
2068,88,10.5039,79083.6369,247944.8534,2.0,2,0,0,898.6777,2817.5552
2069,88,10.5996,76327.9491,239305.6723,4.0,2,0,0,867.3631,2719.3826
2070,88,10.6184,80653.7678,252868.4192,4.0,2,0,0,916.5201,2873.5048
2071,88,10.4638,78110.7388,244895.6363,4.0,2,1,1,887.622,2782.905
2072,88,10.615,88512.7463,277507.9241,6.0,2,0,0,1005.8267,3153.4991
2073,89,10.7095,85602.8729,268384.582,7.0,3,1,0,961.83,3015.5571
2074,89,10.7499,84659.0351,265426.11,9.0,2,0,0,951.2251,2982.3158
2075,89,10.7956,74928.2877,234917.4417,12.0,3,0,0,841.8909,2639.5218
2076,90,10.7625,83027.4652,260309.975,14.0,4,1,0,922.5274,2892.3331
2077,89,10.8985,83280.9687,261105.3495,17.0,3,0,1,935.7412,2933.768
2078,89,11.0234,80874.9413,253560.9355,21.0,4,0,0,908.7072,2848.9993
2079,90,10.8008,76828.6092,240875.1871,25.0,5,1,0,853.6512,2676.391
2080,89,10.7804,69789.5799,218805.5065,16.0,3,0,1,784.1526,2458.4888
2081,89,10.7311,68121.6816,213576.2063,20.0,4,0,0,765.4122,2399.7327
2082,90,10.77,82106.3262,257421.6637,25.0,6,1,0,912.2925,2860.2407
2083,90,11.01,92451.5249,289857.0403,30.0,5,0,0,1027.2392,3220.6338
2084,90,11.1521,77116.7871,241778.8348,35.0,5,0,0,856.8532,2686.4315
2085,91,11.3348,98462.6453,308703.843,40.0,6,1,0,1082.0071,3392.3499
2086,90,11.4453,78576.2842,246354.6235,45.0,5,0,1,873.0698,2737.2736
2087,90,11.3248,69982.1986,219409.7437,28.0,3,0,0,777.58,2437.886
2088,90,10.9997,75999.038,238274.1456,32.0,5,1,1,844.4338,2647.4905
2089,89,10.9715,79407.67,248961.4901,36.0,4,0,1,892.221,2797.3201
2090,89,11.0821,78599.9336,246428.7197,40.0,4,0,0,883.1453,2768.862
2091,90,10.9866,80109.0698,251159.9932,41.0,5,1,0,890.1008,2790.6666
2092,89,11.0501,78109.7376,244891.8937,14.0,2,0,1,877.6375,2751.5943
2093,89,10.9634,74687.8692,234164.2021,3.0,1,0,0,839.1895,2631.0585
2094,90,10.9519,83228.5499,260940.7007,4.0,2,1,0,924.7617,2899.3411
2095,90,10.6815,66899.4105,209745.0796,5.0,1,0,0,743.3268,2330.5009
2096,90,10.5641,70409.6694,220750.1481,7.0,2,0,0,782.3297,2452.7794
2097,90,10.4674,78205.3878,245191.2524,7.0,2,1,1,868.9488,2724.3472
2098,89,10.7022,79832.6236,250293.2141,9.0,2,0,1,896.9958,2812.2833
2099,89,10.833,78409.7897,245832.87,2.0,1,0,0,881.0089,2762.1671
2100,88,10.8477,78884.1977,247319.7635,3.0,2,1,2,896.4113,2810.4519
2101,88,11.0708,83780.8705,262672.8126,4.0,1,0,0,952.0553,2984.9183
2102,87,11.1019,78734.8278,246852.1303,5.0,1,0,1,904.998,2837.3808
2103,88,10.9484,74105.3893,232337.3269,6.0,2,1,0,842.1067,2640.1969
2104,87,10.922,71944.8711,225563.725,8.0,2,0,1,826.9525,2592.6865
2105,86,11.0348,83424.7817,261556.4709,10.0,2,0,1,970.0556,3041.3543
2106,87,10.7745,71707.8957,224820.3115,12.0,3,1,0,824.2287,2584.1415
2107,87,10.651,69718.4486,218582.5225,14.0,2,0,0,801.3615,2512.4428
2108,86,10.3647,64200.1639,201281.7199,5.0,1,0,1,746.5135,2340.4851
2109,87,10.2015,72691.5398,227903.6625,7.0,3,1,0,835.5349,2619.5823
2110,87,10.3214,74394.2408,233242.2375,9.0,3,0,0,855.1062,2680.9453
2111,86,10.5499,84449.9196,264769.5941,13.0,4,0,1,981.9758,3078.7162
2112,87,10.687,84777.2813,265795.5545,15.0,4,1,0,974.4515,3055.1213
2113,86,10.7392,71856.7544,225286.9979,18.0,3,0,1,835.5437,2619.6163
2114,85,10.9997,86615.9458,271560.8694,16.0,2,0,1,1019.0111,3194.8338
2115,86,10.9186,73617.5877,230807.782,18.0,3,1,0,856.0185,2683.8114
2116,85,10.9217,71230.5064,223323.6906,20.0,2,0,1,838.006,2627.3375
2117,85,11.0251,74479.8534,233511.5978,22.0,2,0,0,876.2336,2747.1953
2118,86,10.8809,67676.9001,212182.1261,24.0,3,1,0,786.9407,2467.234
2119,86,11.0371,82751.9122,259446.1416,26.0,2,0,0,962.2315,3016.8156
2120,85,10.9726,67265.7864,210892.9775,28.0,2,0,1,791.3622,2481.0939
2121,86,10.9918,87336.1415,273818.5102,18.0,2,1,0,1015.5365,3183.9362
2122,86,10.901,57953.9468,181697.95,19.0,1,0,0,673.8831,2112.7669
2123,84,11.102,67853.2681,212734.953,20.0,1,0,2,807.777,2532.559
2124,84,11.1098,76641.8301,240289.6335,1.0,2,1,1,912.4027,2860.5909
2125,84,11.2793,70903.9623,222300.1817,2.0,1,0,0,844.0948,2646.4307
2126,84,11.465,73646.0974,230897.1555,4.0,2,0,0,876.7393,2748.7757
2127,85,11.0856,57674.0695,180820.6116,6.0,3,1,0,678.5185,2127.3013
2128,85,11.1783,77624.3591,243370.1948,5.0,1,0,0,913.2278,2863.1788
2129,85,11.2953,74452.4889,233425.6154,6.0,1,0,0,875.9116,2746.1837
2130,85,11.1014,68137.1247,213624.7383,8.0,3,1,1,801.6132,2513.2322
2131,85,11.1171,68115.5215,213557.0713,11.0,3,0,0,801.3591,2512.4361
2132,85,11.0262,64010.1817,200685.5991,14.0,3,0,0,753.061,2361.007
2133,86,11.0111,72938.5066,228678.3852,18.0,5,1,0,848.1222,2659.051
2134,86,11.1095,74854.8013,234685.9253,22.0,4,0,0,870.4047,2728.9061
2135,86,11.092,69084.5307,216595.5697,26.0,4,0,0,803.3085,2518.5531
2136,87,10.8321,67624.3726,212017.2487,26.0,4,1,0,777.2916,2436.9799
2137,87,10.7073,63230.4515,198241.464,29.0,3,0,0,726.7868,2278.6375
2138,87,10.6491,77285.707,242308.0808,33.0,4,0,0,888.3415,2785.1504
2139,87,10.5074,72234.3091,226470.8281,37.0,5,1,1,830.2794,2603.113
2140,86,10.7399,79860.6905,250381.866,30.0,3,0,1,928.6127,2911.417
2141,86,10.9361,77968.0072,244447.2954,15.0,2,0,0,906.6047,2842.4104
2142,87,11.0208,87940.8914,275715.3676,13.0,3,1,0,1010.8148,3169.1422
2143,87,11.2036,92764.4924,290838.9795,15.0,2,0,0,1066.2585,3342.9768
2144,87,11.53,90744.927,284507.1906,17.0,2,0,0,1043.0451,3270.1976
2145,88,11.4433,74253.3316,232801.593,19.0,3,1,0,843.7879,2645.4726
2146,88,11.4664,76751.2584,240632.3797,21.0,2,0,0,872.1734,2734.4589
2147,88,11.4691,70208.3667,220118.9658,23.0,2,0,0,797.8223,2501.3519
2148,88,11.4362,81499.3267,255519.2835,7.0,2,1,1,926.1287,2903.6282
2149,88,11.5635,72077.4578,225978.9921,8.0,1,0,0,819.062,2567.9431
2150,88,11.6809,83131.8928,260637.7317,9.0,1,0,0,944.6806,2961.7924
2151,89,11.4735,72471.5523,227215.2032,10.0,2,1,0,814.2871,2552.9798
2152,89,11.4484,71541.6674,224299.4867,11.0,1,0,0,803.839,2520.219
2153,89,11.4016,70120.6031,219843.4379,12.0,1,0,0,787.8719,2470.151
2154,89,11.4314,76254.5492,239075.3272,14.0,3,1,1,856.7927,2686.2396
2155,88,11.5583,74168.4993,232535.3581,2.0,1,0,1,842.8239,2642.4473
2156,88,11.6586,81294.2696,254876.4493,0.0,0,0,0,923.7985,2896.3233
2157,88,11.5381,67882.966,212828.8805,0.0,1,1,1,771.3973,2418.51
2158,88,11.6793,88662.2306,277976.9149,0.0,0,0,0,1007.5253,3158.8286
2159,88,11.6916,82957.6338,260091.7763,0.0,0,0,0,942.7004,2955.5884
2160,89,11.4513,66503.6248,208503.9124,1.0,2,1,0,747.2317,2342.7406
2161,89,11.3782,78856.9782,247234.6972,4.0,3,0,0,886.0335,2777.9179
2162,88,11.2176,70921.0884,222353.0499,9.0,5,0,1,805.9215,2526.7392
2163,89,10.9483,77369.9254,242572.2787,11.0,5,1,0,869.325,2725.5312
2164,88,10.8687,73099.6198,229183.82,12.0,3,0,1,830.6775,2604.3616
2165,88,10.8929,80756.7454,253190.9829,15.0,3,0,0,917.6903,2877.1703
2166,89,10.6259,81425.465,255287.9945,18.0,4,1,0,914.8929,2868.4044
2167,89,10.7746,86867.8785,272351.4381,21.0,3,0,0,976.0436,3060.1285
2168,89,10.8905,88126.8779,276298.0459,26.0,5,0,0,990.1896,3104.4724
2169,90,10.8918,93596.8015,293447.497,32.0,7,1,0,1039.9645,3260.5277
2170,90,10.834,72772.1108,228157.2519,39.0,7,0,0,808.579,2535.0806
2171,90,10.9322,85252.3093,267285.0157,46.0,7,0,0,947.2479,2969.8335
2172,91,10.9058,87219.2269,273451.8128,53.0,8,1,0,958.453,3004.965
2173,91,10.9856,84641.8165,265370.947,61.0,8,0,0,930.1299,2916.1643
2174,91,11.0776,83291.8132,261138.6683,69.0,8,0,0,915.2947,2869.6557
2175,92,10.9049,74534.5158,233682.2598,77.0,9,1,0,810.1578,2540.0246
2176,92,10.8085,75785.4701,237603.7431,85.0,8,0,0,823.7551,2582.6494
2177,92,10.7415,80197.3367,251436.2443,93.0,8,0,0,871.7102,2733.0027
2178,93,10.5927,77420.0701,242728.867,102.0,10,1,0,832.4739,2609.9878
2179,93,10.634,83754.7394,262588.8053,111.0,9,0,0,900.5886,2823.5355
2180,93,10.567,77363.3648,242550.4379,120.0,9,0,0,831.8641,2608.0692
2181,94,10.4536,76133.3737,238693.5896,129.0,10,1,0,809.9295,2539.2935
2182,93,10.3515,69642.4594,218343.5548,115.0,8,0,1,748.8436,2347.7802
2183,93,10.2943,76106.4169,238609.5525,63.0,6,0,0,818.3486,2565.6941
2184,93,10.2777,70846.6818,222119.0435,39.0,5,1,1,761.7923,2388.3768
2185,93,10.2664,80329.5231,251850.2736,40.0,4,0,0,863.7583,2708.0675
2186,93,10.5137,90200.244,282797.927,44.0,4,0,0,969.8951,3040.8379
2187,94,10.5719,85583.3989,268322.8409,48.0,5,1,0,910.4617,2854.4983
2188,93,10.8593,87255.4792,273565.3864,4.0,1,0,1,938.231,2941.5633
2189,93,11.12,93606.6097,293478.7453,5.0,1,0,0,1006.5227,3155.6854
2190,94,11.1929,87330.3915,273801.0183,7.0,3,1,0,929.0467,2912.7768
2191,94,11.2232,81508.0003,255546.6905,9.0,2,0,0,867.1064,2718.5818
2192,93,11.1081,76441.2059,239660.6934,11.0,2,0,1,821.9485,2576.9967
2193,94,10.7274,75415.207,236442.9781,13.0,3,1,0,802.2894,2515.3508
2194,94,10.4225,66731.5071,209217.6304,12.0,3,0,0,709.9097,2225.7195
2195,94,10.4222,83309.9938,261195.6702,16.0,4,0,0,886.2765,2778.6773
2196,95,10.2833,82659.4314,259155.2928,20.0,5,1,0,870.0993,2727.9505
2197,95,10.5033,92583.2344,290269.3109,9.0,3,0,0,974.5604,3055.4664
2198,94,10.8229,102694.0424,321969.7419,11.0,3,0,1,1092.4898,3425.21
2199,95,10.8595,83857.4363,262912.3247,16.0,6,1,0,882.7099,2767.4982
2200,95,10.9355,80214.4334,251489.9102,18.0,4,0,0,844.3625,2647.2622
2201,94,10.8878,76653.5351,240325.5503,22.0,4,0,1,815.4631,2556.6548
2202,95,10.7399,80077.042,251059.1698,27.0,6,1,0,842.9162,2642.7281
2203,95,10.7822,84801.2084,265871.1447,32.0,5,0,0,892.6443,2798.6436
2204,95,10.8969,88939.2785,278844.5274,4.0,2,0,0,936.2029,2935.2056
2205,95,10.7997,83680.0081,262355.3457,7.0,4,1,1,880.8422,2761.6352
2206,95,10.856,75959.3272,238149.1647,10.0,3,0,0,799.5719,2506.8333
2207,94,10.7717,81086.9002,254226.1703,13.0,3,0,1,862.6266,2704.5337
2208,95,10.6667,86757.1574,272003.5908,16.0,4,1,0,913.2332,2863.1957
2209,95,10.6755,88464.9338,277357.7074,20.0,4,0,0,931.2098,2919.5548
2210,95,10.8619,93333.5815,292622.6143,18.0,4,0,0,982.4588,3080.238
2211,96,10.7791,94187.6941,295300.4112,22.0,5,1,0,981.1218,3076.0459
2212,95,10.8227,84481.4704,264868.2303,27.0,5,0,1,889.2786,2788.0866
2213,95,11.1079,101129.4445,317064.5909,27.0,4,0,0,1064.5205,3337.522
2214,95,11.2346,95775.239,300277.7231,31.0,5,1,1,1008.1604,3160.8181
2215,94,11.3201,92725.8047,290717.216,35.0,4,0,1,986.4447,3092.7363
2216,93,11.4006,86774.3413,272057.5975,40.0,5,0,1,933.0574,2925.3505
2217,93,11.3353,81716.7162,256200.6091,45.0,6,1,1,878.6744,2754.8453
2218,93,11.5705,91565.1123,287077.6784,50.0,5,0,0,984.5711,3086.8568
2219,92,11.5664,73830.9512,231476.7343,55.0,5,0,1,802.5103,2516.0515
2220,93,11.5842,93050.153,291734.235,20.0,3,1,0,1000.5393,3136.9273
2221,92,11.684,77345.4826,242496.265,0.0,0,0,1,840.7118,2635.829
2222,92,11.7812,71133.741,223020.318,0.0,0,0,0,773.1928,2424.1339
2223,93,11.6653,74332.4717,233049.436,1.0,2,1,0,799.2739,2505.9079
2224,92,11.7062,75211.7479,235805.9995,3.0,2,0,1,817.519,2563.1087
2225,90,11.8663,80199.2284,251442.2597,5.0,2,0,2,891.1025,2793.8029
2226,91,11.6522,68047.9248,213345.0982,7.0,3,1,0,747.7794,2344.4516
2227,91,11.5617,70202.284,220099.9881,10.0,3,0,0,771.4537,2418.6812
2228,90,11.5905,79134.3819,248103.8846,14.0,4,0,1,879.2709,2756.7098
2229,90,11.2422,64614.4743,202580.2669,19.0,6,1,1,717.9386,2250.8919
2230,89,11.2958,77938.601,244354.9727,24.0,5,0,1,875.7146,2745.5615
2231,89,11.2837,71705.1979,224811.2277,29.0,5,0,0,805.6764,2525.9689
2232,90,11.1491,77157.3648,241905.3526,34.0,6,1,0,857.3041,2687.8373
2233,90,11.0374,69322.9876,217342.1884,39.0,5,0,0,770.2554,2414.9132
2234,89,11.0092,71925.4056,225501.7165,44.0,5,0,1,808.1506,2533.7272
2235,90,11.0497,82935.8923,260022.2817,49.0,6,1,0,921.5099,2889.1365
2236,89,11.1165,66242.0671,207683.0097,54.0,5,0,1,744.2929,2333.517
2237,89,11.4247,93282.617,292462.5776,59.0,5,0,0,1048.1193,3286.0964
2238,90,11.282,68070.8033,213416.9402,64.0,6,1,0,756.3423,2371.2993
2239,88,11.4944,77525.9201,243061.1492,69.0,5,0,2,880.9764,2762.0585
2240,87,11.5426,64631.0486,202632.5254,43.0,3,0,1,742.8856,2329.1095
2241,88,11.4774,78456.2898,245978.0374,19.0,2,1,0,891.5487,2795.205
2242,88,11.6256,79220.9289,248375.1341,20.0,1,0,0,900.2378,2822.4447
2243,88,11.702,71791.5732,225082.7264,21.0,1,0,0,815.8133,2557.7583
2244,89,11.4714,63360.1392,198648.1165,23.0,3,1,0,711.9117,2232.0013
2245,89,11.6148,84358.6638,264484.4518,25.0,2,0,0,947.8502,2971.7354
2246,89,11.6848,73783.2202,231327.6785,27.0,2,0,0,829.0249,2599.1874
2247,89,11.6022,84755.9055,265729.5997,25.0,2,1,1,952.3135,2985.7258
2248,89,11.3466,65765.04,206188.2318,0.0,0,0,0,738.933,2316.7217
2249,89,11.2239,74979.641,235078.2037,0.0,0,0,0,842.4679,2641.3281
2250,90,11.0364,69163.2123,216841.9091,1.0,2,1,0,768.4801,2409.3545
2251,90,11.1734,80594.4287,252681.8202,3.0,2,0,0,895.4937,2807.5758
2252,90,11.2543,74529.6638,233667.3963,5.0,2,0,0,828.1074,2596.3044
2253,91,11.2133,80798.5188,253321.8326,7.0,3,1,0,887.8958,2783.7564
2254,90,11.3482,75333.2943,236186.4738,9.0,2,0,1,837.0366,2624.2942
2255,90,11.5491,81129.1342,254358.309,11.0,2,0,0,901.4348,2826.2034
2256,91,11.6331,81541.6802,255652.2283,6.0,2,1,0,896.0624,2809.3651
2257,91,11.6738,76846.3566,240931.4175,7.0,1,0,0,844.4655,2647.598
2258,91,11.6846,73218.6348,229557.2069,8.0,1,0,0,804.6004,2522.6067
2259,92,11.5637,72626.189,227699.7864,9.0,2,1,0,789.4151,2474.9977
2260,92,11.6255,73549.5044,230593.883,10.0,1,0,0,799.4511,2506.4552
2261,92,11.6041,72603.1553,227627.3216,12.0,2,0,0,789.1647,2474.21
2262,93,11.4696,69906.5014,219172.798,0.0,1,1,0,751.6828,2356.6968
2263,92,11.6577,87723.2463,275032.5416,0.0,0,0,1,953.5135,2989.4841
2264,92,11.5243,69648.9301,218364.9894,0.0,0,0,0,757.0536,2373.5325
2265,92,11.1738,67997.4632,213187.1562,0.0,1,1,1,739.1029,2317.2517
2266,92,11.049,69545.6569,218041.3882,2.0,2,0,0,755.9311,2370.0151
2267,92,10.7425,66905.6629,209764.2725,2.0,1,0,0,727.2355,2280.0464
2268,93,10.6788,86748.8137,271976.9347,4.0,3,1,0,932.7829,2924.4832
2269,93,10.68,83512.8327,261831.4867,6.0,2,0,0,897.9874,2815.3923
2270,93,10.4988,77621.5093,243360.7474,9.0,3,0,0,834.6399,2616.7822
2271,94,10.6283,91005.85,285324.0192,15.0,7,1,0,968.1473,3035.3619
2272,94,10.8347,89655.633,281090.9691,21.0,6,0,0,953.7833,2990.3295
2273,94,10.9262,86781.816,272080.4832,23.0,5,0,0,923.2108,2894.4732
2274,95,10.6924,77596.1124,243280.757,21.0,5,1,0,816.8012,2560.8501
2275,95,10.6718,75575.271,236945.1922,25.0,4,0,0,795.5292,2494.1599
2276,95,10.394,73987.4331,231967.2019,6.0,1,0,0,778.8151,2441.76
2277,96,10.2265,83836.6826,262846.5427,8.0,3,1,0,873.2988,2737.9848
2278,96,10.249,79140.3309,248123.1223,9.0,2,0,0,824.3784,2584.6159
2279,95,10.5042,93668.1116,293670.2981,11.0,2,0,1,985.9801,3091.2663
2280,96,10.4532,80514.8314,252432.0596,15.0,5,1,0,838.6962,2629.5006
2281,96,10.2618,76751.1024,240631.7539,19.0,4,0,0,799.4907,2506.5808
2282,96,10.283,83534.3661,261899.1281,23.0,4,0,0,870.1496,2728.1159
2283,97,10.3353,89479.3746,280537.5226,27.0,5,1,0,922.4678,2892.1394
2284,96,10.6992,89046.6794,279181.7361,10.0,2,0,1,927.5696,2908.1431
2285,96,10.9906,96999.6663,304116.6536,6.0,1,0,0,1010.4132,3167.8818
2286,96,11.0235,99058.0104,310570.5084,7.0,2,1,1,1031.8543,3235.1095
2287,95,11.2013,89367.5737,280188.5063,1.0,1,0,1,940.7113,2949.3527
2288,95,11.507,97821.7546,306694.8155,2.0,1,0,0,1029.7027,3228.3665
2289,95,11.6678,105953.3959,332189.3211,3.0,2,1,1,1115.2989,3496.7297
2290,95,11.7361,87893.5941,275567.0046,4.0,1,0,0,925.1957,2900.7053
2291,95,11.8198,80133.8235,251237.9416,5.0,1,0,0,843.5139,2644.6099
2292,96,11.7608,90424.0193,283500.7924,6.0,2,1,0,941.9169,2953.1333
2293,96,11.73,70109.6924,219810.1011,7.0,1,0,0,730.3093,2289.6886
2294,95,12.0558,98076.9329,307494.6088,8.0,1,0,1,1032.3888,3236.7854
2295,96,12.0575,79230.198,248404.9631,9.0,2,1,0,825.3146,2587.5517
2296,96,12.1344,82906.4534,259930.9564,10.0,1,0,0,863.6089,2707.6141
2297,96,12.1638,80520.4579,252450.3344,11.0,1,0,0,838.7548,2629.691
2298,96,12.0837,82700.8962,259286.2558,12.0,2,1,1,861.4677,2700.8985
2299,95,12.1719,84490.6875,264898.7735,0.0,0,0,1,889.3757,2788.4081
2300,94,12.131,79948.815,250658.5871,0.0,0,0,1,850.5193,2666.5807
2301,95,11.807,75011.9008,235179.3891,0.0,1,1,0,789.599,2475.5725
2302,95,11.733,76803.8655,240797.1414,1.0,1,0,0,808.4617,2534.7068
2303,95,11.7684,79535.5954,249362.2925,2.0,1,0,0,837.2168,2624.8662
2304,95,11.6352,82533.3799,258760.6763,3.0,2,1,1,868.7724,2723.7966
2305,95,11.5174,76168.5379,238806.1632,5.0,2,0,0,801.7741,2513.7491
2306,95,11.3581,76060.6686,238467.695,7.0,2,0,0,800.6386,2510.1863
2307,96,11.1287,76716.6689,240523.7632,11.0,5,1,0,799.132,2505.4559
2308,95,11.1678,85295.1001,267419.6298,15.0,4,0,1,897.8432,2814.9435
2309,95,11.359,90336.3022,283224.912,20.0,5,0,0,950.9084,2981.3149
2310,96,11.2066,73953.1169,231859.1639,26.0,7,1,0,770.345,2415.1996
2311,95,11.1618,76384.4749,239481.8928,25.0,5,0,1,804.0471,2520.862
2312,93,11.1422,74691.2199,234173.6944,30.0,5,0,2,803.1314,2517.9967
2313,94,10.9569,72957.0255,228736.4064,32.0,5,1,0,776.1386,2433.366
2314,94,11.0772,84106.674,263693.3045,37.0,5,0,0,894.7519,2805.2479
2315,94,11.1362,83109.0483,260564.8746,41.0,5,0,0,884.1388,2771.9668
2316,95,11.0148,79074.3106,247914.4014,35.0,6,1,0,832.3612,2609.6253
2317,95,11.1661,91699.1159,287497.5438,30.0,3,0,0,965.2539,3026.2899
2318,94,11.0488,69823.0376,218910.2598,34.0,4,0,1,742.7983,2328.8326
2319,95,10.9108,79621.4777,249631.0945,38.0,5,1,0,838.1208,2627.6957
2320,95,10.993,79751.356,250038.1624,33.0,2,0,0,839.488,2631.9807
2321,95,11.1044,76672.5853,240385.2142,1.0,1,0,0,807.0798,2530.3707
2322,96,11.0627,81717.7786,256203.8039,2.0,2,1,0,851.2269,2668.7896
2323,96,11.1812,83892.5509,263022.4625,3.0,1,0,0,873.8807,2739.8173
2324,96,11.1426,79505.7761,249268.8721,5.0,2,0,0,828.1852,2596.5508
2325,97,10.9169,88310.2493,276873.489,7.0,3,1,0,910.4149,2854.3659
2326,97,11.061,88797.2334,278399.9455,10.0,3,0,0,915.4354,2870.1025
2327,96,11.1901,80464.8341,252275.3574,14.0,4,0,1,838.1754,2627.8683
2328,97,11.0468,79228.03,248397.7288,18.0,5,1,0,816.7838,2560.8013
2329,97,10.9511,79463.7306,249136.4552,13.0,3,0,0,819.2137,2568.4171
2330,96,10.9704,83915.0445,263092.6995,7.0,1,0,1,874.115,2740.549
2331,97,10.8364,80333.7856,251864.4434,8.0,2,1,0,828.1834,2596.5407
2332,97,10.7432,80620.2842,252762.6445,10.0,2,0,0,831.137,2605.8005
2333,97,10.7805,88713.8564,278138.2269,13.0,3,0,0,914.5758,2867.4044
2334,98,10.6689,86820.5728,272202.0164,17.0,5,1,0,885.9242,2777.5716
2335,98,10.7102,81306.6553,254914.2704,23.0,6,0,0,829.6597,2601.166
2336,97,10.7859,89732.6772,281332.1858,16.0,5,0,1,925.0791,2900.3318
2337,97,10.757,84019.8142,263420.126,22.0,7,1,1,866.1837,2715.6714
2338,97,10.7072,76692.7,240447.5573,28.0,6,0,0,790.6464,2478.8408
2339,97,10.5097,68705.4555,215406.3172,35.0,7,0,0,708.3037,2220.6837
2340,96,10.3789,80116.0576,251181.4008,42.0,8,1,2,834.5423,2616.4729
2341,94,10.4441,83687.6738,262378.9991,50.0,8,0,2,890.2944,2791.2659
2342,94,10.4077,76362.2104,239410.8649,40.0,7,0,0,812.3639,2546.9241
2343,95,10.2582,71862.817,225305.1266,45.0,8,1,0,756.4507,2371.6329
2344,94,10.36,72685.6641,227884.9314,38.0,5,0,1,773.2517,2424.3078
2345,94,10.4363,80179.0402,251378.9937,43.0,5,0,0,852.9685,2674.2446
2346,95,10.0965,66718.8891,209177.6477,48.0,6,1,0,702.3041,2201.87
2347,95,10.2885,96252.4442,301773.5087,53.0,5,0,0,1013.1836,3176.5632
2348,94,10.1253,79345.6237,248766.3619,60.0,7,0,1,844.1024,2646.4507
2349,92,9.9463,76399.5251,239528.8053,68.0,9,1,3,830.4296,2603.574
2350,90,10.0435,80978.2019,253884.0348,35.0,6,0,2,899.7578,2820.9337
2351,90,10.1587,77585.8948,243248.4572,35.0,4,0,0,862.0655,2702.7606
2352,91,10.0209,75032.5974,235242.6584,39.0,5,1,0,824.534,2585.0842
2353,91,10.1797,80737.1415,253128.7051,44.0,5,0,0,887.2213,2781.6341
2354,91,10.3499,82546.1317,258800.6793,48.0,5,0,0,907.1003,2843.9635
2355,92,10.3367,71539.425,224291.8893,31.0,5,1,0,777.6024,2437.9553
2356,91,10.6271,89391.818,280263.7096,20.0,3,0,1,982.3277,3079.821
2357,91,10.8145,85773.2542,268918.848,23.0,3,0,0,942.5632,2955.1522
2358,92,10.7849,85865.8618,269208.5384,16.0,3,1,0,933.3246,2926.1798
2359,91,10.7158,78350.9801,245648.303,18.0,2,0,1,860.9998,2699.4319
2360,91,10.6669,77937.9202,244352.594,20.0,2,0,0,856.4607,2685.1933
2361,91,10.6365,77760.3619,243796.209,23.0,4,1,1,854.5095,2679.0792
2362,91,10.6009,77145.9834,241869.7939,27.0,4,0,0,847.7581,2657.9098
2363,91,10.645,78026.4538,244630.5818,31.0,4,0,0,857.4336,2688.2482
2364,92,10.532,73926.7407,231776.6506,36.0,6,1,0,803.5515,2519.3114
2365,92,10.6789,84374.2922,264532.2959,42.0,6,0,0,917.1119,2875.351
2366,92,10.7117,79008.3934,247709.3999,24.0,3,0,0,858.7869,2692.4935
2367,93,10.5056,73508.1266,230464.3666,27.0,4,1,0,790.41,2478.1115
2368,93,10.5656,78077.0838,244789.1733,9.0,2,0,0,839.5385,2632.1416
2369,93,10.6676,76946.2408,241244.0173,5.0,1,0,0,827.3789,2594.0217
2370,89,10.473,80132.2559,251232.7112,7.0,3,1,5,900.3624,2822.8395
2371,89,10.636,87121.1005,273145.1283,10.0,3,0,0,978.8888,3069.0464
2372,88,10.8272,78630.6652,246524.4282,13.0,3,0,1,893.5303,2801.414
2373,88,11.0596,93299.4591,292515.3462,16.0,4,1,1,1060.2211,3324.038
2374,87,11.4333,95904.6473,300683.6174,9.0,2,0,1,1102.3523,3456.1335
2375,86,11.4245,66195.3502,207537.6918,11.0,2,0,1,769.7134,2413.229
2376,86,11.4063,81888.849,256740.5135,13.0,3,1,1,952.1959,2985.3548
2377,86,11.4095,72567.4161,227515.5824,15.0,2,0,0,843.8072,2645.53
2378,86,11.3493,76958.2501,241282.4187,17.0,2,0,0,894.8634,2805.6095
2379,87,11.1155,65343.4361,204866.3811,20.0,4,1,0,751.074,2354.786
2380,87,11.0301,65873.1,206526.1061,14.0,4,0,0,757.1621,2373.8633
2381,86,11.2294,76047.1198,238424.7008,7.0,3,0,1,884.2688,2772.3802
2382,87,11.2719,75542.9611,236843.9445,11.0,5,1,0,868.3099,2722.3442
2383,87,11.4092,73955.1091,231866.2061,11.0,3,0,0,850.0587,2665.1288
2384,87,11.2931,62223.2395,195083.2277,14.0,3,0,0,715.2096,2242.336
2385,87,11.1425,73064.3988,229073.7804,13.0,3,1,1,839.8207,2633.032
2386,86,11.2178,83919.6416,263107.7145,15.0,2,0,1,975.8098,3059.392
2387,86,11.037,65979.0372,206858.3454,19.0,4,0,0,767.1981,2405.3296
2388,86,10.9531,75857.0785,237828.645,23.0,6,1,1,882.0591,2765.4494
2389,85,10.9857,71834.5647,225217.3157,18.0,5,0,1,845.1125,2649.6155
2390,85,11.0823,88133.0044,276317.456,8.0,3,0,0,1036.8589,3250.7936
2391,86,10.875,72786.14,228200.9305,4.0,2,1,0,846.3505,2653.4992
2392,86,10.9424,74315.0258,232994.6276,0.0,0,0,0,864.1282,2709.2399
2393,86,11.0421,86049.1943,269784.4513,1.0,1,0,0,1000.572,3137.0285
2394,87,10.9837,76294.6746,239201.6157,3.0,3,1,0,876.9503,2749.4439
2395,87,11.0866,85656.1267,268551.7087,5.0,2,0,0,984.5532,3086.8012
2396,87,11.0217,63900.4024,200341.7623,7.0,2,0,0,734.4874,2302.7789
2397,86,11.0182,75683.959,237286.4751,9.0,2,0,1,880.046,2759.1451
2398,86,11.0538,81532.2417,255622.3437,13.0,5,1,1,948.0493,2972.3528
2399,85,11.0845,74578.2055,233819.4585,17.0,4,0,1,877.3907,2750.8172
2400,85,10.7574,64063.795,200853.9273,14.0,4,1,1,753.6917,2362.9874
2401,84,10.8791,88054.7697,276071.9489,18.0,4,0,1,1048.2711,3286.5708
2402,84,10.6667,62838.4039,197012.0064,13.0,4,0,0,748.0762,2345.381
2403,85,10.4291,69338.8468,217392.2464,16.0,6,1,0,815.7511,2557.5558
2404,85,10.4108,72580.2917,227555.5601,21.0,5,0,0,853.8858,2677.1242
2405,85,10.4626,75540.3567,236835.0671,26.0,5,0,0,888.7101,2786.2949
2406,85,10.6364,85056.8966,266672.9839,33.0,7,0,0,1000.6694,3137.3292
2407,85,10.6845,76588.6287,240123.1704,40.0,7,0,0,901.0427,2824.9785
2408,85,10.6442,77610.8976,243328.3431,25.0,6,1,1,913.0694,2862.6864
2409,86,10.5001,72173.9348,226280.454,30.0,6,1,0,839.2318,2631.1681
2410,86,10.6198,74501.917,233580.1808,20.0,5,0,0,866.3014,2716.0486
2411,86,10.5288,61424.1273,192577.5962,17.0,3,0,0,714.234,2239.2744
2412,87,10.4103,72465.9978,227197.27,11.0,4,1,0,832.9425,2611.4629
2413,86,10.4852,83211.4238,260886.5657,12.0,2,0,1,967.5747,3033.5647
2414,86,10.3508,63188.301,198108.6504,15.0,3,0,0,734.7477,2303.589
2415,87,10.3666,79940.8294,250632.3672,19.0,5,1,0,918.8601,2880.8318
2416,87,10.3763,67683.899,212203.334,16.0,3,0,0,777.9759,2439.1188
2417,86,10.6311,80385.1615,252025.7857,19.0,3,0,1,934.7112,2930.5324
2418,87,10.6734,74331.2285,233044.9497,23.0,5,1,0,854.3819,2678.6776
2419,87,10.9001,87853.0079,275440.282,27.0,4,0,0,1009.8047,3165.9803
2420,87,11.1119,83017.4176,260278.7182,31.0,4,0,0,954.2232,2991.7094
2421,87,11.1364,83809.3038,262761.3601,35.0,5,1,1,963.3253,3020.2455
2422,87,10.9567,71465.2285,224059.8645,39.0,4,0,0,821.4394,2575.4007
2423,87,10.8977,76880.9428,241039.38,43.0,4,0,0,883.689,2770.5676
2424,88,10.8015,81295.2365,254878.6461,48.0,6,1,0,923.8095,2896.3483
2425,88,10.9232,75537.3591,236826.2421,41.0,4,0,0,858.3791,2691.2073
2426,88,11.1413,88544.0344,277605.4203,45.0,4,0,0,1006.1822,3154.607
2427,89,10.9207,71182.3138,223172.1645,50.0,6,1,0,799.8013,2507.5524
2428,88,11.0093,84703.3622,265563.9482,55.0,5,0,1,962.5382,3017.7721
2429,88,10.9326,72359.6348,226863.5183,61.0,6,0,0,822.2686,2577.9945
2430,89,10.7016,76185.5931,238858.5063,67.0,7,1,0,856.0179,2683.8034
2431,89,10.6967,79221.3779,248375.9874,73.0,6,0,0,890.1278,2790.7414
2432,89,10.7072,64685.2869,202801.9504,44.0,5,0,0,726.801,2278.6736
2433,89,10.702,71247.5489,223376.473,30.0,5,1,1,800.5343,2509.848
2434,88,10.8694,70387.1806,220678.7481,17.0,3,0,1,799.8543,2507.713
2435,86,11.1398,71095.9025,222901.5595,20.0,3,0,2,826.6965,2591.8786
2436,86,11.1902,76764.3908,240673.7891,18.0,3,1,1,892.6092,2798.5324
2437,84,11.2347,75983.0605,238224.8317,20.0,2,0,2,904.5602,2836.0099
2438,84,11.339,89971.1973,282081.6096,22.0,2,0,0,1071.0857,3358.1144
2439,85,11.0154,74213.432,232676.289,26.0,5,1,0,873.0992,2737.3681
2440,85,10.972,74101.8175,232326.1678,18.0,3,0,0,871.7861,2733.249
2441,85,10.788,70433.8332,220826.2168,21.0,3,0,0,828.6333,2597.9555
2442,86,10.5258,65663.0557,205868.0257,21.0,4,1,0,763.5239,2393.8143
2443,86,10.5006,68568.8413,214978.4487,24.0,3,0,0,797.3121,2499.7494
2444,86,10.6405,88629.2563,277873.1419,23.0,4,0,0,1030.5727,3231.083
2445,86,10.7441,81884.6676,256726.7725,27.0,5,1,1,952.1473,2985.195
2446,86,10.7515,73145.0069,229325.7075,31.0,4,0,0,850.5233,2666.578
2447,86,10.7234,74833.7912,234621.0297,36.0,5,0,0,870.1604,2728.1515
2448,86,10.6595,66754.318,209289.2516,18.0,4,0,0,776.213,2433.5959
2449,85,10.8946,80979.0514,253887.3396,12.0,2,0,1,952.6947,2986.9099
2450,86,11.0621,79987.9988,250780.7065,8.0,3,1,0,930.093,2916.0547
2451,87,11.1208,75580.925,236963.5046,8.0,2,1,0,868.7463,2723.7184
2452,86,11.4215,84790.0914,265836.6191,9.0,1,0,1,985.9313,3091.1235
2453,86,11.634,73487.9036,230401.2106,10.0,1,0,0,854.5105,2679.0838
2454,87,11.6279,79159.8347,248184.7476,11.0,2,1,0,909.8832,2852.6982
2455,86,11.6894,72646.2617,227762.5567,12.0,1,0,1,844.724,2648.4018
2456,86,11.6227,68534.6738,214872.002,13.0,1,0,0,796.9148,2498.5117
2457,87,11.3377,68509.8075,214793.6068,14.0,2,1,0,787.4691,2468.892
2458,87,11.2072,64116.8453,201020.104,15.0,1,0,0,736.9752,2310.5759
2459,87,11.1091,64110.6397,201000.3667,17.0,2,0,0,736.9039,2310.349
2460,87,10.9985,71460.167,224042.7522,21.0,5,1,1,821.3812,2575.204
2461,86,10.9349,60726.225,190389.6043,23.0,3,0,1,706.1189,2213.8326
2462,86,10.8458,70354.5552,220576.5773,27.0,4,0,0,818.0762,2564.8439
2463,87,10.8261,72228.3663,226451.2473,31.0,5,1,0,830.2111,2602.8879
2464,86,10.921,71224.0382,223302.771,35.0,4,0,1,828.1865,2596.5438
2465,86,10.866,63147.9504,197982.4457,32.0,3,0,0,734.2785,2302.1215
2466,87,10.6108,69000.5228,216331.2199,12.0,3,1,0,793.1095,2486.5657
2467,87,10.6672,77745.0372,243747.9296,14.0,2,0,0,893.6211,2801.7003
2468,87,10.764,75715.3818,237384.5624,9.0,1,0,0,870.2917,2728.5582
2469,88,10.7926,80306.7155,251780.1521,11.0,3,1,0,912.5763,2861.1381
2470,88,11.0232,83607.8068,262129.6742,13.0,2,0,0,950.0887,2978.7463
2471,88,10.9359,69240.0584,217083.1325,15.0,2,0,0,786.8188,2466.8538
2472,89,10.8648,77290.1024,242321.6357,17.0,3,1,0,868.4281,2722.715
2473,88,10.9758,77813.4337,243963.3483,19.0,2,0,1,884.2436,2772.3108
2474,88,10.9398,82800.2265,259598.1225,22.0,3,0,0,940.9117,2949.9787
2475,88,10.8016,74646.6105,234033.7131,25.0,4,1,1,848.2569,2659.474
2476,87,10.8641,73333.8429,229917.6048,29.0,4,0,1,842.9177,2642.7311
2477,87,10.9227,70144.4311,219917.8112,33.0,4,0,0,806.2578,2527.7909
2478,88,10.9868,81722.1046,256217.3379,38.0,6,1,0,928.6603,2911.5607
2479,88,11.1038,79815.9584,250241.1975,37.0,4,0,0,906.9995,2843.65
2480,87,11.3204,80527.0008,252470.6564,5.0,1,0,1,925.5977,2901.9616
2481,87,11.1187,65427.9961,205131.348,6.0,2,1,1,752.0459,2357.8316
2482,87,11.0996,67817.2285,212622.0651,7.0,1,0,0,779.5084,2443.9318
2483,87,11.2217,69566.0556,218105.4005,8.0,1,0,0,799.6098,2506.9586
2484,88,11.1916,78806.3679,247076.1101,0.0,1,1,0,895.5269,2807.6831
2485,87,11.2576,68123.8342,213583.9486,0.0,0,0,1,783.0326,2454.9879
2486,87,11.2211,70042.3778,219598.5453,0.0,0,0,0,805.0848,2524.1212
2487,88,11.1532,72639.5648,227741.7114,0.0,1,1,0,825.4496,2587.974
2488,88,11.0124,66359.3927,208051.8034,0.0,0,0,0,754.084,2364.225
2489,87,10.9829,74554.516,233745.4569,0.0,0,0,1,856.9485,2686.7294
2490,88,10.7585,69385.0551,217538.0799,1.0,2,1,0,788.4665,2472.0236
2491,88,10.7754,77200.3666,242040.8506,2.0,1,0,0,877.2769,2750.4642
2492,88,10.8489,78085.3412,244815.5167,4.0,2,0,0,887.3334,2781.9945
2493,88,10.5572,66287.1318,207824.6295,6.0,3,1,1,753.2629,2361.6435
2494,88,10.3235,64575.3845,202457.8543,9.0,3,0,0,733.8112,2300.6574
2495,87,10.2131,64250.2721,201438.2304,13.0,4,0,1,738.5089,2315.382
2496,88,10.2307,77845.015,244061.493,11.0,5,1,0,884.6024,2773.4261
2497,87,10.3517,80615.7457,252748.3587,15.0,4,0,1,926.6178,2905.1535
2498,87,10.5093,70486.1672,220989.8423,9.0,2,0,0,810.1858,2540.1131
2499,87,10.392,71463.8512,224055.007,12.0,4,1,1,821.4236,2575.3449
2500,86,10.2821,62189.1645,194975.9723,9.0,2,0,1,723.1298,2267.1625
2501,85,10.256,70119.0318,219838.353,11.0,2,0,1,824.9298,2586.3336
2502,85,10.2452,81819.4469,256522.3647,15.0,5,1,1,962.5817,3017.9102
2503,85,10.5006,80841.1602,253455.7551,19.0,4,0,0,951.0725,2981.8324
2504,85,10.6698,74489.8794,233542.7353,12.0,3,0,0,876.3515,2747.5616
2505,86,10.6711,77811.6494,243957.3962,15.0,4,1,0,904.7866,2836.7139
2506,86,10.8431,85035.8864,266606.7156,18.0,3,0,0,988.7894,3100.0781
2507,86,10.7483,67664.1997,212142.5089,7.0,2,0,0,786.793,2466.7734
2508,86,10.6479,70502.5244,221041.0845,2.0,2,1,1,819.7968,2570.2452
2509,86,10.7825,84052.7221,263524.4502,3.0,1,0,0,977.3572,3064.2378
2510,86,10.8352,72790.8247,228215.5386,4.0,1,0,0,846.4049,2653.6691
2511,86,10.9041,81494.2299,255502.8748,6.0,3,1,1,947.6073,2970.9637
2512,85,10.7073,67583.098,211888.3138,8.0,2,0,1,795.0953,2492.8037
2513,85,10.514,65459.4757,205230.0051,10.0,2,0,0,770.1115,2414.4706
2514,85,10.1951,62198.9361,195007.08,12.0,3,1,1,731.7522,2294.2009
2515,85,10.2377,74015.5437,232054.1491,14.0,2,0,0,870.7711,2730.0488
2516,85,10.4541,77394.6079,242649.1718,16.0,2,0,0,910.5248,2854.6961
2517,86,10.333,66765.0828,209323.0729,19.0,4,1,0,776.3382,2433.9892
2518,86,10.5125,84315.1257,264347.7124,22.0,3,0,0,980.4084,3073.8106
2519,86,10.6877,85751.6998,268851.6413,25.0,3,0,0,997.1128,3126.1819
2520,87,10.7392,82094.1894,257384.2641,18.0,3,1,0,943.6114,2958.4398
2521,87,10.8727,76494.0875,239826.8383,20.0,2,0,0,879.2424,2756.6303
2522,85,10.911,73877.2386,231622.3457,7.0,2,0,2,869.144,2724.9688
2523,86,10.9636,79682.3464,249822.4551,7.0,2,1,0,926.5389,2904.9123
2524,85,10.9227,65234.5798,204525.2787,8.0,1,0,1,767.4656,2406.1797
2525,85,10.7046,55552.8255,174170.4304,9.0,1,0,0,653.5627,2049.0639
2526,86,10.6676,72359.5491,226863.5738,10.0,2,1,0,841.3901,2637.9485
2527,86,10.6801,74792.6824,234492.2125,11.0,1,0,0,869.6824,2726.6536
2528,85,10.8205,83185.2907,260805.6677,13.0,2,0,1,978.6505,3068.302
2529,86,10.7878,79060.665,247873.0296,15.0,3,1,0,919.3101,2882.2445
2530,85,10.7606,67949.6414,213037.2895,18.0,3,0,1,799.4075,2506.3211
2531,84,10.6169,68290.837,214106.9256,21.0,3,0,1,812.9862,2548.892
2532,84,10.3885,61619.6447,193190.4831,24.0,4,1,1,733.5672,2299.8867
2533,84,10.1856,62406.2715,195657.2885,28.0,4,0,0,742.9318,2329.2534
2534,84,10.1302,63399.5837,198771.3283,2.0,1,0,0,754.7569,2366.3253
2535,85,10.0252,69208.1335,216982.3059,4.0,3,1,0,814.2133,2552.733
2536,85,10.1042,66630.1192,208899.8212,6.0,2,0,0,783.8838,2457.645
2537,85,10.4559,88346.9543,276987.9984,9.0,3,0,0,1039.3759,3258.6823
2538,86,10.6869,99203.2925,311026.1331,10.0,3,1,0,1153.5267,3616.5829
2539,85,10.9352,91199.5186,285932.6397,12.0,2,0,1,1072.9355,3363.9134
2540,84,10.8356,70462.2206,220915.5451,14.0,2,0,1,838.836,2629.947
2541,85,10.725,76022.7132,238348.752,16.0,3,1,0,894.3849,2804.103
2542,85,10.8634,84206.1736,264005.7959,19.0,3,0,0,990.6609,3105.9505
2543,85,10.9931,77145.7648,241869.2684,23.0,4,0,0,907.5972,2845.5208
2544,86,10.9697,74610.9607,233921.6798,15.0,4,1,0,867.5693,2720.0195
2545,85,10.9688,68177.1559,213750.4034,18.0,3,0,1,802.0842,2514.7106
2546,83,10.8458,63719.8476,199775.6066,18.0,3,0,2,767.709,2406.935
2547,84,10.7351,71200.8735,223230.5774,21.0,4,1,0,847.6294,2657.5069
2548,84,10.6755,60607.1865,190016.1232,24.0,3,0,0,721.5141,2262.0967
2549,83,10.7825,69177.4992,216886.4549,27.0,3,0,1,833.4638,2613.0898
2550,84,10.5087,64554.148,202391.0939,30.0,4,1,0,768.5018,2409.4178
2551,84,10.4981,66034.0589,207030.9706,34.0,4,0,0,786.1197,2464.6544
2552,84,10.6307,72056.3869,225912.682,9.0,2,0,0,857.8141,2689.4367
2553,85,10.721,82605.2624,258986.415,9.0,3,1,0,971.8266,3046.899
2554,85,11.0269,76146.0836,238735.0,9.0,1,0,0,895.8363,2808.6471
2555,85,11.0491,69684.8646,218478.1331,10.0,1,0,0,819.8219,2570.331
2556,86,10.8194,68522.8241,214834.912,11.0,2,1,0,796.777,2498.0804
2557,86,10.7983,67412.7145,211354.2427,14.0,3,0,0,783.8688,2457.6075
2558,86,10.8702,75976.8689,238204.849,17.0,3,0,0,883.452,2769.8238
2559,87,10.8771,80034.5459,250926.6361,20.0,4,1,0,919.9373,2884.2142
2560,87,10.9475,80685.7999,252968.8371,23.0,3,0,0,927.423,2907.6878
2561,87,10.9601,70816.3535,222025.137,26.0,3,0,0,813.9811,2552.0131
2562,87,11.0881,89754.0238,281399.5281,29.0,4,1,1,1031.6554,3234.4773
2563,87,11.1632,77190.3345,242009.3356,32.0,3,0,0,887.2452,2781.7165
2564,86,11.2099,75870.5086,237870.7522,35.0,3,0,1,882.2152,2765.939
2565,87,11.1044,67087.0892,210332.269,38.0,4,1,0,771.116,2417.6123
2566,87,11.2606,75747.3778,237484.6495,41.0,3,0,0,870.6595,2729.7086
2567,87,11.218,65995.2461,206909.7642,44.0,3,0,0,758.566,2378.2732
2568,87,11.2004,78696.3402,246730.5767,0.0,1,1,1,904.5556,2835.9836
2569,87,11.1328,60635.701,190106.1068,0.0,0,0,0,696.9621,2185.1277
2570,86,11.0369,65750.6344,206143.5126,0.0,0,0,1,764.5423,2397.0176
2571,87,10.9286,71956.0203,225598.7557,0.0,1,1,0,827.0807,2593.0891
2572,87,10.8724,75838.8097,237771.9346,0.0,0,0,0,871.7105,2733.0107
2573,86,10.8299,64989.9315,203757.8366,0.0,0,0,1,755.6969,2369.2772
2574,87,10.7357,76244.3091,239042.7997,2.0,3,1,0,876.3714,2747.6184
2575,87,10.6408,74070.6673,232228.4709,4.0,2,0,0,851.387,2669.2928
2576,87,10.58,69227.0237,217041.919,6.0,2,0,0,795.7129,2494.7347
2577,88,10.3742,74569.8435,233792.8108,10.0,5,1,0,847.3846,2656.7365
2578,88,10.2268,58359.3781,182969.0561,14.0,4,0,0,663.1748,2079.1938
2579,87,10.3966,86312.9282,270610.8445,18.0,4,0,1,992.1026,3110.4695
2580,87,10.331,75499.6768,236708.3633,15.0,4,1,1,867.8124,2720.7858
2581,86,10.7015,89187.6402,279623.7819,19.0,4,0,1,1037.0656,3251.4393
2582,86,10.8009,75056.1061,235316.9146,21.0,3,0,0,872.7454,2736.2432
2583,87,10.7724,77084.4541,241676.6511,24.0,4,1,0,886.0282,2777.8925
2584,86,10.8885,71385.7646,223810.504,17.0,3,0,1,830.067,2602.4477
2585,86,10.6958,59243.6421,185741.2491,20.0,3,0,0,688.8796,2159.782
2586,87,10.6209,80895.2861,253625.2642,20.0,3,1,0,929.8309,2915.2329
2587,86,10.5917,75151.5367,235617.0964,22.0,2,0,1,873.8551,2739.7337
2588,86,10.5798,70252.208,220256.4584,1.0,1,0,0,816.8861,2561.1216
2589,87,10.4626,73510.6664,230472.1988,3.0,3,1,0,844.9502,2649.1057
2590,86,10.623,80631.2123,252796.613,7.0,4,0,1,937.5722,2939.4955
2591,86,10.7749,79064.5357,247885.6658,6.0,2,0,0,919.3551,2882.3915
2592,87,10.8636,85593.1683,268353.7014,9.0,4,1,0,983.8295,3084.5253
2593,86,10.7961,69511.5153,217933.8834,12.0,3,0,1,808.2734,2534.1149
2594,86,10.9236,76652.7921,240323.5516,12.0,2,0,0,891.3115,2794.4599
2595,87,10.6875,68393.6453,214429.7785,14.0,3,1,0,786.1339,2464.7101
2596,87,10.6712,71304.9434,223556.8877,16.0,2,0,0,819.5971,2569.6194
2597,87,10.854,77443.484,242803.0386,18.0,2,0,0,890.155,2790.8395
2598,88,10.9212,76951.3786,241259.778,20.0,3,1,0,874.4475,2741.5884
2599,87,11.1263,86319.8809,270633.0998,22.0,2,0,1,992.1825,3110.7253
2600,86,11.275,73954.7525,231864.9437,13.0,1,0,1,859.939,2696.104
2601,87,11.2147,81263.6819,254780.1543,15.0,3,1,0,934.0653,2928.5075
2602,87,11.249,71673.6831,224714.0187,17.0,2,0,0,823.8354,2582.9198
2603,86,11.2407,75168.6189,235670.6231,19.0,2,0,1,874.0537,2740.3561
2604,86,11.0252,71301.3299,223546.1272,21.0,3,1,1,829.0852,2599.3736
2605,86,11.0651,70231.0647,220190.2279,23.0,2,0,0,816.6403,2560.3515
2606,85,11.0426,68179.0577,213756.0098,25.0,2,0,1,802.1066,2514.7766
2607,86,11.0942,75525.3948,236788.6082,27.0,3,1,0,878.2023,2753.3559
2608,86,11.2347,76708.0229,240497.2005,9.0,2,0,0,891.9538,2796.4791
2609,84,11.3487,70622.7144,221418.8206,0.0,0,0,2,840.7466,2635.9383
2610,84,11.0748,61424.4239,192579.524,0.0,1,1,1,731.2431,2292.6134
2611,84,11.2102,76227.7663,238991.5149,1.0,1,0,0,907.4734,2845.1371
2612,84,11.3938,78179.8505,245111.5468,2.0,1,0,0,930.7125,2917.9946
2613,84,11.3136,65385.6489,204998.6997,3.0,2,1,1,778.4006,2440.4607
2614,84,11.4919,76828.614,240876.229,4.0,1,0,0,914.6264,2867.5742
2615,84,11.4134,71448.3787,224007.3935,5.0,1,0,0,850.5759,2666.7547
2616,85,11.4204,84009.9165,263391.2167,0.0,1,1,0,988.352,3098.7202
2617,85,11.2553,64619.6152,202597.3876,0.0,0,0,0,760.2308,2383.4987
2618,85,11.3244,72777.7408,228174.9946,0.0,0,0,0,856.2087,2684.4117
2619,86,11.1664,72562.6451,227500.1702,0.0,1,1,0,843.7517,2645.3508
2620,86,11.2165,71163.7108,223114.4039,0.0,0,0,0,827.485,2594.3535
2621,86,11.2539,68683.0904,215337.2868,1.0,1,0,0,798.6406,2503.9219
2622,87,11.0796,76170.941,238813.1661,2.0,2,1,0,875.5281,2744.9789
2623,86,11.0994,74285.9921,232902.9341,4.0,2,0,1,863.7906,2708.1737
2624,86,11.0191,67737.9069,212373.7685,6.0,2,0,0,787.6501,2469.4624
2625,87,11.1947,85972.499,269543.2512,8.0,3,1,0,988.1896,3098.1983
2626,87,11.1588,60018.3514,188170.6012,11.0,3,0,0,689.8661,2162.8805
2627,87,11.1606,67791.7114,212542.3138,14.0,3,0,0,779.2151,2443.0151
2628,87,11.0174,65177.2303,204344.8006,17.0,3,0,0,749.1636,2348.7908
2629,87,10.6721,66486.2634,208449.4117,20.0,4,1,1,764.2099,2395.9702
2630,87,10.7156,84321.5774,264366.9911,23.0,3,0,0,969.2135,3038.701
2631,86,10.5102,63755.0524,199886.6846,26.0,4,1,2,741.3378,2324.2638
2632,86,10.4769,74027.9859,232093.7321,19.0,4,0,0,860.7905,2698.7643
2633,86,10.3225,64342.0668,201726.0553,26.0,7,0,0,748.1636,2345.6518
2634,87,10.0176,68761.5133,215581.5103,34.0,9,1,0,790.3622,2477.9484
2635,87,9.9866,64646.928,202681.4228,38.0,7,0,0,743.0681,2329.6715
2636,86,10.0441,71963.1467,225619.6151,34.0,6,0,1,836.7808,2623.4839
2637,87,10.127,78829.1871,247146.2552,35.0,6,1,0,906.0826,2840.7616
2638,86,10.4165,81068.3274,254167.4992,40.0,5,0,1,942.655,2955.436
2639,85,10.4602,69894.6824,219134.8019,45.0,5,0,1,822.2904,2578.0565
2640,86,10.4096,71928.1259,225510.4159,32.0,5,1,0,836.3736,2622.2141
2641,86,10.6799,91224.7512,286010.9785,36.0,4,0,0,1060.7529,3325.7091
2642,85,10.9336,78784.0898,247006.2982,41.0,5,0,1,926.8716,2905.9564
2643,85,10.7788,69424.0934,217659.8664,35.0,5,1,1,816.754,2560.7043
2644,85,10.7925,75713.5979,237379.4142,28.0,3,0,0,890.7482,2792.699
2645,85,10.8455,72135.0337,226159.262,31.0,3,0,0,848.6475,2660.6972
2646,86,10.6788,71593.0082,224460.2835,34.0,4,1,0,832.4768,2610.0033
2647,86,10.737,77924.0508,244309.1382,37.0,3,0,0,906.0936,2840.8039
2648,86,10.7516,72646.303,227762.4104,25.0,4,0,0,844.7245,2648.4001
2649,87,10.7022,69129.2324,216734.7926,21.0,4,1,0,794.5889,2491.2045
2650,87,10.9583,83743.9924,262556.2219,21.0,2,0,0,962.5746,3017.8876
2651,87,11.0228,68379.9229,214386.1913,23.0,2,0,0,785.9761,2464.2091
2652,88,10.901,64798.2501,203156.1419,5.0,2,1,0,736.3438,2308.5925
2653,88,11.0685,76910.3879,241131.0347,7.0,2,0,0,873.9817,2740.1254
2654,88,11.1208,69499.4569,217896.0705,10.0,3,0,0,789.7666,2476.0917
2655,88,11.0949,62563.9013,196151.7769,13.0,3,0,0,710.9534,2228.9975
2656,88,11.1904,81791.812,256436.2466,16.0,3,0,0,929.4524,2914.0483
2657,88,10.9768,59842.7169,187619.8377,9.0,2,0,0,680.0309,2132.0436
2658,88,11.1534,76400.4975,239531.9192,11.0,2,0,0,868.1875,2721.9536
2659,88,11.219,63015.3664,197566.7582,13.0,2,0,0,716.0837,2245.0768
2660,86,11.509,82924.3292,259987.345,16.0,3,0,2,964.2364,3023.1087
2661,88,11.1131,63372.4819,198686.7502,19.0,5,2,0,720.1418,2257.804
2662,88,11.0874,70807.9979,221999.1307,22.0,3,0,0,804.6363,2522.7174
2663,88,11.2145,70093.1132,219757.5719,15.0,3,0,0,796.5127,2497.2451
2664,87,11.1692,82282.2656,257973.7562,7.0,3,1,2,945.7732,2965.2156
2665,87,11.0226,64392.2697,201884.7266,9.0,2,0,0,740.141,2320.5141
2666,86,10.8327,79048.8937,247836.8661,11.0,2,0,1,919.1732,2881.824
2667,87,10.6442,72750.825,228090.2343,13.0,3,1,0,836.2164,2621.7268
2668,87,10.4215,66832.5765,209534.9005,9.0,1,0,0,768.1905,2408.4471
2669,87,10.3305,78493.4725,246095.0274,11.0,2,0,0,902.2238,2828.6785
2670,88,9.9797,69914.249,219196.5286,14.0,4,1,0,794.4801,2490.8696
2671,87,10.0076,79200.0797,248309.7551,20.0,6,0,1,910.3457,2854.1351
2672,86,9.9672,68427.2321,214534.2472,21.0,4,0,1,795.6655,2494.5843
2673,86,9.8826,74987.0096,235100.782,25.0,5,1,1,871.942,2733.73
2674,86,10.0924,77305.5172,242369.4834,26.0,4,0,0,898.9014,2818.2498
2675,86,10.3053,86926.8344,272535.0429,31.0,5,0,0,1010.7771,3169.0121
2676,87,10.3306,86413.0877,270924.2754,36.0,6,1,0,993.2539,3114.0721
2677,87,10.268,67323.854,211074.4408,42.0,6,0,0,773.8374,2426.143
2678,87,10.2955,72033.0727,225839.3561,44.0,6,0,0,827.9664,2595.8547
2679,88,10.2444,73176.2564,229423.3653,47.0,6,1,0,831.5484,2607.0837
2680,88,10.57,82982.1385,260167.5144,22.0,2,0,0,942.9788,2956.449
2681,88,10.6499,78923.2551,247441.7777,24.0,3,1,1,896.8552,2811.8384
2682,89,10.6181,79303.1127,248632.7637,27.0,4,1,0,891.0462,2793.6266
2683,89,10.5487,73523.9702,230513.8758,17.0,2,0,0,826.112,2590.0435
2684,88,10.5519,71617.6636,224537.4333,19.0,2,0,1,813.8371,2551.5617
2685,89,10.579,82459.5946,258528.8303,23.0,5,1,0,926.5123,2904.8183
2686,89,10.641,76738.3527,240591.5566,5.0,3,0,0,862.2287,2703.2759
2687,89,10.7753,78671.9436,246654.6361,8.0,3,0,0,883.9544,2771.4004
2688,89,10.7052,76788.7642,240750.5945,11.0,4,1,1,862.7951,2705.0629
2689,89,10.8792,93608.7334,293485.4231,11.0,3,0,0,1051.7835,3297.589
2690,89,10.9425,75035.0113,235251.603,14.0,3,0,0,843.09,2643.2764
2691,90,10.9823,87696.6732,274949.4031,17.0,4,1,0,974.4075,3054.9934
2692,89,11.1754,93033.3398,291681.3048,21.0,4,0,1,1045.3184,3277.318
2693,89,11.2255,84843.091,266002.7082,26.0,5,0,0,953.2932,2988.7945
2694,89,11.119,79926.0803,250587.1746,31.0,6,1,1,898.0458,2815.5862
2695,88,11.2033,75872.0867,237875.9417,36.0,5,0,1,862.1828,2703.1357
2696,87,11.3592,79910.7282,250538.1609,12.0,2,0,1,918.5141,2879.749
2697,88,11.4399,90411.291,283460.5891,6.0,3,1,0,1027.401,3221.1431
2698,88,11.516,73359.3972,229997.6551,8.0,2,0,0,833.6295,2613.6097
2699,88,11.4298,58787.2338,184310.5739,7.0,1,0,0,668.0367,2094.4383
2700,88,11.1821,69368.9695,217486.9814,9.0,3,1,1,788.2837,2471.443
2701,88,11.2743,76289.1333,239184.6478,11.0,2,0,0,866.922,2718.0074
2702,88,11.3033,76135.8,238703.5583,13.0,2,0,0,865.1795,2712.5404
2703,89,11.1882,70145.6546,219921.854,16.0,4,1,0,788.1534,2471.0321
2704,89,11.3003,76458.957,239716.247,19.0,3,0,0,859.0894,2693.441
2705,89,11.3864,72945.9329,228701.6028,22.0,3,0,0,819.6172,2569.6809
2706,90,11.3587,83363.8293,261365.2467,25.0,4,1,0,926.2648,2904.0583
2707,90,11.2909,64694.9548,202831.864,28.0,3,0,0,718.8328,2253.6874
2708,90,11.1239,63126.2635,197914.7641,31.0,3,0,0,701.4029,2199.0529
2709,90,10.803,70456.4079,220896.3877,34.0,4,1,1,782.849,2454.4043
2710,90,10.54,59149.0687,185444.7714,39.0,5,0,0,657.2119,2060.4975
2711,90,10.5731,75880.5647,237901.8158,44.0,5,0,0,843.1174,2643.3535
2712,91,10.559,80493.2781,252363.2268,35.0,5,1,0,884.5415,2773.2223
2713,91,10.7859,76530.747,239940.8756,16.0,2,0,0,840.9972,2636.7129
2714,91,10.8803,78416.3564,245853.2241,15.0,1,0,0,861.7182,2701.6838
2715,92,10.8518,72477.7809,227233.8611,16.0,2,1,0,787.802,2469.9333
2716,92,10.8819,77044.1579,241550.5435,18.0,2,0,0,837.4365,2625.5494
2717,92,10.8895,75397.736,236388.6767,22.0,4,0,0,819.5406,2569.4421
2718,93,10.8251,78370.2146,245708.3418,26.0,5,1,0,842.6905,2642.0252
2719,93,10.7854,75579.8896,236959.9866,30.0,4,0,0,812.687,2547.9568
2720,93,10.6985,71658.7958,224666.4634,10.0,3,0,0,770.5247,2415.7684
2721,94,10.685,79924.1452,250579.6506,13.0,4,1,0,850.2569,2665.741
2722,93,10.7868,75999.9177,238276.6421,16.0,3,0,1,817.2034,2562.1144
2723,93,10.8262,80523.3712,252459.0323,16.0,3,0,0,865.8427,2714.6133
2724,93,10.766,83219.8701,260912.9946,19.0,4,1,1,894.8373,2805.5161
2725,93,10.7048,79133.2883,248100.5614,23.0,4,0,0,850.8956,2667.748
2726,92,10.7043,84923.4795,266255.0677,27.0,4,0,1,923.0813,2894.0768
2727,93,10.6396,84395.6451,264599.5584,31.0,5,1,0,907.4801,2845.1565
2728,93,10.6874,79646.5942,249709.886,24.0,4,0,0,856.415,2685.0525
2729,93,10.6801,82561.346,258848.6376,8.0,3,0,0,887.7564,2783.3187
2730,94,10.6903,85464.1543,267949.4864,11.0,4,1,0,909.1931,2850.5265
2731,94,10.6005,75780.8271,237590.407,14.0,3,0,0,806.179,2527.5575
2732,94,10.7335,91643.1081,287322.3967,17.0,3,0,0,974.9267,3056.6212
2733,94,10.768,84663.6892,265440.0125,21.0,5,1,1,900.6775,2823.8299
2734,93,10.932,81981.8098,257031.3811,25.0,4,0,1,881.5248,2763.7783
2735,92,11.2119,94439.6675,296089.6499,30.0,5,0,1,1026.5181,3218.3658
2736,93,11.183,81806.6126,256482.3812,14.0,3,1,0,879.641,2757.8751
2737,93,11.1573,73702.4036,231073.8125,16.0,2,0,0,792.499,2484.6647
2738,92,11.0861,65046.1076,203932.8922,14.0,1,0,1,707.0229,2216.6619
2739,92,10.9092,67484.2217,211577.7697,15.0,2,1,1,733.5241,2299.7584
2740,92,10.6844,66363.8369,208064.982,16.0,1,0,0,721.3461,2261.5759
2741,92,10.6335,80192.3754,251421.1226,17.0,1,0,0,871.6563,2732.8383
2742,93,10.4483,72252.9221,226529.2097,1.0,2,1,0,776.9131,2435.798
2743,93,10.6429,88873.3004,278638.2072,3.0,2,0,0,955.6269,2996.1098
2744,92,10.8906,92040.7522,288569.639,5.0,2,0,1,1000.443,3136.6265
2745,91,10.9975,83887.1503,263005.2782,4.0,2,1,2,921.8368,2890.1679
2746,91,10.8126,71649.7366,224638.3138,6.0,2,0,0,787.3597,2468.5529
2747,91,10.7048,70602.8415,221355.7889,8.0,2,0,0,775.8554,2432.4812
2748,90,10.6431,77462.7614,242863.5191,10.0,3,1,2,860.6973,2698.4835
2749,90,10.4905,69564.0442,218098.7433,13.0,3,0,0,772.9338,2423.3194
2750,90,10.4284,78145.953,245005.5747,17.0,4,0,0,868.2884,2722.2842
2751,90,10.3886,76147.9438,238740.7664,22.0,6,1,1,846.0883,2652.6752
2752,89,10.2404,68783.9412,215652.5707,28.0,6,0,1,772.8533,2423.0626
2753,89,10.0965,71280.0114,223478.3113,34.0,6,0,0,800.899,2510.9923
2754,90,9.9127,76716.4516,240522.3298,13.0,4,1,0,852.405,2672.4703
2755,90,9.9726,74109.5188,232349.0477,14.0,4,0,0,823.4391,2581.6561
2756,90,9.804,62478.1064,195881.4239,17.0,4,0,0,694.2012,2176.4603
2757,89,9.8953,75025.2019,235219.8804,21.0,5,1,2,842.9798,2642.92
2758,89,10.1116,84591.1382,265211.7588,22.0,4,0,0,950.4622,2979.9074
2759,89,10.3312,81376.2617,255132.6965,27.0,5,0,0,914.34,2866.6595
2760,89,10.3762,69359.7079,217457.8051,10.0,4,1,1,779.3226,2443.3461
2761,89,10.736,92564.1213,290209.9215,13.0,3,0,0,1040.0463,3260.7856
2762,88,10.8779,75654.9747,237196.0098,16.0,3,0,1,859.7156,2695.4092
2763,88,10.8565,79132.7654,248099.3784,19.0,4,1,1,899.236,2819.3111
2764,87,10.9092,77394.8347,242650.2738,22.0,3,0,1,889.5958,2789.0836
2765,86,10.8973,76875.5425,241022.804,25.0,3,0,1,893.9017,2802.5907
2766,87,10.8392,74197.8982,232626.6539,28.0,4,1,0,852.8494,2673.8696
2767,87,10.8102,64744.9163,202988.9746,23.0,3,0,0,744.1944,2333.2066
2768,87,10.7375,65643.2353,205805.7607,27.0,4,0,0,754.5199,2365.5835
2769,88,10.4458,64303.2569,201604.679,29.0,4,1,0,730.7188,2290.9623
2770,87,10.5491,70665.4973,221551.6564,33.0,4,0,1,812.2471,2546.5708
2771,87,10.6428,72272.1949,226589.0412,9.0,4,0,0,830.7149,2604.4717
2772,88,10.5761,64213.3246,201322.297,8.0,5,1,0,729.6969,2287.7534
2773,88,10.7524,76383.8887,239481.037,6.0,2,0,0,867.9987,2721.3754
2774,88,10.85,71272.1585,223453.8635,3.0,1,0,0,809.9109,2539.2484
2775,89,10.9112,78946.1893,247514.1785,5.0,3,1,0,887.0358,2781.0582
2776,89,10.9176,72361.8143,226871.2219,5.0,1,0,0,813.0541,2549.1149
2777,89,10.8759,84049.5501,263515.6516,6.0,1,0,0,944.377,2960.85
2778,89,10.7368,72236.3217,226477.3691,7.0,2,1,1,811.6441,2544.6895
2779,89,10.7416,70426.1117,220801.4596,9.0,2,0,0,791.3046,2480.9153
2780,89,10.6709,83000.2755,260225.3419,12.0,3,0,0,932.5874,2923.8802
2781,90,10.2966,64618.8588,202594.2116,17.0,6,1,0,717.9873,2251.0468
2782,90,10.0837,64972.2275,203701.2377,23.0,6,0,0,721.9136,2263.3471
2783,90,10.1752,79330.42,248717.4197,19.0,7,0,0,881.4491,2763.5269
2784,89,10.13,66949.8857,209901.6277,20.0,7,1,2,752.2459,2358.4453
2785,89,10.3287,80504.5732,252398.8975,25.0,6,0,0,904.5458,2835.9427
2786,88,10.3088,66267.5404,207762.6799,27.0,5,0,1,753.0402,2360.9395
2787,89,10.4065,84810.1099,265898.6235,32.0,6,1,0,952.9226,2987.625
2788,89,10.4104,71686.7723,224753.5814,33.0,4,0,0,805.4694,2525.3211
2789,89,10.6692,83505.0003,261806.9468,17.0,3,0,0,938.2584,2941.6511
2790,90,10.6964,78762.2274,246937.0434,20.0,4,1,0,875.1359,2743.7449
2791,89,10.8276,73833.2246,231483.3065,23.0,3,0,1,829.5868,2600.936
2792,88,10.6702,61659.9639,193317.0643,26.0,3,0,1,700.6814,2196.7848
2793,89,10.339,71179.5591,223163.6021,25.0,4,1,0,799.7703,2507.4562
2794,88,10.245,76401.0232,239534.662,28.0,3,0,1,868.1934,2721.9848
2795,88,10.152,73489.9635,230407.3955,16.0,2,0,0,835.1132,2618.2659
2796,89,10.2761,88475.9585,277392.2828,19.0,4,1,0,994.1119,3116.7672
2797,88,10.4336,79610.3951,249596.6588,23.0,4,0,1,904.6636,2836.3257
2798,88,10.4842,70888.4381,222250.7751,27.0,4,0,0,805.5504,2525.577
2799,89,10.4504,77526.7685,243064.1512,31.0,5,1,0,871.0873,2731.0579
2800,89,10.5648,78505.9435,246134.0592,17.0,3,0,0,882.0893,2765.5512
2801,89,10.7055,75438.3029,236515.7001,21.0,4,0,0,847.6214,2657.4798
2802,88,10.7426,76743.737,240608.3287,16.0,5,1,2,872.0879,2734.1856
2803,88,10.9752,77801.1233,243923.7398,13.0,3,0,0,884.1037,2771.8607
2804,88,10.9951,65548.4987,205508.7321,16.0,3,0,0,744.8693,2335.3265
2805,89,10.9047,73339.0308,229933.6264,19.0,4,1,0,824.0341,2583.5239
2806,89,11.049,76296.7208,239207.1592,16.0,2,0,0,857.2665,2687.7209
2807,88,11.1105,79077.7976,247926.8266,18.0,2,0,1,898.6113,2817.3503
2808,88,11.1773,77200.2082,242040.0583,20.0,3,1,1,877.2751,2750.4552
2809,88,11.2589,68871.245,215926.7101,22.0,2,0,0,782.6278,2453.7126
2810,88,11.3124,67797.5157,212560.6983,9.0,1,0,0,770.4263,2415.4625
2811,88,11.3767,73658.8468,230936.8418,10.0,2,1,1,837.0323,2624.2823
2812,88,11.3327,66880.5801,209685.3023,11.0,1,0,0,760.0066,2382.7875
2813,88,11.0034,52636.253,165026.0094,12.0,1,0,0,598.1392,1875.2956
2814,89,10.8249,75273.5227,235999.5076,14.0,3,1,0,845.7699,2651.6799
2815,89,10.9202,72750.5462,228089.0197,16.0,2,0,0,817.4219,2562.798
2816,89,10.947,67941.1396,213010.3496,15.0,1,0,0,763.3836,2393.3747
2817,90,10.7641,70302.6865,220415.0827,16.0,2,1,0,781.141,2449.0565
2818,90,10.6605,61554.1253,192985.2933,18.0,2,0,0,683.9347,2144.281
2819,90,10.6003,72194.1036,226343.9186,20.0,2,0,0,802.1567,2514.9324
2820,91,10.4162,65581.0404,205610.7642,22.0,3,1,0,720.6708,2259.4589
2821,90,10.6064,75133.1527,235558.5794,24.0,2,0,1,834.8128,2617.3175
2822,89,10.7,78227.3824,245260.0215,26.0,2,0,1,878.9594,2755.7306
2823,89,10.5355,72210.9779,226397.9431,30.0,5,1,1,811.3593,2543.7971
2824,89,10.6209,77749.7371,243761.9148,28.0,4,0,0,873.5926,2738.8979
2825,89,10.505,63160.4566,198021.2118,5.0,2,0,0,709.6681,2224.9574
2826,90,10.2875,64269.9436,201500.0015,7.0,3,1,0,714.1105,2238.8889
2827,90,10.1711,59895.9738,187786.7854,10.0,3,0,0,665.5108,2086.5198
2828,90,10.3288,79400.5019,248937.7177,13.0,3,0,0,882.2278,2765.9746
2829,91,10.4325,84917.8238,266236.2018,16.0,4,1,0,933.1629,2925.6725
2830,90,10.5692,74905.6306,234845.9972,12.0,3,0,1,832.2848,2609.4
2831,89,10.7081,75728.9566,237426.8613,7.0,2,0,1,850.8872,2667.7175
2832,90,10.4173,59796.5706,187474.351,9.0,3,1,0,664.4063,2083.0483
2833,90,10.4239,71851.6435,225270.9312,11.0,2,0,0,798.3516,2503.0103
2834,89,10.3379,64672.5958,202762.5139,13.0,2,0,1,726.6584,2278.2305
2835,90,10.2923,78193.4456,245154.043,15.0,3,1,0,868.8161,2723.9338
2836,90,10.5181,84041.511,263488.4914,2.0,2,0,0,933.7946,2927.6499
2837,90,10.6486,75140.7555,235583.404,2.0,1,0,0,834.8973,2617.5934
2838,91,10.6324,68321.338,214202.0931,0.0,1,1,0,750.7839,2353.8692
2839,91,10.8623,79662.203,249759.0572,0.0,0,0,0,875.4088,2744.605
2840,91,10.9646,76217.4464,238959.1495,0.0,0,0,0,837.5544,2625.9247
2841,90,10.993,80210.1246,251477.4964,0.0,1,1,2,891.2236,2794.1944
2842,90,10.8987,72515.9224,227354.3632,0.0,0,0,0,805.7325,2526.1596
2843,90,10.7392,63035.3315,197629.5846,1.0,1,0,0,700.3926,2195.8843
2844,90,10.5794,71099.4352,222912.4276,2.0,2,1,1,789.9937,2476.8048
2845,90,10.4842,65487.1557,205316.3317,3.0,1,0,0,727.6351,2281.2926
2846,90,10.504,76079.1761,238525.3485,1.0,1,0,0,845.3242,2650.2816
2847,91,10.4422,72138.1074,226169.2534,2.0,2,1,0,792.7265,2485.3764
2848,91,10.3873,68187.7579,213783.9746,4.0,2,0,0,749.316,2349.2744
2849,90,10.4898,82278.4382,257961.6744,6.0,2,0,1,914.2049,2866.2408
2850,89,10.4955,77608.6756,243320.2827,8.0,3,1,2,872.0076,2733.9358
2851,89,10.5678,74038.238,232126.033,0.0,0,0,0,831.8903,2608.1577
2852,89,10.6665,71499.4651,224167.3265,0.0,0,0,0,803.3648,2518.734
2853,90,10.6697,71272.5585,223455.9505,0.0,1,1,0,791.9173,2482.8439
2854,89,10.7143,71080.5365,222853.5717,0.0,0,0,1,798.6577,2503.9727
2855,89,10.9612,82897.271,259902.5914,0.0,0,0,0,931.43,2920.2538
2856,90,10.8147,70690.6299,221630.9381,0.0,1,1,0,785.4514,2462.566
2857,90,10.9221,80025.8243,250899.0069,0.0,0,0,0,889.1758,2787.7667
2858,90,10.9408,68509.3651,214791.6862,0.0,0,0,0,761.2152,2386.5743
2859,91,10.7437,56016.9865,175625.264,0.0,1,1,0,615.5713,1929.948
2860,91,10.968,84989.3711,266461.097,0.0,0,0,0,933.9491,2928.1439
2861,89,10.8692,60827.1593,190706.5424,0.0,0,0,2,683.4512,2142.7701
2862,90,10.4536,57977.1682,181771.3957,1.0,2,1,0,644.1908,2019.6822
2863,90,10.3136,72222.0417,226432.0036,2.0,1,0,0,802.4671,2515.9112
2864,90,10.1234,66364.8169,208068.4926,0.0,0,0,0,737.3869,2311.8721
2865,90,9.6811,61767.0024,193652.3157,1.0,2,1,1,686.3,2151.6924
2866,90,9.4644,60911.8214,190970.79,3.0,3,0,0,676.798,2121.8977
2867,90,9.7289,81195.6046,254565.7197,7.0,4,0,0,902.1734,2828.508
2868,91,9.7337,77103.264,241735.4887,13.0,7,1,0,847.2886,2656.4339
2869,91,9.9627,83645.1459,262245.7853,17.0,5,0,0,919.1774,2881.8218
2870,91,10.1407,75414.7082,236441.1494,18.0,4,0,0,828.7331,2598.2544
2871,92,9.8805,67006.0494,210077.7264,22.0,5,1,0,728.3266,2283.4535
2872,92,9.6055,73983.9408,231955.6549,19.0,3,0,0,804.1733,2521.2571
2873,91,9.5584,73725.0306,231143.3221,18.0,4,0,1,810.1652,2540.0365
2874,92,9.3307,75260.0251,235956.82,22.0,5,1,0,818.0438,2564.748
2875,92,9.3194,78337.5992,245605.1804,26.0,4,0,0,851.4956,2669.6215
2876,92,9.1312,78065.6749,244752.3903,30.0,4,0,0,848.5399,2660.3521
2877,93,8.9998,80653.9307,252867.4548,36.0,7,1,0,867.2466,2719.0049
2878,93,9.0675,77372.4739,242578.4636,43.0,8,0,0,831.9621,2608.3706
2879,93,9.2144,80730.7138,253108.0212,49.0,8,0,0,868.0722,2721.5916
2880,93,9.1744,70575.5251,221268.5456,38.0,6,1,1,758.8766,2379.2317
2881,90,9.315,77636.4718,243406.4566,9.0,3,0,3,862.6275,2704.5162
2882,90,9.5025,76694.117,240452.7397,7.0,2,0,0,852.1569,2671.6971
2883,90,9.5595,78224.6655,245251.5522,0.0,1,1,1,869.1629,2725.0172
2884,88,9.8414,86073.5449,269860.1682,2.0,2,0,2,978.1085,3066.5928
2885,88,9.8108,70262.9127,220289.6359,5.0,3,0,0,798.4422,2503.2913
2886,89,9.882,84213.1242,264028.0361,5.0,3,1,0,946.2149,2966.6071
2887,88,9.9414,71635.3251,224592.0572,4.0,1,0,1,814.0378,2552.1825
2888,88,10.1168,84512.5109,264966.1285,7.0,3,0,0,960.3694,3010.9787
2889,89,10.1864,83240.7697,260978.9021,10.0,4,1,0,935.2895,2932.3472
2890,89,10.3641,76724.697,240548.7397,10.0,2,0,0,862.0752,2702.7948
2891,89,10.5384,77943.7544,244370.6386,13.0,3,0,0,875.7725,2745.7375
2892,88,10.4934,74514.2847,233618.9491,16.0,4,1,2,846.7532,2654.7608
2893,87,10.4853,64838.0565,203281.2461,6.0,1,0,1,745.265,2336.566
2894,87,10.4643,64065.8246,200860.7864,0.0,0,0,0,736.3888,2308.7447
2895,88,10.6879,89644.7447,281056.8461,0.0,1,1,0,1018.6903,3193.8278
2896,88,10.7766,74314.0917,232991.9696,0.0,0,0,0,844.4783,2647.636
2897,87,10.7715,67391.1737,211286.8471,0.0,0,0,1,774.6112,2428.5844
2898,88,10.7327,77159.5467,241913.2675,1.0,2,1,0,876.813,2749.0144
2899,87,10.8872,76806.4221,240805.9085,2.0,1,0,1,882.8324,2767.884
2900,86,10.8528,69582.2924,218155.5542,3.0,1,0,1,809.0964,2536.6925
2901,86,10.6204,60768.4393,190522.4673,5.0,3,1,1,706.6098,2215.3775
2902,86,10.6378,70035.5237,219576.6585,5.0,1,0,0,814.3666,2553.217
2903,86,10.5901,61449.5588,192657.189,0.0,0,0,0,714.5298,2240.1999
2904,87,10.5928,72139.9886,226175.0849,0.0,1,1,0,829.1953,2599.7136
2905,87,10.7237,76467.8537,239743.7682,0.0,0,0,0,878.9408,2755.6755
2906,87,10.8371,72633.7105,227723.3276,0.0,0,0,0,834.8702,2617.5095
2907,88,10.8694,76586.4807,240115.9534,0.0,1,1,0,870.3009,2728.5904
2908,88,10.8369,66978.8948,209994.1305,0.0,0,0,0,761.1238,2386.2969
2909,88,11.0783,83412.7485,261518.5316,0.0,0,0,0,947.8721,2971.8015
2910,88,10.9035,72320.5406,226741.1938,0.0,1,1,1,821.8243,2576.6045
2911,88,10.902,67973.5462,213112.2652,1.0,1,0,0,772.4267,2421.7303
2912,88,11.1289,81267.7548,254792.9211,2.0,2,0,0,923.4972,2895.3741
2913,89,10.8904,62642.6876,196398.2338,2.0,2,1,0,703.8504,2206.7217
2914,87,10.9168,69969.0213,219368.9411,3.0,1,0,2,804.2416,2521.4821
2915,86,10.7661,72059.5946,225924.0505,4.0,1,0,1,837.9023,2627.0238
2916,86,10.3951,63846.0427,200171.6476,5.0,2,1,1,742.3958,2327.5773
2917,86,10.3887,69707.3607,218548.2149,7.0,2,0,0,810.5507,2541.2583
2918,85,10.5087,77311.6186,242389.1525,2.0,1,0,1,909.5485,2851.6371
2919,85,10.7307,71715.4137,224843.8671,4.0,2,0,0,843.7107,2645.222
2920,85,10.9446,80122.9298,251204.0988,6.0,2,0,0,942.6227,2955.3423
2921,85,11.2182,85832.3096,269104.0201,5.0,1,0,0,1009.7919,3165.9296
2922,86,10.7318,59455.2565,186404.9346,6.0,3,2,1,691.3402,2167.4992
2923,86,10.602,65040.3673,203915.877,0.0,0,0,0,756.2833,2371.1148
2924,85,10.6413,72109.4183,226079.2657,0.0,0,0,1,848.3461,2659.7561
2925,85,10.5569,66707.1452,209142.663,0.0,1,1,1,784.7899,2460.5019
2926,84,10.7939,79606.0138,249583.2433,0.0,0,0,1,947.6906,2971.2291
2927,84,10.824,70879.6202,222224.4694,0.0,0,0,0,843.805,2645.5294
2928,85,10.7478,73631.1441,230850.1928,0.0,1,1,0,866.2488,2715.8846
2929,85,10.8158,74145.2184,232462.4472,0.0,0,0,0,872.2967,2734.8523
2930,85,10.7398,67621.273,212008.3095,0.0,0,0,0,795.5444,2494.2154
2931,85,10.6887,73263.0126,229695.9473,0.0,1,1,1,861.9178,2702.3053
2932,85,10.7576,75021.9605,235210.6251,2.0,2,0,0,882.6113,2767.1838
2933,85,10.9227,79143.3369,248132.2278,5.0,3,0,0,931.0981,2919.2027
2934,86,10.8383,67991.1932,213167.7665,1.0,2,1,0,790.5953,2478.695
2935,86,11.0187,68661.8305,215270.0834,0.0,0,0,0,798.3934,2503.1405
2936,86,11.0764,71553.2872,224335.737,0.0,0,0,0,832.015,2608.5551
2937,87,11.0459,76554.1294,240014.7101,0.0,1,1,0,879.9325,2758.7898
2938,87,11.1515,79978.5121,250750.8159,0.0,0,0,0,919.2932,2882.1933
2939,87,11.2303,70718.6412,221718.692,0.0,0,0,0,812.8579,2548.4907
2940,87,11.1936,70008.8219,219493.5807,1.0,2,1,1,804.6991,2522.9147
2941,87,11.1114,72352.8191,226842.7075,2.0,1,0,0,831.6416,2607.3874
2942,86,10.9818,66883.7072,209696.079,3.0,1,0,1,777.7175,2438.3265
2943,87,10.6248,62223.9097,195086.1114,0.0,1,1,0,715.2174,2242.3691
2944,85,10.7336,70905.0436,222302.9201,0.0,0,0,2,834.177,2615.3285
2945,85,10.6962,70509.7512,221063.2135,0.0,0,0,0,829.5265,2600.7437
2946,85,10.4251,59935.7341,187911.1012,1.0,2,1,1,705.1263,2210.7188
2947,84,10.5849,80339.2401,251881.6625,4.0,3,0,1,956.4195,2998.5912
2948,84,10.4016,58944.372,184803.5298,2.0,1,0,0,701.7187,2200.042
2949,85,10.4641,80888.6422,253604.1106,1.0,2,1,0,951.6311,2983.5778
2950,85,10.4261,64886.9598,203435.4287,2.0,1,0,0,763.376,2393.358
2951,85,10.3295,74761.3858,234393.4281,3.0,1,0,0,879.5457,2757.5697
2952,86,10.1467,72483.9055,227253.1277,2.0,3,1,0,842.8361,2642.4782
2953,86,10.3024,79763.3379,250076.3237,0.0,0,0,0,927.4807,2907.8642
2954,86,10.319,64980.6745,203728.7935,0.0,0,0,0,755.5892,2368.9395
2955,87,10.4624,83410.7185,261511.8357,2.0,3,1,0,958.7439,3005.8832
2956,87,10.7648,90954.8751,285164.8548,5.0,3,0,0,1045.4583,3277.757
2957,87,10.8163,72698.0801,227924.9663,8.0,3,0,0,835.6101,2619.8272
2958,88,10.8622,90573.493,283968.6669,11.0,4,1,0,1029.2442,3226.9167
2959,88,10.7214,58936.9957,184779.6787,14.0,3,0,0,669.7386,2099.7691
2960,88,10.5622,65894.8721,206594.2659,17.0,3,0,0,748.8054,2347.6621
2961,88,10.4793,74096.8043,232310.004,14.0,3,1,1,842.0091,2639.8864
2962,88,10.4321,72472.7559,227217.7821,17.0,3,0,0,823.554,2582.0203
2963,88,10.3768,68804.2678,215716.8793,11.0,2,0,0,781.8667,2451.3282
2964,89,10.2082,72992.8109,228848.99,13.0,3,1,0,820.1439,2571.337
2965,89,10.2952,73448.4741,230276.6232,11.0,1,0,0,825.2638,2587.3778
2966,89,10.5108,84413.6385,264655.3573,1.0,1,0,0,948.4678,2973.6557
2967,90,10.5239,76936.1801,241212.6423,0.0,1,1,0,854.8464,2680.1405
2968,90,10.843,92092.3799,288731.4108,0.0,0,0,0,1023.2487,3208.1268
2969,90,10.9062,81357.0846,255073.222,0.0,0,0,0,903.9676,2834.1469
2970,90,11.0377,87750.3741,275117.8307,0.0,1,1,1,975.0042,3056.8648
2971,90,11.1698,79882.7108,250451.0728,0.0,0,0,0,887.5857,2782.7897
2972,90,11.2537,80502.0243,252392.2512,1.0,1,0,0,894.4669,2804.3583
2973,91,11.3222,81578.2785,255767.1748,2.0,2,1,0,896.4646,2810.6283
2974,91,11.4478,83004.5468,260238.1018,3.0,1,0,0,912.1379,2859.7594
2975,90,11.5146,72153.1897,226217.3847,0.0,0,0,1,801.7021,2513.5265
2976,90,11.5946,72887.1405,228517.9389,0.0,0,0,0,809.8571,2539.0882
2977,91,11.4211,72113.1832,226091.6974,1.0,2,1,0,792.4526,2484.5241
2978,91,11.564,82991.6789,260198.0794,2.0,1,0,0,911.9965,2859.3196
2979,92,11.5315,76889.0196,241063.7916,3.0,2,1,0,835.7502,2620.2586
2980,92,11.33,61018.569,191306.5617,4.0,1,0,0,663.2453,2079.4191
2981,91,11.3576,84662.0612,265434.9489,5.0,1,0,1,930.3523,2916.8676
2982,92,11.302,75574.7078,236943.2775,6.0,2,1,0,821.4642,2575.4704
2983,92,11.2546,71266.8371,223437.3847,7.0,1,0,0,774.6395,2428.6672
2984,92,11.2358,83069.0444,260440.8168,8.0,1,0,0,902.9244,2830.8784
2985,93,10.9259,68861.8721,215897.2389,9.0,2,1,0,740.4502,2321.4757
2986,91,10.8384,72999.6653,228870.2351,12.0,3,0,2,802.1941,2515.0575
2987,91,10.7337,73814.5887,231425.3604,13.0,2,0,0,811.1493,2543.1358
2988,91,10.4594,72530.5347,227399.1064,16.0,4,1,1,797.0388,2498.8913
2989,91,10.4847,78129.0566,244952.1266,18.0,3,0,0,858.5611,2691.7816
2990,91,10.6357,87378.0446,273950.2816,20.0,3,0,0,960.1983,3010.4427
2991,92,10.6803,80259.5852,251631.614,24.0,5,1,0,872.3868,2735.1262
2992,92,10.7491,74888.9785,234793.3969,18.0,2,0,0,814.0106,2552.1021
2993,92,10.9062,89920.0504,281919.8922,21.0,3,0,0,977.3919,3064.3467
2994,92,10.9435,77118.8328,241784.976,6.0,3,1,1,838.2482,2628.0976
2995,92,11.1408,84273.4392,264215.9004,6.0,2,0,0,916.0156,2871.912
2996,92,11.3079,87059.6734,272951.8571,8.0,2,0,0,946.3008,2966.868
2997,93,11.2556,81033.3658,254058.2099,10.0,3,1,0,871.3265,2731.8087
2998,93,11.0936,70085.7915,219733.9604,13.0,3,0,0,753.6107,2362.7308
2999,92,11.1244,84409.517,264643.4572,16.0,3,0,1,917.4947,2876.5593
3000,93,10.9688,77558.5794,243163.5258,9.0,3,1,0,833.9632,2614.6616
3001,92,10.8986,73629.4846,230844.4549,11.0,2,0,1,800.3205,2509.1789
3002,92,10.9245,77168.955,241940.9091,15.0,4,0,0,838.793,2629.7925
3003,92,10.9951,82748.8287,259436.2434,17.0,4,1,1,899.4438,2819.9592
3004,92,11.1923,84568.9582,265142.5453,14.0,3,0,0,919.2278,2881.9842
3005,92,11.2542,76385.9169,239486.9672,18.0,4,0,0,830.2817,2603.1192
3006,93,11.1618,79408.8018,248964.8321,22.0,5,1,0,853.8581,2677.0412
3007,93,11.1596,78807.1357,247077.9387,26.0,4,0,0,847.3886,2656.752
3008,93,11.2207,79338.5492,248744.2021,16.0,3,0,0,853.1027,2674.6688
3009,93,11.0582,75319.7752,236144.1622,19.0,4,1,1,809.8901,2539.1845
3010,93,11.144,82251.3119,257876.0704,22.0,3,0,0,884.4227,2772.861
3011,93,11.1632,78064.2987,244749.0722,26.0,4,0,0,839.4011,2631.7105
3012,94,11.0048,70431.29,220817.6598,30.0,5,1,0,749.269,2349.124
3013,92,10.9461,69846.0956,218982.5186,35.0,5,0,2,759.1967,2380.2448
3014,92,10.8995,74768.8699,234417.1323,29.0,4,0,0,812.7051,2548.0123
3015,92,10.9075,85884.2395,269266.1784,33.0,5,1,1,933.5243,2926.8063
3016,91,10.9159,72941.2914,228687.0395,25.0,3,0,1,801.5527,2513.0444
3017,91,10.9597,75031.2384,235239.7017,13.0,3,0,0,824.5191,2585.0517
3018,91,11.0306,76295.8125,239203.9679,16.0,4,1,1,838.4155,2628.615
3019,91,11.2623,84378.7507,264546.5791,21.0,5,0,0,927.239,2907.1053
3020,91,11.4729,88368.5253,277056.0985,14.0,3,0,0,971.0827,3044.5725
3021,92,11.5028,82809.9778,259628.4012,8.0,3,1,0,900.1085,2822.0478
3022,92,11.6075,80515.9531,252435.8024,11.0,3,0,0,875.1734,2743.8674
3023,92,11.6606,77609.6793,243323.875,14.0,3,0,0,843.5835,2644.8247
3024,93,11.4187,66124.1327,207313.2047,9.0,3,1,0,711.0122,2229.1742
3025,93,11.435,79569.7607,249469.1218,11.0,2,0,0,855.5888,2682.4637
3026,92,11.329,68829.8991,215796.5627,13.0,2,0,1,748.1511,2345.6148
3027,93,11.064,75350.746,236241.4309,15.0,3,1,0,810.2231,2540.2304
3028,93,11.0554,69172.9772,216871.8422,18.0,3,0,0,743.7955,2331.9553
3029,93,11.1325,83649.2933,262259.7053,11.0,3,0,0,899.4548,2819.9968
3030,93,10.9412,65367.6425,204941.9046,6.0,4,1,1,702.8779,2203.6764
3031,93,11.0415,84435.1601,264723.4132,6.0,3,0,0,907.9049,2846.4883
3032,92,11.3151,93895.3525,294383.8648,4.0,1,0,1,1020.6017,3199.8246
3033,92,11.3521,78825.7549,247136.9642,5.0,2,1,1,856.8017,2686.2714
3034,92,11.2046,67828.4609,212657.3384,6.0,1,0,0,737.2659,2311.4928
3035,91,11.313,79726.6746,249961.4424,7.0,1,0,1,876.1173,2746.829
3036,92,11.2143,86802.1598,272145.2414,8.0,2,1,0,943.5017,2958.1004
3037,92,11.2213,74523.1128,233646.8245,2.0,2,0,0,810.0338,2539.6394
3038,92,11.0032,71297.5368,223533.5094,4.0,2,0,0,774.9732,2429.7121
3039,93,10.7405,77403.0232,242676.3544,6.0,3,1,0,832.2906,2609.4232
3040,92,10.9844,95840.6618,300482.6022,8.0,2,0,1,1041.7463,3266.1152
3041,92,10.9149,77119.9696,241788.1311,10.0,2,0,0,838.2605,2628.1319
3042,93,10.6338,73995.5511,231992.4344,13.0,4,1,0,795.6511,2494.5423
3043,93,10.4005,70674.0146,221578.6319,18.0,5,0,0,759.9356,2382.5659
3044,93,10.3652,84741.103,265682.2236,22.0,6,0,0,911.1947,2856.7981
3045,94,10.2395,78155.7671,245035.4448,29.0,8,1,0,831.4443,2606.7601
3046,94,10.1538,75902.3447,237970.4352,37.0,8,0,0,807.4718,2531.6004
3047,93,10.1234,73944.7763,231832.2143,42.0,8,0,1,795.1051,2492.8195
3048,94,9.9996,76549.8668,239999.7012,22.0,8,1,0,814.3603,2553.1883
3049,93,10.1413,83519.1391,261850.5165,31.0,9,0,1,898.0553,2815.597
3050,93,10.4488,96283.7317,301871.3917,30.0,7,0,0,1035.3089,3245.9289
3051,93,10.5824,95883.0279,300615.0638,34.0,8,1,1,1031.0003,3232.42
3052,93,10.6528,76802.9646,240793.5474,29.0,5,0,0,825.8383,2589.1779
3053,92,10.7867,79830.6427,250286.7489,31.0,4,0,1,867.7244,2720.5081
3054,93,10.7617,87945.6863,275729.5894,35.0,5,1,0,945.6525,2964.8343
3055,93,10.8743,81287.2646,254853.9732,39.0,4,0,0,874.0566,2740.3653
3056,93,10.8132,70672.1436,221572.0638,32.0,3,0,0,759.9155,2382.4953
3057,94,10.6335,67870.1947,212787.3404,27.0,4,1,0,722.0233,2263.6951
3058,94,10.7726,83580.2044,262042.1328,31.0,4,0,0,889.1511,2787.6823
3059,94,11.0685,92542.3798,290141.8133,32.0,3,0,0,984.4934,3086.615
3060,95,11.2171,98904.9729,310090.4499,35.0,4,1,0,1041.105,3264.11
3061,95,11.2597,84256.8764,264165.4086,38.0,3,0,0,886.9145,2780.6885
3062,95,11.2606,78448.4661,245953.4968,41.0,3,0,0,825.7733,2588.9842
3063,95,11.386,87913.3862,275628.1885,23.0,3,1,1,925.4041,2901.3494
3064,94,11.4938,72762.3172,228125.9938,8.0,2,0,1,774.0672,2426.8723
3065,94,11.6434,84500.7255,264929.3764,9.0,2,0,0,898.9439,2818.3976
3066,95,11.678,85691.0827,268661.7632,2.0,2,1,0,902.0114,2828.0186
3067,95,11.8145,86483.1067,271144.4353,0.0,0,0,0,910.3485,2854.152
3068,95,11.8689,82287.3749,257990.1266,0.0,0,0,0,866.1829,2715.6855
3069,96,11.8461,89088.8348,279314.6685,0.0,1,1,0,928.0087,2909.5278
3070,96,11.7711,81360.3297,255083.4441,0.0,0,0,0,847.5034,2657.1192
3071,96,11.6631,84169.4366,263891.3524,2.0,2,0,0,876.765,2748.8683
3072,97,11.6085,88351.3666,277002.5376,4.0,3,1,0,910.8388,2855.6963
3073,97,11.5661,77281.978,242296.4486,7.0,3,0,0,796.7214,2497.9015
3074,97,11.4791,84474.7977,264847.8391,10.0,3,0,0,870.8742,2730.3901
3075,98,11.2723,77014.0403,241456.0463,14.0,5,1,0,785.8576,2463.8372
3076,98,11.2873,86561.1314,271388.7453,18.0,4,0,0,883.2769,2769.2729
3077,98,11.2038,76393.8024,239511.6511,23.0,5,0,0,779.5286,2443.9964
3078,99,11.0163,74991.5227,235113.9966,28.0,6,1,0,757.4901,2374.8889
3079,99,10.8613,68809.8678,215732.9047,33.0,5,0,0,695.0492,2179.1202
3080,98,10.8413,70944.6995,222426.6011,28.0,4,0,1,723.9255,2269.6592
3081,98,10.8713,83627.6409,262190.586,25.0,4,1,1,853.3433,2675.4141
3082,98,11.0947,92010.448,288474.2148,28.0,3,0,0,938.8821,2943.6144
3083,98,11.2034,84947.6864,266330.5037,31.0,3,0,0,866.8131,2717.6582
3084,99,11.1054,88902.7026,278729.9432,34.0,4,1,0,898.0071,2815.454
3085,98,10.9384,78409.2485,245830.7032,10.0,2,0,1,800.0944,2508.4766
3086,98,10.9608,76820.393,240849.6402,0.0,0,0,0,783.8816,2457.6494
3087,98,11.0746,98607.9845,309159.3455,0.0,1,1,1,1006.2039,3154.6872
3088,98,11.2245,92012.8065,288481.1068,1.0,1,0,0,938.9062,2943.6848
3089,97,11.3566,88971.2748,278945.9635,2.0,1,0,1,917.2296,2875.7316
3090,98,11.3715,94787.2745,297180.5101,4.0,3,1,0,967.2171,3032.4542
3091,98,11.4033,86369.0506,270786.4833,6.0,2,0,0,881.3168,2763.1274
3092,98,11.3913,85635.7622,268488.6906,9.0,3,0,0,873.8343,2739.6805
3093,98,11.2113,82930.449,260006.0067,13.0,5,1,1,846.2291,2653.1225
3094,98,11.1252,82600.872,258972.6603,17.0,4,0,0,842.866,2642.5782
3095,97,11.2586,83976.7963,263286.7403,13.0,3,0,1,865.7402,2714.2963
3096,98,11.3554,92817.1245,291003.1439,16.0,4,1,0,947.1135,2969.4198
3097,98,11.4965,85882.1246,269259.9548,12.0,3,0,0,876.3482,2747.5506
3098,98,11.349,71972.2149,225648.8703,15.0,3,0,0,734.4104,2302.5395
3099,99,11.1923,82648.6988,259121.8042,11.0,4,1,0,834.8353,2617.392
3100,99,11.243,86944.2454,272590.7968,12.0,2,0,0,878.2247,2753.4424
3101,99,11.2069,81804.4017,256475.4949,14.0,2,0,0,826.3071,2590.6616
3102,100,10.9546,78189.2153,245140.3375,17.0,4,1,0,781.8922,2451.4034
3103,100,10.9148,81678.3338,256080.0563,9.0,2,0,0,816.7833,2560.8006
3104,99,10.9555,92893.6849,291243.1258,12.0,3,0,1,938.32,2941.8498
3105,100,10.7335,84527.6366,265013.2702,12.0,4,1,0,845.2764,2650.1327
3106,100,10.8335,93062.9295,291773.923,12.0,2,0,0,930.6293,2917.7392
3107,100,11.1091,105023.6526,329273.3053,14.0,2,0,0,1050.2365,3292.7331
3108,100,11.2411,92596.5384,290311.6645,18.0,5,1,1,925.9654,2903.1166
3109,99,11.4512,88232.488,276628.6754,20.0,3,0,1,891.2373,2794.229
3110,96,11.6127,80153.1325,251298.1153,10.0,3,0,3,834.9285,2617.6887
3111,96,11.5175,85765.8655,268895.1435,13.0,4,1,1,893.3944,2800.9911
3112,95,11.6392,85784.0469,268952.3103,13.0,2,0,1,902.99,2831.077
3113,94,11.5607,69054.2873,216500.9654,15.0,2,0,1,734.6201,2303.2018
3114,95,11.5334,92391.8904,289669.8769,17.0,3,1,0,972.5462,3049.1566
3115,95,11.4774,83138.7205,260658.8589,9.0,2,0,0,875.1444,2743.7775
3116,92,11.611,76376.2208,239456.965,11.0,2,0,3,830.1763,2602.7931
3117,93,11.3428,75466.2327,236604.2415,14.0,4,1,0,811.4649,2544.1316
3118,93,11.3051,83721.6328,262486.6025,18.0,4,0,0,900.2326,2822.4366
3119,93,11.2485,76921.0923,241164.7119,23.0,5,0,0,827.1085,2593.1689
3120,94,10.9867,68926.3182,216098.9862,16.0,6,1,0,733.2587,2298.9254
3121,94,11.046,85813.3976,269044.3992,14.0,3,0,0,912.9085,2862.1745
3122,94,11.1867,84132.5381,263774.2955,17.0,3,0,0,895.027,2806.1095
3123,95,11.0549,74943.4975,234964.2095,21.0,5,1,0,788.8789,2473.3075
3124,95,11.1674,83756.8936,262596.6333,25.0,4,0,0,881.6515,2764.1751
3125,94,11.1943,80218.2378,251502.5777,6.0,1,0,1,853.3855,2675.5593
3126,94,11.0283,75655.7501,237197.5924,0.0,1,1,1,804.8484,2523.3786
3127,94,11.0251,84095.3291,263658.0665,1.0,1,0,0,894.6312,2804.873
3128,92,11.0727,79406.7849,248959.1177,0.0,0,0,2,863.1172,2706.0774
3129,93,11.1848,91700.9924,287504.2417,0.0,1,1,0,986.0322,3091.4435
3130,93,11.3209,79528.4016,249339.3868,0.0,0,0,0,855.1441,2681.0687
3131,93,11.4193,82574.2912,258889.6822,0.0,0,0,0,887.8956,2783.76
3132,93,11.3073,80536.7934,252501.9384,0.0,1,1,1,865.987,2715.0746
3133,92,11.3739,90249.2306,282953.3479,0.0,0,0,1,980.9699,3075.5799
3134,92,11.4544,85151.8974,266971.7181,0.0,0,0,0,925.5641,2901.8665
3135,93,11.5422,93270.4724,292425.0229,0.0,1,1,0,1002.9083,3144.3551
3136,92,11.6915,87991.1586,275873.5647,0.0,0,0,1,956.4256,2998.6257
3137,92,11.7329,80997.6549,253946.9582,0.0,0,0,0,880.4093,2760.293
3138,93,11.5676,81111.1381,254302.3188,0.0,1,1,0,872.1628,2734.4335
3139,93,11.6716,89727.9575,281318.314,0.0,0,0,0,964.8167,3024.9281
3140,93,11.6942,72323.9929,226752.1915,0.0,0,0,0,777.6773,2438.1956
3141,94,11.5308,72599.3059,227615.5364,0.0,1,1,0,772.333,2421.4419
3142,94,11.5867,87523.5882,274406.4306,2.0,2,0,0,931.102,2919.2173
3143,94,11.7456,93096.1115,291878.5267,2.0,1,0,0,990.3842,3105.0907
3144,95,11.8311,87332.3578,273807.0388,3.0,2,1,0,919.288,2882.1794
3145,94,11.8667,73439.2363,230248.2547,4.0,1,0,1,781.2685,2449.4495
3146,94,11.7753,77827.649,244008.0776,5.0,1,0,0,827.9537,2595.8306
3147,95,11.7264,88723.0269,278167.8174,6.0,2,1,0,933.9266,2928.0823
3148,95,11.5959,77724.0363,243683.516,7.0,1,0,0,818.1478,2565.0896
3149,95,11.5586,88884.3386,278673.5422,8.0,1,0,0,935.6246,2933.4057
3150,96,11.305,82509.666,258686.4823,11.0,4,1,0,859.4757,2694.6509
3151,95,11.2822,72567.2377,227514.5061,12.0,2,0,1,763.8657,2394.8895
3152,94,11.1992,76338.1422,239337.3751,15.0,3,0,1,812.1079,2546.1423
3153,93,10.9601,75756.547,237513.2872,6.0,3,1,2,814.5865,2553.9063
3154,93,11.1873,89908.4429,281883.5542,10.0,4,0,0,966.7575,3031.006
3155,92,11.0829,62326.0733,195405.4685,13.0,4,0,1,677.4573,2123.9725
3156,93,10.9925,79174.756,248230.7063,8.0,3,1,0,851.3415,2669.1474
3157,93,11.0257,75247.6791,235918.6308,4.0,1,0,0,809.1148,2536.7595
3158,93,11.0067,86027.7654,269716.7269,6.0,2,0,0,925.0297,2900.1799
3159,93,10.873,74511.6747,233610.8365,8.0,3,1,1,801.2008,2511.9445
3160,93,10.9699,81938.193,256894.5327,10.0,2,0,0,881.0558,2762.3068
3161,92,11.2062,96018.5969,301041.2052,8.0,1,0,1,1043.6804,3272.187
3162,93,10.9723,75630.0649,237116.904,9.0,2,1,0,813.2265,2549.6441
3163,93,10.8916,78186.9371,245134.072,1.0,1,0,0,840.7198,2635.8502
3164,93,10.8055,73537.5457,230556.387,2.0,1,0,0,790.7263,2479.1009
3165,94,10.613,74406.7055,233281.5513,3.0,2,1,0,791.5607,2481.7186
3166,94,10.3144,61519.8925,192878.0817,4.0,1,0,0,654.4669,2051.8945
3167,94,10.1754,67545.8713,211770.9719,7.0,3,0,0,718.5731,2252.8827
3168,94,9.9258,71683.0249,224742.0755,10.0,4,1,1,762.5854,2390.8731
3169,92,9.8536,79609.6387,249593.8029,10.0,2,0,2,865.3222,2712.9761
3170,92,10.0369,83686.7878,262376.8489,13.0,3,0,0,909.639,2851.9223
3171,92,9.924,75225.3876,235847.5269,7.0,3,1,1,817.6673,2563.5601
3172,90,10.0474,82299.4501,258027.1997,4.0,2,0,2,914.4383,2866.9689
3173,90,10.071,74853.4146,234682.4607,5.0,2,0,0,831.7046,2607.5829
3174,91,10.1211,79782.0149,250134.0507,7.0,3,1,0,876.7254,2748.7258
3175,90,10.2774,87132.5365,273180.3511,9.0,2,0,1,968.1393,3035.3372
3176,90,10.2691,70302.3029,220413.3151,11.0,2,0,0,781.1367,2449.0368
3177,91,10.0766,76253.8696,239072.9002,14.0,4,1,0,837.9546,2627.1747
3178,91,10.0169,75820.4523,237713.7519,18.0,4,0,0,833.1918,2612.239
3179,91,9.9817,77937.1618,244350.5203,12.0,3,0,0,856.4523,2685.1706
3180,92,10.1043,91702.2781,287508.4564,15.0,4,1,0,996.7639,3125.0919
3181,90,10.3261,80442.7179,252206.5316,19.0,4,0,2,893.808,2802.2948
3182,90,10.5129,80801.673,253331.8778,13.0,3,0,0,897.7964,2814.7986
3183,91,10.6499,84195.3955,263971.6546,3.0,2,1,0,925.2241,2900.7874
3184,90,10.9126,85837.1967,269119.2178,0.0,0,0,1,953.7466,2990.2135
3185,89,11.1264,82200.0809,257716.4765,0.0,0,0,1,923.5964,2895.6907
3186,90,11.069,79163.3932,248195.4445,1.0,2,1,0,879.5933,2757.7272
3187,89,11.0871,68628.7051,215166.6812,2.0,1,0,1,771.109,2417.6032
3188,89,11.1749,82713.8166,259327.4153,3.0,1,0,0,929.3687,2913.7912
3189,90,10.9863,65468.1663,205256.5514,4.0,2,1,0,727.4241,2280.6283
3190,90,11.0647,73031.906,228971.6509,6.0,2,0,0,811.4656,2544.1295
3191,89,10.9745,68243.3623,213958.3949,9.0,3,0,1,766.7794,2404.0269
3192,89,10.8243,70303.1066,220415.1624,12.0,4,1,1,789.9225,2476.5749
3193,87,10.8564,66613.315,208847.3167,15.0,3,0,2,765.6703,2400.5439
3194,87,10.8116,64970.6665,203697.3571,14.0,2,0,0,746.7893,2341.3489
3195,88,10.6668,69818.3401,218895.5836,6.0,2,1,0,793.3902,2487.4498
3196,88,10.6017,71620.0515,224545.476,7.0,1,0,0,813.8642,2551.6531
3197,86,10.6663,74769.9909,234420.6883,8.0,1,0,2,869.4185,2725.822
3198,87,10.5683,73607.3062,230774.8258,11.0,4,1,0,846.061,2652.5842
3199,86,10.4788,74272.1468,232859.9713,15.0,4,0,1,863.6296,2707.6741
3200,84,10.4921,64547.2829,202369.4778,8.0,3,0,2,768.42,2409.1604
3201,84,10.4829,78736.2877,246855.4878,12.0,5,1,1,937.3368,2938.7558
3202,84,10.5997,73781.8049,231322.9372,7.0,2,0,0,878.3548,2753.8445
3203,84,10.6016,65108.4842,204129.6462,9.0,2,0,0,775.101,2430.1148
3204,85,10.6593,85924.91,269394.693,11.0,3,1,0,1010.8813,3169.3493
3205,85,10.6685,74794.2348,234496.7133,14.0,3,0,0,879.9322,2758.7849
3206,85,10.7039,83588.2906,262068.5531,9.0,3,0,0,983.3917,3083.1594
3207,85,10.4552,62856.0113,197067.9063,12.0,4,1,1,739.4825,2318.446
3208,85,10.4115,68457.5467,214629.3447,15.0,3,0,0,805.3829,2525.0511
3209,85,10.603,78788.7494,247021.1855,18.0,3,0,0,926.9265,2906.1316
3210,86,10.7321,85705.3212,268705.6862,21.0,4,1,0,996.5735,3124.4847
3211,84,11.1632,88237.2815,276644.8378,6.0,1,0,2,1050.4438,3293.3909
3212,84,11.1826,82749.8185,259440.3903,7.0,1,0,0,985.1169,3088.5761
3213,84,10.9572,67876.1506,212807.3616,8.0,2,1,1,808.0494,2533.421
3214,84,10.9571,70867.1057,222183.9562,10.0,2,0,0,843.656,2645.0471
3215,84,11.0488,74708.8061,234228.9338,12.0,2,0,0,889.3905,2788.4397
3216,85,11.0494,76255.2998,239078.1751,11.0,2,1,0,897.1212,2812.6844
3217,85,11.0717,68234.0983,213928.845,12.0,1,0,0,802.7541,2516.8099
3218,85,11.1477,70549.6349,221188.9679,13.0,1,0,0,829.9957,2602.2232
3219,85,11.2486,79844.4749,250330.8119,14.0,2,1,1,939.3468,2945.0684
3220,85,11.3352,81194.4175,254563.8961,15.0,1,0,0,955.2284,2994.8694
3221,85,11.481,77056.4156,241590.1847,16.0,1,0,0,906.5461,2842.2375
3222,86,11.3371,76671.2703,240382.1642,17.0,2,1,0,891.5264,2795.1414
3223,86,11.3439,75399.022,236393.4124,18.0,1,0,0,876.7328,2748.7606
3224,86,11.4177,73703.6007,231077.6189,0.0,0,0,0,857.0186,2686.9491
3225,87,11.2293,66544.3372,208631.207,0.0,1,1,0,764.8774,2398.0599
3226,86,11.2229,70135.5536,219891.8331,0.0,0,0,1,815.5297,2556.8818
3227,86,11.35,77749.3035,243761.8231,0.0,0,0,0,904.0617,2834.4398
3228,87,11.2282,70466.3465,220928.3831,0.0,1,1,0,809.958,2539.4067
3229,86,11.1961,66263.3175,207750.0767,0.0,0,0,1,770.5037,2415.6986
3230,86,11.2635,75242.9675,235904.1183,0.0,0,0,0,874.9182,2743.0711
3231,87,10.923,64113.1605,201009.2449,1.0,2,1,0,736.9329,2310.4511
3232,87,11.016,79983.8192,250767.7962,0.0,0,0,0,919.3542,2882.3885
3233,87,10.9291,66463.0713,208376.9953,0.0,0,0,0,763.9433,2395.1379
3234,87,10.9026,75855.3405,237823.5889,1.0,2,1,1,871.9005,2733.6045
3235,87,11.0923,79914.564,250550.4054,0.0,0,0,0,918.5582,2879.8897
3236,87,11.3477,83757.9278,262600.5544,0.0,0,0,0,962.7348,3018.3972
3237,87,11.3323,81724.9124,256226.8973,0.0,1,1,1,939.3668,2945.1368
3238,87,11.4999,87672.3151,274873.1369,0.0,0,0,0,1007.7278,3159.4613
3239,87,11.6272,80535.1349,252496.188,0.0,0,0,0,925.6912,2902.255
3240,88,11.411,71571.0969,224391.9823,0.0,1,1,0,813.3079,2549.9089
3241,87,11.4455,75473.3404,236626.2583,0.0,0,0,1,867.5097,2719.842
3242,87,11.2499,59604.1221,186872.4133,0.0,0,0,0,685.1049,2147.9588
3243,87,11.2245,78648.7482,246581.4,0.0,1,1,1,904.0086,2834.269
3244,87,11.1767,54843.2674,171945.3485,0.0,0,0,0,630.3824,1976.3833
3245,87,11.2734,75384.0936,236346.1408,0.0,0,0,0,866.4838,2716.6223
3246,88,11.1862,72636.7374,227732.7648,0.0,1,1,0,825.4175,2587.8723
3247,88,11.1098,74431.0228,233358.0532,0.0,0,0,0,845.8071,2651.7961
3248,88,10.8874,64805.9657,203181.3782,1.0,1,0,0,736.4314,2308.8793
3249,88,10.7725,80248.5371,251597.0534,3.0,3,1,1,911.9152,2859.0574
3250,87,10.9536,76617.491,240213.3288,5.0,2,0,1,880.6608,2761.0727
3251,87,11.0395,73661.2281,230944.5727,9.0,4,0,0,846.6808,2654.5353
3252,88,11.1147,74273.7781,232864.2665,9.0,5,1,0,844.0202,2646.1848
3253,88,11.2566,74415.7682,233309.9634,13.0,4,0,0,845.6337,2651.2496
3254,88,11.3407,72756.3387,228107.0245,17.0,4,0,0,826.7766,2592.1253
3255,89,11.0965,72724.2261,228006.3312,21.0,5,1,0,817.1261,2561.8689
3256,89,10.9446,62493.4022,195930.2649,25.0,4,0,0,702.1731,2201.4637
3257,89,10.8637,67400.4575,211314.7936,30.0,5,0,0,757.3085,2374.3235
3258,89,10.6868,66440.9379,208306.3025,28.0,6,1,1,746.5274,2340.5203
3259,89,10.7306,71478.9811,224102.0976,21.0,3,0,0,803.1346,2518.0011
3260,88,11.0192,82028.4486,257178.3029,15.0,2,0,1,932.1415,2922.4807
3261,88,11.0566,79630.8293,249661.2618,13.0,2,1,1,904.8958,2837.0598
3262,88,11.1501,78055.6051,244722.4416,0.0,0,0,0,886.9955,2780.9368
3263,87,11.3246,82959.9722,260099.1688,1.0,1,0,1,953.5629,2989.6456
3264,87,11.2607,72937.4115,228675.5128,3.0,3,1,1,838.3611,2628.4542
3265,86,11.2664,70931.2294,222385.641,6.0,3,0,1,824.7817,2585.8795
3266,86,11.104,66203.5765,207563.4633,9.0,3,0,0,769.809,2413.5286
3267,87,10.9667,70962.0298,222481.2748,13.0,5,1,0,815.6555,2557.256
3268,87,11.0379,81517.2168,255575.3712,13.0,3,0,0,936.9795,2937.6479
3269,87,11.1713,74661.8156,234081.7324,17.0,4,0,0,858.1818,2690.5946
3270,88,11.0323,68588.7104,215040.4163,17.0,4,1,0,779.4172,2443.6411
3271,88,11.0964,84041.1144,263487.9225,20.0,3,0,0,955.0127,2994.1809
3272,88,10.9225,58956.4284,184841.3545,19.0,2,0,0,669.9594,2100.4699
3273,89,10.9411,84771.5036,265778.0238,21.0,3,1,0,952.4888,2986.2699
3274,89,10.8139,69440.7043,217711.832,23.0,2,0,0,780.2326,2446.2004
3275,88,10.7829,75186.7181,235728.0117,25.0,2,0,1,854.3945,2678.7274
3276,88,10.7394,72823.3959,228316.707,29.0,5,1,1,827.5386,2594.508
3277,88,10.9144,78056.8805,244725.9707,33.0,4,0,0,887.01,2780.9769
3278,88,11.0382,75368.2778,236296.4238,21.0,3,0,0,856.4577,2685.1866
3279,89,11.1456,86216.0913,270306.4608,25.0,5,1,0,968.7201,3037.1512
3280,89,11.1918,71596.1601,224469.5875,29.0,4,0,0,804.4512,2522.1302
3281,88,11.1732,77155.5205,241900.71,33.0,4,0,1,876.7673,2748.8717
3282,88,11.0332,69709.0443,218553.2522,37.0,5,1,1,792.1482,2483.5597
3283,88,11.0862,77093.9447,241706.6076,13.0,2,0,0,876.0676,2746.666
3284,88,11.1282,72569.3698,227521.3837,9.0,1,0,0,824.6519,2585.4703
3285,88,10.9311,71049.6788,222756.3192,1.0,2,1,1,807.3827,2531.3218
3286,88,10.9542,74500.7331,233577.2498,2.0,1,0,0,846.5992,2654.2869
3287,88,11.0647,82488.6374,258620.6211,3.0,1,0,0,937.3709,2938.8707
3288,88,10.9577,74483.0485,233522.2123,5.0,3,1,1,846.3983,2653.6615
3289,88,10.7566,61065.582,191454.0613,9.0,4,0,0,693.9271,2175.6143
3290,88,10.7713,76548.2947,239996.3162,13.0,4,0,0,869.867,2727.2309
3291,89,10.572,73759.8227,231253.2109,14.0,4,1,0,828.7621,2598.3507
3292,88,10.739,75900.6728,237965.5562,9.0,2,0,1,862.5076,2704.154
3293,88,10.8017,69682.4067,218470.6928,11.0,2,0,0,791.8455,2482.6215
3294,89,10.8251,83486.3645,261748.815,13.0,3,1,0,938.049,2940.9979
3295,88,10.9792,77629.4856,243386.2384,15.0,2,0,1,882.1532,2765.7527
3296,88,11.1596,87241.2262,273521.136,18.0,3,0,0,991.3776,3108.1947
3297,89,11.0636,71978.9789,225670.4139,19.0,3,1,0,808.7526,2535.6226
3298,89,11.1955,84748.8877,265707.1239,21.0,2,0,0,952.2347,2985.4733
3299,89,11.1104,70772.481,221887.4979,23.0,2,0,0,795.1964,2493.118
3300,90,10.8504,72231.5525,226462.1124,26.0,4,1,0,802.5728,2516.2457
3301,90,10.716,68705.2957,215405.8556,30.0,4,0,0,763.3922,2393.3984
3302,89,10.8397,74988.3526,235104.6856,33.0,4,0,1,842.5658,2641.6257
3303,89,10.7696,70739.8446,221785.2483,33.0,4,1,1,794.8297,2491.9691
3304,88,10.7254,68157.2015,213688.0661,36.0,3,0,1,774.5137,2428.2735
3305,88,10.7011,74660.1032,234076.1575,39.0,3,0,0,848.4103,2659.9563
3306,89,10.661,76853.1322,240951.7256,42.0,4,1,0,863.5183,2707.3228
3307,89,10.7736,76714.0767,240515.9378,19.0,1,0,0,861.9559,2702.4263
3308,89,10.8705,73377.0118,230052.5164,0.0,0,0,0,824.4608,2584.8597
3309,89,10.7291,71393.5938,223834.8946,0.0,1,1,1,802.1752,2514.9988
3310,89,10.9844,86607.1508,271533.2573,0.0,0,0,0,973.1141,3050.9355
3311,89,11.0014,70587.5372,221308.225,1.0,1,0,0,793.1184,2486.6093
3312,90,10.9079,79510.9671,249285.1644,2.0,2,1,0,883.4552,2769.8352
3313,90,10.8674,75557.764,236890.4187,0.0,0,0,0,839.5307,2632.1158
3314,90,10.8181,68248.7546,213974.5709,0.0,0,0,0,758.3195,2377.4952
3315,91,10.7152,71885.5554,225376.8429,0.0,1,1,0,789.9512,2476.6686
3316,90,10.7533,70830.8086,222070.7311,0.0,0,0,1,787.009,2467.4526
3317,90,10.7424,69639.7609,218335.7507,2.0,2,0,0,773.7751,2425.9528
3318,91,10.7573,83105.2947,260553.6628,4.0,3,1,0,913.245,2863.2271
3319,88,11.0724,80352.1057,251922.2506,0.0,0,0,3,913.0921,2862.7528
3320,87,11.3055,76311.5108,239253.9768,2.0,2,0,1,877.1438,2750.0457
3321,88,11.2255,68885.1351,215970.151,4.0,3,1,0,782.7856,2454.2063
3322,86,11.2048,67901.3952,212886.231,6.0,2,0,2,789.5511,2475.4213
3323,86,11.2726,73293.6939,229791.9633,4.0,1,0,0,852.2523,2671.9996
3324,87,10.9964,69797.5192,218831.4068,5.0,2,1,0,802.2703,2515.3035
3325,87,11.1008,78820.0649,247118.7698,7.0,2,0,0,905.9778,2840.4456
3326,87,11.0535,67798.5495,212563.8164,9.0,2,0,0,779.2937,2443.2623
3327,88,10.8809,67100.8447,210376.2782,11.0,3,1,0,762.5096,2390.6395
3328,87,10.7894,74010.7122,232040.2124,14.0,3,0,1,850.6978,2667.1289
3329,86,10.579,69352.1124,217434.669,7.0,2,0,1,806.4199,2528.3101
3330,87,10.5293,81691.5802,256121.7872,4.0,3,1,0,938.9837,2943.9286
3331,87,10.6387,78773.6169,246973.4273,4.0,1,0,0,905.4439,2838.775
3332,87,10.8568,81460.3073,255396.5808,6.0,2,0,0,936.3254,2935.5929
3333,88,10.6746,75205.9406,235787.7448,9.0,4,1,0,854.613,2679.4062
3334,88,10.9188,88087.6866,276175.4183,9.0,2,0,0,1000.9964,3138.357
3335,88,11.1735,81355.4322,255068.7145,8.0,1,0,0,924.4935,2898.5081
3336,88,11.2017,86810.1411,272170.0111,9.0,2,1,1,986.4789,3092.841
3337,88,11.2585,73437.6712,230243.5936,10.0,1,0,0,834.519,2616.4045
3338,87,11.4492,73919.5763,231754.3989,11.0,1,0,1,849.6503,2663.8437
3339,88,11.3749,77190.2467,242008.9078,13.0,3,1,0,877.1619,2750.1012
3340,88,11.4186,79960.5923,250694.5246,15.0,2,0,0,908.6431,2848.8014
3341,88,11.4637,72576.3383,227543.5471,0.0,0,0,0,824.7311,2585.7221
3342,88,11.2406,75759.9384,237524.9203,0.0,1,1,1,860.9084,2699.1468
3343,88,11.2338,74325.3579,233026.8528,1.0,1,0,0,844.6063,2648.0324
3344,87,11.1926,67847.2519,212716.0832,2.0,1,0,1,779.8535,2445.0125
3345,86,10.9547,69412.724,217624.309,1.0,2,1,2,807.1247,2530.5152
3346,86,11.0381,71157.6986,223094.9159,3.0,2,0,0,827.4151,2594.1269
3347,86,11.0591,68870.7617,215925.1005,3.0,2,0,0,800.8228,2510.757
3348,87,11.0643,78507.902,246140.0289,5.0,3,1,0,902.3897,2829.1957
3349,86,10.8619,62147.7181,194846.343,7.0,2,0,1,722.6479,2265.6552
3350,86,10.9595,75201.6156,235773.9625,9.0,2,0,0,874.4374,2741.5577
3351,87,10.7598,65908.9645,206639.2644,11.0,3,1,0,757.5743,2375.164
3352,87,10.9174,78355.9661,245664.2476,13.0,2,0,0,900.6433,2823.727
3353,87,11.2012,84672.6116,265468.7076,15.0,2,0,0,973.2484,3051.3645
3354,88,11.2161,84362.5251,264496.6886,17.0,3,1,0,958.6651,3005.6442
3355,88,11.1482,70225.5677,220173.2008,19.0,2,0,0,798.0178,2501.9682
3356,87,11.1299,59631.1028,186956.5691,21.0,2,0,1,685.415,2148.9261
3357,88,10.847,65750.2697,206142.0858,23.0,3,1,0,747.1622,2342.5237
3358,88,10.5947,66030.0717,207018.8224,25.0,2,0,0,750.3417,2352.4866
3359,88,10.4566,70862.4542,222169.7897,27.0,2,0,0,805.2552,2524.6567
3360,89,10.3206,71343.1899,223676.642,30.0,4,1,0,801.6089,2513.2207
3361,89,10.346,74069.1098,232223.2889,31.0,2,0,0,832.2372,2609.2504
3362,89,10.2877,71814.9863,225156.3571,33.0,2,0,0,806.91,2529.8467
3363,90,10.3105,82441.4198,258472.9396,1.0,2,1,0,916.0158,2871.9216
3364,90,10.5816,79640.419,249690.8593,2.0,1,0,0,884.8935,2774.3429
3365,90,10.692,70866.102,222180.4877,4.0,2,0,0,787.4011,2468.6721
3366,90,10.5806,75310.1173,236113.8153,6.0,3,1,1,836.7791,2623.4868
3367,88,10.7703,72385.5319,226944.9619,8.0,2,0,2,822.5629,2578.92
3368,88,10.9047,83725.4443,262498.4614,11.0,3,0,0,951.4255,2982.9371
3369,88,10.8322,79818.0441,250248.4598,14.0,4,1,1,907.0232,2843.7325
3370,87,10.8295,70687.6363,221621.8333,17.0,3,0,1,812.5016,2547.3774
3371,86,10.8543,67166.1528,210580.0283,20.0,3,0,1,781.0018,2448.605
3372,86,10.9821,72196.8405,226352.5776,23.0,3,0,0,839.4981,2632.0067
3373,86,10.9016,63831.2976,200123.9684,18.0,4,1,1,742.2244,2327.0229
3374,86,10.8405,65268.2994,204629.7791,21.0,3,0,0,758.9337,2379.416
3375,87,10.6695,66134.5848,207346.6264,24.0,4,1,0,760.1676,2383.2946
3376,87,10.6808,70318.1712,220462.3978,24.0,3,0,0,808.2548,2534.0505
3377,87,10.5767,64491.4962,202194.9958,28.0,4,0,0,741.2816,2324.0804
3378,88,10.5626,76791.8562,240759.3898,19.0,3,1,0,872.6347,2735.9022
3379,88,10.6512,66451.6427,208340.426,22.0,3,0,0,755.1323,2367.5048
3380,88,10.7158,79991.1514,250789.9829,25.0,3,0,0,908.9904,2849.8862
3381,89,10.6983,77028.4418,241501.4753,10.0,4,1,0,865.4881,2713.4997
3382,88,10.7018,72152.472,226213.788,9.0,2,0,1,819.9145,2570.6112
3383,88,10.6617,62929.5815,197297.813,11.0,2,0,0,715.1089,2242.0206
3384,88,10.7122,76887.0972,241058.0725,13.0,2,0,0,873.717,2739.2963
3385,88,10.5746,66288.4708,207828.6969,16.0,3,0,0,753.2781,2361.6897
3386,89,10.4869,85529.2408,268153.4781,20.0,5,1,0,961.0027,3012.9604
3387,90,10.2375,64442.3475,202040.6508,25.0,6,1,0,716.0261,2244.8961
3388,90,10.2495,71679.4532,224730.4866,30.0,5,0,0,796.4384,2497.0054
3389,90,10.2304,74215.7142,232682.0894,22.0,5,0,0,824.619,2585.3565
3390,91,10.1809,79791.3117,250163.0723,17.0,5,1,0,876.8276,2749.0448
3391,91,10.3286,74962.0678,235021.6583,22.0,5,0,0,823.759,2582.6556
3392,90,10.493,80164.5822,251333.8129,15.0,3,0,1,890.7176,2792.5979
3393,91,10.5051,80185.3035,251399.3415,10.0,3,1,0,881.1572,2762.6301
3394,90,10.3037,67945.0794,213023.1408,9.0,2,0,1,754.9453,2366.9238
3395,90,10.42,75188.8415,235733.4703,11.0,2,0,0,835.4316,2619.2608
3396,90,10.3278,77981.9826,244490.8185,13.0,3,1,1,866.4665,2716.5646
3397,90,10.511,79812.5084,250230.4588,5.0,2,0,0,886.8056,2780.3384
3398,90,10.5887,80966.3219,253848.1166,7.0,2,0,0,899.6258,2820.5346
3399,91,10.5686,84291.2303,264272.5721,9.0,3,1,0,926.2773,2904.0942
3400,91,10.6078,80595.7846,252686.4356,11.0,2,0,0,885.668,2776.774
3401,91,10.6187,72987.7441,228833.4918,14.0,3,0,0,802.0631,2514.6538
3402,91,10.5565,80909.365,253669.2345,8.0,3,1,1,889.1139,2787.574
3403,91,10.7506,83641.521,262234.9604,11.0,3,0,0,919.1376,2881.7029
3404,91,10.7156,74179.2856,232568.5575,15.0,4,0,0,815.157,2555.6984
3405,92,10.7261,79053.2577,247850.1553,14.0,3,1,0,859.2745,2694.0234
3406,91,10.7209,77731.7113,243706.4267,16.0,2,0,1,854.1946,2678.0926
3407,91,10.8009,83409.6908,261508.9316,7.0,1,0,0,916.59,2873.7245
3408,92,10.7781,88722.8526,278166.634,8.0,2,1,0,964.3788,3023.5504
3409,92,10.8426,84107.0948,263694.6873,10.0,2,0,0,914.2076,2866.2466
3410,92,10.8394,78069.5311,244765.9474,13.0,3,0,0,848.5819,2660.4994
3411,93,10.6835,73266.457,229706.7546,5.0,3,1,0,787.8114,2469.9651
3412,93,10.6685,75776.27,237575.3314,4.0,2,0,0,814.7986,2554.5735
3413,93,10.5873,75147.6076,235604.4497,3.0,2,0,0,808.0388,2533.3812
3414,93,10.3189,75683.3425,237283.7061,6.0,4,1,1,813.7994,2551.4377
3415,92,10.2406,75111.2563,235490.1671,6.0,3,0,1,816.4267,2559.6757
3416,92,10.4043,79756.9583,250055.7937,10.0,4,0,0,866.9235,2717.9978
3417,93,10.481,82117.3984,257456.4531,15.0,6,1,0,882.9828,2768.349
3418,93,10.5047,77322.222,242422.0458,20.0,5,0,0,831.4217,2606.6887
3419,93,10.5543,81631.3054,255932.4989,25.0,5,0,0,877.756,2751.9624
3420,93,10.3923,78153.5843,245028.5473,30.0,6,1,1,840.3611,2634.7156
3421,91,10.4243,71344.2159,223680.0386,35.0,5,0,2,784.0024,2458.0224
3422,91,10.422,69823.4208,218911.5526,33.0,4,0,0,767.2903,2405.6215
3423,91,10.2285,74995.5804,235127.4652,19.0,4,1,1,824.1273,2583.8183
3424,91,10.1345,64108.2863,200992.6177,22.0,3,0,0,704.4867,2208.7101
3425,91,10.177,75680.5515,237274.9221,25.0,3,0,0,831.6544,2607.4167
3426,92,10.2065,79053.1962,247848.8159,14.0,3,1,0,859.2739,2694.0089
3427,92,10.2025,78643.9892,246566.3151,16.0,2,0,0,854.826,2680.0686
3428,91,10.1218,81291.73,254868.2225,19.0,3,0,1,893.3157,2800.7497
3429,92,10.1765,88192.9016,276504.5315,23.0,5,1,0,958.6185,3005.484
3430,92,10.4402,86824.716,272215.6764,26.0,4,0,0,943.7469,2958.866
3431,91,10.613,78928.4984,247458.7628,15.0,3,0,1,867.3461,2719.3271
3432,92,10.7471,84249.7565,264142.2362,9.0,4,1,0,915.7582,2871.1113
3433,92,10.8506,79662.8568,249760.9039,10.0,2,0,0,865.9006,2714.7924
3434,91,10.7014,65564.7755,205559.9821,12.0,2,0,1,720.492,2258.9009
3435,92,10.344,68808.0345,215728.2901,14.0,3,1,0,747.9134,2344.8727
3436,92,10.2291,74559.2499,233759.658,16.0,2,0,0,810.4266,2540.8658
3437,90,10.2448,71056.4773,222777.5869,19.0,3,0,2,789.5164,2475.3065
3438,90,10.2093,74404.2318,233273.6663,22.0,4,1,1,826.7137,2591.9296
3439,89,10.3893,75712.7075,237375.4373,3.0,1,0,1,850.7046,2667.1397
3440,89,10.6618,82167.618,257613.6876,4.0,1,0,0,923.2317,2894.5358
3441,90,10.4468,68792.5761,215679.9497,6.0,3,1,0,764.362,2396.4439
3442,90,10.5431,76473.6803,239762.2118,6.0,1,0,0,849.7076,2664.0246
3443,90,10.5414,68415.4508,214497.1329,7.0,1,0,0,760.1717,2383.3015
3444,90,10.5605,81851.8541,256623.7654,1.0,2,1,1,909.465,2851.3752
3445,90,10.7269,82277.4644,257959.0844,2.0,1,0,0,914.194,2866.212
3446,89,10.64,61203.1152,191884.8847,3.0,1,0,1,687.6755,2156.0099
3447,89,10.6405,81307.624,254918.2491,4.0,2,1,1,913.5688,2864.25
3448,89,10.6085,71267.5741,223440.2717,5.0,1,0,0,800.7593,2510.5649
3449,89,10.6828,65046.4848,203934.9751,6.0,1,0,0,730.8594,2291.4042
3450,90,10.5641,77564.3006,243181.3163,7.0,2,1,0,861.8256,2702.0146
3451,90,10.6348,68757.6599,215570.4937,8.0,1,0,0,763.974,2395.2277
3452,90,10.7625,78938.9056,247491.528,9.0,1,0,0,877.099,2749.9059
3453,91,10.5713,67135.0736,210483.2422,10.0,2,1,0,737.7481,2313.0027
3454,91,10.4413,75613.6378,237065.2544,11.0,1,0,0,830.9191,2605.1127
3455,91,10.2276,60713.5659,190349.5991,13.0,2,0,0,667.182,2091.7538
3456,91,9.7858,57027.0281,178791.411,15.0,3,1,1,626.6706,1964.7408
3457,90,9.8667,75723.6734,237409.5752,20.0,5,0,1,841.3741,2637.8842
3458,90,9.9344,74381.4501,233201.5,25.0,5,0,0,826.4606,2591.1278
3459,91,10.0142,82242.3429,257848.0146,30.0,6,1,0,903.762,2833.4947
3460,90,10.2343,88684.6856,278046.632,35.0,5,0,1,985.3854,3089.407
3461,89,10.1804,69519.1027,217957.3189,31.0,4,0,1,781.1135,2448.9586
3462,90,9.9006,67484.4724,211578.4896,35.0,5,1,0,749.8275,2350.8721
3463,90,9.7656,70019.6817,219526.1556,40.0,5,0,0,777.9965,2439.1795
3464,90,9.7598,78576.9044,246355.6902,45.0,5,0,0,873.0767,2737.2854
3465,90,9.5725,68749.0462,215543.8907,28.0,5,1,1,763.8783,2394.9321
3466,89,9.7446,83546.8877,261937.874,32.0,4,0,1,938.7291,2943.1222
3467,89,10.0182,82735.1547,259392.7123,36.0,4,0,0,929.6085,2914.5249
3468,90,10.0963,83310.1643,261195.1196,41.0,6,1,0,925.6685,2902.168
3469,90,10.0292,69959.288,219337.2289,47.0,6,0,0,777.3254,2437.0803
3470,90,10.1705,83427.9327,261564.8639,37.0,5,0,0,926.977,2906.2763
3471,90,9.9088,69576.1902,218136.5529,38.0,5,1,1,773.0688,2423.7395
3472,89,10.0912,80582.1658,252642.8659,32.0,3,0,1,905.4176,2838.6839
3473,89,10.2558,78597.4932,246420.3549,36.0,4,0,0,883.1179,2768.768
3474,87,10.1919,75525.7428,236790.1958,41.0,6,1,3,868.112,2721.7264
3475,86,10.3129,75245.0445,235909.7373,46.0,5,0,1,874.9424,2743.1365
3476,86,10.3683,71987.2379,225695.4032,52.0,6,0,0,837.0609,2624.3652
3477,87,10.1807,62842.8902,197025.5148,58.0,7,1,0,722.3321,2264.6611
3478,87,10.2208,69475.0368,217818.3996,54.0,5,0,0,798.5636,2503.6598
3479,87,10.2915,68532.625,214864.0946,37.0,5,0,0,787.7313,2469.7022
3480,88,10.3029,65789.8246,206264.5542,20.0,4,1,0,747.6116,2343.9154
3481,88,10.5612,76200.4481,238904.9862,23.0,3,0,0,865.9142,2714.8294
3482,88,10.7978,81360.0238,255081.7657,17.0,2,0,0,924.5457,2898.6564
3483,89,10.8707,76960.8438,241289.1396,19.0,3,1,0,864.7286,2711.1139
3484,89,11.0417,77834.7423,244029.534,21.0,2,0,0,874.5477,2741.9049
3485,88,10.9734,72100.5364,226051.4821,23.0,2,0,1,819.3243,2568.7668
3486,89,10.8134,73644.1091,230890.8529,25.0,3,1,0,827.4619,2594.2792
3487,88,10.862,73318.4794,229870.0402,27.0,2,0,1,833.1645,2612.1595
3488,87,10.7214,65556.3693,205533.5476,30.0,3,0,1,753.5215,2362.4546
3489,88,10.5796,67156.3914,210549.7792,34.0,5,1,0,763.1408,2392.6111
3490,88,10.6022,64903.9315,203487.8731,20.0,3,0,0,737.5447,2312.3622
3491,87,10.6897,70339.5868,220530.4307,23.0,3,0,1,808.501,2534.8325
3492,87,10.6262,77901.5805,244238.9769,26.0,4,1,1,895.4205,2807.3446
3493,87,10.7683,77961.5762,244427.2301,29.0,3,0,0,896.1101,2809.5084
3494,87,10.8486,73401.6012,230130.384,32.0,3,0,0,843.6966,2645.1768
3495,88,10.678,70706.8399,221681.9065,35.0,4,1,0,803.4868,2519.1126
3496,86,10.5978,65400.0275,205043.3304,39.0,4,0,2,760.4654,2384.2248
3497,85,10.4238,60618.2771,190050.9188,44.0,5,0,1,713.1562,2235.8932
3498,85,10.1187,67359.5437,211186.3103,49.0,6,1,1,792.4652,2484.5448
3499,85,10.0345,71845.6312,225251.2148,33.0,5,0,0,845.2427,2650.0143
3500,85,9.8442,62462.1422,195831.5934,39.0,6,0,0,734.8487,2303.9011
3501,85,9.6911,67672.0752,212166.1582,41.0,7,1,1,796.1421,2496.0724
3502,85,9.781,69462.5567,217779.7201,44.0,6,0,0,817.2065,2562.1144
3503,84,9.9753,80831.3766,253424.1493,50.0,6,0,1,962.2783,3016.9542
3504,85,9.7781,65777.3815,206225.417,54.0,9,1,0,773.8515,2426.1814
3505,85,9.9227,72348.5496,226828.014,56.0,6,0,0,851.1594,2668.5649
3506,85,10.1009,75560.358,236898.4085,48.0,4,0,0,888.9454,2787.0401
3507,85,10.1287,73004.3873,228884.5156,52.0,5,1,1,858.8751,2692.759
3508,84,10.2208,69578.4541,218143.2554,56.0,4,0,1,828.3149,2596.9435
3509,84,10.3626,66969.3181,209963.7541,60.0,4,0,0,797.2538,2499.5685
3510,85,10.454,79102.6475,248003.9647,65.0,6,1,0,930.6194,2917.6937
3511,85,10.693,77357.5802,242533.0063,57.0,4,0,0,910.0892,2853.3295
3512,85,10.7964,71062.7315,222797.3798,52.0,3,0,0,836.0321,2621.1456
3513,86,10.788,74556.936,233752.4951,17.0,3,1,0,866.9411,2718.0523
3514,85,10.9471,81385.5108,255162.1239,5.0,1,0,1,957.4766,3001.9073
3515,85,11.1095,71711.1767,224830.6631,6.0,1,0,0,843.6609,2645.0666
3516,86,10.9928,72873.9282,228476.3565,7.0,2,1,0,847.3713,2656.7018
3517,86,11.1239,79866.3999,250400.0021,8.0,1,0,0,928.6791,2911.6279
3518,86,11.192,75171.5592,235680.3659,9.0,1,0,0,874.0879,2740.4694
3519,87,10.9096,60090.111,188396.2194,11.0,3,1,0,690.6909,2165.4738
3520,86,10.7856,68465.2386,214653.6547,14.0,3,0,1,796.1074,2495.9727
3521,86,10.7888,81640.2908,255961.3679,12.0,1,0,0,949.3057,2976.295
3522,86,10.5289,72233.2071,226467.5227,0.0,1,1,1,839.921,2633.3433
3523,86,10.5539,73480.2561,230376.5356,1.0,1,0,0,854.4216,2678.7969
3524,86,10.6021,64394.8779,201891.8839,4.0,3,0,0,748.7776,2347.58
3525,87,10.5801,72750.6578,228088.883,7.0,4,1,0,836.2145,2621.7113
3526,86,10.7028,76503.6068,239856.0994,10.0,3,0,1,889.5768,2789.0244
3527,86,10.7282,71012.9604,222641.4712,13.0,3,0,0,825.7321,2588.8543
3528,87,10.763,82148.4317,257554.1364,17.0,5,1,0,944.2348,2960.3924
3529,87,10.8098,78280.9044,245428.6278,21.0,4,0,0,899.7805,2821.0187
3530,87,10.8606,73902.9783,231702.9242,17.0,3,0,0,849.4595,2663.252
3531,87,10.743,71831.6481,225208.4234,20.0,4,1,1,825.6511,2588.6026
3532,87,10.7493,69699.4861,218522.7812,24.0,4,0,0,801.1435,2511.7561
3533,87,10.6355,64150.1732,201124.8307,16.0,2,0,0,737.3583,2311.7797
3534,88,10.4065,73652.8572,230918.3271,18.0,3,1,0,836.9643,2624.0719
3535,88,10.2134,65939.7275,206734.9979,21.0,3,0,0,749.3151,2349.2613
3536,86,10.2759,76388.1626,239493.7315,24.0,4,0,2,888.2344,2784.8108
3537,87,10.2738,74015.7852,232054.9684,28.0,5,1,0,850.7562,2667.2985
3538,87,10.574,84617.4245,265294.261,22.0,4,0,0,972.6141,3049.3593
3539,87,10.582,63268.1723,198359.4731,27.0,5,0,0,727.2204,2279.9939
3540,88,10.557,86406.0231,270903.0398,30.0,5,1,0,981.8866,3078.4436
3541,88,10.4139,70853.8396,222142.5841,29.0,4,0,0,805.1573,2524.3475
3542,87,10.3275,64213.5265,201322.7007,34.0,5,0,1,738.0865,2314.054
3543,86,10.2411,62610.025,196295.1889,39.0,6,1,2,728.0235,2282.5022
3544,84,10.2799,70271.6096,220316.5984,41.0,4,0,2,836.5668,2622.8166
3545,84,10.1825,63798.4876,200021.9097,38.0,4,0,0,759.5058,2381.2132
3546,85,9.9668,67778.503,212500.6255,17.0,3,1,0,797.3942,2500.0074
3547,84,9.9516,65627.0712,205755.2992,7.0,1,0,1,781.2747,2449.4678
3548,84,10.098,77580.0221,243230.9368,8.0,1,0,0,923.5717,2895.6064
3549,85,10.1388,82245.4264,257858.0251,1.0,2,1,0,967.5933,3033.6238
3550,85,10.3973,84086.7685,263631.0582,3.0,2,0,0,989.2561,3101.5419
3551,85,10.6066,83708.4105,262444.9612,5.0,2,0,0,984.8048,3087.5878
3552,85,10.5105,75116.4782,235507.4623,3.0,2,1,1,883.7233,2770.676
3553,85,10.7514,78212.788,245215.5969,4.0,1,0,0,920.1504,2884.8894
3554,85,10.7118,69037.0084,216446.8604,0.0,0,0,0,812.2001,2546.4337
3555,86,10.5477,74693.0927,234180.1601,0.0,1,1,0,868.5243,2723.0251
3556,85,10.7488,79128.9338,248087.8312,0.0,0,0,1,930.9286,2918.6804
3557,85,10.9376,80451.1304,252233.6339,0.0,0,0,0,946.4839,2967.4545
3558,86,11.0279,84816.3607,265919.0387,0.0,1,1,0,986.2368,3092.0818
3559,85,10.9785,65936.0965,206724.8508,0.0,0,0,1,775.7188,2432.0571
3560,85,11.0702,75127.6343,235542.5218,0.0,0,0,0,883.8545,2771.0885
3561,86,10.9149,63242.9966,198280.8287,2.0,3,1,0,735.3837,2305.591
3562,86,11.0835,78717.913,246799.0532,2.0,1,0,0,915.3246,2869.7564
3563,85,11.3413,87514.7393,274379.3871,3.0,1,0,1,1029.5852,3227.9928
3564,85,11.1428,71317.9298,223598.1026,4.0,2,1,1,839.0345,2630.5659
3565,84,11.1242,71702.8681,224804.837,5.0,1,0,1,853.6056,2676.2481
3566,84,11.1249,70280.5489,220345.8259,6.0,1,0,0,836.6732,2623.1646
3567,85,10.9666,71957.8073,225603.5989,8.0,3,1,0,846.5624,2654.16
3568,85,10.7985,69681.6546,218467.939,10.0,2,0,0,819.7842,2570.211
3569,85,10.6429,66306.9518,207887.0212,13.0,3,0,0,780.0818,2445.7297
3570,86,10.6154,76463.591,239729.825,6.0,3,1,0,889.1115,2787.5561
3571,86,10.4577,68771.1996,215612.8126,4.0,2,0,0,799.6651,2507.1257
3572,85,10.5596,69743.108,218660.2159,4.0,1,0,1,820.5072,2572.4731
3573,86,10.5163,74212.3579,232673.0156,5.0,2,1,0,862.9344,2705.5002
3574,82,10.4675,68797.3527,215695.648,6.0,1,0,4,838.9921,2630.4347
3575,82,10.4846,76096.4318,238580.3565,7.0,1,0,0,928.0053,2909.5165
3576,83,10.4895,81959.2892,256962.2594,8.0,2,1,0,987.4613,3095.9308
3577,83,10.5822,78222.3008,245244.9352,11.0,3,0,0,942.4374,2954.7583
3578,83,10.6891,72053.8503,225905.3357,4.0,2,0,0,868.1187,2721.751
3579,84,10.7028,78852.7507,247221.065,6.0,3,1,0,938.7232,2943.1079
3580,84,10.7811,66593.9355,208786.7776,8.0,2,0,0,792.7849,2485.5569
3581,84,10.6436,67402.9445,211323.4785,5.0,1,0,0,802.416,2515.7557
3582,84,10.509,71581.9948,224425.9119,7.0,3,1,1,852.1666,2671.737
3583,84,10.4546,72704.1472,227943.8094,10.0,3,0,0,865.5256,2713.6168
3584,83,10.427,65531.6126,205455.8732,11.0,2,0,1,789.5375,2475.372
3585,84,10.4209,82298.8587,258025.854,13.0,3,1,0,979.7483,3071.7364
3586,84,10.6461,70901.909,222293.6443,10.0,1,0,0,844.0703,2646.3529
3587,84,11.0053,84893.6489,266161.7796,11.0,1,0,0,1010.6387,3168.5926
3588,85,11.005,74119.7015,232382.2778,12.0,2,1,0,871.9965,2733.9092
3589,85,11.0399,70238.516,220214.068,13.0,1,0,0,826.3355,2590.7537
3590,84,11.0433,66536.9662,208608.4158,0.0,0,0,1,792.1067,2483.4335
3591,85,11.1112,78571.4656,246339.9284,0.0,1,1,0,924.3702,2898.1168
3592,85,11.0191,68397.7136,214442.8368,0.0,0,0,0,804.679,2522.8569
3593,85,11.0431,69858.958,219023.9187,0.0,0,0,0,821.8701,2576.752
3594,86,10.8779,62627.2665,196349.9893,0.0,1,1,0,728.224,2283.1394
3595,85,10.7508,60489.8852,189649.348,0.0,0,0,1,711.6457,2231.1688
3596,84,10.6601,74632.1276,233988.8993,0.0,0,0,1,888.4777,2785.5821
3597,85,10.4447,74457.7121,233442.1174,1.0,2,1,0,875.9731,2746.3779
3598,85,10.2421,53381.1137,167360.994,2.0,1,0,0,628.0131,1968.9529
3599,84,10.2582,66546.4584,208637.627,3.0,1,0,1,792.2197,2483.7813
