step,vehicle_count,mean_speed,total_fuel_ml_s,total_co2_mg_s,total_waiting_s,halting_count,departed_count,arrived_count,mean_fuel_per_veh,mean_co2_per_veh
0,1,0.0,837.2222,2624.7222,0.0,1,1,0,837.2222,2624.7222
1,1,1.8799,1062.0669,3329.7118,0.0,0,0,0,1062.0669,3329.7118
2,1,3.8211,1332.3489,4177.1595,0.0,0,0,0,1332.3489,4177.1595
3,2,3.1242,2774.5332,8698.6588,0.0,1,1,0,1387.2666,4349.3294
4,2,4.7659,2816.2733,8829.5705,0.0,0,0,0,1408.1366,4414.7853
5,2,5.869,2071.7716,6495.3551,0.0,0,0,0,1035.8858,3247.6776
6,3,4.7575,3489.6703,10940.7127,0.0,1,1,0,1163.2234,3646.9042
7,3,6.4759,4401.6253,13800.0469,0.0,0,0,0,1467.2084,4600.0156
8,3,7.2132,3383.8622,10609.1963,0.0,0,0,0,1127.9541,3536.3988
9,4,6.4444,5747.2318,18018.782,0.0,1,1,0,1436.8079,4504.6955
10,4,7.0865,4890.7229,15333.5386,0.0,0,0,0,1222.6807,3833.3847
11,4,7.729,4884.3862,15313.6712,0.0,0,0,0,1221.0965,3828.4178
12,5,6.3526,6782.9564,21266.1076,0.0,1,1,0,1356.5913,4253.2215
13,5,5.9774,3131.739,9818.5298,0.0,0,0,0,626.3478,1963.706
14,5,5.673,4001.2443,12544.8793,0.0,0,0,0,800.2489,2508.9759
15,6,4.1657,3774.5679,11833.7167,1.0,2,1,0,629.0947,1972.2861
16,6,4.9772,5212.3012,16341.3968,0.0,0,0,0,868.7169,2723.5661
17,6,6.5918,9173.1557,28759.8821,0.0,0,0,0,1528.8593,4793.3137
18,7,6.6456,9231.6979,28943.2715,0.0,1,1,0,1318.814,4134.7531
19,7,8.0117,10510.1951,32952.112,0.0,0,0,0,1501.4564,4707.4446
20,7,9.388,12937.8476,40563.5297,0.0,0,0,0,1848.2639,5794.79
21,8,9.3321,14392.9031,45125.2862,0.0,1,1,0,1799.1129,5640.6608
22,8,9.4675,7229.2444,22665.2622,0.0,0,0,0,903.6555,2833.1578
23,8,10.1222,8317.324,26076.7358,0.0,0,0,0,1039.6655,3259.592
24,9,9.0322,7031.2269,22044.1486,0.0,1,1,0,781.2474,2449.3498
25,9,8.7613,5288.4328,16580.3824,0.0,0,0,0,587.6036,1842.2647
26,9,8.9917,6322.5357,19822.4027,0.0,0,0,0,702.504,2202.4892
27,10,8.5678,10228.3178,32067.7841,0.0,1,1,0,1022.8318,3206.7784
28,10,8.4649,5307.1659,16639.2268,0.0,0,0,0,530.7166,1663.9227
29,10,8.8985,9097.1059,28521.3865,0.0,0,0,0,909.7106,2852.1387
30,11,8.562,11903.4058,37319.7634,0.0,1,1,0,1082.1278,3392.7058
31,11,9.664,15057.1563,47207.7088,0.0,0,0,0,1368.8324,4291.6099
32,11,9.8784,8946.0209,28047.553,0.0,0,0,0,813.2746,2549.7775
33,12,9.0455,5399.799,16929.3848,0.0,1,1,0,449.9833,1410.7821
34,12,9.5246,11323.2941,35501.0692,0.0,0,0,0,943.6078,2958.4224
35,12,9.7628,9012.6001,28256.3548,0.0,0,0,0,751.05,2354.6962
36,13,9.0636,11581.5399,36310.8238,0.0,1,1,0,890.8877,2793.1403
37,13,9.5385,11719.6447,36743.7445,0.0,0,0,0,901.5111,2826.4419
38,13,9.9148,11027.6659,34574.172,0.0,0,0,0,848.282,2659.5517
39,14,9.46,11647.8219,36518.2897,0.0,1,1,0,831.9873,2608.4493
40,14,9.6059,12997.0781,40748.7937,0.0,0,0,0,928.3627,2910.6281
41,14,9.5612,10478.3692,32851.7467,0.0,0,0,0,748.4549,2346.5533
42,15,8.6627,9348.0639,29307.9782,0.0,1,1,0,623.2043,1953.8652
43,15,8.4869,10350.7628,32451.7279,1.0,1,0,0,690.0509,2163.4485
44,15,8.582,10192.4366,31955.1533,2.0,1,0,0,679.4958,2130.3436
45,16,8.0093,8989.6063,28183.8517,3.0,2,1,0,561.8504,1761.4907
46,16,8.5394,16334.4934,51212.0533,4.0,1,0,0,1020.9058,3200.7533
47,16,9.0879,16935.6609,53096.8743,5.0,1,0,0,1058.4788,3318.5546
48,17,9.1307,20046.7838,62851.1574,6.0,2,1,0,1179.2226,3697.1269
49,17,9.546,16981.6011,53241.1474,7.0,1,0,0,998.9177,3131.8322
50,17,9.8114,14542.3835,45593.3399,8.0,1,0,0,855.4343,2681.9612
51,18,9.2158,12832.5146,40232.2174,9.0,2,1,0,712.9175,2235.1232
52,18,9.411,13817.5458,43320.8553,10.0,1,0,0,767.6414,2406.7142
53,18,9.6313,13967.9364,43792.2118,11.0,1,0,0,775.9965,2432.9007
54,19,9.4359,17917.3753,56174.7897,12.0,2,1,0,943.0198,2956.5679
55,19,9.6605,16076.7773,50404.1092,13.0,1,0,0,846.1462,2652.8479
56,19,10.0049,16695.1476,52342.7832,0.0,0,0,0,878.692,2754.8833
57,20,9.5169,14866.7019,46609.9189,0.0,1,1,0,743.3351,2330.4959
58,20,9.7215,16440.0479,51543.153,0.0,0,0,0,822.0024,2577.1576
59,20,9.8486,20120.817,63083.4413,0.0,0,0,0,1006.0408,3154.1721
60,21,9.6546,18681.6689,58570.944,0.0,1,1,0,889.6033,2789.0926
61,21,10.0547,20625.4028,64665.5042,0.0,0,0,0,982.162,3079.3097
62,21,10.3019,20734.4013,65007.0361,0.0,0,0,0,987.3524,3095.5731
63,22,9.6417,14606.2825,45793.4963,0.0,1,1,0,663.9219,2081.5226
64,22,10.2019,24074.6088,75479.5243,0.0,0,0,0,1094.3004,3430.8875
65,22,10.4878,18997.8318,59562.3856,0.0,0,0,0,863.5378,2707.3812
66,23,9.7167,13179.0867,41319.0402,0.0,1,1,0,573.0038,1796.48
67,23,10.1459,23128.0301,72511.3812,0.0,0,0,0,1005.5665,3152.6687
68,23,9.8642,15047.5708,47177.2875,0.0,0,0,0,654.2422,2051.1864
69,24,9.6284,23544.3621,73816.8236,0.0,1,1,0,981.0151,3075.701
70,24,9.5665,17804.0661,55819.4174,0.0,0,0,0,741.8361,2325.8091
71,24,9.5667,16992.3012,53274.6366,0.0,0,0,0,708.0126,2219.7765
72,25,9.3881,19453.2564,60989.959,0.0,1,1,0,778.1303,2439.5984
73,25,9.4965,22380.3301,70166.985,1.0,1,0,0,895.2132,2806.6794
74,25,9.425,23623.1068,74064.2475,0.0,0,0,0,944.9243,2962.5699
75,26,9.327,24274.8344,76107.3509,0.0,1,1,0,933.6475,2927.2058
76,26,9.2035,22036.8046,69090.3059,1.0,1,0,0,847.5694,2657.3195
77,26,9.0706,25599.078,80258.8047,2.0,1,0,0,984.5799,3086.8771
78,27,8.7661,26958.8807,84522.0346,4.0,3,1,0,998.4771,3130.4457
79,27,9.2317,27515.4756,86267.2019,2.0,1,0,0,1019.0917,3195.0816
80,27,9.6158,25140.0896,78819.925,0.0,0,0,0,931.1144,2919.2565
81,28,9.7804,29450.7554,92334.9696,0.0,1,1,0,1051.8127,3297.6775
82,28,9.8411,25195.0318,78991.9107,0.0,0,0,0,899.8226,2821.1397
83,27,9.8498,23791.8489,74592.7516,0.0,0,0,1,881.1796,2762.6945
84,28,9.1968,18165.4507,56952.3515,0.0,1,1,0,648.7661,2034.0126
85,28,9.4823,27950.1537,87629.9597,1.0,1,0,0,998.2198,3129.6414
86,28,9.8577,26378.5864,82702.8358,2.0,1,0,0,942.0924,2953.6727
87,29,10.013,30606.4365,95958.2669,3.0,2,1,0,1055.3944,3308.9058
88,29,10.5064,29340.7447,91990.1261,0.0,0,0,0,1011.7498,3172.0733
89,29,10.9437,31696.5392,99375.9874,0.0,0,0,0,1092.9841,3426.7582
90,30,10.7406,24927.4156,78152.6897,0.0,1,1,0,830.9139,2605.0897
91,29,10.4194,19121.0912,59948.8053,0.0,0,0,1,659.348,2067.2002
92,29,10.3083,19656.779,61628.5116,0.0,0,0,0,677.82,2125.1211
93,30,9.7851,21353.6244,66948.3596,0.0,1,1,0,711.7875,2231.612
94,30,9.9145,22882.9769,71742.7483,1.0,1,0,0,762.7659,2391.4249
95,30,10.2917,29548.1871,92640.1628,2.0,1,0,0,984.9396,3088.0054
96,31,10.1956,24921.6231,78134.7125,0.0,1,1,0,803.9233,2520.4746
97,31,10.5692,29386.3667,92133.3249,0.0,0,0,0,947.9473,2972.0427
98,31,10.9797,31742.6837,99520.5681,0.0,0,0,0,1023.9575,3210.3409
99,32,10.8732,31951.2324,100174.5782,0.0,1,1,0,998.476,3130.4556
100,32,10.8115,23336.3656,73164.6198,0.0,0,0,0,729.2614,2286.3944
101,32,10.5008,21408.102,67119.3097,0.0,0,0,0,669.0032,2097.4784
102,33,10.2586,30219.0988,94743.7026,0.0,1,1,0,915.7303,2871.0213
103,33,10.4773,28261.2883,88605.6418,0.0,0,0,0,856.4027,2685.0194
104,33,10.9949,39971.4614,125320.3587,0.0,0,0,0,1211.2564,3797.5866
105,34,10.8129,34045.0282,106739.4372,0.0,1,1,0,1001.3244,3139.3952
106,34,10.9151,34938.6191,109541.1576,0.0,0,0,0,1027.6064,3221.7988
107,34,10.8798,24315.7848,76235.4234,0.0,0,0,0,715.1701,2242.2183
108,35,10.5455,35887.5043,112515.9415,0.0,1,1,0,1025.3573,3214.7412
109,35,10.5353,27118.8676,85023.5958,0.0,0,0,0,774.8248,2429.2456
110,35,10.2998,24435.882,76611.7983,0.0,0,0,0,698.1681,2188.9085
111,36,10.1757,38898.7908,121956.8879,0.0,1,1,0,1080.522,3387.6913
112,36,10.3153,32188.0723,100917.098,0.0,0,0,0,894.1131,2803.2527
113,36,10.521,32961.5826,103342.0861,0.0,0,0,0,915.5995,2870.6135
114,37,10.1702,34948.2839,109570.7897,0.0,1,1,0,944.5482,2961.3727
115,37,9.9887,29931.0235,93840.3892,1.0,1,0,0,808.9466,2536.2267
116,37,10.4224,37090.658,116287.9803,2.0,1,0,0,1002.4502,3142.9184
117,38,10.2199,34420.4392,107915.5897,4.0,3,1,0,905.801,2839.8839
118,38,10.603,40333.9484,126456.5509,6.0,2,0,0,1061.4197,3327.804
119,38,10.4315,28347.4482,88875.5936,8.0,2,0,0,745.9855,2338.8314
120,39,10.6403,43351.7452,135917.5236,0.0,1,1,0,1111.5832,3485.0647
121,39,10.8449,33335.1936,104513.4776,0.0,0,0,0,854.7486,2679.8328
122,39,11.3235,44159.7554,138451.8858,0.0,0,0,0,1132.3014,3550.0484
123,40,11.0956,39765.7772,124675.1417,0.0,1,1,0,994.1444,3116.8785
124,40,11.5624,45764.0001,143481.2309,0.0,0,0,0,1144.1,3587.0308
125,40,11.821,38151.4336,119613.8044,0.0,0,0,0,953.7858,2990.3451
126,41,11.4911,36727.212,115148.2541,0.0,1,1,0,895.7857,2808.494
127,41,11.4375,32688.4302,102485.8705,0.0,0,0,0,797.2788,2499.6554
128,41,11.6053,38539.6505,120830.6824,0.0,0,0,0,939.9915,2947.0898
129,42,11.3746,38168.9399,119668.5566,0.0,1,1,0,908.7843,2849.2513
130,42,11.641,43373.5066,135986.3219,0.0,0,0,0,1032.7025,3237.7696
131,42,11.429,33155.9539,103951.8968,0.0,0,0,0,789.4275,2475.0452
132,43,10.9673,29320.1771,91925.0238,0.0,1,1,0,681.8646,2137.7913
133,42,10.9259,38394.746,120376.4285,1.0,1,0,1,914.1606,2866.1054
134,42,10.8869,38571.7968,120931.3053,2.0,1,0,0,918.3761,2879.3168
135,43,10.6829,37086.1294,116273.2408,4.0,3,1,0,862.4681,2704.0289
136,43,10.7173,39097.624,122580.2849,6.0,2,0,0,909.2471,2850.7043
137,43,10.5296,40952.3995,128395.4161,8.0,2,0,0,952.3814,2985.9399
138,44,10.4682,47818.952,149923.8503,6.0,2,1,0,1086.7944,3407.3602
139,44,10.6587,43097.5748,135120.9214,7.0,1,0,0,979.4903,3070.93
140,44,10.7699,46053.6937,144388.7859,8.0,1,0,0,1046.6749,3281.5633
141,45,10.3445,31940.9692,100141.4824,11.0,4,1,0,709.7993,2225.3663
142,45,10.3519,40945.9211,128374.8074,14.0,3,0,0,909.9094,2852.7735
143,45,10.4506,41237.3045,129287.831,17.0,3,0,0,916.3845,2873.0629
144,46,10.5339,46108.6068,144560.9131,9.0,4,1,0,1002.361,3142.6285
145,46,10.9513,46810.3922,146761.0334,10.0,2,0,0,1017.6172,3190.4572
146,46,11.0013,40988.1416,128507.1371,12.0,2,0,0,891.0466,2793.6334
147,47,10.9724,48410.6852,151778.7413,14.0,3,1,0,1030.0146,3229.3349
148,47,10.9047,40947.1918,128378.9014,16.0,2,0,0,871.2168,2731.466
149,47,10.7497,42148.7188,132146.1315,18.0,2,0,0,896.7813,2811.6198
150,48,10.3894,44024.7817,138027.6515,10.0,2,1,0,917.183,2875.5761
151,48,10.4448,40010.371,125441.3736,12.0,2,0,0,833.5494,2613.362
152,48,10.7924,49543.7699,155331.2316,14.0,2,0,0,1032.1619,3236.0673
153,49,10.6968,46997.62,147347.8189,17.0,4,1,0,959.1351,3007.0983
154,49,10.9066,43093.252,135106.9034,20.0,3,0,0,879.4541,2757.2837
155,49,11.0829,44027.1546,138034.985,23.0,3,0,0,898.5134,2817.0405
156,50,10.9075,40469.8809,126881.9971,26.0,4,1,0,809.3976,2537.6399
157,50,10.8667,45144.866,141539.5087,29.0,3,0,0,902.8973,2830.7902
158,50,10.9599,42963.9828,134702.0203,32.0,3,0,0,859.2797,2694.0404
159,51,10.4673,41306.8844,129506.0134,35.0,4,1,0,809.9389,2539.3336
160,51,10.3416,36082.1611,113125.3922,10.0,1,0,0,707.4934,2218.1449
161,51,10.5929,50135.86,157186.761,12.0,2,0,0,983.0561,3082.0934
162,52,10.6204,49747.4842,155969.7705,14.0,3,1,0,956.6824,2999.4187
163,52,10.7814,47300.891,148299.3037,16.0,2,0,0,909.6325,2851.9097
164,52,10.8864,52163.8781,163546.0026,14.0,1,0,0,1003.1515,3145.1154
165,53,10.8062,50366.0611,157909.2675,16.0,3,1,0,950.303,2979.4201
166,53,10.9897,48490.4764,152028.6738,18.0,2,0,0,914.9146,2868.4655
167,53,11.2931,57476.5235,180202.6451,3.0,1,0,0,1084.4627,3400.0499
168,54,11.5732,63459.2811,198960.1132,4.0,2,1,0,1175.1719,3684.4465
169,54,11.6271,48066.6571,150700.259,5.0,1,0,0,890.1233,2790.7455
170,54,11.7604,53284.6573,167060.3371,6.0,1,0,0,986.7529,3093.7099
171,55,11.3877,44171.6058,138487.5483,7.0,2,1,0,803.1201,2517.9554
172,55,11.4764,51817.1798,162458.8853,9.0,2,0,0,942.1305,2953.7979
173,55,11.3318,43664.9018,136899.0557,12.0,3,0,0,793.9073,2489.0737
174,55,10.9565,37215.3614,116678.4105,15.0,3,0,0,676.6429,2121.4256
175,55,11.0235,49729.6988,155913.6338,19.0,4,0,0,904.1763,2834.7933
176,55,11.3663,60683.8053,190257.9623,17.0,2,0,0,1103.3419,3459.2357
177,57,10.9809,50391.0047,157987.1324,0.0,2,2,0,884.0527,2771.7041
178,57,11.2035,52819.2664,165600.7538,0.0,0,0,0,926.6538,2905.2764
179,57,11.3763,53198.0997,166788.1999,0.0,0,0,0,933.3,2926.1088
180,58,11.2792,54701.9226,171503.284,0.0,1,1,0,943.1366,2956.9532
181,58,11.5079,60885.2283,190889.8647,1.0,1,0,0,1049.7453,3291.2046
182,58,11.6193,56248.8553,176353.9934,0.0,0,0,0,969.8079,3040.5861
183,59,11.4698,60058.0374,188296.235,0.0,1,1,0,1017.9328,3191.4616
184,59,11.5333,55495.9932,173993.2311,1.0,1,0,0,940.6101,2949.0378
185,59,11.3924,46413.1301,145515.8739,2.0,1,0,0,786.6632,2466.3707
186,60,11.2886,59688.4866,187137.6564,4.0,3,1,0,994.8081,3118.9609
187,60,11.4459,56245.9188,176344.2402,2.0,1,0,0,937.432,2939.0707
188,60,11.4111,50221.1781,157454.7457,3.0,1,0,0,837.0196,2624.2458
189,61,11.2169,55446.4963,173837.3636,6.0,4,1,0,908.959,2849.7928
190,61,11.2067,51367.7589,161049.0914,9.0,3,0,0,842.0944,2640.149
191,61,11.039,47085.8787,147624.5253,12.0,3,0,0,771.8997,2420.0742
192,62,10.9371,50041.6129,156891.1764,1.0,2,1,0,807.1228,2530.5028
193,62,10.8794,49118.4201,153997.0411,2.0,1,0,0,792.2326,2483.8232
194,62,10.8672,53800.7428,168677.4053,3.0,1,0,0,867.7539,2720.6033
195,62,10.5872,52873.2046,165769.3851,1.0,2,1,1,852.7936,2673.6998
196,62,10.8634,68337.9501,214255.5066,2.0,1,0,0,1102.225,3455.734
197,62,10.7425,52308.8138,164000.559,3.0,1,0,0,843.6905,2645.1703
198,63,10.8604,65219.1386,204477.557,4.0,2,1,0,1035.2244,3245.6755
199,63,10.9901,64985.3207,203744.2276,5.0,1,0,0,1031.513,3234.0354
200,63,11.0113,58334.222,182891.2104,8.0,3,0,0,925.94,2903.0351
201,64,11.0087,62429.2066,195730.0596,7.0,2,1,0,975.4564,3058.2822
202,64,11.2705,65121.8484,204172.2558,9.0,2,0,0,1017.5289,3190.1915
203,64,11.5416,62409.4422,195667.9624,9.0,1,0,0,975.1475,3057.3119
204,64,11.4402,61527.7883,192904.0195,11.0,3,1,1,961.3717,3014.1253
205,64,11.2509,47701.4893,149554.1494,13.0,2,0,0,745.3358,2336.7836
206,64,11.0159,48622.2472,152441.5136,15.0,2,0,0,759.7226,2381.8987
207,65,10.7113,59753.8485,187342.1109,18.0,4,1,0,919.29,2882.1863
208,64,10.5714,59141.9868,185423.9177,16.0,2,0,1,924.0935,2897.2487
209,64,10.6799,61986.7516,194342.4457,19.0,3,0,0,968.543,3036.6007
210,65,10.2673,48224.476,151194.4946,22.0,4,1,0,741.915,2326.0691
211,65,10.3181,53786.4,168631.8341,25.0,3,0,0,827.4831,2594.3359
212,65,10.4997,63821.4849,200094.7729,29.0,4,0,0,981.869,3078.3811
213,66,10.5108,69711.1932,218560.6314,29.0,5,1,0,1056.2302,3311.5247
214,66,10.5926,61195.0964,191860.5004,33.0,4,0,0,927.1984,2906.9773
215,66,11.0088,70291.571,220380.3311,37.0,4,0,0,1065.0238,3339.0959
216,67,10.9862,56238.2103,176318.9158,42.0,6,1,0,839.3763,2631.6256
217,67,11.1964,57154.1778,179190.6286,18.0,3,0,0,853.0474,2674.487
218,67,11.1116,54126.8111,169699.9404,9.0,2,0,0,807.8629,2532.8349
219,68,10.9993,56359.2759,176698.7737,4.0,2,1,0,828.8129,2598.5114
220,68,11.0172,53665.1393,168251.8315,0.0,0,0,0,789.1932,2474.2916
221,68,11.0594,56582.075,177397.5943,0.0,0,0,0,832.0893,2608.7882
222,69,10.9084,57268.3382,179549.242,0.0,1,1,0,829.9759,2602.1629
223,69,10.9259,57663.9513,180789.5572,2.0,2,0,0,835.7094,2620.1385
224,69,11.0145,59702.8039,187182.0779,4.0,2,0,0,865.258,2712.7837
225,70,10.8315,65661.0252,205862.5417,3.0,2,1,0,938.0146,2940.8935
226,70,10.6629,56221.6465,176267.4276,4.0,1,0,0,803.1664,2518.1061
227,70,10.9065,68082.5623,213454.9294,5.0,1,0,0,972.608,3049.3561
228,71,11.0909,69244.0292,217096.6413,6.0,2,1,0,975.268,3057.6992
229,71,11.4239,75761.0191,237529.529,7.0,1,0,0,1067.0566,3345.4863
230,71,11.471,60551.937,189844.6698,8.0,1,0,0,852.8442,2673.8686
231,70,11.4685,68023.6441,213270.4892,9.0,2,1,2,971.7663,3046.7213
232,70,11.4935,66136.1657,207352.9117,10.0,1,0,0,944.8024,2962.1845
233,70,11.5267,60978.5325,191182.4259,11.0,1,0,0,871.1219,2731.1775
234,71,11.467,66781.7071,209376.3679,12.0,2,1,0,940.5874,2948.9629
235,71,11.4292,62563.1678,196150.2028,14.0,2,0,0,881.1714,2762.6789
236,71,11.3738,58020.0671,181905.8276,14.0,1,0,0,817.184,2562.0539
237,72,11.2207,65180.6347,204355.6117,0.0,1,1,0,905.2866,2838.2724
238,72,11.4568,72519.3543,227365.2698,1.0,1,0,0,1007.2133,3157.851
239,72,11.4564,59389.0768,186198.402,3.0,2,0,0,824.8483,2586.0889
240,72,11.2512,66469.2101,208396.5098,6.0,4,1,1,923.1835,2894.396
241,72,11.2325,62384.6229,195590.2191,9.0,3,0,0,866.4531,2716.5308
242,72,11.2109,67793.291,212547.409,13.0,4,0,0,941.5735,2952.0473
243,73,10.9742,55829.1476,175036.3776,17.0,5,1,0,764.7828,2397.7586
244,73,10.9375,63910.7825,200374.6339,22.0,5,0,0,875.4902,2744.858
245,73,10.8811,59163.8524,185491.691,27.0,5,0,0,810.4637,2540.9821
246,74,10.7104,61373.6372,192419.5115,33.0,7,1,0,829.3735,2600.2637
247,74,10.6744,66324.3781,207941.6087,39.0,6,0,0,896.2754,2810.0217
248,74,10.6992,74231.9683,232733.5413,46.0,7,0,0,1003.1347,3145.0479
249,75,10.5862,66568.0941,208705.8801,16.0,4,1,0,887.5746,2782.7451
250,75,10.6181,55151.9637,172912.816,10.0,2,0,0,735.3595,2305.5042
251,75,11.0099,83649.4365,262260.6368,9.0,2,0,0,1115.3258,3496.8085
252,76,11.1362,74752.4094,234365.8195,11.0,3,1,0,983.5843,3083.7608
253,76,11.3679,76314.2553,239263.4883,3.0,1,0,0,1004.1349,3148.2038
254,76,11.4979,72873.6142,228476.6839,4.0,1,0,0,958.8633,3006.2722
255,77,11.4611,72234.5385,226472.5388,5.0,2,1,0,938.1109,2941.2018
256,77,11.5752,77016.6975,241465.6061,0.0,0,0,0,1000.2169,3135.917
257,77,11.3873,62598.0255,196259.1061,2.0,2,0,0,812.9614,2548.8196
258,78,11.3881,73392.0511,230101.2738,4.0,3,1,0,940.9237,2950.0163
259,78,11.513,77655.4225,243468.7499,6.0,2,0,0,995.5823,3121.3942
260,78,11.6535,79237.3899,248428.3509,8.0,2,0,0,1015.864,3184.9789
261,79,11.6272,72451.1302,227151.0808,10.0,3,1,0,917.1029,2875.3301
262,79,11.8071,77013.5013,241455.6298,13.0,3,0,0,974.8544,3056.4004
263,79,12.0563,83821.2515,262800.0119,9.0,2,0,0,1061.0285,3326.5824
264,80,12.0722,76214.1099,238949.3907,3.0,2,1,0,952.6764,2986.8674
265,80,12.0552,81762.9791,256346.6175,4.0,1,0,0,1022.0372,3204.3327
266,80,11.799,59479.5476,186482.25,6.0,2,0,0,743.4943,2331.0281
267,81,11.4144,62043.7988,194520.9046,3.0,3,1,0,765.9728,2401.4926
268,81,11.2469,60368.298,189266.9862,7.0,4,0,0,745.2876,2336.6295
269,81,10.8787,64417.6232,201963.3176,13.0,6,0,0,795.2793,2493.3743
270,82,10.8079,71035.664,222712.8332,16.0,6,1,0,866.2886,2716.0102
271,82,10.9601,83750.8162,262577.9166,22.0,6,0,0,1021.3514,3202.1697
272,82,10.8475,72975.8373,228796.3409,23.0,5,0,0,889.9492,2790.1993
273,83,10.7,85855.208,269175.6324,28.0,6,1,0,1034.4001,3243.0799
274,83,10.88,82530.2564,258751.4716,26.0,5,0,0,994.3404,3117.4876
275,83,11.1383,83090.3525,260506.7544,14.0,3,0,0,1001.0886,3138.6356
276,84,11.3488,86500.3308,271198.6534,17.0,4,1,0,1029.7658,3228.5554
277,84,11.6257,80443.8326,252209.7822,21.0,4,0,0,957.6647,3002.4974
278,84,11.7669,78413.2415,245843.9439,10.0,2,0,0,933.491,2926.7136
279,85,11.7187,70254.4573,220263.8919,3.0,2,1,0,826.523,2591.3399
280,85,12.0126,84483.3534,264874.9989,4.0,1,0,0,993.9218,3116.1765
281,84,12.2014,75757.9549,237518.5932,5.0,1,0,1,901.8804,2827.6023
282,85,12.199,80673.3857,252929.8707,7.0,3,1,0,949.0987,2975.6455
283,85,12.1928,79638.7991,249686.8142,2.0,1,0,0,936.927,2937.4919
284,85,11.967,65007.7858,203814.1271,1.0,1,0,0,764.7975,2397.8133
285,85,12.0756,81519.1108,255581.2355,0.0,1,1,1,959.0484,3006.8381
286,84,12.096,67532.5376,211730.0566,0.0,0,0,1,803.9588,2520.5959
287,84,12.0388,68948.6633,216169.8771,1.0,1,0,0,820.8174,2573.4509
288,85,12.0167,74288.9394,232912.8812,0.0,1,1,0,873.9875,2740.1515
289,85,12.1592,74758.1101,234384.3602,0.0,0,0,0,879.5072,2757.4631
290,85,12.3569,74102.4958,232328.5698,0.0,0,0,0,871.7941,2733.2773
291,86,12.2752,75456.9636,236575.1612,0.0,1,1,0,877.4066,2750.874
292,85,12.3875,72504.845,227319.6335,1.0,1,0,1,852.9982,2674.3486
293,85,12.2467,59812.0636,187524.1028,2.0,1,0,0,703.6713,2206.1659
294,86,12.1401,68912.0951,216055.0854,3.0,2,1,0,801.3034,2512.2684
295,86,12.1104,67792.143,212543.7974,4.0,1,0,0,788.2807,2471.4395
296,86,12.0793,71666.0789,224690.2721,5.0,1,0,0,833.3265,2612.6776
297,85,11.7721,74129.7292,232414.1317,0.0,1,1,2,872.1145,2734.2839
298,85,11.7212,67070.2973,210280.3004,0.0,0,0,0,789.0623,2473.8859
299,85,11.6924,63213.7156,198188.9706,0.0,0,0,0,743.6908,2331.6349
300,86,11.4914,65384.278,204994.847,0.0,1,1,0,760.2823,2383.661
301,86,11.4444,80884.3231,253591.1031,0.0,0,0,0,940.5154,2948.7338
302,85,11.3481,66828.8542,209523.9196,2.0,2,0,1,786.2218,2464.9873
303,85,11.3163,75075.8342,235380.0459,3.0,3,1,1,883.2451,2769.177
304,85,11.3416,74641.1232,234016.8691,5.0,2,0,0,878.1309,2753.1396
305,85,11.3095,73141.644,229315.9791,4.0,1,0,0,860.4899,2697.835
306,86,11.2114,66794.9062,209417.2557,5.0,2,1,0,776.685,2435.0844
307,85,11.2789,72970.9829,228780.9047,6.0,1,0,1,858.4822,2691.5401
308,85,11.3299,71848.1306,225260.4267,7.0,1,0,0,845.2721,2650.1227
309,86,11.2601,68338.7185,214257.122,0.0,1,1,0,794.6363,2491.3619
310,86,11.404,73733.5843,231171.5761,0.0,0,0,0,857.3673,2688.0416
311,86,11.3304,67532.3401,211729.732,1.0,1,0,0,785.2598,2461.9736
312,87,11.22,80131.9921,251232.4448,2.0,2,1,0,921.0574,2887.7293
313,87,11.2982,75686.1244,237293.8896,3.0,1,0,0,869.9555,2727.516
314,85,11.2744,65996.9739,206915.6589,4.0,1,0,2,776.435,2434.3019
315,86,11.2045,82576.148,258895.5549,5.0,2,1,0,960.1878,3010.4134
316,86,11.3512,82547.491,258806.1572,6.0,1,0,0,959.8545,3009.3739
317,86,11.2954,78202.9434,245184.811,7.0,1,0,0,909.3366,2850.9862
318,87,11.3263,78963.9295,247570.3926,8.0,2,1,0,907.6314,2845.6367
319,87,11.6654,89567.0711,280813.3483,9.0,1,0,0,1029.5066,3227.7396
320,87,11.5041,59671.5446,187083.8396,10.0,1,0,0,685.8798,2150.389
321,88,11.3773,71605.5116,224498.9606,12.0,3,1,0,813.699,2551.1246
322,88,11.1921,55605.9884,174337.0405,14.0,2,0,0,631.8862,1981.1027
323,88,11.1048,70061.8161,219659.3651,16.0,2,0,0,796.157,2496.1291
324,88,11.0207,82084.1492,257352.4181,19.0,4,1,1,932.7744,2924.4593
325,87,10.9211,65638.8786,205792.42,23.0,4,0,1,754.4699,2365.4301
326,87,10.8443,66411.575,208214.8087,27.0,4,0,0,763.3514,2393.2737
327,88,10.6633,74039.6106,232130.4814,27.0,4,1,0,841.3592,2637.8464
328,88,10.5665,70088.6052,219743.2597,31.0,4,0,0,796.4614,2497.0825
329,88,10.3148,65057.9904,203970.945,35.0,4,0,0,739.2953,2317.8516
330,88,9.9577,62143.9806,194834.2055,39.0,5,1,1,706.1816,2214.0251
331,88,10.0745,75601.0577,237026.0122,5.0,2,0,0,859.1029,2693.4774
332,88,10.2822,75710.2271,237367.7158,2.0,1,0,0,860.3435,2697.3604
333,89,10.2292,69923.4271,219225.6628,3.0,2,1,0,785.6565,2463.2097
334,89,10.2505,77006.1376,241431.412,4.0,1,0,0,865.2375,2712.7125
335,89,10.5203,88055.7797,276075.1271,0.0,0,0,0,989.3908,3101.9677
336,89,10.6273,82534.4813,258764.9943,0.0,1,1,1,927.3537,2907.4718
337,88,10.875,87032.9139,272868.5183,0.0,0,0,1,989.0104,3100.7786
338,88,10.964,82279.2467,257965.5482,0.0,0,0,0,934.9914,2931.4267
339,89,11.0701,85391.369,267721.7686,0.0,1,1,0,959.4536,3008.1098
340,89,11.1203,79207.8133,248334.6012,0.0,0,0,0,889.9754,2790.2764
341,89,11.0794,71427.6033,223942.5821,0.0,0,0,0,802.5573,2516.2088
342,88,11.2103,80277.7131,251689.4664,1.0,2,1,2,912.2467,2860.1076
343,88,11.2708,74378.528,233193.3313,0.0,0,0,0,845.2105,2649.9242
344,88,11.3105,68597.9779,215070.1051,0.0,0,0,0,779.5225,2443.9785
345,89,11.2776,72081.8125,225992.3006,0.0,1,1,0,809.908,2539.2393
346,89,11.3983,74858.2758,234697.4708,1.0,1,0,0,841.1042,2637.0502
347,87,11.594,77024.9725,241491.5768,2.0,1,0,2,885.3445,2775.7653
348,87,11.6438,76512.5527,239884.4637,3.0,2,1,1,879.4546,2757.2927
349,87,11.6127,60699.7151,190306.9623,4.0,1,0,0,697.6979,2187.4363
350,87,11.7369,74377.8656,233191.493,5.0,1,0,0,854.918,2680.362
351,88,11.3478,52273.2212,163887.8703,6.0,2,1,0,594.0139,1862.3622
352,88,11.3391,70684.4098,221611.4451,7.0,1,0,0,803.2319,2518.3119
353,88,11.4213,73460.4161,230314.7793,8.0,1,0,0,834.7775,2617.2134
354,89,11.2246,65845.7858,206440.6759,9.0,2,1,0,739.8403,2319.5582
355,88,11.4641,75395.665,236382.5082,10.0,1,0,1,856.7689,2686.1649
356,87,11.3339,66992.0668,210035.2041,11.0,1,0,1,770.0238,2414.1977
357,88,11.241,74500.2452,233574.8081,12.0,2,1,0,846.5937,2654.2592
358,88,11.1886,68399.1287,214446.6157,0.0,0,0,0,777.2628,2436.8934
359,88,11.2552,69212.0409,216995.7305,2.0,2,0,0,786.5005,2465.8606
360,89,11.1794,74054.5694,232177.6142,4.0,3,1,0,832.0738,2608.7372
361,88,11.2094,72020.923,225801.6559,6.0,2,0,1,818.4196,2565.9279
362,88,11.2758,69521.811,217966.5022,8.0,2,0,0,790.0206,2476.8921
363,89,11.1556,72973.6932,228788.8887,11.0,4,1,0,819.9291,2570.6617
364,89,11.2762,75782.7041,237595.5176,15.0,4,0,0,851.4911,2669.6126
365,87,11.1555,61746.6458,193589.288,9.0,2,0,2,709.7316,2225.1642
366,88,10.9453,64508.5686,202247.5381,8.0,2,1,0,733.0519,2298.2675
367,87,11.0905,70063.8559,219665.3056,0.0,0,0,1,805.3317,2524.8886
368,87,11.0445,69210.4149,216989.7169,1.0,1,0,0,795.522,2494.1347
369,88,10.8537,73934.5719,231801.9864,2.0,2,1,0,840.1656,2634.1135
370,87,10.8449,71084.5466,222866.116,3.0,1,0,1,817.0638,2561.6795
371,86,11.0854,79399.9065,248937.0395,4.0,1,0,1,923.2547,2894.6167
372,86,10.9687,74868.9553,234730.4913,6.0,3,1,1,870.5692,2729.4243
373,86,11.1589,82796.0909,259584.8123,9.0,3,0,0,962.7452,3018.4281
374,86,11.1837,69605.9154,218230.4696,5.0,2,0,0,809.3711,2537.5636
375,87,11.0644,78249.0855,245328.472,4.0,3,1,0,899.4148,2819.8675
376,87,11.0675,72045.3282,225878.3922,6.0,2,0,0,828.1072,2596.3034
377,87,11.0654,70506.6095,221054.4726,3.0,1,0,0,810.4208,2540.856
378,88,10.9394,77264.4849,242242.3431,4.0,2,1,0,878.0055,2752.7539
379,88,10.7218,68357.7178,214316.523,5.0,1,0,0,776.7922,2435.415
380,88,10.8204,78309.1271,245516.8853,7.0,2,0,0,889.8764,2789.9646
381,89,10.6522,73997.7864,231999.7605,10.0,4,1,0,831.4358,2606.7389
382,89,10.577,78941.0189,247498.3356,14.0,4,0,0,886.9777,2780.8802
383,88,10.5516,78615.9722,246479.0566,18.0,4,0,1,893.3633,2800.8984
384,87,10.4207,74026.5951,232089.7053,13.0,5,1,2,850.8804,2667.6978
385,87,10.5303,82375.2656,258264.8679,18.0,5,0,0,946.8421,2968.5617
386,85,10.5377,78712.1962,246780.4213,16.0,4,0,2,926.0258,2903.2991
387,86,10.394,68295.5244,214121.6135,20.0,5,1,0,794.134,2489.7862
388,85,10.413,68580.4322,215014.8637,19.0,3,0,1,806.8286,2529.5866
389,84,10.437,66421.3501,208245.3725,22.0,3,0,1,790.7304,2479.1116
390,85,10.3175,68119.2669,213568.3566,25.0,4,1,0,801.4031,2512.5689
391,83,10.6207,79331.5675,248722.7498,29.0,4,0,2,955.802,2996.6596
392,82,10.8383,76122.4078,238660.6851,33.0,4,0,1,928.322,2910.4962
393,83,10.861,80554.7765,252557.8284,37.0,5,1,0,970.5395,3042.8654
394,82,10.6812,60842.3568,190754.1792,41.0,4,0,1,741.98,2326.2705
395,82,10.3314,54648.9364,171335.8619,45.0,4,0,0,666.4504,2089.4617
396,83,10.0871,63195.9738,198132.8394,49.0,5,1,0,761.3973,2387.1426
397,83,10.0999,70939.2884,222409.4763,53.0,4,0,0,854.6902,2679.6322
398,82,9.9984,66336.2676,207978.2593,59.0,6,0,1,808.9789,2536.3202
399,82,9.793,71445.0121,223995.7046,65.0,7,1,1,871.2806,2731.6549
400,81,9.8815,67196.7608,210676.2833,30.0,4,0,1,829.5896,2600.9418
401,81,9.984,73822.7784,231450.5732,17.0,3,0,0,911.3923,2857.4145
402,82,10.0375,74526.3764,233656.9298,4.0,3,1,0,908.8582,2849.4748
403,82,10.1541,72888.8666,228522.6818,4.0,1,0,0,888.8886,2786.862
404,82,10.34,86860.4037,272327.6616,6.0,2,0,0,1059.2732,3321.069
405,83,10.3286,79404.2681,248951.4174,8.0,3,1,0,956.6779,2999.4147
406,83,10.5693,85182.3467,267067.2142,7.0,1,0,0,1026.2933,3217.6773
407,83,10.493,61075.0226,191484.5238,8.0,1,0,0,735.8436,2307.0425
408,83,10.786,89209.1231,279691.3823,10.0,3,1,1,1074.8087,3369.7757
409,83,10.9239,73382.3566,230070.8781,12.0,2,0,0,884.1248,2771.9383
410,83,11.3731,95362.546,298984.3531,14.0,2,0,0,1148.9463,3602.2211
411,84,11.3252,79251.9669,248473.2002,16.0,3,1,0,943.4758,2958.0143
412,83,11.556,88262.424,276724.3896,18.0,2,0,1,1063.4027,3334.0288
413,82,11.5128,66890.0754,209715.7593,20.0,2,0,1,815.7326,2557.5093
414,83,11.2924,67168.402,210588.0225,22.0,3,1,0,809.2579,2537.2051
415,83,11.278,73436.8056,230241.0617,24.0,2,0,0,884.7808,2773.9887
416,83,11.1542,60831.0018,190718.2947,18.0,2,0,0,732.9036,2297.8108
417,84,10.8741,64013.2419,200695.5387,2.0,2,1,0,762.0624,2389.2326
418,84,10.9543,76873.6203,241015.8373,4.0,2,0,0,915.1621,2869.2362
419,84,11.0995,71939.3533,225546.1211,7.0,3,0,0,856.4209,2685.0729
420,85,11.1401,76476.759,239771.6961,8.0,3,1,0,899.7266,2820.8435
421,84,11.1832,73338.2147,229933.0177,10.0,2,0,1,873.074,2737.2978
422,84,11.2761,80408.3703,252099.0085,12.0,2,0,0,957.2425,3001.1787
423,85,11.2874,85194.074,267103.4219,15.0,4,1,0,1002.2832,3142.3932
424,85,11.3762,74097.6609,232313.1207,18.0,3,0,0,871.7372,2733.0955
425,85,11.4379,79734.517,249986.5419,21.0,3,0,0,938.0531,2941.0181
426,85,11.2701,72003.2904,225746.9155,24.0,4,1,1,847.0975,2655.8461
427,85,11.2928,75364.4101,236284.8572,15.0,2,0,0,886.6401,2779.8218
428,85,11.4198,79891.3636,250477.4616,17.0,2,0,0,939.8984,2946.7937
429,86,11.3296,74468.4382,233475.0617,20.0,4,1,0,865.9121,2714.8263
430,85,11.0379,65130.7464,204199.1751,24.0,4,0,1,766.2441,2402.3432
431,85,10.979,67991.767,213168.6618,28.0,4,0,0,799.9031,2507.8666
432,86,10.9655,83134.6878,260645.9252,27.0,5,1,0,966.6824,3030.7666
433,85,11.1702,75403.0719,236405.4427,18.0,2,0,1,887.095,2781.2405
434,85,11.2123,70482.5543,220978.8257,21.0,3,0,0,829.2065,2599.7509
435,86,11.1185,80066.0675,251026.2262,20.0,3,1,0,931.0008,2918.9096
436,86,11.2136,76665.056,240361.8393,19.0,1,0,0,891.4541,2794.9051
437,86,11.1554,72697.3391,227922.755,20.0,1,0,0,845.3179,2650.2646
438,87,11.0588,74289.0104,232912.6984,1.0,2,1,0,853.8967,2677.1575
439,87,11.0247,74500.4347,233575.147,3.0,2,0,0,856.3268,2684.7718
440,87,10.9746,68867.596,215915.5743,3.0,2,0,0,791.5816,2481.7882
441,88,10.8957,75313.8892,236125.3891,6.0,4,1,0,855.8397,2683.2431
442,88,10.9691,78555.6881,246290.5995,6.0,2,0,0,892.6783,2798.7568
443,88,10.9143,77433.3613,242770.5226,9.0,3,0,0,879.9246,2758.7559
444,89,10.7613,77786.7605,243879.1558,13.0,5,1,0,874.0085,2740.2152
445,89,10.8954,80927.4369,253725.6282,19.0,6,0,0,909.297,2850.8498
446,89,10.8897,73128.5496,229274.0912,15.0,4,0,0,821.6691,2576.1134
447,89,10.7337,82279.9809,257966.7112,9.0,3,1,1,924.4942,2898.5024
448,89,10.785,76995.4906,241398.6899,5.0,1,0,0,865.1179,2712.3448
449,89,10.7748,81067.9227,254166.6716,0.0,0,0,0,910.8755,2855.8053
450,90,10.5328,74376.7854,233188.3272,3.0,4,1,0,826.4087,2590.9814
451,90,10.6458,82358.1844,258210.9537,6.0,3,0,0,915.0909,2869.0106
452,89,10.6023,75517.9586,236765.8371,6.0,2,0,1,848.5164,2660.2903
453,90,10.6287,86404.926,270899.1253,8.0,3,1,0,960.0547,3009.9903
454,89,10.8458,87970.9449,275809.0689,11.0,3,0,1,988.4376,3098.9783
455,88,11.0502,94774.0299,297138.9884,15.0,4,0,1,1076.9776,3376.5794
456,89,11.0932,90902.5206,285001.1281,12.0,4,1,0,1021.3766,3202.2599
457,89,11.2506,82346.7579,258176.2425,11.0,2,0,0,925.2445,2900.8567
458,89,11.3758,83774.9511,262654.0661,4.0,1,0,0,941.2916,2951.1693
459,88,11.3378,75028.6734,235231.943,6.0,3,1,2,852.5986,2673.0903
460,88,11.2919,64089.9032,200936.3939,8.0,2,0,0,728.2944,2283.3681
461,88,11.4321,80731.057,253110.1114,10.0,2,0,0,917.3984,2876.2513
462,89,11.2596,73517.5339,230494.05,13.0,4,1,0,826.0397,2589.8208
463,88,11.3523,73983.5293,231954.9308,16.0,3,0,1,840.7219,2635.8515
464,87,11.4552,79094.9928,247980.4685,20.0,4,0,1,909.1378,2850.3502
465,88,11.31,79321.1951,248690.4669,24.0,5,1,0,901.3772,2826.028
466,87,11.2979,72816.9132,228297.4367,29.0,5,0,1,836.976,2624.1085
467,87,11.4143,78912.9284,247410.4625,19.0,3,0,0,907.0452,2843.7984
468,88,11.3667,73101.7746,229190.7138,23.0,5,1,0,830.702,2604.4399
469,87,11.3598,78616.8121,246481.5799,10.0,2,0,1,903.6415,2833.1216
470,87,11.518,80776.462,253253.1697,13.0,3,0,0,928.4651,2910.956
471,88,11.5557,74673.9461,234119.2813,16.0,4,1,0,848.5676,2660.4464
472,88,11.5957,76295.1121,239202.3006,8.0,2,0,0,866.9899,2718.208
473,87,11.6696,73596.2152,230740.9682,6.0,1,0,1,845.9335,2652.195
474,88,11.5364,79013.266,247725.1607,8.0,3,1,0,897.878,2815.0586
475,88,11.5332,72168.4705,226264.3523,10.0,2,0,0,820.0963,2571.1858
476,88,11.4162,65050.3135,203947.4766,9.0,1,0,0,739.2081,2317.585
477,89,11.3243,78730.8739,246839.5488,10.0,2,1,0,884.6166,2773.4781
478,89,11.2603,65520.7587,205422.4099,0.0,0,0,0,736.1883,2308.117
479,89,11.3496,80400.4887,252074.8339,0.0,0,0,0,903.3763,2832.3015
480,89,11.3014,82228.4806,257805.4877,0.0,1,1,1,923.9155,2896.6909
481,89,11.4177,81901.8734,256781.7823,0.0,0,0,0,920.2458,2885.1886
482,87,11.4964,73891.4475,231666.8139,0.0,0,0,2,849.327,2662.8369
483,88,11.3456,72818.7716,228302.9931,0.0,1,1,0,827.486,2594.3522
484,88,11.4336,82674.7164,259204.6378,1.0,1,0,0,939.4854,2945.5072
485,88,11.5122,71956.1672,225598.9135,2.0,1,0,0,817.6837,2563.624
486,89,11.4029,72786.0151,228200.9047,3.0,2,1,0,817.8204,2564.0551
487,89,11.4756,79044.1934,247821.8295,0.0,0,0,0,888.137,2784.5149
488,89,11.3584,58085.6705,182112.0702,0.0,0,0,0,652.648,2046.203
489,89,11.4222,87102.0933,273085.7745,0.0,1,1,1,978.6752,3068.3795
490,88,11.6592,85986.9156,269589.3927,0.0,0,0,1,977.124,3063.5158
491,88,11.7054,74176.7446,232561.0926,1.0,1,0,0,842.9176,2642.7397
492,88,11.5586,69116.6306,216696.2813,2.0,2,1,1,785.4163,2462.4577
493,88,11.211,65144.309,204242.5755,3.0,1,0,0,740.2762,2320.9384
494,88,10.9105,58070.223,182062.9295,4.0,1,0,0,659.8889,2068.8969
495,89,10.8489,78501.9704,246121.1016,6.0,3,1,0,882.0446,2765.4056
496,89,11.1097,83067.5984,260435.8702,8.0,2,0,0,933.3438,2926.2457
497,89,11.1377,79306.5407,248643.8645,12.0,4,0,0,891.0847,2793.7513
498,90,11.0665,76217.2761,238958.1789,10.0,3,1,0,846.8586,2655.0909
499,90,11.124,80536.9367,252502.1651,12.0,2,0,0,894.8549,2805.5796
500,90,11.1341,75520.4434,236773.7862,4.0,1,0,0,839.116,2630.8198
501,91,10.8944,77406.5229,242687.2221,5.0,2,1,0,850.6211,2666.8926
502,91,10.848,69369.664,217489.4033,6.0,1,0,0,762.304,2389.9934
503,90,10.8426,75305.1032,236097.9204,8.0,2,0,1,836.7234,2623.3102
504,90,10.6401,81484.442,255472.4169,11.0,4,1,1,905.3827,2838.5824
505,90,10.699,77183.6861,241988.2127,11.0,2,0,0,857.5965,2688.7579
506,90,10.7719,75584.2691,236973.8977,4.0,2,0,0,839.8252,2633.0433
507,91,10.585,79207.9133,248335.7818,2.0,2,1,0,870.4166,2728.9646
508,90,10.5266,75187.7556,235730.8574,1.0,1,0,1,835.4195,2619.2317
509,89,10.7963,86435.8016,270996.8341,2.0,1,0,1,971.1888,3044.9082
510,90,10.7389,82088.0107,257365.0495,5.0,4,1,0,912.089,2859.6117
511,90,10.9067,96021.6745,301050.7405,4.0,2,0,0,1066.9075,3345.0082
512,90,10.8574,76168.4286,238804.6093,1.0,1,0,0,846.3159,2653.3845
513,91,10.9082,91209.1954,285962.1081,3.0,3,1,0,1002.2989,3142.4407
514,91,11.0623,87886.4727,275544.7749,2.0,1,0,0,965.7854,3027.9646
515,91,11.0497,71872.8662,225337.5757,2.0,2,0,0,789.8117,2476.2371
516,92,11.2651,103364.8631,324073.5439,2.0,2,1,0,1123.5311,3522.5385
517,91,11.4515,92812.7715,290990.55,3.0,1,0,1,1019.9206,3197.6984
518,91,11.7266,95844.6663,300495.8523,4.0,1,0,0,1053.2381,3302.1522
519,91,11.6603,81081.3954,254208.8295,5.0,2,1,1,891.0043,2793.5036
520,90,11.7037,82968.4803,260125.8394,6.0,1,0,1,921.872,2890.2871
521,89,11.6534,68952.8104,216182.7019,7.0,1,0,1,774.7507,2429.0191
522,90,11.4336,72248.119,226513.5913,9.0,3,1,0,802.7569,2516.8177
523,89,11.5279,76646.9804,240305.3282,14.0,5,0,1,861.202,2700.0599
524,89,11.5262,71235.0302,223337.1423,19.0,5,0,0,800.3936,2509.4061
525,90,11.2856,70797.0646,221964.0796,10.0,4,1,0,786.6341,2466.2676
526,89,11.3569,75819.2369,237710.4452,13.0,3,0,1,851.9015,2670.9039
527,89,11.3255,68902.6136,216024.4957,11.0,3,0,0,774.1867,2427.2415
528,90,11.116,74482.7564,233520.391,8.0,3,1,0,827.5862,2594.671
529,90,11.1395,74820.8988,234580.6643,10.0,2,0,0,831.3433,2606.4518
530,90,11.2023,76452.2249,239695.4491,13.0,3,0,0,849.4692,2663.2828
531,91,11.2041,82621.8613,259038.3982,7.0,3,1,0,907.9325,2846.5758
532,91,11.4286,94910.4234,297566.8849,9.0,2,0,0,1042.9717,3269.9658
533,91,11.4503,83755.1552,262591.9735,11.0,2,0,0,920.3863,2885.6261
534,92,11.3617,91569.7865,287093.2947,13.0,3,1,0,995.3238,3120.5793
535,92,11.4071,81884.2234,256726.1446,7.0,2,0,0,890.0459,2790.5016
536,90,11.4251,76508.1627,239870.7255,3.0,2,0,2,850.0907,2665.2303
537,91,11.2447,87709.0426,274988.6875,6.0,4,1,0,963.8356,3021.8537
538,90,11.1356,77882.2734,244178.8899,7.0,3,0,1,865.3586,2713.0988
539,90,11.075,73720.0601,231129.0333,5.0,2,0,0,819.1118,2568.1004
540,91,11.0495,81393.3063,255186.7474,7.0,3,1,0,894.4319,2804.25
541,91,11.098,81671.4312,256058.9615,9.0,2,0,0,897.4883,2813.8347
542,91,11.0221,78208.3556,245201.7109,12.0,3,0,0,859.4325,2694.5243
543,92,10.9118,89056.4569,279212.7346,17.0,6,1,0,968.005,3034.921
544,92,11.0818,86029.0071,269720.6316,9.0,2,0,0,935.0979,2931.746
545,91,11.0996,77934.9841,244344.0929,13.0,4,0,1,856.4284,2685.0999
546,91,11.0763,92585.7281,290277.6203,18.0,6,1,1,1017.4256,3189.864
547,91,10.9416,79190.4916,248279.9497,24.0,6,0,0,870.2252,2728.3511
548,91,10.948,72923.1567,228629.9433,28.0,7,0,0,801.3534,2512.417
549,92,10.9228,76113.4916,238631.8667,32.0,7,1,0,827.3206,2593.8246
550,91,11.0735,75005.1278,235157.7819,39.0,7,0,1,824.2322,2584.1514
551,90,11.2756,86023.4021,269702.8782,44.0,6,0,1,955.8156,2996.6986
552,91,11.2611,79246.6527,248456.4291,40.0,6,1,0,870.8423,2730.2904
553,90,11.7083,102445.5555,321191.0758,37.0,5,0,1,1138.284,3568.7897
554,90,11.8851,82132.2985,257503.9526,42.0,5,0,0,912.5811,2861.155
555,90,11.8199,78553.8906,246284.6814,29.0,5,1,1,872.821,2736.4965
556,90,11.9687,84250.8287,264145.7985,33.0,4,0,0,936.1203,2934.9533
557,90,12.1024,82425.1883,258422.264,28.0,3,0,0,915.8354,2871.3585
558,90,12.0783,87217.8569,273448.1524,32.0,5,1,1,969.0873,3038.3128
559,90,11.9201,68593.9562,215057.7134,36.0,4,0,0,762.1551,2389.5301
560,89,11.7102,70016.6392,219517.9394,18.0,3,0,1,786.7038,2466.4937
561,90,11.5573,77812.2914,243959.2992,22.0,5,1,0,864.581,2710.6589
562,90,11.6082,78620.084,246491.5762,23.0,3,0,0,873.5565,2738.7953
563,90,11.6145,69461.0349,217775.0802,7.0,2,0,0,771.7893,2419.7231
564,91,11.5792,72691.3587,227903.0531,3.0,3,1,0,798.8061,2504.4292
565,90,11.756,82134.0828,257509.5575,6.0,3,0,1,912.6009,2861.2173
566,90,11.8207,78098.1316,244855.6083,5.0,2,0,0,867.757,2720.6179
567,91,11.7386,83963.2432,263244.5173,7.0,3,1,0,922.673,2892.7969
568,91,11.645,78508.0574,246140.9064,10.0,3,0,0,862.7259,2704.8451
569,90,11.356,64047.7661,200803.7666,2.0,1,0,1,711.6418,2231.153
570,91,11.0733,78630.5252,246524.6188,1.0,2,1,0,864.0717,2709.0617
571,91,11.1325,85222.0549,267190.7928,0.0,0,0,0,936.5061,2936.1626
572,91,11.1046,73188.8344,229463.5528,1.0,1,0,0,804.2729,2521.5775
573,92,11.1785,97283.9502,305007.7223,3.0,3,1,0,1057.4342,3315.3013
574,90,11.3227,87624.8736,274723.9362,7.0,4,0,2,973.6097,3052.4882
575,89,11.1424,78597.1592,246420.1104,11.0,4,0,1,883.1141,2768.7653
576,90,11.021,82011.342,257124.1939,10.0,5,1,0,911.2371,2856.9355
577,90,10.8936,71119.1436,222974.0668,14.0,4,0,0,790.2127,2477.4896
578,90,10.824,75851.1945,237810.2383,20.0,6,0,0,842.7911,2642.336
579,91,10.7508,74182.0947,232576.5568,17.0,6,1,0,815.1879,2555.7863
580,91,10.9619,86026.5173,269712.2344,5.0,2,0,0,945.3463,2963.8707
581,91,11.153,83405.0689,261493.6365,7.0,2,0,0,916.5392,2873.5564
582,91,11.225,83445.8458,261621.1002,10.0,4,1,1,916.9873,2874.9571
583,90,11.1288,69529.1818,217989.6869,15.0,5,0,1,772.5465,2422.1076
584,89,10.9356,70463.0254,220917.5861,20.0,5,0,1,791.7194,2482.2201
585,89,10.8112,72778.7639,228177.2228,21.0,5,1,1,817.7389,2563.789
586,88,10.8106,69592.3043,218186.7887,27.0,6,0,1,790.8216,2479.3953
587,87,11.0233,83743.5891,262555.144,28.0,5,0,1,962.57,3017.8752
588,88,10.9676,81594.9189,255818.8477,21.0,5,1,0,927.215,2907.0324
589,88,11.1138,83566.3859,261999.722,21.0,3,0,0,949.618,2977.2696
590,88,10.9537,77260.3268,242229.1284,24.0,3,0,0,877.9583,2752.6037
591,89,11.0138,88985.0817,278988.9724,27.0,4,1,0,999.8324,3134.7076
592,89,11.3018,92736.037,290749.7639,11.0,2,0,0,1041.9779,3266.8513
593,89,11.3248,82721.0088,259350.259,11.0,1,0,0,929.4495,2914.0479
594,90,11.4998,93020.2146,291640.4671,12.0,2,1,0,1033.5579,3240.4496
595,89,11.7239,83870.7402,262954.8804,0.0,0,0,1,942.3679,2954.5492
596,89,11.8682,82358.8332,258214.423,0.0,0,0,0,925.3801,2901.2857
597,90,11.8575,87103.1961,273089.427,0.0,1,1,0,967.8133,3034.327
598,90,11.9493,81188.0847,254544.2971,0.0,0,0,0,902.0898,2828.27
599,89,11.7954,71173.6373,223145.8105,0.0,0,0,1,799.7038,2507.2563
600,89,11.5121,80742.2625,253146.0268,1.0,2,1,1,907.2164,2844.3374
601,88,11.5653,84218.7472,264045.6296,2.0,1,0,1,957.0312,3000.5185
602,87,11.37,63651.0233,199560.9354,3.0,1,0,1,731.621,2293.8039
603,88,10.9818,62301.6992,195329.1643,4.0,2,1,0,707.9739,2219.6496
604,88,10.7921,68477.7081,214692.6752,7.0,3,0,0,778.1558,2439.6895
605,88,10.717,67051.7324,210222.1539,11.0,4,0,0,761.9515,2388.8881
606,89,10.7634,82879.9222,259846.8663,16.0,6,1,0,931.2351,2919.6277
607,89,10.9209,76265.9936,239111.2384,10.0,3,0,0,856.9213,2686.6431
608,88,11.0134,70775.0259,221895.1739,10.0,2,0,1,804.2617,2521.5361
609,89,11.0672,80125.0936,251209.7547,13.0,4,1,0,900.282,2822.5815
610,89,11.1375,81567.1599,255731.2454,14.0,2,0,0,916.4849,2873.3848
611,89,11.2144,83875.4022,262968.7641,16.0,2,0,0,942.4202,2954.7052
612,90,11.2176,82390.7724,258314.1693,18.0,3,1,0,915.453,2870.1574
613,90,11.4091,83598.8724,262101.9769,10.0,1,0,0,928.8764,2912.2442
614,89,11.4275,71488.3184,224131.9305,12.0,2,0,1,803.2395,2518.3363
615,89,11.5578,82532.3025,258758.0941,14.0,3,1,1,927.3292,2907.3943
616,89,11.6014,81714.5,256193.986,16.0,2,0,0,918.1404,2878.5841
617,89,11.6342,85168.4191,267023.0249,18.0,2,0,0,956.9485,3000.2587
618,90,11.474,65415.2932,205091.0031,15.0,2,1,0,726.8366,2278.7889
619,90,11.5781,72101.3296,226053.9838,16.0,1,0,0,801.1259,2511.7109
620,90,11.6012,70442.6441,220853.4712,17.0,1,0,0,782.696,2453.9275
621,91,11.4276,71458.0702,224037.2919,18.0,2,1,0,785.2535,2461.9483
622,91,11.4466,79021.3263,247750.0323,0.0,0,0,0,868.3662,2722.5278
623,91,11.4561,82131.1512,257500.5697,0.0,0,0,0,902.5401,2829.6766
624,92,11.337,73828.229,231467.3984,0.0,1,1,0,802.4807,2515.95
625,92,11.3841,73850.5431,231537.9849,2.0,2,0,0,802.7233,2516.7172
626,92,11.3628,74245.8868,232777.9548,4.0,2,0,0,807.0205,2530.1952
627,91,11.3266,80279.8704,251695.4935,6.0,3,1,2,882.1964,2765.8845
628,91,11.3136,73258.3627,229681.1799,8.0,2,0,0,805.037,2523.969
629,91,11.248,69914.6433,219197.5246,10.0,2,0,0,768.2928,2408.764
630,92,11.3201,87686.4576,274917.1958,12.0,3,1,0,953.1137,2988.2304
631,92,11.5227,83713.0621,262459.7226,14.0,2,0,0,909.9246,2852.8231
632,92,11.5847,72983.8765,228820.7718,0.0,0,0,0,793.303,2487.1823
633,93,11.604,81499.55,255520.0199,0.0,1,1,0,876.3392,2747.5271
634,93,11.7269,81287.1094,254853.8281,0.0,0,0,0,874.0549,2740.3637
635,91,11.5188,73437.023,230242.4667,0.0,0,0,2,807.0003,2530.137
636,91,11.2097,67339.9629,211126.3002,0.0,1,1,1,739.9996,2320.0692
637,90,11.0489,72834.5058,228352.6702,0.0,0,0,1,809.2723,2537.2519
638,89,11.0125,71409.24,223884.1681,0.0,0,0,1,802.351,2515.5525
639,90,10.8847,70193.6689,220072.2317,0.0,1,1,0,779.9297,2445.247
640,90,11.1052,81947.6416,256924.1313,1.0,1,0,0,910.5294,2854.7126
641,90,11.2564,84775.9591,265792.3691,3.0,2,0,0,941.9551,2953.2485
642,90,11.0584,73139.7602,229310.4974,5.0,3,1,1,812.664,2547.8944
643,89,11.1289,73823.8376,231454.5432,4.0,2,0,1,829.4813,2600.6128
644,88,11.0994,78207.874,245199.1858,7.0,3,0,1,888.7258,2786.3544
645,87,11.0142,77016.7058,241465.0223,10.0,4,1,2,885.2495,2775.46
646,86,10.9657,64620.9028,202600.3443,13.0,3,0,1,751.4058,2355.818
647,85,11.0796,76965.3871,241304.5973,16.0,3,0,1,905.4751,2838.8776
648,85,10.8361,68714.4403,215434.9338,19.0,4,1,1,808.4052,2534.5286
649,85,11.1151,83007.7427,260248.7457,15.0,2,0,0,976.5617,3061.7499
650,85,11.1997,71833.9509,225215.8418,17.0,2,0,0,845.1053,2649.5981
651,86,11.2608,87963.8677,275787.3483,19.0,3,1,0,1022.8357,3206.8296
652,86,11.2578,73141.2117,229314.8628,21.0,2,0,0,850.4792,2666.4519
653,86,11.386,84154.3062,263842.9831,23.0,2,0,0,978.5384,3067.9417
654,86,11.3174,76495.0134,239829.0208,26.0,4,1,1,889.4769,2788.7095
655,86,11.2865,71273.454,223458.1538,29.0,3,0,0,828.7611,2598.3506
656,86,11.1752,67256.2239,210863.3209,29.0,2,0,0,782.0491,2451.8991
657,86,11.1777,68420.2403,214513.0523,31.0,2,0,0,795.5842,2494.3378
658,85,11.1324,65694.7001,205967.7228,34.0,3,0,1,772.8788,2423.1497
659,85,11.0203,65252.256,204580.0756,19.0,4,1,1,767.6736,2406.8244
660,86,10.9788,78491.001,246087.0444,22.0,4,1,0,912.6861,2861.4773
661,86,10.9261,58334.9696,182893.171,25.0,3,0,0,678.3136,2126.6648
662,86,11.0886,74562.0668,233768.9639,23.0,2,0,0,867.0008,2718.2438
663,85,11.1756,81123.4838,254340.6925,5.0,2,1,2,954.3939,2992.2434
664,85,11.2577,72754.6895,228103.0529,1.0,1,0,0,855.9375,2683.5653
665,85,11.3679,69086.6118,216602.2523,2.0,1,0,0,812.7837,2548.2618
666,86,11.4922,88497.874,277461.6026,3.0,2,1,0,1029.045,3226.2977
667,86,11.6143,79876.6865,250432.359,4.0,1,0,0,928.7987,2912.0042
668,86,11.664,63120.0902,197895.9298,5.0,1,0,0,733.9545,2301.1155
669,87,11.6931,82423.4622,258416.6018,1.0,2,1,0,947.3961,2970.3058
670,87,11.5596,69235.0014,217068.0495,0.0,0,0,0,795.8046,2495.0351
671,87,11.6721,80291.2018,251731.4741,0.0,0,0,0,922.8874,2893.4652
672,88,11.5579,74450.7769,233420.1207,0.0,1,1,0,846.0316,2652.5014
673,88,11.3861,56331.7412,176612.2635,0.0,0,0,0,640.1334,2006.9575
674,88,11.2531,69178.0901,216889.3194,0.0,0,0,0,786.1147,2464.6514
675,89,11.0809,66747.7939,209269.2663,0.0,1,1,0,749.9752,2351.3401
676,89,11.1333,81445.1547,255348.9909,2.0,2,0,0,915.1141,2869.0898
677,89,11.1223,67092.9883,210351.5208,4.0,2,0,0,753.8538,2363.5002
678,89,11.1428,76526.2565,239926.9412,6.0,3,1,1,859.8456,2695.8083
679,89,11.2698,76814.7439,240832.2358,0.0,0,0,0,863.087,2705.9802
680,89,11.6231,95401.7213,299106.9569,0.0,0,0,0,1071.9295,3360.7523
681,88,11.5719,83883.9347,262996.1564,1.0,2,1,2,953.2265,2988.5927
682,88,11.5668,73956.6774,231871.4286,2.0,1,0,0,840.4168,2634.9026
683,88,11.4619,71983.5022,225685.2381,3.0,1,0,0,817.9943,2564.605
684,88,11.3184,75328.0499,236170.777,4.0,2,1,1,856.0006,2683.7588
685,87,11.2669,69991.8477,219440.9956,5.0,1,0,1,804.504,2522.3103
686,87,11.2951,79643.8701,249702.1359,6.0,1,0,0,915.4468,2870.1395
687,88,11.2817,78470.9248,246024.0728,8.0,3,1,0,891.7151,2795.7281
688,87,11.3334,83050.4026,260382.2065,10.0,2,0,1,954.6023,2992.8989
689,86,11.2549,69960.6436,219342.3205,13.0,3,0,1,813.4959,2550.4921
690,87,10.8731,62500.5576,195952.2325,2.0,2,1,0,718.3972,2252.3245
691,86,10.9594,70017.8478,219521.6171,3.0,1,0,1,814.161,2552.5769
692,86,11.0587,81666.3129,256042.7392,4.0,1,0,0,949.6083,2977.2412
693,87,10.939,67978.671,213128.5422,5.0,2,1,0,781.364,2449.7534
694,87,10.9824,78053.5604,244715.8463,7.0,2,0,0,897.1674,2812.8258
695,87,11.1076,81710.7493,256182.6016,10.0,3,0,0,939.204,2944.6276
696,87,10.9219,81510.8321,255555.4146,14.0,5,1,1,936.9061,2937.4186
697,86,11.0388,88188.8639,276492.6064,14.0,3,0,1,1025.4519,3215.0303
698,86,11.184,84546.8944,265074.2402,14.0,2,0,0,983.1034,3082.2586
699,87,11.3574,94260.5223,295529.2374,16.0,3,1,0,1083.4543,3396.8878
700,87,11.5627,83156.5732,260716.1628,18.0,2,0,0,955.8227,2996.7375
701,87,11.805,90765.3431,284571.2881,20.0,2,0,0,1043.2798,3270.9343
702,87,12.0045,82326.9236,258114.4091,22.0,2,0,0,946.2865,2966.8323
703,87,11.9978,76572.4217,240072.6733,24.0,2,0,0,880.1428,2759.456
704,85,11.9515,68872.8488,215932.6395,16.0,1,0,2,810.2688,2540.384
705,87,11.688,73492.6346,230416.2696,17.0,3,2,0,844.7429,2648.4629
706,86,11.8381,80810.9958,253361.4479,18.0,1,0,1,939.6627,2946.0633
707,86,11.7119,72062.0831,225931.3756,19.0,1,0,0,837.9312,2627.109
708,86,11.3516,65282.5674,204675.7312,20.0,2,1,1,759.0996,2379.9504
709,86,11.3589,75462.4047,236591.8866,21.0,1,0,0,877.4698,2751.0684
710,86,11.3016,71706.3613,224815.9672,23.0,2,0,0,833.7949,2614.1392
711,87,11.0351,77655.4381,243467.6777,26.0,4,1,0,892.5912,2798.4791
712,87,10.8916,68350.4671,214294.104,5.0,2,0,0,785.6376,2463.1506
713,85,10.8764,75558.8781,236894.2423,3.0,1,0,2,888.928,2786.9911
714,85,10.5869,60883.2596,190882.6505,4.0,2,1,1,716.2736,2245.6782
715,85,10.646,72577.5701,227546.9087,2.0,2,0,0,853.8538,2677.0225
716,85,10.8688,80109.9229,251162.8476,2.0,1,0,0,942.4697,2954.857
717,86,10.8577,77291.4531,242326.5122,4.0,3,1,0,898.7378,2817.7501
718,86,11.0554,82256.6489,257893.7793,7.0,3,0,0,956.4727,2998.7649
719,85,11.0263,74992.2819,235118.5778,10.0,3,0,1,882.2621,2766.1009
720,86,10.8219,72440.8632,227118.3587,9.0,3,1,0,842.3356,2640.9111
721,86,10.8375,78888.3418,247333.257,11.0,2,0,0,917.3063,2875.9681
722,85,10.9765,80546.7393,252532.7195,13.0,2,0,1,947.6087,2970.9732
723,86,11.075,84276.4386,264225.9685,6.0,2,1,0,979.9586,3072.395
724,86,11.2185,71157.4133,223094.8827,7.0,1,0,0,827.4118,2594.1265
725,86,11.2617,74794.2339,234497.0487,8.0,1,0,0,869.7004,2726.7099
726,87,11.2269,78009.2516,244576.4825,9.0,2,1,0,896.6581,2811.2239
727,87,11.2658,69742.7339,218659.0887,10.0,1,0,0,801.6406,2513.3229
728,86,11.4634,72099.1944,226047.8868,11.0,1,0,1,838.3627,2628.4638
729,87,11.376,76034.5276,238385.6823,12.0,2,1,0,873.9601,2740.0653
730,87,11.5413,76210.6283,238937.8497,13.0,1,0,0,875.9842,2746.4121
731,86,11.3109,59077.0289,185220.2539,14.0,1,0,1,686.9422,2153.7239
732,87,10.9632,62774.2274,196810.7775,16.0,3,1,0,721.5428,2262.1928
733,87,10.8218,59947.8354,187948.9694,18.0,2,0,0,689.0556,2160.333
734,86,10.8487,72763.6657,228130.1485,20.0,2,0,1,846.0891,2652.6761
735,87,10.6862,70151.1969,219938.6329,22.0,3,1,0,806.3356,2528.0303
736,87,10.6845,74470.8807,233482.6055,25.0,3,0,0,855.9871,2683.7081
737,86,10.8307,75957.9916,238145.2129,28.0,3,0,1,883.2325,2769.1304
738,86,10.8277,71265.8639,223434.0992,29.0,4,1,1,828.6728,2598.0709
739,85,10.9572,73445.4799,230268.308,8.0,1,0,1,864.0645,2709.0389
740,85,10.9695,73304.8485,229827.953,9.0,1,0,0,862.41,2703.8583
741,86,11.0547,82590.6504,258940.5686,10.0,2,1,0,960.3564,3010.9368
742,86,11.1343,76969.2077,241316.2268,11.0,1,0,0,894.9908,2806.0026
743,86,10.9518,56766.7961,177975.9535,13.0,2,0,0,660.079,2069.4878
744,87,10.6452,71615.3622,224530.0336,13.0,2,1,0,823.1651,2580.805
745,87,10.4513,58810.0054,184381.2245,15.0,2,0,0,675.9771,2119.3244
746,87,10.4157,64567.4292,202431.9232,3.0,2,0,0,742.1544,2326.8037
747,88,10.3318,68592.3532,215051.5012,5.0,3,1,0,779.4586,2443.7671
748,87,10.2529,67035.4705,210170.6382,7.0,2,0,1,770.5226,2415.7545
749,87,10.5044,77481.4193,242921.4312,9.0,2,0,0,890.591,2792.2004
750,88,10.3862,70235.7692,220205.3613,11.0,3,1,0,798.1337,2502.3337
751,88,10.6952,91212.126,285971.0348,13.0,2,0,0,1036.5014,3249.6709
752,86,10.6113,65569.2517,205574.3153,9.0,2,0,2,762.4332,2390.399
753,87,10.6119,78039.6351,244671.5179,11.0,3,1,0,897.0073,2812.3163
754,87,10.755,85887.1537,269276.4551,13.0,2,0,0,987.2087,3095.1317
755,87,10.7277,73357.5251,229992.3502,15.0,2,0,0,843.1899,2643.5902
756,88,10.7392,78371.955,245713.9832,17.0,3,1,0,890.5904,2792.2044
757,88,11.114,91612.5066,287226.9002,0.0,0,0,0,1041.0512,3263.942
758,88,11.2789,82374.6312,258263.8912,0.0,0,0,0,936.0754,2934.8169
759,88,11.2647,76291.1909,239190.4769,0.0,1,1,1,866.9454,2718.0736
760,87,11.345,76346.6823,239364.0782,1.0,1,0,1,877.5481,2751.3112
761,86,11.3056,72827.0068,228329.6555,2.0,1,0,1,846.8257,2654.996
762,87,11.0706,78493.2483,246094.5846,4.0,3,1,0,902.2212,2828.6734
763,87,11.2218,81812.0679,256499.6207,4.0,1,0,0,940.3686,2948.2715
764,87,11.2835,77472.4117,242893.4976,6.0,2,0,0,890.4875,2791.8793
765,88,11.1775,80807.9671,253352.0211,2.0,2,1,0,918.2724,2879.0002
766,88,11.262,76422.0322,239599.8071,3.0,1,0,0,868.4322,2722.7251
767,88,11.2548,65516.8001,205409.3239,4.0,1,0,0,744.5091,2334.1969
768,89,11.0755,71940.9711,225550.8615,0.0,1,1,0,808.3255,2534.2793
769,88,11.0348,63763.0869,199911.6477,1.0,1,0,1,724.5805,2271.7233
770,88,11.1301,77449.5112,242822.38,2.0,1,0,0,880.1081,2759.3452
771,89,11.1966,83589.4851,262072.6211,3.0,2,1,0,939.2077,2944.6362
772,89,11.3824,80437.3238,252189.6334,4.0,1,0,0,903.7902,2833.5914
773,88,11.3406,79001.3756,247687.7433,5.0,1,0,1,897.7429,2814.6334
774,89,11.2085,76885.9274,241055.1994,6.0,2,1,0,863.8868,2708.4854
775,87,11.1664,74715.8143,234251.4458,7.0,1,0,2,858.8025,2692.5454
776,87,11.2304,73218.8579,229558.1368,9.0,2,0,0,841.5961,2638.5993
777,88,11.1169,76974.1054,241331.7707,11.0,3,1,0,874.7057,2742.4065
778,88,11.0913,64281.4237,201536.1383,14.0,3,0,0,730.4707,2290.1834
779,87,10.9625,60033.8864,188219.2321,19.0,5,0,1,690.0447,2163.4394
780,87,10.5939,62598.6999,196259.9937,24.0,6,1,1,719.5253,2255.862
781,87,10.5696,75355.7395,236256.9837,29.0,5,0,0,866.1579,2715.5975
782,87,10.4221,65548.9204,205509.7041,27.0,4,0,0,753.4359,2362.1805
783,88,10.1331,64918.7478,203533.4985,32.0,6,1,0,737.713,2312.8807
784,88,10.1127,74549.9918,233730.5355,37.0,5,0,0,847.159,2656.0288
785,88,10.24,80739.2152,253134.6796,42.0,5,0,0,917.4911,2876.5304
786,89,10.2682,84001.0991,263362.0408,49.0,8,1,0,943.8326,2959.1241
787,89,10.3303,71981.8178,225679.0858,47.0,7,0,0,808.7845,2535.7201
788,88,10.6871,92636.6388,290436.9262,31.0,5,0,1,1052.6891,3300.4196
789,89,10.766,84748.6845,265706.9838,25.0,5,1,0,952.2324,2985.4717
790,88,11.1292,96001.0909,300986.0645,29.0,4,0,1,1090.9215,3420.2962
791,87,11.1673,79220.8595,248375.8297,33.0,4,0,1,910.5846,2854.8946
792,88,11.0837,77433.9324,242773.1268,37.0,5,1,0,879.931,2758.7855
793,88,11.1559,73560.2778,230627.8002,41.0,4,0,0,835.9122,2620.7705
794,88,11.1909,82873.0406,259826.2919,46.0,5,0,0,941.7391,2952.5715
795,89,11.1175,80365.1226,251963.1781,51.0,6,1,0,902.9789,2831.0469
796,89,11.1851,79715.8072,249927.2156,46.0,5,0,0,895.6832,2808.171
797,89,11.2984,77809.1234,243948.9216,31.0,4,0,0,874.2598,2740.9991
798,90,11.3003,72344.8293,226816.9472,19.0,4,1,0,803.8314,2520.1883
799,89,11.3555,78601.4073,246433.4536,9.0,2,0,1,883.1619,2768.9152
800,88,11.5216,84346.3599,264445.7841,7.0,1,0,1,958.4814,3005.0657
801,89,11.7129,88018.0386,275957.0704,8.0,2,1,0,988.9667,3100.6412
802,88,11.6661,71483.1322,224116.2036,9.0,1,0,1,812.3083,2546.775
803,87,11.5493,61973.8486,194302.3121,10.0,1,0,1,712.3431,2233.3599
804,87,11.6051,90238.4364,282918.8346,0.0,1,1,1,1037.2234,3251.9406
805,87,11.4142,60389.5741,189334.6836,0.0,0,0,0,694.133,2176.2607
806,87,11.2129,72020.2189,225800.1265,0.0,0,0,0,827.8186,2595.4038
807,88,10.8666,69316.4837,217322.6555,1.0,2,1,0,787.6873,2469.5756
808,87,11.0356,84794.0418,265848.8062,3.0,2,0,1,974.6442,3055.7334
809,85,11.2105,83312.2181,261202.9909,6.0,3,0,2,980.1437,3072.9764
810,86,11.1588,77620.432,243357.4301,9.0,4,1,0,902.5632,2829.7376
811,86,11.2,75035.7142,235253.9722,13.0,4,0,0,872.5083,2735.5113
812,86,11.1557,67199.2602,210683.8409,17.0,4,0,0,781.3867,2449.8121
813,86,11.0675,79900.0624,250505.1949,22.0,6,1,1,929.0705,2912.8511
814,86,11.2137,77231.4132,242137.9078,12.0,3,0,0,898.0397,2815.5571
815,84,11.2395,65196.447,204404.6409,15.0,3,0,2,776.1482,2433.3886
816,85,10.9994,64517.8498,202277.5183,6.0,2,1,0,759.0335,2379.7355
817,85,10.9497,70729.6178,221753.5547,0.0,0,0,0,832.1132,2608.8653
818,85,11.0457,73889.7792,231661.2042,0.0,0,0,0,869.2915,2725.4259
819,86,10.9307,72345.4988,226819.7218,0.0,1,1,0,841.2267,2637.4386
820,86,11.0475,75189.5676,235736.0334,2.0,2,0,0,874.2973,2741.1167
821,86,11.059,73866.4954,231588.0878,3.0,2,0,0,858.9127,2692.8847
822,87,10.8465,67364.908,211203.4183,5.0,3,1,0,774.3093,2427.6255
823,87,10.995,74513.9911,233618.1741,8.0,3,0,0,856.4827,2685.2664
824,87,11.0243,67420.9638,211379.5732,9.0,2,0,0,774.9536,2429.6503
825,88,11.0796,87594.2328,274628.0094,11.0,3,1,0,995.389,3120.7728
826,88,11.1067,73866.8097,231589.4848,13.0,2,0,0,839.3956,2631.6987
827,87,11.0807,68180.3669,213760.2253,16.0,3,0,1,783.6824,2457.0141
828,88,11.0051,80023.6597,250892.1225,20.0,5,1,0,909.3598,2851.0468
829,88,10.9738,68072.4027,213422.0736,14.0,3,0,0,773.55,2425.2508
830,86,11.1041,74314.3374,232992.0152,14.0,2,0,2,864.1202,2709.2095
831,86,10.9556,69099.5222,216641.7668,17.0,4,1,1,803.4828,2519.0903
832,86,11.1455,81827.0274,256546.5497,20.0,3,0,0,951.4771,2983.0994
833,86,11.1544,64992.7591,203766.4395,16.0,2,0,0,755.7298,2369.3772
834,87,10.9847,67260.6201,210876.8424,19.0,4,1,0,773.1106,2423.8718
835,87,10.944,74614.7017,233934.7178,22.0,3,0,0,857.6402,2688.9048
836,86,11.0349,79395.993,248924.7641,20.0,3,0,1,923.2092,2894.474
837,85,10.9412,76300.3642,239219.09,6.0,3,1,2,897.6513,2814.3422
838,85,10.8801,71288.4033,223505.1157,3.0,1,0,0,838.6871,2629.4719
839,85,11.0312,76415.355,239579.5058,4.0,1,0,0,899.0042,2818.5824
840,86,11.069,82207.1731,257738.7757,5.0,2,1,0,955.8974,2996.9625
841,86,11.1208,67615.6622,211990.0401,6.0,1,0,0,786.2286,2465.0005
842,85,11.24,86534.7053,271306.472,8.0,2,0,1,1018.0554,3191.8408
843,85,10.9411,67616.4811,211992.8091,11.0,4,1,1,795.488,2494.033
844,85,10.9623,74038.5891,232128.2662,14.0,3,0,0,871.0422,2730.9208
845,85,11.1204,78307.3848,245511.4549,13.0,2,0,0,921.2634,2888.3701
846,86,11.0706,68007.6875,213219.3447,15.0,3,1,0,790.7871,2479.2947
847,86,11.2424,83931.0798,263143.5344,17.0,2,0,0,975.9428,3059.8085
848,86,11.4867,86499.0198,271195.0744,20.0,3,0,0,1005.8026,3153.4311
849,86,11.5734,85122.5816,266879.012,23.0,4,1,1,989.7975,3103.2443
850,86,11.7297,77792.8027,243898.5937,26.0,3,0,0,904.5675,2836.0302
851,86,11.8518,85627.8162,268463.3083,29.0,3,0,0,995.6723,3121.6664
852,87,11.477,67372.3745,211227.6629,27.0,3,1,0,774.3951,2427.9042
853,87,11.2819,65569.6803,205575.9262,18.0,1,0,0,753.6745,2362.9417
854,87,11.2256,74718.5733,234259.8103,19.0,1,0,0,858.8342,2692.6415
855,87,10.9922,68757.2593,215568.6793,4.0,5,1,1,790.3133,2477.8009
856,86,11.1,80366.645,251967.8602,6.0,3,0,1,934.4959,2929.8588
857,86,10.9501,61948.4833,194222.2517,9.0,3,0,0,720.3312,2258.3983
858,87,10.7555,72277.1919,226604.7109,12.0,4,1,0,830.7723,2604.6518
859,87,10.8864,77645.061,243434.6207,10.0,2,0,0,892.472,2798.0991
860,87,11.1169,91857.873,287996.4635,12.0,2,0,0,1055.8376,3310.3042
861,88,11.0994,75125.1662,235534.6942,8.0,3,1,0,853.6951,2676.5306
862,87,11.3524,85550.1662,268219.6655,11.0,3,0,1,983.3352,3082.9847
863,87,11.4755,86702.0123,271831.41,15.0,4,0,0,996.5749,3124.499
864,87,11.4568,79912.7557,250544.6554,17.0,4,1,1,918.5374,2879.8236
865,87,11.2966,64888.8301,203440.911,20.0,3,0,0,745.8486,2338.4013
866,87,11.1633,70336.045,220519.3976,23.0,3,0,0,808.4603,2534.7057
867,88,11.1348,81504.7516,255535.9419,13.0,3,1,0,926.1904,2903.8175
868,87,11.137,68129.3513,213600.7089,7.0,1,0,1,783.096,2455.1806
869,87,11.2612,80994.6103,253936.7452,1.0,1,0,0,930.9725,2918.8132
870,88,11.1434,67899.037,212878.5444,2.0,2,1,0,771.58,2419.0744
871,88,11.3079,82315.6754,258078.9801,3.0,1,0,0,935.4054,2932.7157
872,88,11.373,79459.8312,249125.1407,4.0,1,0,0,902.9526,2830.9675
873,89,11.0306,74211.0439,232668.281,5.0,2,1,0,833.832,2614.2503
874,89,11.0936,82896.7337,259900.595,8.0,3,0,0,931.424,2920.2314
875,89,11.1889,81347.0349,255042.0495,10.0,3,0,0,914.0116,2865.641
876,90,11.2311,90577.9379,283982.8366,13.0,4,1,0,1006.4215,3155.3649
877,90,11.2878,81182.5591,254526.0093,17.0,4,0,0,902.0284,2828.0668
878,90,11.3171,74547.4523,233723.3579,22.0,5,0,0,828.305,2596.9262
879,91,11.3456,84902.1513,266187.8679,27.0,6,1,0,932.9907,2925.1414
880,89,11.6425,86026.2108,269712.209,32.0,5,0,2,966.5866,3030.4743
881,89,11.6856,80519.3931,252446.782,37.0,5,0,0,904.7123,2836.4807
882,89,11.356,71167.3763,223125.3739,42.0,6,1,1,799.6334,2507.0267
883,89,11.2607,70034.3394,219572.8558,47.0,5,0,0,786.9027,2467.1107
884,89,11.077,66339.2296,207988.1387,52.0,5,0,0,745.3846,2336.9454
885,90,10.8145,66725.8102,209199.1508,46.0,6,1,0,741.3979,2324.435
886,90,10.8014,79010.5044,247715.663,51.0,5,0,0,877.8945,2752.3963
887,90,10.7443,80821.3853,253393.4125,56.0,5,0,0,898.0154,2815.4824
888,91,10.6419,80319.3654,251819.6948,61.0,6,1,0,882.6304,2767.2494
889,91,10.7238,83381.3205,261419.4141,34.0,4,0,0,916.2782,2872.7408
890,90,10.7683,85444.0805,267886.634,24.0,3,0,1,949.3787,2976.5182
891,90,10.6571,76854.7578,240956.7393,27.0,4,1,1,853.9418,2677.2971
892,89,10.8069,87194.2092,273374.4668,30.0,3,0,1,979.7102,3071.6232
893,89,10.8525,83239.8369,260976.6951,9.0,1,0,0,935.2791,2932.3224
894,90,10.8312,85218.7667,267180.5923,10.0,2,1,0,946.8752,2968.6732
895,89,10.8675,76555.0976,240017.9992,11.0,1,0,1,860.1696,2696.8315
896,89,10.9347,83896.2844,263034.6662,13.0,2,0,0,942.6549,2955.4457
897,90,10.7742,78449.017,245955.5058,13.0,2,1,0,871.6557,2732.839
898,89,10.9232,85070.4872,266716.2353,14.0,1,0,1,955.8482,2996.8116
899,89,10.8926,77087.4956,241686.5833,15.0,1,0,0,866.1516,2715.5796
900,90,10.7759,79983.9465,250768.2062,16.0,2,1,0,888.7105,2786.3134
901,90,10.8998,83829.6486,262826.3994,0.0,0,0,0,931.4405,2920.2933
902,90,11.0858,89434.574,280399.0769,0.0,0,0,0,993.7175,3115.5453
903,91,11.2215,95814.4646,300401.7352,0.0,1,1,0,1052.9062,3301.118
904,91,11.2919,87566.7014,274542.5932,0.0,0,0,0,962.2714,3016.9516
905,90,11.2178,77654.8371,243466.0835,0.0,0,0,1,862.8315,2705.1787
906,90,11.0776,69286.9457,217230.5157,0.0,0,0,0,769.855,2413.6724
907,90,11.0536,75055.1945,235315.1623,1.0,1,0,0,833.9466,2614.6129
908,90,11.248,86366.7377,270779.6207,2.0,1,0,0,959.6304,3008.6625
909,91,11.1943,75192.5488,235745.876,4.0,3,1,0,826.2917,2590.614
910,92,11.1936,87743.5241,275096.0525,6.0,3,1,0,953.734,2990.1745
911,91,11.1939,74313.3989,232989.3043,8.0,2,0,1,816.6308,2560.322
912,92,10.9942,70144.8741,219919.8162,10.0,3,1,0,762.4443,2390.4328
913,92,10.9034,70326.1604,220488.0134,13.0,3,0,0,764.4148,2396.6088
914,92,10.8438,72963.1077,228754.7422,16.0,3,0,0,793.0773,2486.4646
915,93,10.59,60765.0658,190510.818,21.0,6,1,0,653.3878,2048.5034
916,92,10.4064,65666.961,205879.8091,26.0,5,0,1,713.7713,2237.824
917,92,10.2881,79690.3821,249847.3063,21.0,5,0,0,866.1998,2715.7316
918,93,10.1834,75010.6468,235174.4157,26.0,6,1,0,806.5661,2528.7572
919,93,10.1572,77648.8443,243445.7485,32.0,6,0,0,834.9338,2617.6962
920,92,10.3369,91345.7596,286389.2652,33.0,6,0,1,992.8887,3112.9268
921,93,10.246,72788.0727,228206.2588,40.0,8,1,0,782.6674,2453.8307
922,93,10.2541,76959.1377,241283.2683,46.0,7,0,0,827.5176,2594.4437
923,91,10.1961,82919.5009,259971.4462,34.0,5,0,2,911.2033,2856.8291
924,92,10.035,71156.9745,223092.2362,28.0,6,1,0,773.4454,2424.9156
925,92,10.0533,77555.0554,243151.2703,25.0,5,0,0,842.9897,2642.9486
926,90,10.2082,76914.8443,241145.0194,18.0,4,0,2,854.6094,2679.3891
927,91,10.1842,79603.2905,249573.7638,22.0,5,1,0,874.7614,2742.5688
928,91,10.4373,88674.1566,278013.5469,21.0,3,0,0,974.4413,3055.0939
929,91,10.7409,98935.5076,310185.6894,9.0,2,0,0,1087.2034,3408.6339
930,92,10.7581,83494.3749,261773.9372,11.0,3,1,0,907.5476,2845.3689
931,92,11.0216,97092.771,304409.4558,14.0,3,0,0,1055.3562,3308.7984
932,92,11.0275,79681.9858,249821.6995,17.0,3,0,0,866.1085,2715.4533
933,93,10.8194,73608.0812,230778.0043,13.0,4,1,0,791.4847,2481.4839
934,93,10.9907,88171.5541,276437.9177,2.0,1,0,0,948.0812,2972.4507
935,93,11.2739,87593.4199,274626.0193,3.0,1,0,0,941.8647,2952.9679
936,94,11.1678,72896.8963,228547.5181,4.0,2,1,0,775.4989,2431.3566
937,94,11.2821,90929.8461,285086.2918,5.0,1,0,0,967.3388,3032.8329
938,93,11.3069,72408.4943,227017.3482,6.0,1,0,1,778.586,2441.0468
939,94,11.2087,87106.5054,273098.7885,11.0,6,1,0,926.665,2905.3063
940,94,11.3334,84684.6378,265505.664,16.0,5,0,0,900.9004,2824.5283
941,94,11.2271,71783.8046,225058.0742,21.0,5,0,0,763.6575,2394.2348
942,94,11.1367,76355.0664,239389.7458,27.0,7,1,1,812.2879,2546.6994
943,94,11.1546,76734.632,240580.032,33.0,6,0,0,816.3259,2559.362
944,93,11.1371,77638.6469,243414.2702,21.0,4,0,1,834.8242,2617.3577
945,94,10.9789,79236.0628,248423.267,14.0,3,1,0,842.9368,2642.8007
946,93,11.0406,86658.8938,271695.4229,16.0,2,0,1,931.8161,2921.4562
947,92,11.0676,68991.6329,216303.8185,19.0,3,0,1,749.9091,2351.1285
948,93,11.0027,81683.5704,256096.6546,22.0,4,1,0,878.318,2753.7275
949,93,10.9962,80290.6393,251729.8012,14.0,2,0,0,863.3402,2706.7721
950,92,11.2047,85252.6073,267287.2972,16.0,2,0,1,926.6588,2905.2967
951,93,11.1589,85746.0263,268833.6983,18.0,3,1,0,922.0003,2890.6849
952,93,11.1142,79914.4717,250550.2286,8.0,3,0,0,859.2954,2694.0885
953,93,11.2581,92232.2787,289169.872,11.0,3,0,0,991.7449,3109.3535
954,94,11.1404,85467.3515,267960.3351,11.0,3,1,0,909.2271,2850.6419
955,93,11.2018,86499.4762,271196.1069,14.0,3,0,1,930.1019,2916.0872
956,93,11.2958,85607.1225,268398.079,18.0,4,0,0,920.5067,2886.0008
957,93,11.2889,85258.8915,267306.1717,13.0,3,1,1,916.7623,2874.2599
958,93,11.494,95662.2629,299924.5595,3.0,1,0,0,1028.6265,3224.9953
959,92,11.6493,82522.1582,258726.3589,4.0,1,0,1,896.98,2812.243
960,91,11.5488,76179.7353,238840.5169,6.0,3,1,2,837.1399,2624.6211
961,91,11.6486,79363.5333,248822.3823,9.0,3,0,0,872.1267,2734.3119
962,90,11.7912,79331.7997,248723.2647,10.0,3,0,1,881.4644,2763.5918
963,91,11.5893,67457.3333,211494.3286,13.0,4,1,0,741.2894,2324.1135
964,90,11.4847,72477.7107,227234.0701,16.0,3,0,1,805.3079,2524.823
965,90,11.3843,69926.2665,219234.4607,19.0,3,0,0,776.9585,2435.9385
966,90,11.2455,69274.1994,217189.7264,22.0,4,1,1,769.7133,2413.2192
967,90,11.2266,68164.8452,213711.5068,25.0,3,0,0,757.3872,2374.5723
968,90,11.2708,74439.7329,233385.2649,29.0,4,0,0,827.1081,2593.1696
969,91,11.1377,77370.0335,242571.6347,19.0,4,1,0,850.2201,2665.6224
970,91,11.3283,81008.5241,253980.3687,11.0,3,0,0,890.2036,2790.9931
971,91,11.3089,75262.4996,235964.8589,14.0,3,0,0,827.0604,2593.0204
972,92,11.2674,83631.5271,262203.8419,17.0,4,1,0,909.0383,2850.0418
973,92,11.3616,75379.4276,236331.324,20.0,3,0,0,819.3416,2568.8187
974,92,11.3823,72600.2068,227618.046,18.0,2,0,0,789.1327,2474.1092
975,93,11.3032,80393.4418,252052.3198,6.0,2,1,0,864.4456,2710.24
976,93,11.2674,72863.686,228444.2319,7.0,1,0,0,783.4805,2456.3896
977,92,11.1178,76290.3323,239187.9194,9.0,2,0,1,829.2427,2599.8687
978,93,10.9902,76187.9345,238866.4247,11.0,3,1,0,819.2251,2568.4562
979,93,11.2583,99854.4609,313067.0991,13.0,2,0,0,1073.7039,3366.3129
980,92,11.2006,71744.7921,224936.4273,17.0,4,0,1,779.8347,2444.9612
981,93,11.0088,74627.1352,233972.0239,20.0,5,1,0,802.4423,2515.8282
982,93,11.0325,80273.2728,251674.5659,11.0,3,0,0,863.1535,2706.1781
983,93,10.8911,64138.4567,201087.2553,14.0,3,0,0,689.6608,2162.2286
984,93,10.6648,67984.7605,213147.1527,13.0,3,1,1,731.0189,2291.9049
985,93,10.6743,79952.87,250670.4437,9.0,1,0,0,859.7083,2695.3811
986,93,10.6093,77183.6379,241988.57,11.0,2,0,0,829.9316,2602.0276
987,93,10.5424,88441.2929,277283.4731,14.0,4,1,1,950.9816,2981.5427
988,92,10.5625,80720.9704,253078.5268,19.0,5,0,1,877.4019,2750.8536
989,92,10.4856,75486.6119,236667.5361,25.0,6,0,0,820.5067,2572.4732
990,91,10.2326,77612.7283,243333.3225,31.0,7,1,2,852.8871,2673.9926
991,91,10.2347,71543.2453,224303.0088,25.0,4,0,0,786.1895,2464.8682
992,91,10.201,71906.4456,225441.5516,31.0,6,0,0,790.1807,2477.3797
993,92,10.286,87832.8358,275374.6493,39.0,9,1,0,954.7047,2993.2027
994,92,10.5211,83904.8173,263060.4318,34.0,5,0,0,912.0089,2859.3525
995,92,10.6041,85229.4327,267213.9051,39.0,5,0,0,926.4069,2904.499
996,93,10.4644,80171.9204,251357.3755,44.0,6,1,0,862.0637,2702.7675
997,91,10.4812,78377.0711,245729.224,50.0,6,0,2,861.2865,2700.3211
998,91,10.5522,70886.2156,222243.448,35.0,6,0,0,778.9694,2442.2357
999,92,10.4247,70996.4217,222588.6367,35.0,7,1,0,771.7002,2419.4417
1000,92,10.6154,88703.2282,278104.5039,30.0,4,0,0,964.1655,3022.875
1001,90,10.4531,58010.0804,181873.3228,23.0,3,0,2,644.5564,2020.8147
1002,91,10.1612,68377.2523,214377.0831,22.0,4,1,0,751.3984,2355.7921
1003,91,10.0463,68343.4326,214271.3493,25.0,3,0,0,751.0267,2354.6302
1004,91,10.1273,77859.4817,244105.8928,12.0,3,0,0,855.5987,2682.4823
1005,92,10.2713,90572.1399,283964.1138,8.0,5,1,0,984.4798,3086.5665
1006,92,10.4603,83699.5404,262416.4382,13.0,5,0,0,909.7776,2852.3526
1007,92,10.639,82920.5177,259974.4716,18.0,5,0,0,901.31,2825.8095
1008,93,10.5601,74292.025,232921.6847,19.0,5,1,0,798.839,2504.5342
1009,93,10.5274,78395.7141,245787.9324,23.0,4,0,0,842.9647,2642.881
1010,93,10.3804,79123.6616,248070.8798,19.0,4,0,0,850.7921,2667.4288
1011,94,10.2188,77312.121,242390.3011,23.0,5,1,0,822.4694,2578.6202
1012,94,10.2145,81028.7899,254042.7934,25.0,4,0,0,862.0084,2702.5829
1013,94,10.3812,81259.4426,254765.7181,30.0,5,0,0,864.4622,2710.2736
1014,95,10.5516,97697.6577,306304.6907,24.0,5,1,0,1028.3964,3224.2599
1015,94,10.6348,88393.6258,277134.228,18.0,3,0,1,940.3577,2948.2365
1016,94,10.6645,72335.8052,226788.6211,22.0,4,0,0,769.5298,2412.6449
1017,95,10.3213,73360.3389,230000.6251,26.0,5,1,0,772.2141,2421.0592
1018,95,10.1609,80672.8715,252927.9043,29.0,5,0,0,849.1881,2662.399
1019,95,10.2093,80039.9326,250942.9525,25.0,3,0,0,842.5256,2641.5048
1020,95,10.1518,73236.5505,229612.3151,28.0,4,1,1,770.9111,2416.9717
1021,95,10.2995,78848.5408,247207.2121,32.0,4,0,0,829.9846,2602.1812
1022,95,10.3515,80693.2763,252990.9175,36.0,4,0,0,849.4029,2663.0623
1023,96,10.1703,73683.6152,231014.1891,40.0,5,1,0,767.5377,2406.3978
1024,94,10.1934,76530.6166,239940.7261,40.0,3,0,2,814.1555,2552.5609
1025,94,10.2155,86955.7938,272626.3837,22.0,2,0,0,925.0616,2900.2807
1026,94,10.1584,78753.0829,246908.4282,10.0,3,1,1,837.7988,2626.6854
1027,94,10.3555,83941.4415,263175.5501,13.0,3,0,0,892.9941,2799.7399
1028,94,10.5101,85646.6828,268521.6471,16.0,3,0,0,911.1349,2856.6133
1029,94,10.4158,67885.394,212835.5212,19.0,4,1,1,722.185,2264.2077
1030,93,10.4402,87255.891,273566.9342,22.0,3,0,1,938.2354,2941.5799
1031,91,10.4474,74940.7302,234955.9969,25.0,3,0,2,823.5245,2581.934
1032,92,10.3923,82903.0239,259919.2635,28.0,4,1,0,901.1198,2825.2094
1033,91,10.5084,81775.0095,256383.5843,33.0,5,0,1,898.6265,2817.402
1034,91,10.5056,82567.907,258869.1189,37.0,5,0,0,907.3396,2844.7156
1035,92,10.2226,69167.076,216853.6034,42.0,6,1,0,751.816,2357.1044
1036,92,10.1624,74880.1743,234765.3129,48.0,6,0,0,813.9149,2551.7969
1037,92,10.2242,68942.0237,216147.6758,11.0,3,0,0,749.3698,2349.4313
1038,91,10.2303,77979.7576,244483.2222,15.0,5,1,2,856.9204,2686.6288
1039,90,10.1949,68769.3737,215606.6055,13.0,4,0,1,764.1042,2395.6289
1040,90,10.3202,73290.6674,229782.1366,17.0,4,0,0,814.3407,2553.1349
1041,90,10.3871,74899.9269,234827.4946,13.0,4,1,1,832.2214,2609.1944
1042,90,10.552,80473.5333,252302.5792,17.0,4,0,0,894.1504,2803.362
1043,90,10.7303,80503.7549,252397.1339,21.0,4,0,0,894.4862,2804.4126
1044,91,10.5135,70851.1711,222134.3124,22.0,4,1,0,778.5843,2441.0364
1045,91,10.3502,73044.0784,229009.6467,25.0,3,0,0,802.6822,2516.5895
1046,91,10.4886,82177.6828,257645.81,28.0,3,0,0,903.0515,2831.2726
1047,92,10.4017,75050.4644,235299.139,31.0,4,1,0,815.7659,2557.5993
1048,92,10.5569,78090.0997,244829.577,34.0,3,0,0,848.8054,2661.1911
1049,92,10.8044,89275.2219,279898.5156,14.0,1,0,0,970.3828,3042.3752
1050,91,10.7043,70686.3873,221618.0054,15.0,2,1,2,776.7735,2435.3627
1051,91,10.964,89347.798,280126.1153,16.0,1,0,0,981.8439,3078.309
1052,91,10.89,67850.1128,212725.054,17.0,1,0,0,745.6056,2337.638
1053,92,10.8102,80874.4922,253559.7974,18.0,2,1,0,879.0706,2756.0848
1054,92,10.8942,77617.2107,243347.3671,19.0,1,0,0,843.6653,2645.0801
1055,92,11.0039,69670.3644,218431.852,21.0,2,0,0,757.2866,2374.2593
1056,93,10.8056,73125.8023,229265.7969,21.0,2,1,0,786.2989,2465.2236
1057,93,10.5393,69063.5645,216529.2403,22.0,1,0,0,742.619,2328.2714
1058,92,10.5311,85862.2523,269197.9734,24.0,2,0,1,933.2854,2926.0649
1059,93,10.4424,81525.8094,255601.7839,1.0,2,1,0,876.6216,2748.4063
1060,92,10.6554,82374.019,258260.589,4.0,3,0,1,895.3698,2807.1803
1061,91,10.8701,78026.1843,244629.3856,7.0,3,0,1,857.4306,2688.235
1062,92,10.971,86599.5476,271508.8116,10.0,4,1,0,941.2994,2951.1827
1063,92,11.0975,79498.4668,249245.134,13.0,3,0,0,864.1138,2709.1862
1064,92,11.1437,78463.7698,246001.4484,16.0,3,0,0,852.8671,2673.9288
1065,93,10.8751,70918.6007,222345.8345,13.0,3,1,0,762.5656,2390.8154
1066,92,10.916,72305.7498,226694.5938,15.0,2,0,1,785.9321,2464.0717
1067,92,10.8024,76838.5972,240906.5848,17.0,2,0,0,835.2021,2618.5498
1068,91,10.6691,73855.005,231551.7485,19.0,3,1,2,811.5935,2544.5247
1069,91,10.797,90466.1009,283632.8137,21.0,2,0,0,994.133,3116.8441
1070,91,10.9616,92424.6683,289773.1781,24.0,3,0,0,1015.6557,3184.3206
1071,92,10.7717,78856.0418,247230.9982,27.0,4,1,0,857.1309,2687.2935
1072,92,10.7863,80830.2676,253421.3915,15.0,2,0,0,878.5899,2754.5803
1073,92,10.6649,68756.4883,215566.3683,19.0,4,0,0,747.3531,2343.1127
1074,92,10.909,88646.4247,277926.344,23.0,4,0,0,963.5481,3020.9385
1075,93,10.8357,70384.5656,220670.5041,27.0,5,1,0,756.8233,2372.8011
1076,92,10.8259,73667.3712,230962.9239,32.0,5,0,1,800.7323,2510.4666
1077,93,10.627,79834.6985,250299.5315,37.0,6,1,0,858.4376,2691.3928
1078,93,10.686,78044.2085,244685.6106,42.0,5,0,0,839.185,2631.0281
1079,91,10.7143,77112.1769,241763.539,40.0,4,0,2,847.3866,2656.7422
1080,92,10.5308,82756.1848,259459.5338,45.0,6,1,0,899.5237,2820.2123
1081,92,10.5706,79223.2163,248382.593,40.0,4,0,0,861.1219,2699.8108
1082,92,10.5992,83020.5303,260288.1652,45.0,5,0,0,902.3971,2829.2192
1083,93,10.6426,88633.7147,277886.2401,50.0,6,1,0,953.0507,2988.0241
1084,93,10.8243,85238.9382,267243.3341,57.0,7,0,0,916.5477,2873.5842
1085,93,10.8714,76389.4879,239498.168,52.0,5,0,0,821.3923,2575.2491
1086,93,10.9636,93388.3871,292793.8281,57.0,6,1,1,1004.1762,3148.3207
1087,93,11.0879,80307.6861,251782.3371,33.0,4,0,0,863.5235,2707.337
1088,93,11.2532,82545.7763,258799.856,7.0,1,0,0,887.589,2782.7942
1089,94,11.3301,79260.6475,248500.2416,8.0,2,1,0,843.1984,2643.6196
1090,94,11.4457,82989.6211,260192.2292,9.0,1,0,0,882.8683,2768.0024
1091,94,11.5193,89613.0968,280958.1572,10.0,1,0,0,953.3308,2988.9166
1092,95,11.5231,83166.4202,260746.0021,12.0,3,1,0,875.436,2744.6948
1093,95,11.3752,71132.4415,223015.8651,0.0,0,0,0,748.7625,2347.5354
1094,95,11.225,79252.2032,248473.981,0.0,0,0,0,834.2337,2615.5156
1095,96,11.307,101720.5988,318918.5331,0.0,1,1,0,1059.5896,3322.0681
1096,95,11.3193,76137.53,238709.1637,1.0,1,0,1,801.4477,2512.728
1097,95,11.3132,85806.2908,269022.6454,2.0,1,0,0,903.2241,2831.8173
1098,96,11.1836,74737.8695,234320.2921,3.0,2,1,0,778.5195,2440.8364
1099,96,11.433,93234.0384,292310.4452,0.0,0,0,0,971.1879,3044.9005
1100,96,11.6341,92844.4043,291089.7152,1.0,1,0,0,967.1292,3032.1845
1101,97,11.6096,96416.7495,302289.6979,2.0,2,1,0,993.9871,3116.3886
1102,97,11.5462,76752.9734,240638.5565,3.0,1,0,0,791.2678,2480.8099
1103,97,11.4419,78515.1868,246163.1777,0.0,0,0,0,809.4349,2537.7647
1104,97,11.5501,94057.2611,294891.4102,0.0,1,1,1,969.6625,3040.1176
1105,97,11.6259,84421.2746,264680.7674,0.0,0,0,0,870.3224,2728.6677
1106,97,11.5431,79813.1526,250232.6035,1.0,1,0,0,822.816,2579.7176
1107,98,11.5283,88540.7515,277595.9052,2.0,2,1,0,903.4771,2832.6113
1108,98,11.4745,74117.838,232376.394,0.0,0,0,0,756.3045,2371.1877
1109,97,11.5677,89948.8277,282011.319,0.0,0,0,1,927.3075,2907.3332
1110,98,11.4343,79934.7644,250614.2098,0.0,1,1,0,815.6609,2557.2879
1111,98,11.4876,85970.4868,269537.3976,1.0,1,0,0,877.2499,2750.3816
1112,98,11.565,83434.2999,261585.7834,0.0,0,0,0,851.3704,2669.2427
1113,99,11.6004,91532.0073,286973.9736,0.0,1,1,0,924.5657,2898.727
1114,99,11.4458,75181.7141,235711.7769,1.0,1,0,0,759.4113,2380.927
1115,99,11.4163,91420.7105,286625.1601,2.0,1,0,0,923.4415,2895.2036
1116,99,11.2817,89793.9859,281525.2049,3.0,2,1,1,907.01,2843.6889
1117,99,11.2103,76685.6599,240426.8656,5.0,2,0,0,774.6026,2428.5542
1118,98,11.1519,82315.735,258078.732,8.0,3,0,1,839.9565,2633.4564
1119,99,10.977,79252.7247,248475.3924,11.0,4,1,0,800.5326,2509.8524
1120,99,11.0954,81703.2454,256156.9871,11.0,3,0,0,825.2853,2587.4443
1121,95,11.0332,73536.9116,230554.7904,12.0,2,0,4,774.0728,2426.8925
1122,96,10.9614,85731.4463,268787.4707,14.0,3,1,0,893.0359,2799.8695
1123,96,10.777,68362.6274,214332.0176,11.0,2,0,0,712.1107,2232.6252
1124,94,10.6576,75711.3276,237372.2914,13.0,2,0,2,805.4397,2525.2371
1125,95,10.6955,90822.0071,284747.6197,16.0,4,1,0,956.0211,2997.3434
1126,95,10.5434,76952.3953,241262.9868,20.0,4,0,0,810.0252,2539.6104
1127,95,10.578,83394.408,261460.0526,21.0,3,0,0,877.8359,2752.2111
1128,95,10.4139,79954.2379,250674.1233,16.0,3,1,1,841.6236,2638.675
1129,93,10.4852,82361.4454,258221.8642,17.0,2,0,2,885.6069,2776.5792
1130,93,10.4237,78323.105,245561.1513,19.0,2,0,0,842.1839,2640.4425
1131,94,10.341,90534.5086,283846.2436,4.0,3,1,0,963.1331,3019.6409
1132,93,10.4763,76456.3455,239707.2885,7.0,3,0,1,822.1112,2577.4977
1133,93,10.4729,74798.6136,234510.0747,11.0,4,0,0,804.2862,2521.6137
1134,94,10.5411,86338.1266,270689.7217,14.0,5,1,0,918.4907,2879.6779
1135,94,10.5134,73823.9283,231453.8439,19.0,5,0,0,785.3609,2462.2749
1136,93,10.531,75428.704,236485.5302,24.0,5,0,1,811.0613,2542.8552
1137,94,10.3599,78386.1035,245757.8844,30.0,7,1,0,833.8947,2614.4456
1138,94,10.4298,83691.8631,262392.3324,36.0,6,0,0,890.339,2791.4078
1139,94,10.528,81744.4165,256286.5622,29.0,4,0,0,869.6215,2726.4528
1140,95,10.2188,63588.5469,199362.7472,33.0,5,1,0,669.3531,2098.5552
1141,95,10.0536,68592.9329,215053.0351,24.0,3,0,0,722.0309,2263.7162
1142,95,10.0247,78403.9238,245813.4777,28.0,4,0,0,825.3045,2587.5103
1143,96,10.0187,82074.8376,257322.9711,32.0,5,1,0,854.9462,2680.4476
1144,95,10.2687,88184.974,276479.5679,36.0,4,0,1,928.2629,2910.3112
1145,94,10.3317,73950.575,231851.6682,11.0,3,0,1,786.7082,2466.5071
1146,94,10.547,93694.3585,293752.8052,14.0,4,1,1,996.7485,3125.0298
1147,94,10.7162,79831.4315,250289.4073,6.0,2,0,0,849.2705,2662.6533
1148,94,10.7752,77047.755,241562.1341,8.0,2,0,0,819.657,2569.8099
1149,95,10.7048,72187.3812,226323.3888,10.0,3,1,0,759.8672,2382.3515
1150,94,10.8015,76831.2383,240882.6607,12.0,2,0,1,817.3536,2562.5815
1151,94,10.7743,79284.3545,248574.6458,7.0,1,0,0,843.4506,2644.4111
1152,95,10.8556,85057.321,266674.4272,8.0,2,1,0,895.3402,2807.0992
1153,94,10.8167,71073.6539,222831.5244,9.0,1,0,1,756.1027,2370.5481
1154,93,10.8014,70302.2182,220412.6886,10.0,1,0,1,755.9378,2370.0289
1155,94,10.6158,79915.0884,250551.9528,0.0,1,1,0,850.1605,2665.4463
1156,94,10.7217,86392.039,270859.0066,0.0,0,0,0,919.0642,2881.4788
1157,92,10.5381,64239.0518,201403.6148,0.0,0,0,2,698.2506,2189.1697
1158,93,10.4694,73093.4638,229164.2139,0.0,1,1,0,785.9512,2464.1313
1159,91,10.4616,84367.8586,264511.6771,0.0,0,0,2,927.1193,2906.7217
1160,91,10.5877,76630.2171,240252.7723,1.0,1,0,0,842.0903,2640.1404
1161,92,10.4715,79315.6097,248672.511,1.0,2,1,0,862.1262,2702.9621
1162,92,10.5098,87414.5724,274065.1463,2.0,1,0,0,950.1584,2978.969
1163,92,10.4693,69933.1086,219256.644,3.0,1,0,0,760.1425,2383.2244
1164,93,10.3904,77866.2145,244128.9059,0.0,1,1,0,837.2711,2625.042
1165,93,10.7828,99042.2037,310520.2111,0.0,0,0,0,1064.9699,3338.927
1166,92,10.8041,78096.445,244850.6327,0.0,0,0,1,848.8744,2661.4199
1167,93,10.6616,73389.2361,230091.7357,1.0,2,1,0,789.1316,2474.1047
1168,91,10.5959,71393.2287,223834.1518,2.0,1,0,2,784.541,2459.716
1169,90,10.4819,73102.7888,229193.9628,4.0,2,0,1,812.2532,2546.5996
1170,91,10.1721,64703.8939,202860.4032,4.0,2,1,0,711.0318,2229.2352
1171,91,10.1369,70247.3994,220240.3568,8.0,4,0,0,771.9494,2420.2237
1172,91,10.174,83286.7641,261122.0754,13.0,5,0,0,915.2392,2869.4734
1173,91,10.0122,72716.0587,227980.6953,16.0,5,1,1,799.0776,2505.2824
1174,91,10.3425,97065.93,304324.7724,20.0,4,0,0,1066.6586,3344.2283
1175,91,10.3752,79320.5825,248687.8765,16.0,4,0,0,871.6548,2732.8338
1176,92,10.61,95173.0861,298389.2026,8.0,3,1,0,1034.4901,3243.3609
1177,92,10.6731,79413.0837,248978.3944,10.0,2,0,0,863.1857,2706.2869
1178,92,10.7873,86061.8998,269823.4446,12.0,2,0,0,935.4554,2932.8635
1179,92,10.5317,69934.8258,219261.4164,6.0,3,1,1,760.1612,2383.2763
1180,92,10.3654,74687.1867,234161.3552,8.0,2,0,0,811.8172,2545.2321
1181,91,10.313,77131.5357,241824.4719,10.0,2,0,1,847.5993,2657.4118
1182,92,10.2659,80628.8489,252790.0906,12.0,3,1,0,876.4005,2747.7184
1183,92,10.4731,93084.8619,291842.5711,15.0,3,0,0,1011.792,3172.2019
1184,91,10.4645,77131.0293,241823.8378,18.0,3,0,1,847.5937,2657.4048
1185,91,10.4761,84042.8458,263492.9277,21.0,4,1,1,923.5478,2895.5267
1186,90,10.608,76702.1732,240478.4749,25.0,4,0,1,852.2464,2671.9831
1187,90,10.626,84190.7937,263957.0216,29.0,4,0,0,935.4533,2932.8558
1188,90,10.4325,62928.6275,197294.0034,31.0,5,1,1,699.207,2192.1556
1189,90,10.3097,74642.404,234020.8292,28.0,3,0,0,829.36,2600.2314
1190,89,10.3084,72636.0389,227730.1876,32.0,4,0,1,816.1353,2558.7662
1191,88,10.2852,67878.9972,212814.8432,36.0,5,1,2,771.3522,2418.3505
1192,88,10.5558,86548.3485,271348.2674,40.0,4,0,0,983.504,3083.503
1193,87,10.722,73017.7065,228926.6915,44.0,4,0,1,839.284,2631.3413
1194,88,10.5998,66967.4913,209957.8617,48.0,5,1,0,760.9942,2385.8848
1195,88,10.6513,74891.9875,234802.6896,52.0,4,0,0,851.0453,2668.2124
1196,88,10.7648,81642.4769,255967.6078,56.0,4,0,0,927.7554,2908.7228
1197,86,10.8061,78053.3483,244715.295,18.0,2,0,2,907.5971,2845.5267
1198,86,11.095,87102.2111,273085.676,9.0,1,0,0,1012.8164,3175.4148
1199,87,11.1923,85402.4522,267756.604,10.0,2,1,0,981.6374,3077.6621
1200,86,11.2285,67787.3379,212528.4855,11.0,1,0,1,788.2249,2471.2615
1201,86,11.1875,78600.0991,246429.9191,12.0,1,0,0,913.9546,2865.4642
1202,86,11.25,69987.2796,219426.3046,13.0,1,0,0,813.8056,2551.4687
1203,87,11.0788,83095.3699,260523.2872,14.0,3,2,1,955.1192,2994.5205
1204,86,11.3039,78594.1046,246411.093,15.0,1,0,1,913.8849,2865.2453
1205,86,11.4205,82406.1885,258362.8893,16.0,1,0,0,958.2115,3004.2196
1206,87,11.468,85512.0111,268099.8899,17.0,2,1,0,982.8967,3081.6079
1207,87,11.4963,77006.4041,241433.4765,18.0,1,0,0,885.1311,2775.0974
1208,87,11.5426,87224.3925,273469.8166,19.0,1,0,0,1002.5792,3143.3312
1209,88,11.4742,87941.9729,275719.414,1.0,2,1,0,999.3406,3133.1752
1210,88,11.6033,74909.4074,234858.3241,2.0,1,0,0,851.2433,2668.8446
1211,88,11.8208,80807.4532,253349.9691,3.0,3,0,0,918.2665,2878.9769
1212,89,11.6505,71058.9659,222785.5054,4.0,3,1,0,798.4153,2503.2079
1213,89,11.4895,71282.5279,223487.3633,3.0,1,0,0,800.9273,2511.094
1214,89,11.5592,82928.7158,260000.9022,4.0,1,0,0,931.7833,2921.3585
1215,90,11.4465,78060.8232,244738.2221,5.0,2,1,0,867.3425,2719.3136
1216,89,11.271,64402.4348,201915.5382,8.0,3,0,1,723.6229,2268.7139
1217,88,11.4329,75410.6645,236429.3289,10.0,3,0,1,856.9394,2686.6969
1218,89,11.3635,80740.7089,253141.3241,13.0,4,1,0,907.199,2844.2845
1219,89,11.4674,82331.9546,258129.8295,7.0,2,0,0,925.0781,2900.3352
1220,89,11.7378,90730.0006,284459.6853,4.0,1,0,0,1019.4382,3196.1762
1221,89,11.8394,88886.3697,278679.5002,5.0,2,1,1,998.7233,3131.2303
1222,89,12.0123,85978.3218,269562.767,6.0,1,0,0,966.0486,3028.7951
1223,89,11.859,77217.0462,242093.9001,7.0,1,0,0,867.6073,2720.1562
1224,90,11.6265,84939.0788,266304.495,8.0,2,1,0,943.7675,2958.9388
1225,88,11.7266,79891.2966,250477.6068,9.0,1,0,2,907.8556,2846.3364
1226,88,11.682,69960.0647,219340.9087,10.0,1,0,0,795.0007,2492.5103
1227,89,11.6647,85070.2459,266715.1189,12.0,3,1,0,955.8455,2996.7991
1228,89,11.5611,70935.4018,222398.43,15.0,3,0,0,797.027,2498.8588
1229,89,11.3222,65817.6365,206352.5134,15.0,2,0,0,739.524,2318.5676
1230,89,11.0977,70637.1615,221462.9672,18.0,4,1,1,793.676,2488.3479
1231,89,11.0087,66341.0775,207993.9468,21.0,3,0,0,745.4054,2337.0106
1232,89,11.2352,87063.9562,272965.7074,4.0,2,0,0,978.2467,3067.0304
1233,90,11.2227,80454.3622,252242.9194,6.0,3,1,0,893.9374,2802.6991
1234,90,11.3081,79112.2982,248035.244,8.0,2,0,0,879.0255,2755.9472
1235,89,11.2549,77744.6444,243747.3625,11.0,3,0,1,873.5353,2738.7344
1236,90,11.0736,86757.6965,272005.5197,14.0,4,1,0,963.9744,3022.2836
1237,89,11.0695,75356.538,236259.7288,18.0,4,0,1,846.7027,2654.6037
1238,89,10.9631,74198.9336,232630.3474,23.0,5,0,0,833.6959,2613.8241
1239,90,11.1004,94829.8075,297313.3523,10.0,3,1,0,1053.6645,3303.4817
1240,89,11.3572,80424.5852,252149.4189,3.0,1,0,1,903.647,2833.1395
1241,89,11.5081,76303.7554,239229.9432,0.0,0,0,0,857.3456,2687.9769
1242,90,11.4282,80200.3023,251446.724,1.0,2,1,0,891.1145,2793.8525
1243,89,11.567,81834.9524,256572.1408,2.0,1,0,1,919.4938,2882.833
1244,89,11.6582,79445.4,249079.4958,3.0,1,0,0,892.6449,2798.646
1245,89,11.4939,71838.1823,225228.9965,4.0,2,1,1,807.1706,2530.6629
1246,89,11.3261,62535.1441,196061.8693,6.0,2,0,0,702.6421,2202.9424
1247,89,11.2238,75588.3024,236986.6364,8.0,2,0,0,849.3068,2662.7712
1248,90,10.8457,68603.1009,215086.0309,11.0,4,1,0,762.2567,2389.8448
1249,89,10.5491,64275.7879,201518.0414,14.0,3,0,1,722.1999,2264.2477
1250,88,10.4881,71441.5817,223984.7282,10.0,4,0,1,811.8362,2545.281
1251,89,10.3807,76407.6021,239554.7137,14.0,5,1,0,858.5124,2691.626
1252,89,10.5478,82436.5924,258456.6783,16.0,4,0,0,926.2538,2904.0076
1253,89,10.5504,75104.7114,235470.2448,21.0,5,0,0,843.8732,2645.7331
1254,90,10.5439,79715.4238,249925.7869,26.0,6,1,0,885.7269,2776.9532
1255,90,10.6814,77099.583,241724.5057,31.0,5,0,0,856.662,2685.8278
1256,89,10.7538,80145.6426,251274.4422,37.0,6,0,1,900.5128,2823.3083
1257,90,10.6112,84043.4354,263494.7427,43.0,7,1,0,933.8159,2927.7194
1258,90,10.5275,69463.1488,217782.6964,49.0,6,0,0,771.8128,2419.8077
1259,90,10.6469,79254.3115,248479.6557,41.0,4,0,0,880.6035,2760.8851
1260,91,10.5648,76848.0153,240934.8991,28.0,3,1,0,844.4837,2647.6363
1261,91,10.4485,75349.2499,236236.4527,30.0,2,0,0,828.0137,2596.005
1262,91,10.1824,71514.2173,224212.8122,32.0,2,0,0,785.8705,2463.8771
1263,91,10.0266,76414.3077,239575.8597,36.0,5,1,1,839.7177,2632.7018
1264,91,10.0919,76661.0852,240349.1834,40.0,4,0,0,842.4295,2641.1998
1265,91,10.2176,87069.856,272983.3446,45.0,5,0,0,956.8116,2999.817
1266,91,10.1935,79274.4024,248543.119,11.0,5,1,1,871.1473,2731.2431
1267,90,10.2748,76424.6829,239608.2346,15.0,4,0,1,849.1631,2662.3137
1268,90,10.3393,79300.9084,248625.8613,19.0,4,0,0,881.1212,2762.5096
1269,91,10.2064,72216.4703,226414.47,16.0,4,1,0,793.5876,2488.0711
1270,91,10.2869,85769.4934,268906.9691,14.0,2,0,0,942.5219,2955.0216
1271,91,10.3191,76523.0117,239916.4596,17.0,3,0,0,840.9122,2636.4446
1272,90,10.2566,76842.8752,240919.4699,20.0,4,1,2,853.8097,2676.883
1273,90,10.3299,77261.9285,242233.6488,23.0,3,0,0,858.4659,2691.485
1274,90,10.3593,73748.6498,231218.0466,27.0,4,0,0,819.4294,2569.0894
1275,90,10.2446,74885.3471,234781.6533,31.0,5,1,1,832.0594,2608.685
1276,90,10.2302,71738.0088,224914.5861,29.0,3,0,0,797.089,2499.051
1277,88,10.3911,71048.2955,222751.7223,28.0,2,0,2,807.367,2531.2696
1278,89,10.3062,70439.5374,220842.5102,30.0,3,1,0,791.4555,2481.3765
1279,89,10.3078,62875.7167,197128.5567,33.0,3,0,0,706.4687,2214.9276
1280,89,10.4573,79539.9804,249375.3,37.0,4,0,0,893.7076,2801.9697
1281,89,10.3953,78859.4909,247242.1525,41.0,5,1,1,886.0617,2778.0017
1282,89,10.2933,69095.8038,216630.3385,46.0,5,0,0,776.3573,2434.0487
1283,89,10.3995,72316.4984,226728.6105,28.0,3,0,0,812.5449,2547.5125
1284,90,10.5053,84476.0241,264851.2447,11.0,3,1,0,938.6225,2942.7916
1285,89,10.6964,86268.0108,270469.9245,14.0,3,0,1,969.3035,3038.9879
1286,88,10.7173,72032.7741,225838.7946,17.0,3,0,1,818.5543,2566.3499
1287,89,10.6625,81964.7747,256977.9781,20.0,4,1,0,920.9525,2887.393
1288,89,10.8322,83478.993,261724.8753,24.0,4,0,0,937.9662,2940.7289
1289,88,10.9348,74118.7525,232378.8188,18.0,4,0,1,842.2586,2640.6684
1290,89,10.9421,76909.0859,241127.504,22.0,5,1,0,864.147,2709.2978
1291,89,10.8769,74362.1046,233141.9359,19.0,3,0,0,835.5293,2619.5723
1292,87,10.8781,77288.0528,242315.4357,22.0,3,0,2,888.3684,2785.2349
1293,88,10.6948,68461.5088,214641.4408,20.0,3,1,0,777.9717,2439.1073
1294,88,10.8065,74729.8415,234295.064,23.0,3,0,0,849.2027,2662.4439
1295,88,10.8956,79245.6832,248453.5175,26.0,3,0,0,900.5191,2823.3354
1296,88,10.8544,80975.608,253876.9221,30.0,5,1,1,920.1774,2884.965
1297,88,10.9159,73259.3587,229684.5968,34.0,4,0,0,832.4927,2610.0522
1298,88,11.0744,86475.4294,271120.3701,38.0,4,0,0,982.6753,3080.9133
1299,87,11.0633,77702.8603,243616.6504,42.0,4,0,1,893.1363,2800.1914
1300,87,10.683,75490.4881,236679.398,25.0,4,1,1,867.7068,2720.4529
1301,87,10.4052,67374.8803,211235.3756,28.0,3,0,0,774.4239,2427.9928
1302,88,9.9548,54948.5984,172274.846,31.0,4,1,0,624.4159,1957.6687
1303,88,9.7889,64253.4864,201448.2762,34.0,3,0,0,730.1533,2289.185
1304,88,9.9291,87452.9241,274184.3463,40.0,6,0,0,993.7832,3115.7312
1305,88,10.1262,83784.3062,262682.751,46.0,6,0,0,952.0944,2985.0313
1306,86,10.3924,82210.1999,257747.3691,52.0,6,0,2,955.9326,2997.0624
1307,87,10.395,79014.3512,247727.9636,23.0,5,1,0,908.2109,2847.4479
1308,87,10.396,81594.4246,255816.8864,27.0,5,1,1,937.8669,2940.424
1309,87,10.5966,82308.2837,258054.5596,20.0,3,0,0,946.0722,2966.1444
1310,87,10.789,73959.3119,231878.6898,21.0,2,0,0,850.107,2665.2723
1311,88,10.6608,73574.5225,230671.8874,24.0,4,1,0,836.0741,2621.2714
1312,88,10.7441,70718.373,221717.808,25.0,2,0,0,803.6179,2519.5205
1313,88,10.7637,73381.2092,230066.7348,27.0,2,0,0,833.8774,2614.3947
1314,88,10.6771,78929.527,247462.2653,29.0,3,1,1,896.9264,2812.0712
1315,88,10.7806,73150.4675,229343.1501,10.0,2,0,0,831.2553,2606.1722
1316,88,10.8367,75622.4349,237094.4753,10.0,1,0,0,859.3459,2694.2554
1317,89,10.5968,66592.1389,208780.8108,11.0,2,1,0,748.2263,2345.8518
1318,89,10.7024,90053.3198,282337.9842,12.0,1,0,0,1011.8351,3172.3369
1319,89,10.7885,83480.4229,261731.0638,13.0,1,0,0,937.9823,2940.7985
1320,90,10.7504,85650.3335,268533.6592,15.0,3,1,0,951.6704,2983.7073
1321,89,10.9842,93560.5147,293333.5084,17.0,3,0,1,1051.2417,3295.8821
1322,87,10.9001,68367.0308,214346.0782,22.0,5,0,2,785.8279,2463.748
1323,88,10.9489,88280.8099,276780.7889,24.0,5,1,0,1003.191,3145.2362
1324,88,11.0906,83292.2895,261139.9811,26.0,4,0,0,946.5033,2967.4998
1325,88,11.0803,71477.2429,224096.8605,28.0,3,0,0,812.2414,2546.5552
1326,88,11.0475,72669.6578,227835.5055,31.0,4,1,1,825.7916,2589.0398
1327,87,11.2733,81717.6839,256203.5313,27.0,2,0,1,939.2837,2944.8682
1328,87,11.2652,73071.4504,229095.4993,29.0,2,0,0,839.9017,2633.2816
1329,88,11.2924,81579.7445,255771.1247,32.0,4,1,0,927.0426,2906.4901
1330,86,11.3734,79179.6776,248246.4835,9.0,1,0,2,920.6939,2886.587
1331,86,11.2643,74634.1476,233995.9291,0.0,0,0,0,867.8389,2720.8829
1332,87,11.1899,81098.634,254263.257,1.0,2,1,0,932.1682,2922.5662
1333,87,11.2493,78733.353,246847.4198,2.0,1,0,0,904.9811,2837.3267
1334,87,11.3496,89310.2989,280009.0829,4.0,2,0,0,1026.5552,3218.4952
1335,88,11.0582,76998.129,241406.8651,5.0,3,1,0,874.9787,2743.2598
1336,88,10.9569,75639.8017,237148.4674,9.0,4,0,0,859.5432,2694.8689
1337,88,11.0402,86729.5506,271916.9048,14.0,5,0,0,985.5631,3089.9648
1338,89,10.8051,75893.6197,237943.0865,20.0,7,1,0,852.7373,2673.5178
1339,88,10.5663,63908.8084,200367.5143,14.0,3,0,1,726.2365,2276.9036
1340,88,10.7062,83515.6891,261840.6803,8.0,2,0,0,949.0419,2975.4623
1341,89,10.7764,81010.3704,253985.5678,10.0,3,1,0,910.2289,2853.7704
1342,89,11.2024,96222.3665,301680.2038,12.0,2,0,0,1081.1502,3389.6652
1343,88,11.5432,94719.904,296969.1353,14.0,2,0,1,1076.3625,3374.6493
1344,89,11.4958,71119.8435,222977.2876,7.0,2,1,0,799.0994,2505.3628
1345,88,11.6773,80533.8794,252492.6544,8.0,1,0,1,915.1577,2869.2347
1346,88,11.7784,76499.3631,239843.3359,9.0,1,0,0,869.3109,2725.4925
1347,89,11.8274,81379.169,255142.6827,0.0,1,1,0,914.3727,2866.7717
1348,89,12.0243,82255.6014,257890.9737,0.0,0,0,0,924.2202,2897.6514
1349,89,12.0117,68184.8828,213775.208,0.0,0,0,0,766.1223,2401.9686
1350,90,11.9188,78008.1734,244573.7232,0.0,1,1,0,866.7575,2717.4858
1351,90,11.9978,79375.4455,248861.2981,0.0,0,0,0,881.9494,2765.1255
1352,90,11.8848,65937.3408,206728.7948,0.0,0,0,0,732.6371,2296.9866
1353,91,11.8042,95625.7847,299809.8229,0.0,1,1,0,1050.8328,3294.6134
1354,90,11.5169,59663.1736,187057.2802,0.0,0,0,1,662.9242,2078.4142
1355,90,11.4887,69294.172,217252.5844,0.0,0,0,0,769.9352,2413.9176
1356,90,11.4581,82883.915,259860.318,0.0,1,1,1,920.9324,2887.3369
1357,89,11.1625,60450.8536,189526.9487,0.0,0,0,1,679.2231,2129.5163
1358,89,10.7609,51716.7145,162142.8727,2.0,2,0,0,581.0867,1821.83
1359,90,10.5859,83769.4217,262635.5676,3.0,3,1,0,930.7714,2918.173
1360,90,10.534,75198.4716,235764.299,7.0,4,0,0,835.5386,2619.6033
1361,90,10.6171,86392.4519,270860.6467,12.0,5,0,0,959.9161,3009.5627
1362,91,10.4617,88094.526,276197.3419,15.0,5,1,0,968.0717,3035.1356
1363,91,10.7086,87659.0458,274830.3409,20.0,5,0,0,963.2862,3020.1136
1364,91,10.8678,81842.3428,256594.1717,25.0,5,0,0,899.3664,2819.7162
1365,92,10.8419,80455.3398,252245.4191,30.0,6,1,0,874.5146,2741.798
1366,91,10.9058,83568.9469,262007.3611,35.0,5,0,1,918.3401,2879.2018
1367,91,10.8294,73931.0344,231790.2404,36.0,5,0,0,812.4289,2547.1455
1368,90,10.5627,75690.5362,237306.8277,41.0,6,1,2,841.006,2636.7425
1369,89,10.6875,72593.514,227596.6053,46.0,5,0,1,815.6575,2557.2652
1370,89,10.8638,79953.1743,250670.5344,52.0,6,0,0,898.3503,2816.5229
1371,90,10.7539,80176.4615,251371.016,33.0,5,1,0,890.8496,2793.0113
1372,90,10.8047,75518.5286,236767.2002,37.0,4,0,0,839.0948,2630.7467
1373,89,11.0323,79008.4089,247708.6944,41.0,4,0,1,887.7349,2783.2438
1374,90,11.0458,79557.9365,249432.3465,37.0,4,1,0,883.9771,2771.4705
1375,89,11.1435,80280.0161,251696.3525,40.0,3,0,1,902.0227,2828.0489
1376,89,11.2547,81021.868,254022.3343,43.0,3,0,0,910.3581,2854.1835
1377,90,11.3279,84162.0556,263867.5285,46.0,4,1,0,935.134,2931.8614
1378,90,11.3549,71171.5971,223139.1764,49.0,3,0,0,790.7955,2479.3242
1379,90,11.3266,72735.1879,228040.827,30.0,2,0,0,808.1688,2533.787
1380,91,11.2489,76065.9614,238484.025,11.0,2,1,0,835.8897,2620.7036
1381,91,11.4251,82814.5885,259642.5514,12.0,1,0,0,910.0504,2853.2149
1382,90,11.4766,74495.0435,233559.2979,13.0,1,0,1,827.7227,2595.1033
1383,91,11.3407,69221.9601,217025.8611,1.0,2,1,0,760.6809,2384.8996
1384,89,11.4896,78269.0579,245391.677,0.0,0,0,2,879.4276,2757.2099
1385,89,11.7489,83727.246,262504.3959,0.0,0,0,0,940.7556,2949.4876
1386,89,11.6388,70166.1644,219986.4294,1.0,2,1,1,788.3839,2471.7576
1387,89,11.664,69761.5803,218718.1149,2.0,1,0,0,783.838,2457.5069
1388,88,11.7351,71672.1874,224708.4482,3.0,1,0,1,814.4567,2553.5051
1389,88,11.522,67286.5801,210958.5999,4.0,2,1,1,764.6202,2397.2568
1390,87,11.5251,68652.6369,215241.0727,5.0,1,0,1,789.1108,2474.0353
1391,86,11.4316,66544.9093,208634.0581,6.0,1,0,1,773.778,2425.9774
1392,86,11.2649,63232.9433,198249.278,7.0,1,0,0,735.2668,2305.2242
1393,86,11.178,63837.5585,200144.6842,8.0,1,0,0,742.2972,2327.2638
1394,86,11.0506,66037.0237,207040.4984,9.0,1,0,0,767.8724,2407.4477
1395,86,10.8098,73357.9289,229993.5704,11.0,4,2,2,852.9992,2674.3438
1396,86,10.8065,73031.0161,228968.6069,14.0,3,0,0,849.1979,2662.4257
1397,86,10.8043,72030.3002,225830.8746,17.0,3,0,0,837.5616,2625.9404
1398,87,10.6887,71181.4393,223169.1259,21.0,5,1,0,818.1775,2565.1624
1399,87,10.8072,77695.3488,243592.7511,23.0,3,0,0,893.05,2799.9167
1400,86,10.7857,63265.4054,198350.5503,27.0,4,0,1,735.6442,2306.4017
1401,87,10.7355,80663.7126,252898.8235,29.0,4,1,0,927.1691,2906.883
1402,87,10.8312,74541.138,233703.3301,32.0,3,0,0,856.7947,2686.2452
1403,86,11.0153,79154.5995,248167.3238,36.0,4,0,1,920.4023,2885.6666
1404,87,10.8899,74637.7809,234006.5351,40.0,5,1,0,857.9055,2689.7303
1405,87,10.7974,70668.5239,221561.5258,11.0,2,0,0,812.2819,2546.6842
1406,86,10.8581,80330.2354,251853.5071,2.0,1,0,1,934.0725,2928.5292
1407,87,10.6745,70848.3236,222125.2099,1.0,2,1,0,814.3485,2553.1633
1408,86,10.7396,71574.2193,224401.1477,3.0,2,0,1,832.2584,2609.3157
1409,85,10.9508,83350.2812,261322.9206,5.0,2,0,1,980.5915,3074.3873
1410,86,11.0854,87801.434,275277.9434,7.0,3,1,0,1020.9469,3200.9063
1411,86,11.3164,78824.3532,247132.8949,5.0,1,0,0,916.5622,2873.6383
1412,86,11.4907,83913.9441,263090.0496,6.0,1,0,0,975.7435,3059.1866
1413,87,11.5966,87220.2731,273456.537,7.0,2,1,0,1002.5319,3143.1786
1414,86,11.6344,75735.2508,237448.1557,0.0,0,0,1,880.6425,2761.0251
1415,86,11.5394,73334.7978,229921.7081,0.0,0,0,0,852.7302,2673.5082
1416,86,11.3595,73191.285,229471.472,0.0,1,1,1,851.0615,2668.2729
1417,85,11.319,74519.6827,233636.0715,1.0,1,0,1,876.7021,2748.6597
1418,85,11.1393,65452.779,205209.0052,4.0,3,0,0,770.0327,2414.2236
1419,86,10.8482,59621.1459,186925.2565,4.0,3,1,0,693.2691,2173.5495
1420,85,10.8394,73776.5211,231305.9839,4.0,2,0,1,867.9591,2721.2469
1421,84,11.07,84124.455,263749.174,4.0,1,0,1,1001.4816,3139.8711
1422,85,11.0274,71338.7957,223663.7869,5.0,2,1,0,839.2799,2631.3387
1423,85,11.1768,78880.2192,247307.6959,6.0,1,0,0,928.0026,2909.5023
1424,85,11.1666,69459.8549,217772.7989,7.0,1,0,0,817.1748,2562.0329
1425,86,11.0162,69350.3342,217429.3489,0.0,1,1,0,806.3992,2528.2482
1426,85,11.121,74634.3809,233995.8356,0.0,0,0,1,878.0515,2752.8922
1427,85,11.1973,71769.2532,225013.5644,0.0,0,0,0,844.3442,2647.2184
1428,85,11.277,77856.6696,244098.4144,0.0,1,1,1,915.9608,2871.7461
1429,85,11.4776,81487.5986,255483.184,0.0,0,0,0,958.6776,3005.6845
1430,85,11.7277,82651.9101,259133.096,0.0,0,0,0,972.3754,3048.6247
1431,86,11.6968,75317.4649,236138.0653,0.0,1,1,0,875.7845,2745.7915
1432,86,11.69,78536.8582,246231.6402,0.0,0,0,0,913.2193,2863.1586
1433,86,11.8169,79494.59,249234.6566,0.0,0,0,0,924.3557,2898.0774
1434,87,11.7116,72293.3849,226656.8082,0.0,1,1,0,830.9584,2605.2507
1435,87,11.9244,81611.7118,255871.9326,0.0,0,0,0,938.0657,2941.0567
1436,87,11.7164,58695.5874,184023.3597,2.0,2,0,0,674.6619,2115.211
1437,88,11.4842,68958.3955,216199.8667,5.0,4,1,0,783.6181,2456.8167
1438,87,11.584,77037.3428,241529.2163,5.0,2,0,1,885.4867,2776.1979
1439,86,11.5152,63826.9059,200110.6463,7.0,2,0,1,742.1733,2326.868
1440,86,11.3549,58289.9498,182751.8008,5.0,2,1,1,677.7901,2125.0209
1441,86,11.431,69313.4402,217312.5468,7.0,2,0,0,805.9702,2526.8901
1442,85,11.3638,64262.1723,201476.218,7.0,1,0,1,756.0256,2370.3084
1443,86,11.1132,68457.3571,214628.8041,8.0,2,1,0,796.0158,2495.6838
1444,86,11.2735,76212.3785,238943.3555,10.0,2,0,0,886.1904,2778.4111
1445,85,11.3479,84495.8898,264914.7133,12.0,2,0,1,994.0693,3116.6437
1446,85,11.2763,67548.9822,211781.5807,11.0,2,1,1,794.6939,2491.548
1447,85,11.2479,72072.2293,225962.8613,12.0,1,0,0,847.9086,2658.3866
1448,84,11.3278,80395.1496,252057.7547,13.0,1,0,1,957.0851,3000.6876
1449,85,11.2473,86565.6371,271403.534,14.0,2,1,0,1018.4193,3192.9828
1450,85,11.4812,87116.328,273130.5559,2.0,2,0,0,1024.898,3213.3007
1451,85,11.272,66761.1354,209311.9009,2.0,1,0,0,785.4251,2462.493
1452,86,11.1837,76174.2144,238823.8532,3.0,2,1,0,885.7467,2777.0215
1453,86,11.2107,67982.7794,213141.19,5.0,2,0,0,790.4974,2478.3859
1454,86,11.2853,78109.7383,244891.9749,2.0,1,0,0,908.2528,2847.5811
1455,87,11.1875,81587.292,255795.2993,3.0,2,1,0,937.785,2940.1759
1456,87,10.9391,61604.9065,193145.2911,0.0,0,0,0,708.1024,2220.0608
1457,87,10.9178,73124.1435,229260.7342,2.0,2,0,0,840.5074,2635.1809
1458,88,10.8999,83282.517,261109.7736,4.0,3,1,0,946.3922,2967.1565
1459,87,11.1659,79083.2729,247943.9405,9.0,5,0,1,909.0031,2849.9304
1460,87,11.0883,70306.0333,220424.7649,14.0,5,0,0,808.1153,2533.618
1461,87,10.931,71696.365,224783.7231,19.0,6,1,1,824.0961,2583.721
1462,87,10.7839,66105.8373,207256.0303,24.0,5,0,0,759.8372,2382.2532
1463,87,10.6142,66659.7041,208992.704,29.0,5,0,0,766.2035,2402.215
1464,88,10.3442,65576.1879,205595.0288,35.0,7,1,0,745.184,2336.3071
1465,87,10.1969,67033.1835,210163.5294,30.0,4,0,1,770.4964,2415.6728
1466,87,10.2241,71080.524,222852.918,16.0,2,0,0,817.0175,2561.5278
1467,88,10.1614,73047.1049,229017.8261,18.0,3,1,0,830.0807,2602.4753
1468,88,10.2963,73902.1593,231699.6724,21.0,3,0,0,839.7973,2632.9508
1469,88,10.3216,76135.5973,238701.3795,24.0,3,0,0,865.1772,2712.5157
1470,87,10.2347,68983.6543,216279.0135,24.0,3,1,2,792.9156,2485.9657
1471,85,10.2279,73937.9847,231812.0123,27.0,3,0,2,869.8586,2727.2001
1472,85,10.2165,73463.1049,230323.1628,31.0,4,0,0,864.2718,2709.6843
1473,86,9.989,67608.5355,211967.6507,33.0,4,1,0,786.1458,2464.7401
1474,86,10.0763,72872.7262,228471.3377,20.0,2,0,0,847.3573,2656.6435
1475,85,10.1589,68889.0634,215982.4444,5.0,1,0,1,810.4596,2540.9699
1476,86,10.2516,79175.9262,248234.5251,1.0,2,1,0,920.6503,2886.448
1477,85,10.6453,82677.171,259211.8956,0.0,0,0,1,972.6726,3049.5517
1478,85,10.9452,84490.8656,264898.5189,1.0,1,0,0,994.0102,3116.4532
1479,86,11.1565,87959.3763,275772.9767,2.0,2,1,0,1022.7834,3206.6625
1480,86,11.2146,71978.267,225668.2985,3.0,1,0,0,836.9566,2624.05
1481,85,11.129,64848.504,203313.7521,4.0,1,0,1,762.9236,2391.9265
1482,86,10.983,77034.7927,241521.3748,5.0,2,1,0,895.7534,2808.3881
1483,86,10.8592,59475.3555,186467.658,6.0,1,0,0,691.5739,2168.2286
1484,85,10.9491,68303.1826,214146.0047,8.0,2,0,1,803.5669,2519.3648
1485,86,10.6225,65139.0359,204225.2299,10.0,3,1,0,757.4306,2374.712
1486,86,10.5585,73422.731,230196.4466,0.0,0,0,0,853.7527,2676.7029
1487,84,10.669,68349.6157,214291.1637,0.0,0,0,2,813.6859,2551.0853
1488,84,10.7735,73265.2217,229702.844,1.0,2,1,1,872.205,2734.5577
1489,84,11.0397,75242.8337,235903.6,0.0,0,0,0,895.748,2808.3762
1490,84,11.0854,75549.9001,236866.4366,0.0,0,0,0,899.4036,2819.8385
1491,83,10.9649,71930.1845,225517.7938,0.0,1,1,2,866.6287,2717.0819
1492,83,10.7872,66190.4134,207521.6846,1.0,1,0,0,797.4749,2500.2613
1493,83,10.7605,71721.546,224863.361,2.0,1,0,0,864.115,2709.1971
1494,83,10.8195,75535.1995,236819.287,5.0,4,1,1,910.0626,2853.2444
1495,83,11.0942,79966.165,250712.6395,6.0,2,0,0,963.4478,3020.6342
1496,83,11.1079,74231.9988,232734.2252,9.0,3,0,0,894.3614,2804.0268
1497,83,11.0211,72896.9007,228548.4042,12.0,4,1,1,878.2759,2753.5952
1498,83,10.9872,66969.8349,209965.8283,15.0,3,0,0,806.8655,2529.7088
1499,83,11.165,77853.4833,244088.5485,19.0,4,0,0,937.9938,2940.8259
1500,84,10.943,62546.2078,196095.4277,14.0,4,1,0,744.5977,2334.4694
1501,84,10.9449,70305.7648,220424.5905,7.0,2,0,0,836.9734,2624.1023
1502,84,10.9305,73370.9491,230034.2217,10.0,3,0,0,873.4637,2738.5026
1503,85,10.7372,74438.5508,233381.488,14.0,5,1,0,875.7477,2745.6646
1504,85,10.5869,66016.5527,206975.8457,18.0,4,0,0,776.6653,2435.0099
1505,85,10.5889,71881.9535,225365.3357,22.0,4,0,0,845.67,2651.3569
1506,86,10.4107,68937.9423,216135.3428,15.0,4,1,0,801.604,2513.2017
1507,85,10.4144,72928.8504,228648.2778,13.0,3,0,1,857.9865,2689.9797
1508,84,10.6564,81414.8493,255254.5617,11.0,3,0,1,969.2244,3038.7448
1509,84,10.8265,86311.1964,270605.3294,5.0,3,1,1,1027.5142,3221.492
1510,84,11.2493,89729.8235,281324.3285,7.0,2,0,0,1068.2122,3349.0991
1511,83,11.3886,85715.0599,268737.3862,5.0,1,0,1,1032.7116,3237.7998
1512,84,11.4592,84010.5453,263393.405,6.0,2,1,0,1000.1255,3135.6358
1513,83,11.4479,72873.5899,228476.0404,7.0,1,0,1,877.9951,2752.7234
1514,83,11.3949,62619.7792,196326.6466,8.0,1,0,0,754.4552,2365.3813
1515,84,11.3073,75887.5749,237925.1148,9.0,2,1,0,903.4235,2832.4418
1516,84,11.5103,81881.9636,256719.9094,10.0,1,0,0,974.7853,3056.1894
1517,84,11.6889,79881.5407,250447.1004,11.0,1,0,0,950.9707,2981.5131
1518,85,11.9058,85390.4009,267719.0934,0.0,1,1,0,1004.593,3149.6364
1519,84,11.9298,75386.3667,236354.3177,0.0,0,0,1,897.4567,2813.7419
1520,84,11.8212,78856.5355,247234.5662,0.0,0,0,0,938.7683,2943.2686
1521,85,11.415,64790.6126,203133.2821,0.0,1,1,0,762.2425,2389.8033
1522,85,11.2948,65011.4764,203825.9671,0.0,0,0,0,764.8409,2397.9526
1523,85,11.2671,67267.3575,210898.4685,0.0,0,0,0,791.3807,2481.1585
1524,86,11.2355,81336.9776,255010.4433,0.0,1,1,0,945.7788,2965.2377
1525,85,11.2406,68841.1649,215832.3306,3.0,3,0,1,809.8961,2539.2039
1526,85,11.2749,73748.7794,231219.2159,6.0,3,0,0,867.6327,2720.2261
1527,85,11.2887,76648.0001,240308.9833,9.0,4,1,1,901.7412,2827.1645
1528,85,11.3642,81843.6988,256599.3779,12.0,3,0,0,962.867,3018.8162
1529,85,11.3568,76479.3588,239780.6719,15.0,3,0,0,899.7572,2820.9491
1530,86,11.159,70047.6792,219614.952,18.0,4,1,0,814.5079,2553.6622
1531,86,11.1858,76178.4479,238837.0705,21.0,3,0,0,885.7959,2777.1752
1532,86,11.2122,69340.9427,217399.0973,25.0,4,0,0,806.29,2527.8965
1533,86,11.3933,80427.4762,252158.7307,29.0,6,1,1,935.2032,2932.0783
1534,86,11.6815,85445.562,267891.8004,24.0,4,0,0,993.553,3115.0209
1535,85,11.7039,69729.3137,218617.0872,28.0,4,0,1,820.3449,2571.9657
1536,86,11.574,72427.0332,227075.3299,32.0,5,1,0,842.1748,2640.4108
1537,86,11.5766,72721.0376,227996.6713,36.0,4,0,0,845.5935,2651.1241
1538,86,11.57,72589.995,227586.2147,28.0,2,0,0,844.0697,2646.3513
1539,87,11.2262,67537.5995,211745.5021,30.0,3,1,0,776.2942,2433.8563
1540,87,10.9138,60923.6645,191009.0725,32.0,2,0,0,700.272,2195.5066
1541,86,10.7711,72617.0433,227670.8827,35.0,3,0,1,844.3842,2647.3358
1542,86,10.6909,80523.6238,252459.704,2.0,2,1,1,936.3212,2935.578
1543,86,10.8864,83397.7386,261471.3915,1.0,1,0,0,969.7411,3040.365
1544,86,11.1163,87082.3689,273024.4556,3.0,2,0,0,1012.5857,3174.703
1545,87,11.1977,81556.384,255698.5501,5.0,3,1,0,937.4297,2939.0638
1546,87,11.242,82825.4286,259677.1993,7.0,2,0,0,952.0164,2984.7954
1547,87,11.1481,78862.2094,247251.2591,9.0,2,0,0,906.4622,2841.9685
1548,86,11.1534,78573.2196,246345.3981,5.0,1,0,1,913.6421,2864.4814
1549,86,11.2045,81680.4443,256087.3796,7.0,2,0,0,949.7726,2977.7602
1550,85,11.3523,81648.1284,255986.2307,5.0,4,0,1,960.5662,3011.6027
1551,87,11.2504,82891.1777,259882.1877,9.0,6,2,0,952.7722,2987.1516
1552,87,11.2433,70059.3519,219651.923,13.0,4,0,0,805.2799,2524.7347
1553,87,11.0439,69647.3321,218359.8137,13.0,3,0,0,800.544,2509.8829
1554,88,10.83,74526.6311,233658.0794,0.0,1,1,0,846.8935,2655.2054
1555,87,10.7627,71233.487,223332.6979,0.0,0,0,1,818.7757,2567.0425
1556,86,10.9919,76811.2758,240820.7537,1.0,1,0,1,893.1544,2800.2413
1557,86,10.6527,68002.8195,213204.3165,3.0,3,1,1,790.7305,2479.12
1558,85,10.5887,64277.1568,201522.8229,5.0,2,0,1,756.2018,2370.8567
1559,85,10.6705,79895.1823,250489.9269,7.0,2,0,0,939.9433,2946.9403
1560,86,10.6148,85617.3343,268429.9289,9.0,3,1,0,995.5504,3121.2782
1561,86,10.4265,82349.6837,258185.7795,11.0,2,0,0,957.5545,3002.1602
1562,86,10.3746,68327.3933,214222.0835,14.0,3,0,0,794.5046,2490.9545
1563,87,10.375,79823.6408,250265.5305,17.0,4,1,0,917.5131,2876.6153
1564,86,10.4863,76792.2306,240760.9977,21.0,4,0,1,892.9329,2799.5465
1565,86,10.444,76238.9106,239026.0632,26.0,5,0,0,886.499,2779.3728
1566,87,10.4589,77569.9946,243199.5185,17.0,4,1,0,891.6091,2795.3968
1567,87,10.7503,93745.5896,293914.1258,20.0,3,0,0,1077.5355,3378.3233
1568,87,10.6828,71814.6107,225155.1711,23.0,3,0,0,825.4553,2587.9905
1569,88,10.689,76824.9224,240863.5473,21.0,3,1,0,873.0105,2737.0858
1570,88,10.7294,79014.5715,247727.8983,24.0,3,0,0,897.8929,2815.0898
1571,86,10.8583,82801.9593,259603.0333,27.0,3,0,2,962.8135,3018.6399
1572,86,10.6699,75172.2505,235682.5271,18.0,4,1,1,874.0959,2740.4945
1573,86,10.7553,76023.7254,238351.7451,20.0,3,0,0,883.9968,2771.5319
1574,86,11.0033,84422.3123,264683.2859,21.0,2,0,0,981.6548,3077.7126
1575,87,10.8788,73091.1359,229156.9055,19.0,2,1,0,840.128,2633.9874
1576,86,10.7695,72422.2295,227060.2335,0.0,0,0,1,842.1189,2640.2353
1577,86,10.8007,72459.6317,227178.0976,0.0,0,0,0,842.5539,2641.6058
1578,87,10.893,87174.6443,273312.6817,1.0,2,1,0,1002.0074,3141.5251
1579,87,11.1852,87948.5922,275739.744,2.0,1,0,0,1010.9034,3169.4223
1580,87,11.3005,83531.7568,261891.6898,3.0,1,0,0,960.1351,3010.2493
1581,88,10.9793,68092.547,213485.7619,4.0,2,1,0,773.7789,2425.9746
1582,88,11.002,79227.4498,248396.7003,0.0,0,0,0,900.3119,2822.6898
1583,88,11.1,86599.4086,271509.8871,1.0,1,0,0,984.0842,3085.3396
1584,88,11.2523,85235.1574,267232.6996,1.0,2,1,1,968.5813,3036.7352
1585,88,11.3875,79976.1906,250744.3537,2.0,1,0,0,908.8203,2849.3677
1586,88,11.4708,76868.2495,241000.0545,0.0,0,0,0,873.5028,2738.637
1587,88,11.4874,85145.7117,266951.9998,0.0,1,1,1,967.5649,3033.5455
1588,88,11.5829,75226.4587,235852.326,0.0,0,0,0,854.8461,2680.1401
1589,88,11.4104,72406.1016,227010.1071,0.0,0,0,0,822.7966,2579.6603
1590,89,11.2098,70642.3979,221479.4995,0.0,1,1,0,793.7348,2488.5337
1591,89,11.1562,71881.9452,225366.6118,0.0,0,0,0,807.6623,2532.2091
1592,89,11.1913,83412.8292,261518.9079,0.0,0,0,0,937.2228,2938.4147
1593,90,10.8731,61642.0239,193261.1756,1.0,2,1,0,684.9114,2147.3464
1594,90,10.7022,71844.4668,225248.3378,2.0,1,0,0,798.2719,2502.7593
1595,90,10.6524,73708.7761,231093.4428,3.0,1,0,0,818.9864,2567.7049
1596,91,10.5411,72991.0199,228843.1902,5.0,3,1,0,802.0991,2514.7603
1597,90,10.4469,72413.1302,227031.2665,2.0,1,0,1,804.5903,2522.5696
1598,89,10.6359,86632.523,271613.0989,3.0,1,0,1,973.3991,3051.8326
1599,90,10.4673,73903.3033,231703.3296,4.0,2,1,0,821.1478,2574.4814
1600,90,10.778,99633.5834,312375.2082,5.0,1,0,0,1107.0398,3470.8356
1601,90,10.9744,86080.9684,269883.6182,6.0,1,0,0,956.4552,2998.7069
1602,90,11.066,93172.9025,292118.9442,1.0,2,1,1,1035.2545,3245.766
1603,89,10.9585,70090.0019,219747.7355,2.0,1,0,1,787.5281,2469.0757
1604,89,10.9068,71845.7718,225253.1997,3.0,1,0,0,807.2559,2530.9348
1605,90,10.7826,81245.3365,254722.113,4.0,2,1,0,902.726,2830.2457
1606,90,10.8247,76694.1205,240453.4106,0.0,0,0,0,852.1569,2671.7046
1607,89,11.0297,78522.9449,246187.3884,2.0,2,0,1,882.2803,2766.1504
1608,90,10.819,72000.6313,225738.2163,4.0,3,1,0,800.007,2508.2024
1609,89,10.8201,72339.3912,226800.9078,6.0,2,0,1,812.8021,2548.3248
1610,89,10.8113,66862.2996,209627.6749,0.0,0,0,0,751.2618,2355.3671
1611,90,10.7884,76579.9904,240095.339,1.0,2,1,0,850.8888,2667.726
1612,89,10.931,80340.4442,251885.4249,3.0,2,0,1,902.7016,2830.1733
1613,89,10.9634,74231.8275,232733.3488,5.0,2,0,0,834.0655,2614.9814
1614,90,10.7682,80376.0344,251997.5756,3.0,2,1,0,893.067,2799.9731
1615,88,10.8685,76434.4982,239639.5521,4.0,1,0,2,868.5738,2723.1767
1616,88,11.0305,84738.8306,265676.3642,5.0,1,0,0,962.9413,3019.0496
1617,89,11.1519,90111.0433,282518.7715,7.0,3,1,0,1012.4836,3174.3682
1618,89,11.2709,76266.8116,239113.0992,9.0,2,0,0,856.9305,2686.664
1619,88,11.3624,76717.3418,240526.7274,11.0,2,0,1,871.788,2733.2583
1620,88,11.336,74098.6832,232316.2042,0.0,1,1,1,842.0305,2639.9569
1621,88,11.3129,73351.9885,229975.7004,0.0,0,0,0,833.5453,2613.3602
1622,87,11.5686,84859.6755,266055.0544,0.0,0,0,1,975.3986,3058.1041
1623,88,11.3825,67913.2866,212923.6691,0.0,1,1,0,771.7419,2419.5871
1624,88,11.4274,79736.1545,249991.3633,0.0,0,0,0,906.0927,2840.8109
1625,88,11.3335,73483.9449,230389.4789,0.0,0,0,0,835.0448,2618.0623
1626,89,11.2239,82357.8041,258210.7722,1.0,2,1,0,925.3686,2901.2446
1627,88,11.2777,74270.7298,232855.7967,2.0,1,0,1,843.9856,2646.0886
1628,86,11.5497,79040.0905,247809.1445,3.0,1,0,2,919.0708,2881.5017
1629,87,11.6342,92153.2312,288922.4878,4.0,2,1,0,1059.2325,3320.9481
1630,87,11.6317,73686.9208,231025.7424,5.0,1,0,0,846.9761,2655.4683
1631,86,11.4792,68540.6358,214890.1895,6.0,1,0,1,796.9841,2498.7231
1632,87,11.4052,68800.5678,215705.2301,7.0,2,1,0,790.8111,2479.3705
1633,86,11.3375,65737.1793,206100.4059,9.0,2,0,1,764.3858,2396.5163
1634,86,11.2289,78271.1142,245397.6435,12.0,3,0,0,910.1292,2853.461
1635,87,11.0578,73324.327,229888.0392,15.0,4,1,0,842.8084,2642.3913
1636,87,11.007,68910.0792,216048.0684,18.0,3,0,0,792.0699,2483.3111
1637,87,10.972,75081.9997,235399.227,10.0,3,0,0,863.0115,2705.7382
1638,88,10.9141,74562.9924,233771.4544,8.0,3,1,0,847.3067,2656.4938
1639,88,10.9235,72339.936,226801.6281,7.0,1,0,0,822.0447,2577.2912
1640,88,10.9928,75310.227,236114.9013,8.0,1,0,0,855.798,2683.1239
1641,89,10.8579,75746.6238,237482.7873,10.0,3,1,0,851.0857,2668.3459
1642,89,10.9242,80980.8114,253893.3495,2.0,1,0,0,909.8968,2852.7343
1643,89,10.8997,70577.9296,221277.6112,3.0,1,0,0,793.0104,2486.2653
1644,90,10.8874,81934.7215,256884.3073,4.0,2,1,0,910.3858,2854.2701
1645,88,11.1838,85420.752,267814.1852,5.0,1,0,2,970.6904,3043.343
1646,87,11.1107,68625.1062,215155.2369,0.0,0,0,1,788.7943,2473.0487
1647,88,10.9558,75477.8192,236639.4539,0.0,1,1,0,857.7025,2689.0847
1648,88,11.1436,95759.2669,300228.7778,1.0,1,0,0,1088.1735,3411.6907
1649,87,11.1561,70828.8248,222065.1961,2.0,1,0,1,814.1244,2552.4735
1650,88,11.2262,96480.5401,302489.6397,3.0,2,1,0,1096.3698,3437.3823
1651,88,11.2129,73656.5418,230930.362,5.0,2,0,0,837.0062,2624.2087
1652,88,11.3379,84547.3536,265075.1507,9.0,4,0,0,960.7654,3012.2176
1653,88,11.3309,74376.1982,233186.0454,13.0,4,0,0,845.1841,2649.8414
1654,88,11.2888,75493.8749,236690.1851,17.0,4,0,0,857.8849,2689.6612
1655,88,11.2754,70914.5724,222332.561,21.0,4,0,0,805.8474,2526.5064
1656,89,11.0369,64003.4511,200664.6295,25.0,5,1,0,719.1399,2254.6588
1657,88,11.1097,81104.8292,254281.9405,20.0,4,0,1,921.6458,2889.5675
1658,87,11.2812,71101.9427,222920.0536,9.0,2,0,1,817.2637,2562.2995
1659,87,11.4545,80975.0963,253875.4446,11.0,3,1,1,930.7482,2918.1086
1660,87,11.5417,74614.935,233934.3266,14.0,3,0,0,857.6429,2688.9003
1661,87,11.4317,64088.9886,200933.6189,17.0,3,0,0,736.655,2309.5818
1662,88,11.3746,80826.0078,253407.9503,9.0,4,2,1,918.4774,2879.6358
1663,88,11.181,61231.0732,191972.4892,11.0,2,0,0,695.8076,2181.5056
1664,87,11.1617,75133.5034,235560.454,13.0,2,0,1,863.6035,2707.5914
1665,87,11.0453,75236.8238,235884.5493,15.0,3,1,1,864.7911,2711.3167
1666,87,10.7555,64616.3821,202586.7577,17.0,2,0,0,742.717,2328.5834
1667,86,10.6885,79102.6664,248005.0538,20.0,3,0,1,919.7984,2883.7797
1668,87,10.7309,77067.5228,241623.8218,24.0,5,1,0,885.8336,2777.2853
1669,87,10.8591,79957.6645,250685.3539,27.0,4,0,0,919.0536,2881.4408
1670,86,10.9243,75765.684,237542.2691,27.0,3,0,1,880.9963,2762.1194
1671,86,10.9456,75798.0344,237644.0157,30.0,4,1,1,881.3725,2763.3025
1672,85,11.1043,77095.2799,241711.3215,17.0,2,0,1,907.0033,2843.6626
1673,85,11.2817,81133.2841,254371.448,6.0,2,0,0,954.5092,2992.6053
1674,86,11.1592,70673.2075,221575.9692,8.0,3,1,0,821.7815,2576.4648
1675,85,11.2656,83647.1961,262253.8977,10.0,2,0,1,984.0847,3085.34
1676,85,11.3568,83354.0056,261334.2538,12.0,2,0,0,980.6354,3074.5206
1677,85,11.33,87506.6506,274354.1671,14.0,3,1,1,1029.49,3227.6961
1678,85,11.3791,81819.2367,256521.9694,7.0,2,0,0,962.5793,3017.9055
1679,85,11.3485,64453.5864,202076.6925,10.0,3,0,0,758.2775,2377.3729
1680,86,11.2861,75739.7466,237461.0036,13.0,4,1,0,880.6947,2761.1745
1681,85,11.4313,78144.5603,245001.1393,16.0,3,0,1,919.3478,2882.3663
1682,84,11.5536,72872.9552,228473.3728,19.0,3,0,1,867.5352,2719.9211
1683,82,11.4353,71046.4795,222747.1621,22.0,4,1,3,866.4205,2716.4288
1684,82,11.4601,71882.4872,225368.1717,25.0,3,0,0,876.6157,2748.3923
1685,82,11.5756,80476.3837,252312.5912,29.0,4,0,0,981.4193,3076.9828
1686,83,11.4393,69561.3744,218090.3131,33.0,5,1,0,838.0888,2627.5941
1687,83,11.5717,79908.7568,250532.5922,37.0,4,0,0,962.7561,3018.465
1688,83,11.7191,79769.7263,250096.4458,31.0,4,0,0,961.081,3013.2102
1689,84,11.6002,68677.788,215320.4065,35.0,5,1,0,817.5927,2563.3382
1690,84,11.6707,71401.1675,223858.8442,21.0,3,0,0,850.0139,2664.9862
1691,83,11.5602,57738.2578,181022.109,25.0,4,0,1,695.6417,2180.9893
1692,84,11.2811,67128.9958,210464.2965,29.0,5,1,0,799.1547,2505.5273
1693,84,11.4003,73540.7344,230566.6011,33.0,4,0,0,875.4849,2744.8405
1694,84,11.6092,81248.6923,254733.8121,17.0,2,0,0,967.2463,3032.5454
1695,85,11.549,72565.7995,227510.5712,8.0,2,1,0,853.7153,2676.595
1696,85,11.5493,73779.0841,231314.6619,9.0,1,0,0,867.9892,2721.349
1697,85,11.5218,77806.9546,243942.8552,10.0,1,0,0,915.3759,2869.9159
1698,85,11.2849,69134.2883,216752.1273,12.0,3,1,1,813.3446,2550.025
1699,85,11.3176,78240.5871,245301.9048,14.0,2,0,0,920.4775,2885.9048
1700,85,11.341,64684.1255,202799.4677,16.0,2,0,0,760.9897,2385.8761
1701,86,11.3307,78660.4791,246618.8867,14.0,2,1,0,914.6567,2867.6615
1702,86,11.3267,68334.7833,214244.8864,15.0,1,0,0,794.5905,2491.2196
1703,86,11.4089,75960.5822,238153.5934,16.0,1,0,0,883.2626,2769.2278
1704,87,11.5487,95032.8636,297950.8951,18.0,3,1,0,1092.3318,3424.7229
1705,86,11.4486,69103.0332,216653.5565,21.0,3,0,1,803.5236,2519.2274
1706,86,11.5754,79497.0627,249241.6484,25.0,4,0,0,924.3845,2898.1587
1707,87,11.2317,59839.2666,187608.7331,29.0,5,1,0,687.8077,2156.4222
1708,87,11.3006,67026.1732,210141.4398,30.0,3,0,0,770.4158,2415.4188
1709,86,11.2648,71924.2814,225498.2817,35.0,5,0,1,836.3289,2622.073
1710,87,10.9171,59887.7306,187760.7376,40.0,6,1,0,688.3647,2158.1694
1711,87,10.9339,82550.5634,258814.8574,18.0,3,0,0,948.8571,2974.8834
1712,86,10.698,60385.7486,189322.7813,14.0,3,0,1,702.1599,2201.4277
1713,87,10.5936,83242.8862,260985.4135,18.0,5,1,0,956.8148,2999.8323
1714,87,10.5899,76985.5935,241366.9169,21.0,5,0,0,884.8919,2774.3324
1715,87,10.6947,80573.1749,252614.4071,28.0,7,0,0,926.1284,2903.6139
1716,87,10.7156,82277.7252,257958.4588,35.0,9,1,1,945.721,2965.0398
1717,87,10.9513,85878.2051,269247.1851,29.0,7,0,0,987.1058,3094.7952
1718,86,11.2012,79954.6615,250675.7754,36.0,7,0,1,929.7054,2914.8346
1719,87,11.2926,86090.9952,269914.7563,43.0,8,1,0,989.5517,3102.4685
1720,87,11.3927,77764.8638,243810.1097,50.0,7,0,0,893.849,2802.4151
1721,86,11.4338,74883.2049,234775.7786,49.0,6,0,1,870.7349,2729.9509
1722,87,11.164,66516.7517,208544.3951,46.0,6,1,0,764.5604,2397.062
1723,87,11.0668,72493.4931,227283.5287,51.0,5,0,0,833.2585,2612.4544
1724,87,11.1833,83766.5646,262627.4984,56.0,5,0,0,962.8341,3018.7069
1725,86,11.0291,76277.7687,239148.2352,62.0,7,1,2,886.9508,2780.7934
1726,86,11.0733,74368.6172,233162.0084,68.0,6,0,0,864.7514,2711.1861
1727,86,11.2115,76199.545,238902.4118,49.0,4,0,0,886.0412,2777.935
1728,87,11.1227,66124.5628,207314.8928,20.0,2,1,0,760.0524,2382.9298
1729,87,11.195,74073.6269,232237.1575,21.0,1,0,0,851.421,2669.3926
1730,87,11.1754,70287.9084,220368.8109,23.0,2,0,0,807.907,2532.9748
1731,88,11.1733,84087.7557,263634.7587,2.0,2,1,0,955.5427,2995.8495
1732,88,11.3599,81447.7821,255357.9961,3.0,1,0,0,925.543,2901.7954
1733,88,11.4459,79592.2137,249539.9931,4.0,1,0,0,904.457,2835.6817
1734,88,11.1943,66899.9709,209746.4662,0.0,1,1,1,760.2269,2383.4826
1735,88,11.2795,78662.8896,246626.46,0.0,0,0,0,893.8965,2802.5734
1736,87,11.453,78308.9532,245517.102,1.0,1,0,1,900.1029,2822.0357
1737,88,11.545,81617.4654,255889.6718,2.0,2,1,0,927.4712,2907.8372
1738,88,11.7551,77577.6404,243224.2333,3.0,1,0,0,881.5641,2763.9117
1739,88,11.7177,68281.0504,214076.5771,4.0,1,0,0,775.921,2432.6884
1740,89,11.4282,61846.7469,193903.0161,5.0,2,1,0,694.9073,2178.6856
1741,88,11.303,73203.5082,229509.178,6.0,1,0,1,831.858,2608.0588
1742,88,11.1339,65913.1352,206652.5285,7.0,1,0,0,749.0129,2348.3242
1743,89,10.9248,70252.5778,220257.4529,8.0,2,1,0,789.3548,2474.8028
1744,89,11.0326,81278.5543,254827.2376,9.0,1,0,0,913.2422,2863.2274
1745,89,11.1074,78128.4109,244949.9356,11.0,2,0,0,877.8473,2752.2465
1746,90,11.028,81437.5733,255325.3495,13.0,3,1,0,904.8619,2836.9483
1747,90,11.1351,75244.8068,235909.018,16.0,3,0,0,836.0534,2621.2113
1748,89,11.1236,72247.3844,226511.031,21.0,5,0,1,811.7684,2545.0678
1749,90,10.8806,70605.2148,221362.6751,26.0,6,1,0,784.5024,2459.5853
1750,89,10.7178,68845.3923,215845.1206,10.0,3,0,1,773.5437,2425.2261
1751,88,10.643,62566.7309,196159.5349,13.0,3,0,1,710.9856,2229.0856
1752,89,10.4238,72993.8274,228851.637,17.0,5,1,0,820.1554,2571.3667
1753,89,10.3311,66002.2912,206931.0323,22.0,5,0,0,741.5988,2325.0678
1754,89,10.3502,69639.7137,218335.524,12.0,3,0,0,782.4687,2453.2081
1755,90,10.1456,68717.5164,215443.9953,15.0,4,1,0,763.528,2393.8222
1756,89,10.111,61308.446,192215.2077,5.0,1,0,1,688.8589,2159.7214
1757,89,10.3029,81793.2235,256440.7709,6.0,1,0,0,919.025,2881.357
1758,89,10.1727,65087.9623,204064.7313,7.0,2,1,1,731.3254,2292.8621
1759,88,10.1756,79286.0813,248579.5479,8.0,1,0,1,900.9782,2824.7676
1760,87,10.3234,80885.4507,253594.2568,9.0,1,0,1,929.7178,2914.8765
1761,87,10.3252,79513.7012,249293.8546,10.0,2,1,1,913.9506,2865.4466
1762,87,10.3754,72669.8421,227836.2236,1.0,1,0,0,835.2855,2618.8072
1763,87,10.415,79497.7604,249243.5482,3.0,2,0,0,913.7674,2864.8684
1764,88,10.5015,84184.8862,263938.9636,3.0,2,1,0,956.6464,2999.3064
1765,88,10.5256,71161.8733,223108.1364,5.0,2,0,0,808.6577,2535.3197
1766,88,10.6294,73646.2606,230897.8961,2.0,1,0,0,836.8893,2623.8397
1767,89,10.7797,79191.1725,248281.419,3.0,2,1,0,889.7885,2789.6789
1768,87,10.8914,70462.3645,220915.586,4.0,1,0,2,809.9122,2539.2596
1769,87,10.8907,67506.6687,211648.4669,5.0,1,0,0,775.9387,2432.741
1770,88,10.9058,78472.5018,246029.443,6.0,2,1,0,891.733,2795.7891
1771,87,11.0243,79702.459,249886.4091,7.0,1,0,1,916.1202,2872.2576
1772,87,10.9778,65442.0324,205175.0803,8.0,1,0,0,752.2073,2358.3343
1773,88,10.7253,61337.4022,192305.7616,10.0,3,1,0,697.0159,2185.2927
1774,87,10.8989,80530.3966,252480.9863,12.0,2,0,1,925.6367,2902.0803
1775,86,11.0098,76785.5414,240740.1544,15.0,3,0,1,892.8551,2799.3041
1776,87,10.8341,72759.2693,228116.3624,18.0,4,1,0,836.3134,2622.0272
1777,87,10.7192,65804.5065,206311.6792,16.0,2,0,0,756.3736,2371.3986
1778,86,10.8008,75756.2637,237512.9814,19.0,3,0,1,880.8868,2761.7789
1779,87,10.6788,72551.6292,227465.5174,22.0,4,1,0,833.9268,2614.5462
1780,87,10.4965,65730.9396,206080.8576,25.0,3,0,0,755.528,2368.7455
1781,87,10.3399,64685.1692,202802.1198,28.0,3,0,0,743.5077,2331.0588
1782,88,10.3744,82307.6656,258052.8904,31.0,4,1,0,935.3144,2932.4192
1783,88,10.5734,79254.9039,248481.7407,36.0,5,0,0,900.6239,2823.6561
1784,87,10.8829,86172.445,270170.5166,10.0,3,0,1,990.4879,3105.4082
1785,88,10.7403,72812.9125,228285.3497,5.0,3,1,0,827.4195,2594.1517
1786,87,10.7729,71622.9748,224553.8867,7.0,2,0,1,823.2526,2581.0792
1787,87,10.8269,73421.3107,230192.3252,9.0,2,0,0,843.9231,2645.8888
1788,87,10.7198,69120.4052,216707.9259,7.0,3,1,1,794.4874,2490.8957
1789,87,10.6668,73840.3265,231506.7528,9.0,2,0,0,848.7394,2660.9972
1790,87,10.799,85350.258,267592.7535,12.0,3,0,0,981.0374,3075.7788
1791,88,10.7051,78270.8465,245397.0882,15.0,4,1,0,889.4414,2788.6033
1792,88,10.6081,76311.4939,239253.9116,9.0,3,0,0,867.1761,2718.7944
1793,85,10.4412,61289.0145,192154.573,12.0,3,0,3,721.0472,2260.642
1794,85,10.4226,78662.5729,246624.3243,16.0,5,1,1,925.442,2901.4626
1795,85,10.4242,72603.9242,227629.0882,20.0,4,0,0,854.1638,2677.9893
1796,85,10.6791,88102.7263,276222.9113,19.0,3,0,0,1036.5027,3249.6813
1797,86,10.6388,79439.4169,249060.799,4.0,2,1,0,923.7142,2896.0558
1798,86,10.6496,81420.2438,255271.8346,6.0,2,0,0,946.747,2968.2771
1799,85,10.7243,81265.4252,254785.4028,8.0,2,0,1,956.0638,2997.4753
1800,86,10.8081,81822.5216,256532.3882,10.0,3,1,0,951.4247,2982.9347
1801,86,10.9574,73494.7007,230422.2604,12.0,2,0,0,854.5895,2679.3286
1802,86,11.2562,82402.0938,258349.9261,9.0,1,0,0,958.1639,3004.0689
1803,86,11.3017,79190.2121,248279.7497,10.0,2,1,1,920.8164,2886.9738
1804,86,11.6584,94295.565,295639.6068,11.0,1,0,0,1096.4601,3437.6698
1805,85,11.9232,88309.9378,276873.1725,12.0,1,0,1,1038.9404,3257.3314
1806,86,11.8932,73363.2184,230010.9963,13.0,2,1,0,853.0607,2674.5465
1807,85,12.0318,76266.7375,239114.4383,14.0,1,0,1,897.2557,2813.111
1808,85,12.1536,73495.0131,230423.9907,0.0,0,0,0,864.6472,2710.8705
1809,86,12.1867,76188.1475,238867.5494,0.0,1,1,0,885.9087,2777.5296
1810,85,11.9979,59457.8613,186413.9435,0.0,0,0,1,699.5043,2193.1052
1811,85,12.0621,72183.2275,226311.1585,0.0,0,0,0,849.2144,2662.4842
1812,86,11.7686,63672.3201,199627.0886,0.0,1,1,0,740.3758,2321.2452
1813,86,11.7081,70532.0028,221133.863,0.0,0,0,0,820.1396,2571.324
1814,86,11.6106,61820.7045,193821.2933,0.0,0,0,0,718.8454,2253.736
1815,87,11.2941,60946.1739,191079.3934,1.0,2,1,0,700.5307,2196.3149
1816,86,11.2397,68616.05,215126.469,2.0,1,0,1,797.861,2501.4706
1817,85,11.1615,62135.7936,194809.1828,4.0,2,0,1,731.0093,2291.8727
1818,85,10.9609,63047.9111,197668.8552,6.0,3,1,1,741.7401,2325.5159
1819,84,10.9961,76364.7206,239421.1857,3.0,1,0,1,909.1038,2850.2522
1820,84,11.0067,70097.6275,219771.9222,4.0,1,0,0,834.4956,2616.3324
1821,85,10.8534,72401.2407,226993.9391,6.0,3,1,0,851.7793,2670.5169
1822,84,10.9765,78251.3906,245335.8437,2.0,1,0,1,931.5642,2920.6648
1823,84,11.1532,69429.2632,217676.4007,1.0,1,0,0,826.5388,2591.3857
1824,85,11.1103,73344.4685,229951.2715,0.0,1,1,0,862.8761,2705.3091
1825,85,10.9754,65606.1367,205690.2119,0.0,0,0,0,771.8369,2419.8848
1826,85,10.9168,66659.8315,208993.994,0.0,0,0,0,784.2333,2458.7529
1827,85,10.5769,66726.1487,209201.7363,1.0,2,1,1,785.0135,2461.1969
1828,85,10.5449,81576.1234,255760.6416,2.0,1,0,0,959.7191,3008.9487
1829,85,10.5808,75461.0851,236586.9661,4.0,2,0,0,887.7775,2783.3761
1830,85,10.5924,72747.4982,228079.8835,5.0,2,0,0,855.8529,2683.2927
1831,85,10.5055,73549.0947,230593.018,8.0,4,1,1,865.2835,2712.859
1832,85,10.7817,86828.0431,272226.1247,6.0,3,0,0,1021.5064,3202.6603
1833,86,10.8222,77503.6316,242991.1648,6.0,3,1,0,901.205,2825.4787
1834,86,11.1093,74781.2333,234455.8089,8.0,2,0,0,869.5492,2726.2303
1835,86,11.0134,65639.5086,205794.8123,10.0,2,0,0,763.2501,2392.9629
1836,86,10.9241,69981.6885,219408.1241,12.0,3,1,1,813.7406,2551.2573
1837,86,10.9565,67003.2429,210070.1799,15.0,3,0,0,779.1075,2442.6765
1838,86,11.0462,74330.1992,233042.259,18.0,3,0,0,864.3046,2709.7937
1839,87,11.0092,65039.556,203913.1708,3.0,2,1,0,747.5811,2343.8295
1840,86,11.0919,68347.9213,214285.3852,4.0,1,0,1,794.7433,2491.6905
1841,85,11.1278,67761.7304,212448.4957,5.0,1,0,1,797.1968,2499.3941
1842,86,11.1141,78856.8345,247233.8813,6.0,2,1,0,916.9399,2874.8126
1843,85,11.1043,66878.7571,209679.9715,7.0,1,0,1,786.8089,2466.8232
1844,85,11.0857,63437.4518,198890.9046,0.0,0,0,0,746.323,2339.893
1845,85,11.068,70204.0914,220105.7496,0.0,1,1,1,825.9305,2589.4794
1846,84,11.0691,69821.7089,218906.8754,0.0,0,0,1,831.2108,2606.0342
1847,84,11.2403,85560.0398,268251.9343,0.0,0,0,0,1018.5719,3193.4754
1848,85,11.0848,82008.3165,257116.1156,0.0,1,1,0,964.8037,3024.8955
1849,85,11.2577,83448.3944,261631.0708,1.0,1,0,0,981.7458,3078.0126
1850,84,11.3781,73499.8217,230439.1161,2.0,1,0,1,874.9979,2743.3228
1851,85,11.0144,69201.897,216964.0042,3.0,2,1,0,814.14,2552.5177
1852,85,10.9584,67674.4522,212175.0274,4.0,1,0,0,796.17,2496.1768
1853,84,10.9627,82849.3717,259752.4752,5.0,1,0,1,986.302,3092.2914
1854,85,10.8789,72934.719,228666.8185,7.0,3,1,0,858.0555,2690.1979
1855,84,10.8814,65066.9077,203999.5378,10.0,3,0,1,774.606,2428.5659
1856,84,10.9963,81853.0556,256628.2111,10.0,2,0,0,974.4411,3055.0978
1857,85,10.6938,64846.9996,203309.4041,12.0,3,1,0,762.9059,2391.8753
1858,84,10.8251,75123.2177,235528.3517,10.0,1,0,1,894.324,2803.9089
1859,84,10.981,68267.9959,214035.2509,11.0,1,0,0,812.7142,2548.0387
1860,84,10.9438,80028.7664,250908.6478,13.0,3,1,1,952.7234,2987.0077
1861,83,10.9659,65203.189,204426.6891,15.0,2,0,1,785.5806,2462.9722
1862,82,11.2618,83951.6456,263208.1078,17.0,2,0,1,1023.8006,3209.855
1863,83,11.3461,73906.8178,231715.3917,15.0,2,1,0,890.4436,2791.7517
1864,83,11.4794,65228.786,204506.8914,16.0,1,0,0,785.889,2463.9385
1865,83,11.5007,64461.6125,202101.5357,17.0,1,0,0,776.6459,2434.9583
1866,84,11.1726,64145.3053,201110.0751,18.0,2,1,0,763.6346,2394.1676
1867,83,10.9108,62351.7629,195486.1884,19.0,1,0,1,751.2261,2355.2553
1868,83,10.7146,54571.8709,171094.8195,21.0,2,0,0,657.4924,2061.3834
1869,83,10.4799,63285.7773,198414.4509,24.0,4,1,1,762.4792,2390.5356
1870,82,10.4605,64731.3873,202946.8725,2.0,1,0,1,789.4072,2474.9619
1871,82,10.2005,61733.0205,193546.3351,3.0,1,0,0,752.8417,2360.3212
1872,82,10.2072,73727.554,231152.3426,1.0,2,1,1,899.1165,2818.931
1873,82,10.161,61829.3938,193848.7115,3.0,2,0,0,754.017,2364.0087
1874,81,10.3562,75935.9143,238076.1706,5.0,2,0,1,937.4804,2939.212
1875,81,10.3968,73275.4613,229735.543,4.0,2,1,1,904.6353,2836.2413
1876,81,10.761,84463.369,264812.5137,5.0,1,0,0,1042.7576,3269.2903
1877,81,10.9532,66824.0384,209508.7955,0.0,0,0,0,824.9881,2586.5283
1878,82,10.969,77406.1668,242686.6503,0.0,1,1,0,943.9776,2959.5933
1879,81,10.962,65547.427,205505.9768,0.0,0,0,1,809.2275,2537.1108
1880,81,10.7022,54372.7031,170469.9017,0.0,0,0,0,671.2679,2104.5667
1881,81,10.2047,53437.8102,167538.7725,0.0,1,1,1,659.7261,2068.3799
1882,81,10.1457,72387.2464,226951.1289,0.0,0,0,0,893.6697,2801.8658
1883,81,10.1606,68519.4903,214824.1565,1.0,1,0,0,845.9196,2652.1501
1884,82,10.0972,75509.5148,236739.4072,2.0,2,1,0,920.8477,2887.0659
1885,82,10.2098,71848.0872,225259.88,4.0,2,0,0,876.1962,2747.0717
1886,82,10.2654,69244.842,217097.6809,8.0,4,0,0,844.4493,2647.5327
1887,83,10.0955,67260.8933,210877.501,12.0,5,1,0,810.3722,2540.6928
1888,83,10.3785,78391.0407,245773.0105,10.0,3,0,0,944.4704,2961.1206
1889,83,10.4023,70106.2711,219798.7621,13.0,3,0,0,844.6539,2648.1779
1890,84,10.3361,72988.3225,228834.5884,17.0,5,1,0,868.9086,2724.2213
1891,84,10.6243,79155.5354,248170.5107,15.0,3,0,0,942.3278,2954.4108
1892,84,10.6919,63722.6696,199784.2766,10.0,2,0,0,758.6032,2378.3842
1893,85,10.6596,68299.6622,214134.4221,12.0,3,1,0,803.5254,2519.2285
1894,84,10.7421,68262.8403,214019.2627,14.0,2,0,1,812.6529,2547.8484
1895,84,10.7679,70867.1534,222184.561,16.0,2,0,0,843.6566,2645.0543
1896,85,10.6632,69672.6641,218438.9892,19.0,4,1,0,819.6784,2569.8705
1897,85,10.9017,74561.5377,233766.7276,22.0,3,0,0,877.1946,2750.1968
1898,84,10.9372,65349.6489,204885.4898,25.0,3,0,1,777.972,2439.113
1899,84,10.7112,58674.7543,183957.8522,28.0,4,1,1,698.509,2189.9744
1900,83,10.8843,73469.5924,230343.2104,31.0,3,0,1,885.1758,2775.2194
1901,83,10.8205,63055.9851,197694.2857,34.0,3,0,0,759.7107,2381.8589
1902,83,10.6226,73347.8411,229961.7305,37.0,4,1,1,883.7089,2770.6233
1903,83,10.6135,67640.603,212067.8695,40.0,3,0,0,814.947,2555.0346
1904,83,10.7238,64533.4977,202326.7896,9.0,1,0,0,777.512,2437.6722
1905,84,10.5635,65399.3156,205041.1752,10.0,2,1,0,778.5633,2440.9664
1906,83,10.7322,70099.0335,219776.2845,12.0,2,0,1,844.5667,2647.907
1907,83,10.8883,72476.3779,227229.6222,14.0,2,0,0,873.2094,2737.7063
1908,84,10.8014,70645.5178,221489.0447,17.0,4,1,0,841.0181,2636.7743
1909,83,10.8463,62009.6405,194413.8987,20.0,3,0,1,747.1041,2342.3361
1910,83,10.8783,74259.2784,232819.6525,23.0,3,0,0,894.6901,2805.0561
1911,84,10.8218,73654.4165,230923.2602,10.0,3,1,0,876.8383,2749.0864
1912,83,10.7496,64512.2422,202260.6894,5.0,1,0,1,777.2559,2436.8758
1913,83,10.6613,66842.3279,209565.6414,7.0,2,0,0,805.3293,2524.8872
1914,84,10.6787,73219.7965,229560.6841,9.0,3,1,0,871.6642,2732.8653
1915,83,10.8755,78277.3563,245418.04,12.0,3,0,1,943.1007,2956.8439
1916,83,11.1581,84241.401,264115.978,15.0,3,0,0,1014.9566,3182.1202
1917,83,11.1824,73914.3123,231737.9237,18.0,4,1,1,890.5339,2792.0232
1918,83,11.2345,69709.6374,218555.8797,21.0,3,0,0,839.8751,2633.2034
1919,82,11.1155,64913.5748,203518.428,17.0,2,0,1,791.629,2481.932
1920,83,10.9431,71228.7218,223318.3393,6.0,2,1,0,858.1774,2690.5824
1921,82,10.9822,77978.2143,244480.101,7.0,1,0,1,950.9538,2981.4646
1922,81,10.9351,65349.4272,204885.2052,8.0,1,0,1,806.7831,2529.447
1923,82,10.8829,78155.8477,245036.8401,10.0,3,1,0,953.1201,2988.2541
1924,82,11.0983,85737.8614,268808.4874,12.0,2,0,0,1045.5837,3278.1523
1925,82,11.1491,82861.2478,259790.3394,14.0,2,0,0,1010.503,3168.1749
1926,83,11.0488,82131.6025,257501.8978,12.0,2,1,0,989.5374,3102.4325
1927,83,11.0035,69723.4178,218599.6341,14.0,2,0,0,840.0412,2633.7305
1928,82,11.2213,79968.4648,250719.2854,0.0,0,0,1,975.2252,3057.5523
1929,83,11.3295,75059.5835,235328.9847,0.0,1,1,0,904.3323,2835.289
1930,83,11.3627,71218.9723,223287.6262,0.0,0,0,0,858.0599,2690.2124
1931,82,11.2113,67169.3192,210591.2281,1.0,1,0,1,819.138,2568.1857
1932,83,11.0321,69381.6998,217527.2803,2.0,2,1,0,835.9241,2620.8106
1933,83,11.0244,77555.9916,243156.5704,4.0,2,0,0,934.4095,2929.5972
1934,83,11.2233,83427.152,261564.4176,2.0,1,0,0,1005.1464,3151.3785
1935,84,11.2396,85131.1038,266906.5827,3.0,2,1,0,1013.4655,3177.4593
1936,83,11.5977,86959.9454,272639.9103,5.0,2,0,1,1047.7102,3284.8182
1937,83,11.479,54523.195,170942.4737,7.0,2,0,0,656.906,2059.5479
1938,84,11.5525,80793.6755,253306.4759,9.0,3,1,0,961.8295,3015.5533
1939,83,11.4197,62618.7285,196324.0668,7.0,1,0,1,754.4425,2365.3502
1940,83,11.326,57889.2234,181495.8562,0.0,0,0,0,697.4605,2186.6971
1941,84,11.3328,75183.5453,235717.3924,1.0,2,1,0,895.0422,2806.1594
1942,83,11.2207,64165.4524,201173.1488,3.0,2,0,1,773.0777,2423.7729
1943,83,10.8574,58770.0485,184256.9236,5.0,2,0,0,708.0729,2219.9629
1944,84,10.6053,63941.4009,200470.4127,7.0,3,1,0,761.2072,2386.5525
1945,82,10.738,67489.7667,211595.0973,10.0,3,0,2,823.0459,2580.428
1946,82,10.6174,60778.9536,190555.3562,13.0,3,0,0,741.2068,2323.8458
1947,83,10.5744,84598.8152,265237.3587,16.0,4,1,0,1019.2628,3195.6308
1948,83,10.6924,82364.4032,258231.4355,20.0,4,0,0,992.3422,3111.2221
1949,82,10.7626,76128.4048,238680.0709,24.0,4,0,1,928.3952,2910.7326
1950,82,11.0177,94131.5121,295124.8636,29.0,6,1,1,1147.9453,3599.0837
1951,81,11.2051,76668.5313,240373.251,27.0,4,0,1,946.5251,2967.571
1952,81,11.2732,62177.5869,194940.5403,14.0,2,0,0,767.6245,2406.6733
1953,82,11.1962,68551.6604,214924.7003,16.0,3,1,0,835.9959,2621.0329
1954,82,11.2208,68888.4975,215981.1462,13.0,1,0,0,840.1036,2633.9164
1955,82,11.0967,54230.5818,170024.9452,14.0,1,0,0,661.3486,2073.4749
1956,83,10.9486,70722.0957,221729.3389,15.0,2,1,0,852.0734,2671.4378
1957,82,11.1201,73991.3459,231979.3711,16.0,1,0,1,902.3335,2829.0167
1958,82,11.0184,61940.9179,194197.8243,17.0,1,0,0,755.377,2368.2661
1959,82,10.8838,63874.3929,200259.8832,18.0,2,1,1,778.956,2442.1937
1960,82,10.9584,68355.7496,214311.1887,20.0,2,0,0,833.6067,2613.5511
1961,82,10.9077,66898.5206,209741.6829,2.0,1,0,0,815.8356,2557.8254
1962,83,10.8489,72997.2914,228862.9728,0.0,1,1,0,879.4854,2757.3852
1963,83,10.9285,78409.2143,245831.1601,0.0,0,0,0,944.6893,2961.8212
1964,82,11.0831,65702.5149,205991.9411,0.0,0,0,1,801.2502,2512.0968
1965,83,10.9334,64771.607,203073.4138,0.0,1,1,0,780.3808,2446.6676
1966,82,10.7875,64358.598,201778.2758,1.0,1,0,1,784.861,2460.7107
1967,82,10.844,71251.7822,223390.0031,2.0,1,0,0,868.9242,2724.2683
1968,83,10.5841,53549.2788,167888.1337,4.0,3,1,0,645.172,2022.7486
1969,83,10.6504,69908.367,219178.2091,2.0,1,0,0,842.2695,2640.7013
1970,83,10.8681,76928.1461,241186.6924,0.0,0,0,0,926.8451,2905.8638
1971,83,10.7409,59907.8084,187823.9592,0.0,1,1,1,721.7808,2262.9393
1972,82,10.9787,79181.2856,248251.6786,0.0,0,0,1,965.6254,3027.4595
1973,81,10.8712,67063.5653,210260.293,0.0,0,0,1,827.9453,2595.8061
1974,82,11.0857,84416.1206,264664.5608,0.0,1,1,0,1029.4649,3227.6166
1975,82,11.1177,70202.3761,220101.2064,0.0,0,0,0,856.1265,2684.1611
1976,80,11.1343,65737.7068,206102.6981,0.0,0,0,2,821.7213,2576.2837
1977,80,11.0048,73477.6745,230369.8382,1.0,2,1,1,918.4709,2879.623
1978,79,10.8592,53662.4854,168243.7452,2.0,1,0,1,679.272,2129.6677
1979,79,10.6652,60851.0497,190781.8021,3.0,1,0,0,770.2665,2414.9595
1980,80,10.4269,61683.6144,193391.3286,4.0,2,1,0,771.0452,2417.3916
1981,80,10.5221,68527.2521,214848.3548,5.0,1,0,0,856.5907,2685.6044
1982,80,10.5393,66290.9191,207837.434,6.0,1,0,0,828.6365,2597.9679
1983,81,10.5158,70579.3565,221282.0933,7.0,2,1,0,871.3501,2731.8777
1984,81,10.6025,73808.4127,231406.0172,8.0,1,0,0,911.215,2856.8644
1985,81,10.6695,66973.4007,209976.7419,10.0,2,0,0,826.8321,2592.3055
1986,82,10.7102,74081.159,232261.0176,12.0,3,1,0,903.4288,2832.4514
1987,81,10.8335,73649.142,230907.3314,14.0,2,0,1,909.2487,2850.7078
1988,81,10.9436,76621.5731,240225.6196,16.0,2,0,0,945.9453,2965.7484
1989,81,10.5296,58560.6586,183600.5062,20.0,5,1,1,722.9711,2266.6729
1990,81,10.3022,55164.2649,172951.3592,24.0,4,0,0,681.0403,2135.202
1991,81,10.2815,70824.2531,222049.5358,28.0,4,0,0,874.3735,2741.3523
1992,82,10.1302,66531.6958,208591.2519,28.0,4,1,0,811.3621,2543.7958
1993,81,10.3524,72476.1627,227228.9701,18.0,2,0,1,894.7674,2805.2959
1994,81,10.4441,59745.5745,187314.9117,20.0,2,0,0,737.5997,2312.5298
1995,82,10.5426,75639.3654,237146.2809,3.0,2,1,0,922.4313,2892.0278
1996,81,10.6621,69247.9534,217108.1712,4.0,1,0,1,854.913,2680.3478
1997,81,10.8263,76386.8576,239490.6497,5.0,1,0,0,943.0476,2956.6747
1998,82,10.779,80254.648,251617.1273,6.0,2,1,0,978.7152,3068.5016
1999,82,10.7765,64917.1502,203529.7665,0.0,0,0,0,791.6726,2482.0703
2000,82,10.7242,61066.1693,191456.0763,0.0,0,0,0,744.7094,2334.8302
2001,83,10.5033,62877.5832,197135.23,1.0,2,1,0,757.5612,2375.1233
2002,83,10.6358,68172.1036,213734.5175,0.0,0,0,0,821.3506,2575.1147
2003,83,10.6274,62978.0473,197450.1644,0.0,0,0,0,758.7717,2378.9176
2004,84,10.6291,77954.0562,244403.7191,0.0,1,1,0,928.0245,2909.5681
2005,83,10.6341,71228.731,223319.0646,0.0,0,0,1,858.1775,2690.5911
2006,83,10.592,72554.547,227475.134,1.0,1,0,0,874.1512,2740.6643
2007,84,10.6549,81485.305,255475.6968,2.0,2,1,0,970.0632,3041.3773
2008,84,10.8455,74601.9364,233895.1229,3.0,1,0,0,888.1183,2784.4657
2009,84,11.0145,73921.2638,231760.0877,4.0,1,0,0,880.015,2759.0487
2010,85,10.9475,77340.6644,242481.1749,5.0,2,1,0,909.8902,2852.7197
2011,84,10.9246,69442.8451,217719.3392,6.0,1,0,1,826.7005,2591.8969
2012,84,11.1126,84212.9402,264027.4177,7.0,1,0,0,1002.535,3143.1835
2013,84,11.0236,66532.8141,208595.484,9.0,3,1,1,792.0573,2483.2796
2014,84,11.1722,74762.9354,234398.3531,11.0,2,0,0,890.0349,2790.4566
2015,84,11.0849,66076.2595,207163.5788,13.0,2,0,0,786.6221,2466.2331
2016,85,10.6621,58423.1625,183169.3491,15.0,3,1,0,687.3313,2154.9335
2017,84,10.5136,56137.4124,176002.5762,18.0,3,0,1,668.3025,2095.2688
2018,83,10.5701,67304.6124,211014.198,21.0,3,0,1,810.8989,2542.3397
2019,83,10.6048,68316.1949,214185.0838,19.0,5,1,1,823.0867,2580.5432
2020,83,10.7677,72267.3721,226574.3156,23.0,4,0,0,870.6912,2729.811
2021,83,10.8216,67996.9422,213185.3874,28.0,5,0,0,819.2403,2568.4986
2022,83,10.6675,76543.497,239980.7424,16.0,5,1,1,922.2108,2891.3342
2023,83,10.7171,65909.8238,206641.5271,20.0,4,0,0,794.0943,2489.657
2024,82,10.7722,69828.3392,218927.6273,18.0,3,0,1,851.5651,2669.8491
2025,82,10.69,68242.8315,213956.1219,16.0,3,1,1,832.2297,2609.221
2026,82,10.7604,67839.99,212693.618,18.0,2,0,0,827.317,2593.8246
2027,82,10.9226,75585.7271,236978.6381,20.0,2,0,0,921.7772,2889.9834
2028,83,10.6668,60201.1111,188743.3409,22.0,3,1,0,725.3146,2274.0162
2029,83,10.7181,70360.9452,220597.6352,24.0,2,0,0,847.7222,2657.8028
2030,83,10.8866,82395.6216,258329.7221,26.0,2,0,0,992.7183,3112.4063
2031,84,10.5347,65199.5469,204414.893,28.0,3,1,0,776.1851,2433.5106
2032,84,10.5732,67223.6636,210760.7295,1.0,1,0,0,800.2817,2509.0563
2033,82,10.3918,59846.2047,187630.1531,2.0,1,0,2,729.8318,2288.1726
2034,82,10.5234,74581.4378,233829.4392,3.0,2,1,1,909.5297,2851.5785
2035,82,10.8287,77949.8109,244391.0587,0.0,0,0,0,950.6075,2980.3788
2036,82,10.7856,63595.508,199386.9951,0.0,0,0,0,775.555,2431.5487
2037,83,10.8644,77683.6459,243555.625,1.0,2,1,0,935.9475,2934.4051
2038,83,10.9835,72287.9789,226639.6755,3.0,2,0,0,870.9395,2730.5985
2039,83,10.9177,70787.3979,221933.9901,6.0,3,0,0,852.8602,2673.9035
2040,84,10.7563,69176.0717,216882.0003,9.0,4,1,0,823.5247,2581.9286
2041,84,10.8934,73197.7504,229491.3265,12.0,3,0,0,871.4018,2732.0396
2042,84,10.8446,62686.1736,196534.576,16.0,4,0,0,746.264,2339.6973
2043,85,10.6149,77801.2303,243924.3421,11.0,3,1,0,915.3086,2869.6981
2044,85,10.4835,59990.9812,188084.542,15.0,4,0,0,705.7762,2212.7593
2045,84,10.4369,63474.5466,199005.7451,19.0,4,0,1,755.6494,2369.116
2046,85,10.4496,81545.942,255664.3803,20.0,4,1,0,959.364,3007.8162
2047,85,10.4256,71519.7729,224230.0716,25.0,5,0,0,841.4091,2638.0008
2048,84,10.5007,71432.9949,223958.3785,9.0,3,0,1,850.3928,2666.1712
2049,85,10.5011,71912.1532,225460.2967,13.0,5,1,0,846.0253,2652.4741
2050,85,10.6408,75491.0464,236681.1084,17.0,4,0,0,888.13,2784.4836
2051,85,10.5565,62605.2187,196280.9712,21.0,4,0,0,736.532,2309.1879
2052,86,10.5112,76077.4069,238519.7193,25.0,5,1,0,884.621,2773.4851
2053,86,10.6271,70627.8582,221434.1457,30.0,5,0,0,821.2542,2574.8156
2054,86,10.6305,63575.9244,199323.3567,29.0,4,0,0,739.2549,2317.7135
2055,87,10.4411,70490.1232,221001.8323,33.0,5,1,0,810.2313,2540.2509
2056,87,10.4331,66442.4198,208311.0384,25.0,4,0,0,763.706,2394.3798
2057,86,10.4602,77247.0637,242186.7565,16.0,2,0,1,898.2217,2816.1251
2058,86,10.4499,70403.9441,220731.933,18.0,3,1,1,818.6505,2566.6504
2059,85,10.774,80572.0889,252611.9272,21.0,3,0,1,947.9069,2971.905
2060,85,10.9064,76864.7413,240988.7582,22.0,2,0,0,904.2911,2835.1619
2061,86,11.1651,89619.7935,280978.6745,24.0,3,1,0,1042.0906,3267.1939
2062,86,11.3438,81789.007,256428.4301,16.0,1,0,0,951.035,2981.7259
2063,86,11.5064,78392.8054,245779.5474,17.0,1,0,0,911.5442,2857.9017
2064,87,11.2904,66650.0409,208962.9431,0.0,1,1,0,766.0924,2401.8729
2065,86,11.1974,68393.7299,214430.0154,0.0,0,0,1,795.2759,2493.3723
2066,85,11.2477,75608.3367,237050.1844,0.0,0,0,1,889.5098,2788.8257
2067,86,11.1429,64122.4624,201038.2158,0.0,1,1,0,745.61,2337.6537
2068,86,11.2976,77099.5339,241724.9129,0.0,0,0,0,896.5062,2810.7548
2069,86,11.4576,73807.8562,231404.3251,1.0,1,0,0,858.2309,2690.748
2070,87,11.4619,79139.2983,248120.4006,2.0,2,1,0,909.6471,2851.9586
2071,87,11.5343,79013.3209,247725.0449,3.0,1,0,0,908.1991,2847.4143
2072,87,11.5582,69818.4095,218896.3871,4.0,1,0,0,802.5105,2516.0504
2073,88,11.3213,65846.1303,206442.0501,6.0,3,1,0,748.2515,2345.9324
2074,88,11.288,63399.6545,198771.902,8.0,2,0,0,720.4506,2258.7716
2075,88,11.4306,71783.3821,225056.8772,10.0,2,0,0,815.7203,2557.4645
2076,89,11.3029,81632.2463,255935.7037,12.0,3,1,0,917.2163,2875.6821
2077,89,11.1335,65906.9457,206633.3168,9.0,1,0,0,740.5275,2321.7227
2078,89,11.0636,74532.7773,233677.9269,10.0,1,0,0,837.4469,2625.5947
2079,90,10.8136,68165.7788,213714.9872,11.0,2,1,0,757.3975,2374.611
2080,90,10.6437,67613.4234,211983.3975,1.0,1,0,0,751.2603,2355.3711
2081,88,10.8287,86228.3063,270345.3514,3.0,2,0,2,979.8671,3072.1063
2082,89,11.0595,95216.0167,298525.3532,2.0,2,1,0,1069.8429,3354.2175
2083,88,11.3537,94074.9622,294947.2664,3.0,1,0,1,1069.0337,3351.6735
2084,88,11.5021,85855.6516,269178.3285,4.0,1,0,0,975.6324,3058.8446
2085,89,11.5504,83208.0299,260876.559,6.0,3,1,0,934.9217,2931.1973
2086,89,11.6651,75424.3137,236472.3927,8.0,2,0,0,847.4642,2656.9932
2087,89,11.8708,78770.9091,246964.67,10.0,2,0,0,885.0664,2774.8839
2088,88,11.4849,62739.2987,196701.6539,12.0,3,1,2,712.9466,2235.2461
2089,88,11.5418,69802.432,218846.4859,9.0,1,0,0,793.2095,2486.8919
2090,88,11.5839,73419.4876,230187.1079,10.0,1,0,0,834.3124,2615.7626
2091,89,11.4565,74278.0733,232878.8819,11.0,2,1,0,834.5851,2616.6167
2092,89,11.413,71467.2126,224065.8854,12.0,1,0,0,803.0024,2517.5942
2093,89,11.3815,74236.7205,232749.2381,13.0,1,0,0,834.1205,2615.16
2094,90,11.242,74299.8442,232947.016,14.0,2,1,0,825.5538,2588.3002
2095,90,11.2026,71833.2887,225213.7754,0.0,0,0,0,798.1477,2502.3753
2096,89,11.093,65867.8662,206511.0419,0.0,0,0,1,740.0884,2320.3488
2097,89,10.9288,80794.9666,253311.1543,0.0,1,1,1,907.8086,2846.1927
2098,89,10.9482,68106.6723,213529.661,0.0,0,0,0,765.2435,2399.2097
2099,89,11.166,76818.6968,240843.8483,0.0,0,0,0,863.1314,2706.1107
2100,90,11.154,79087.0192,247956.1579,0.0,1,1,0,878.7447,2755.0684
2101,90,11.04,76216.8436,238957.729,0.0,0,0,0,846.8538,2655.0859
2102,90,11.1259,90528.8735,283830.3549,0.0,0,0,0,1005.8764,3153.6706
2103,91,10.89,69053.5268,216499.4339,0.0,1,1,0,758.83,2379.1147
2104,90,10.8946,84735.6925,265665.7979,0.0,0,0,1,941.5077,2951.8422
2105,88,10.5335,66255.8298,207726.8811,1.0,1,0,2,752.9072,2360.5327
2106,89,10.2877,69920.4227,219215.7733,2.0,2,1,0,785.6227,2463.0986
2107,88,10.3337,75777.0989,237578.6613,4.0,2,0,1,861.1034,2699.7575
2108,88,10.4388,82186.5345,257674.0503,3.0,2,0,0,933.9379,2928.1142
2109,89,10.3727,75434.367,236504.1843,2.0,2,1,0,847.5772,2657.3504
2110,89,10.6197,79687.0754,249836.8012,0.0,0,0,0,895.3604,2807.1551
2111,88,10.5682,74764.7694,234404.3468,0.0,0,0,1,849.5997,2663.6858
2112,89,10.6018,91518.1773,286931.3774,1.0,2,1,0,1028.2941,3223.9481
2113,89,10.7911,81229.605,254674.075,2.0,1,0,0,912.6922,2861.5065
2114,89,11.035,87810.0144,275304.958,3.0,1,0,0,986.6294,3093.3141
2115,90,11.2002,86892.0913,272426.8727,4.0,2,1,0,965.4677,3026.9653
2116,89,11.4802,90444.256,283563.8911,1.0,1,0,1,1016.2276,3186.1111
2117,89,11.4015,73079.7569,229122.5363,2.0,1,0,0,821.1209,2574.4105
2118,89,11.0442,69871.054,219061.0719,4.0,3,1,1,785.068,2461.3604
2119,89,10.8828,66932.2487,209846.8718,6.0,2,0,0,752.0477,2357.83
2120,89,10.9177,71252.2081,223391.5911,9.0,3,0,0,800.5866,2510.0179
2121,90,10.9082,82144.4172,257541.3785,12.0,4,1,0,912.7157,2861.5709
2122,90,11.0196,78470.2402,246021.4006,15.0,3,0,0,871.8916,2733.5711
2123,90,11.0965,77263.4257,242237.7535,18.0,3,0,0,858.4825,2691.5306
2124,90,11.1321,83749.4333,262573.5375,21.0,4,1,1,930.5493,2917.4837
2125,89,11.1351,74318.615,233006.3821,24.0,3,0,1,835.0406,2618.0492
2126,89,11.0167,72158.5441,226233.4311,16.0,2,0,0,810.7702,2541.9487
2127,90,10.696,74010.5638,232039.606,19.0,4,1,0,822.3396,2578.2178
2128,88,10.5206,69685.4972,218479.6648,23.0,4,0,2,791.8806,2482.7235
2129,87,10.5019,68968.6038,216231.4999,22.0,2,0,1,792.7426,2485.4195
2130,88,10.5739,80215.347,251493.8341,24.0,3,1,0,911.538,2857.8845
2131,88,10.8371,92356.899,289559.9306,26.0,2,0,0,1049.5102,3290.4538
2132,88,10.7646,77202.6756,242048.7661,15.0,1,0,0,877.3031,2750.5542
2133,88,10.8537,82473.1758,258572.5327,17.0,3,1,1,937.1952,2938.3242
2134,88,11.019,78806.0492,247074.44,19.0,2,0,0,895.5233,2807.6641
2135,87,11.2211,82316.9059,258083.0338,4.0,2,0,1,946.1713,2966.4717
2136,88,11.1011,81320.993,254960.3682,2.0,2,1,0,924.1022,2897.2769
2137,88,11.1039,75858.565,237834.4347,3.0,1,0,0,862.0291,2702.664
2138,87,11.2236,82487.978,258618.7997,6.0,3,0,1,948.1377,2972.6299
2139,87,11.144,76063.4189,238476.0585,4.0,3,1,1,874.2922,2741.1041
2140,85,11.2994,75905.0987,237980.4175,3.0,1,0,2,893.0012,2799.7696
2141,84,11.3823,68424.7865,214527.0043,4.0,1,0,1,814.5808,2553.8929
2142,85,11.3339,71287.3371,223501.7658,5.0,2,1,0,838.6746,2629.4325
2143,85,11.6125,79989.0807,250784.6165,6.0,1,0,0,941.048,2950.4073
2144,84,11.8194,77644.9142,243434.8587,7.0,1,0,1,924.3442,2898.034
2145,84,12.0325,84905.2656,266197.9602,8.0,2,1,1,1010.777,3169.0233
2146,84,12.051,74247.8631,232784.5628,9.0,1,0,0,883.9031,2771.2448
2147,84,11.9599,66804.5841,209448.039,10.0,1,0,0,795.2927,2493.429
2148,85,11.7085,66397.888,208172.4138,11.0,2,1,0,781.1516,2449.0872
2149,85,11.7785,74270.6279,232855.4714,12.0,1,0,0,873.7721,2739.4761
2150,84,11.6542,66762.4663,209315.376,13.0,1,0,1,794.7913,2491.8497
2151,84,11.5771,79208.596,248337.134,14.0,2,1,1,942.9595,2956.3945
2152,84,11.4177,58504.2445,183423.7764,16.0,2,0,0,696.4791,2183.6164
2153,84,11.5783,82897.8245,259904.6144,18.0,2,0,0,986.8789,3094.1026
2154,85,11.4012,75507.6684,236733.7632,4.0,3,1,0,888.3255,2785.1031
2155,84,11.4937,80913.492,253682.8293,6.0,2,0,1,963.2559,3020.0337
2156,84,11.495,64900.1006,203476.3752,1.0,1,0,0,772.6202,2422.3378
2157,85,11.4897,78582.4986,246373.9898,2.0,2,1,0,924.5,2898.5175
2158,85,11.3385,64530.5407,202317.9484,3.0,1,0,0,759.1828,2380.2112
2159,85,11.4244,74942.9771,234963.6234,0.0,0,0,0,881.6821,2764.2779
2160,86,11.2822,74188.5408,232598.033,0.0,1,1,0,862.6575,2704.6283
2161,85,11.3525,79191.1437,248282.8174,0.0,0,0,1,931.6605,2920.9743
2162,85,11.1891,67989.2481,213161.6572,0.0,0,0,0,799.8735,2507.7842
2163,86,11.1321,81084.1558,254218.3964,1.0,2,1,0,942.839,2956.0279
2164,85,11.37,88122.5752,276285.0779,2.0,1,0,1,1036.7362,3250.4127
2165,84,11.4365,80965.1967,253845.1588,0.0,0,0,1,963.8714,3021.9662
2166,84,11.4102,81467.6326,255420.3395,1.0,2,1,1,969.8528,3040.7183
2167,83,11.4406,71589.9225,224450.6766,0.0,0,0,1,862.5292,2704.225
2168,83,11.4914,83455.1483,261651.9422,2.0,2,0,0,1005.4837,3152.433
2169,84,11.4103,77589.136,243260.1917,4.0,3,1,0,923.6802,2895.9547
2170,84,11.4284,73990.7662,231978.0021,6.0,2,0,0,880.8425,2761.6429
2171,82,11.5215,77653.9967,243463.625,9.0,3,0,2,947.0,2969.0686
2172,81,11.5507,74986.1427,235099.4593,12.0,4,1,2,925.7548,2902.4625
2173,81,11.516,67661.0197,212133.1897,15.0,3,0,0,835.3212,2618.9283
2174,81,11.4929,64635.3405,202646.1747,18.0,3,0,0,797.9672,2501.8046
2175,81,11.4033,70900.1359,222287.9497,22.0,5,1,1,875.3103,2744.2957
2176,81,11.3313,65164.3622,204304.7368,26.0,4,0,0,804.4983,2522.2807
2177,81,11.2871,67644.9574,212081.9316,23.0,3,0,0,835.1229,2618.2955
2178,82,11.1515,67285.3723,210954.7202,4.0,2,1,0,820.5533,2572.6185
2179,81,11.141,71544.749,224309.1825,5.0,1,0,1,883.2685,2769.2492
2180,80,11.2963,72050.9921,225896.3598,7.0,2,0,1,900.6374,2823.7045
2181,80,11.3885,76038.186,238397.5065,9.0,3,1,1,950.4773,2979.9688
2182,80,11.405,68133.4542,213614.1836,11.0,2,0,0,851.6682,2670.1773
2183,80,11.6482,80490.6154,252356.9712,14.0,3,0,0,1006.1327,3154.4621
2184,80,11.4487,59878.0929,187731.5472,7.0,3,1,1,748.4762,2346.6443
2185,80,11.2553,57693.5752,180881.9618,6.0,1,0,0,721.1697,2261.0245
2186,78,11.0372,49350.0686,154723.5808,7.0,1,0,2,632.6932,1983.6357
2187,79,11.0734,78495.3705,246100.9244,8.0,2,1,0,993.6123,3115.2016
2188,79,11.3233,76996.0164,241399.8982,9.0,1,0,0,974.6331,3055.6949
2189,79,11.5896,78989.2093,247649.8997,11.0,2,0,0,999.8634,3134.8089
2190,80,11.571,73872.6689,231608.3297,13.0,3,1,0,923.4084,2895.1041
2191,80,11.719,70151.883,219942.5314,15.0,2,0,0,876.8985,2749.2816
2192,79,11.7657,62873.1229,197121.5192,17.0,2,0,1,795.8623,2495.2091
2193,79,11.6393,65372.3167,204956.5999,20.0,4,1,1,827.4977,2594.3873
2194,79,11.7638,71145.0347,223056.283,23.0,3,0,0,900.5701,2823.4973
2195,79,11.6252,58213.8254,182513.1247,26.0,3,0,0,736.8839,2310.2927
2196,78,11.3978,65876.7751,206538.2751,29.0,4,1,2,844.574,2647.9266
2197,77,11.3894,62165.1364,194901.5324,32.0,3,0,1,807.3394,2531.1887
2198,77,11.2607,59291.8153,185892.4711,35.0,3,0,0,770.0236,2414.1879
2199,78,11.1452,65847.93,206447.3051,29.0,5,1,0,844.2042,2646.7603
2200,76,11.1862,69136.3796,216757.7969,33.0,4,0,2,909.6892,2852.0763
2201,76,11.1821,64399.4075,201906.5571,37.0,4,0,0,847.3606,2656.6652
2202,77,10.9991,60218.625,188798.4444,37.0,4,1,0,782.0601,2451.9278
2203,77,10.9099,61043.0674,191383.4999,5.0,1,0,0,792.7671,2485.5
2204,77,10.8564,56840.0344,178205.5874,7.0,2,0,0,738.1823,2314.3583
2205,78,10.7519,64431.844,202007.7508,9.0,3,1,0,826.0493,2589.843
2206,78,11.1058,76366.337,239426.3893,11.0,2,0,0,979.0556,3069.5691
2207,78,11.1438,62684.9104,196531.6675,13.0,2,0,0,803.6527,2519.6368
2208,79,11.0848,72889.0674,228524.2975,15.0,3,1,0,922.6464,2892.7126
2209,78,11.2093,71553.7466,224337.8272,17.0,2,0,1,917.3557,2876.126
2210,78,11.4459,77651.0312,243454.0053,20.0,3,0,0,995.526,3121.2052
2211,79,11.4036,63340.9365,198588.0032,13.0,2,1,0,801.784,2513.7722
2212,79,11.4939,68515.4825,214811.195,15.0,2,0,0,867.2846,2719.1291
2213,79,11.491,69596.3045,218200.6008,17.0,2,0,0,880.9659,2762.0329
2214,80,11.3925,72455.6466,227165.1315,20.0,4,1,0,905.6956,2839.5641
2215,80,11.1625,59924.1298,187874.9766,23.0,3,0,0,749.0516,2348.4372
2216,80,11.2713,73959.5118,231880.0483,8.0,2,0,0,924.4939,2898.5006
2217,81,11.315,76699.7022,240470.9104,10.0,3,1,0,946.9099,2968.7767
2218,81,11.3954,71952.024,225586.0214,13.0,3,0,0,888.2966,2785.0126
2219,80,11.4743,73789.0817,231346.3819,14.0,2,0,1,922.3635,2891.8298
2220,81,11.4318,73181.075,229439.0322,16.0,3,1,0,903.4701,2832.5806
2221,81,11.4103,59837.8205,187605.0889,18.0,2,0,0,738.7385,2316.1122
2222,81,11.6312,83378.0939,261409.5486,20.0,2,0,0,1029.3592,3227.2784
2223,82,11.3645,60786.7453,190579.9863,22.0,3,1,0,741.3018,2324.1462
2224,82,11.5938,79206.406,248330.5514,25.0,3,0,0,965.9318,3028.4214
2225,82,11.5044,67360.2354,211189.5999,28.0,3,0,0,821.4663,2575.4829
2226,82,10.9808,47327.2482,148381.222,15.0,2,1,1,577.1616,1809.5271
2227,82,11.0387,69213.0615,216998.328,16.0,1,0,0,844.0617,2646.3211
2228,82,11.0054,67439.5014,211437.579,18.0,2,0,0,822.4329,2578.5071
2229,83,11.0223,73235.8443,229610.4935,19.0,3,1,0,882.3596,2766.3915
2230,83,11.1638,77074.5778,241646.4356,21.0,2,0,0,928.6094,2911.4028
2231,83,11.252,68025.6539,213276.3815,23.0,2,0,0,819.5862,2569.595
2232,84,11.3397,79910.8598,250539.6185,4.0,2,1,0,951.3198,2982.6145
2233,83,11.4103,70535.6069,221145.2707,5.0,1,0,1,849.8266,2664.4009
2234,83,11.3847,69764.0719,218727.001,6.0,1,0,0,840.531,2635.2651
2235,84,11.2558,69964.7903,219355.5991,7.0,2,1,0,832.9142,2611.3762
2236,84,11.4236,79252.4504,248474.6921,8.0,1,0,0,943.4816,2958.032
2237,84,11.4178,60831.4993,190720.0113,10.0,2,0,0,724.1845,2270.4763
2238,82,11.2175,65194.1638,204397.7368,12.0,3,1,3,795.0508,2492.6553
2239,80,11.3665,72875.0146,228480.1418,14.0,2,0,2,910.9377,2856.0018
2240,80,11.3595,74603.8351,233900.5048,16.0,2,0,0,932.5479,2923.7563
2241,80,11.5297,72839.0111,228366.9823,18.0,2,0,0,910.4876,2854.5873
2242,80,11.5137,63550.8502,199246.3111,20.0,2,0,0,794.3856,2490.5789
2243,81,11.3567,66534.9136,208601.6862,23.0,4,1,0,821.4187,2575.3295
2244,81,11.0967,62903.8985,197217.5133,26.0,4,1,1,776.5913,2434.7841
2245,81,11.0801,66654.4986,208977.1738,26.0,2,0,0,822.895,2579.9651
2246,81,11.085,72193.9097,226344.0849,28.0,2,0,0,891.2828,2794.3714
2247,82,10.5984,50139.597,157198.3403,30.0,3,1,0,611.4585,1917.0529
2248,82,10.8089,76949.324,241253.2645,21.0,2,0,0,938.4064,2942.113
2249,81,11.2785,80678.4199,252945.5543,2.0,1,0,1,996.0299,3122.7846
2250,81,11.3517,77567.9853,243193.8118,3.0,2,1,1,957.6294,3002.3927
2251,81,11.4793,79543.4368,249387.5249,4.0,1,0,0,982.0177,3078.8583
2252,81,11.5745,76798.7914,240782.7197,5.0,1,0,0,948.1332,2972.6262
2253,82,11.5327,75379.3322,236332.1324,7.0,3,1,0,919.2601,2882.0992
2254,81,11.5675,79132.4631,248099.5785,9.0,2,0,1,976.944,3062.9578
2255,81,11.6349,67970.8166,213104.217,8.0,1,0,0,839.1459,2630.9163
2256,81,11.462,70250.8357,220253.1559,0.0,1,1,1,867.2943,2719.1748
2257,80,11.2667,62574.502,196185.967,0.0,0,0,1,782.1813,2452.3246
2258,80,11.2007,70959.721,222475.1152,1.0,1,0,0,886.9965,2780.9389
2259,81,10.975,63498.9508,199083.8733,2.0,2,1,0,783.9377,2457.8256
2260,81,11.1401,76360.549,239408.4628,3.0,1,0,0,942.7228,2955.66
2261,81,11.2831,80419.7918,252134.5373,5.0,2,0,0,992.8369,3112.7721
2262,81,11.1804,71459.6114,224042.1134,8.0,4,1,1,882.2174,2765.952
2263,81,10.8703,57718.3813,180960.0099,11.0,3,0,0,712.5726,2234.0742
2264,81,10.7679,76624.5942,240235.6069,14.0,3,0,0,945.9826,2965.8717
2265,81,10.75,69429.0632,217675.6152,17.0,4,1,1,857.1489,2687.3533
2266,81,10.8993,76876.4781,241025.4301,15.0,3,0,0,949.0923,2975.6226
2267,81,11.0849,84003.7369,263371.7274,18.0,3,0,0,1037.0832,3251.5028
2268,82,11.1137,81926.3028,256858.1004,21.0,4,1,0,999.1013,3132.4159
2269,82,11.1661,77020.2989,241476.1831,26.0,5,0,0,939.2719,2944.8315
2270,82,11.1449,70795.8013,221961.3373,31.0,5,0,0,863.3634,2706.8456
2271,83,11.0026,74859.3621,234700.8255,19.0,4,1,0,901.92,2827.7208
2272,83,10.8263,62437.2549,195754.7081,4.0,1,0,0,752.2561,2358.4905
2273,81,10.8617,71928.8872,225514.1753,6.0,2,0,2,888.011,2784.1256
2274,82,10.7649,75354.0857,236252.621,8.0,3,1,0,918.9523,2881.1295
2275,82,10.6551,69166.34,216852.4456,11.0,3,0,0,843.492,2644.542
2276,82,10.7525,78860.6684,247246.2231,15.0,4,0,0,961.7155,3015.1978
2277,83,10.7987,86257.3523,270436.8862,19.0,5,1,0,1039.2452,3258.2757
2278,82,10.9572,83421.709,261546.138,25.0,6,0,1,1017.3379,3189.587
2279,82,11.1225,75963.1122,238161.7008,27.0,5,0,0,926.3794,2904.411
2280,83,11.0015,62393.9859,195618.5577,26.0,4,1,0,751.7348,2356.8501
2281,83,11.01,72947.9311,228708.3113,29.0,3,0,0,878.8907,2755.5218
2282,83,10.9618,68934.7547,216125.6171,32.0,3,0,0,830.5392,2603.9231
2283,83,10.7355,60716.2727,190358.5218,37.0,6,1,1,731.5214,2293.4762
2284,82,11.0649,82550.0121,258813.0173,42.0,5,0,1,1006.7075,3156.2563
2285,82,11.2862,78221.9196,245243.4715,31.0,3,0,0,953.9258,2990.774
2286,83,11.2943,80657.3932,252879.9926,34.0,4,1,0,971.7758,3046.7469
2287,83,11.5352,89000.1267,279036.143,37.0,3,0,0,1072.2907,3361.8812
2288,83,11.4829,66829.6138,209526.3775,20.0,2,0,0,805.1761,2524.4142
2289,84,11.5189,77908.5127,244261.4607,15.0,2,1,0,927.4823,2907.8745
2290,84,11.5603,68139.1675,213631.5439,0.0,0,0,0,811.1806,2543.2327
2291,84,11.7762,81138.7719,254388.8158,0.0,0,0,0,965.9378,3028.4383
2292,85,11.7994,76155.4724,238765.2575,2.0,3,1,0,895.9467,2809.003
2293,85,11.8654,60758.9874,190492.9411,4.0,2,0,0,714.8116,2241.0934
2294,85,12.0393,80234.5963,251554.2222,6.0,2,0,0,943.9364,2959.4614
2295,86,11.8645,72167.4789,226262.0483,8.0,3,1,0,839.1567,2630.9541
2296,85,11.985,79182.5173,248255.1812,10.0,2,0,1,931.559,2920.6492
2297,85,11.8156,64980.2643,203727.895,13.0,3,0,0,764.4737,2396.7988
2298,85,11.7644,65737.2798,206100.3362,14.0,3,1,1,773.3798,2424.7098
2299,85,11.643,61098.8791,191558.4086,17.0,3,0,0,718.8103,2253.6283
2300,84,11.3647,64224.0139,201355.9246,21.0,4,0,1,764.5716,2397.0943
2301,85,10.9922,67694.6933,212237.4875,25.0,5,1,0,796.4082,2496.9116
2302,84,11.0363,72841.8916,228376.0952,26.0,3,0,1,867.1654,2718.763
2303,84,11.017,66756.8201,209297.346,29.0,3,0,0,794.724,2491.6351
2304,85,10.8548,68074.9999,213429.9668,13.0,2,1,0,800.8824,2510.9408
2305,85,10.891,75976.0516,238202.5504,15.0,2,0,0,893.8359,2802.3829
2306,85,10.9457,68615.1853,215123.5474,18.0,3,0,0,807.2375,2530.8653
2307,86,10.9241,87594.2403,274628.6321,21.0,4,1,0,1018.5377,3193.3562
2308,85,10.9029,75142.7821,235590.4516,24.0,3,0,1,884.0327,2771.6524
2309,85,10.7828,69767.0376,218735.3043,19.0,2,0,0,820.7887,2573.3565
2310,86,10.6296,72231.5361,226462.1172,3.0,3,1,0,839.9016,2633.2804
2311,86,10.8073,77260.9698,242230.771,5.0,2,0,0,898.3834,2816.6369
2312,85,11.1482,89753.6114,281398.4378,7.0,2,0,1,1055.9248,3310.5699
2313,85,11.1232,81120.4144,254331.0253,9.0,3,1,1,954.3578,2992.1297
2314,85,11.1444,82983.7853,260174.0256,6.0,1,0,0,976.2798,3060.8709
2315,84,10.9822,59294.6873,185902.4512,0.0,0,0,1,705.8891,2213.1244
2316,85,11.0723,83337.5399,261282.5178,0.0,1,1,0,980.4416,3073.912
2317,84,11.2883,81591.2189,255808.5806,0.0,0,0,1,971.324,3045.3402
2318,84,11.5214,88023.3766,275975.0307,0.0,0,0,0,1047.8973,3285.417
2319,84,11.3291,77069.1788,241630.1877,0.0,1,1,1,917.4902,2876.5499
2320,83,11.3667,72360.8605,226867.9495,1.0,1,0,1,871.8176,2733.3488
2321,83,11.4044,76115.7512,238641.1767,0.0,0,0,0,917.0572,2875.1949
2322,83,11.2156,67130.0283,210467.6192,0.0,1,1,1,808.7955,2535.7544
2323,82,11.1808,70358.1605,220588.9916,1.0,1,0,1,858.0263,2690.1097
2324,82,11.255,72960.8605,228749.7166,2.0,1,0,0,889.7666,2789.6307
2325,82,11.235,77087.6618,241687.9889,3.0,2,1,1,940.0934,2947.4145
2326,82,11.2853,77624.2558,243369.9304,1.0,1,0,0,946.6373,2967.926
2327,82,11.2272,63193.2283,198124.6519,3.0,2,0,0,770.6491,2416.1543
2328,83,11.0048,64980.4186,203727.9829,6.0,4,1,0,782.8966,2454.554
2329,83,11.0595,73645.8041,230896.348,7.0,2,0,0,887.2988,2781.8837
2330,83,11.2705,79483.0449,249197.4406,9.0,2,0,0,957.627,3002.3788
2331,83,11.2449,78645.9316,246573.0436,12.0,4,1,1,947.5413,2970.7596
2332,83,11.2887,66853.0392,209598.9173,15.0,3,0,0,805.4583,2525.2882
2333,83,11.3069,68243.6199,213958.8618,18.0,3,0,0,822.2123,2577.8176
2334,84,11.0496,65634.1022,205777.5288,21.0,4,1,0,781.3584,2449.7325
2335,84,11.105,75330.9089,236179.5133,24.0,3,0,0,896.7965,2811.6609
2336,84,11.0186,69094.4105,216626.0834,27.0,3,0,0,822.5525,2578.8819
2337,85,10.7657,58144.551,182295.9713,24.0,4,1,0,684.0535,2144.6585
2338,85,10.8436,80158.3685,251314.7658,27.0,3,0,0,943.0396,2956.6443
2339,85,10.9964,73751.0205,231225.4294,31.0,4,0,0,867.6591,2720.2992
2340,84,11.006,67237.1919,210803.2912,33.0,4,1,2,800.4428,2509.563
2341,83,10.9764,65600.9793,205673.136,36.0,3,0,1,790.3732,2477.9896
2342,82,11.1621,83218.1222,260907.6309,39.0,3,0,1,1014.8551,3181.8004
2343,83,10.8685,54899.9683,172122.4135,43.0,5,1,0,661.4454,2073.764
2344,83,10.9431,74844.9155,234655.6316,3.0,2,0,0,901.746,2827.1763
2345,83,11.1469,68294.8219,214119.3542,5.0,2,0,0,822.8292,2579.7513
2346,84,11.0536,70683.4957,221608.6916,7.0,3,1,0,841.4702,2638.1987
2347,84,11.2208,74436.5415,233375.5519,9.0,2,0,0,886.1493,2778.2804
2348,84,11.3611,76918.4026,241157.2105,11.0,2,0,0,915.6953,2870.9192
2349,84,11.3185,77908.9916,244263.2963,0.0,1,1,1,927.488,2907.8964
2350,84,11.4,69023.9558,216405.6927,0.0,0,0,0,821.7138,2576.2582
2351,82,11.5552,76656.1573,240334.9659,0.0,0,0,2,934.8312,2930.9142
2352,82,11.3691,68171.1691,213732.3008,0.0,1,1,1,831.3557,2606.4915
2353,82,11.2572,61161.3937,191754.6087,1.0,1,0,0,745.8707,2338.4708
2354,81,11.3922,75682.813,237283.0952,2.0,1,0,1,934.3557,2929.4209
2355,82,11.3719,72446.2017,227135.7309,3.0,2,1,0,883.4903,2769.9479
2356,82,11.437,67148.72,210526.9761,4.0,1,0,0,818.8868,2567.4021
2357,81,11.4697,67660.7228,212132.1988,5.0,1,0,1,835.3176,2618.916
2358,82,11.2271,62150.2554,194854.7426,6.0,2,1,0,757.9299,2376.2773
2359,82,11.1271,68871.9995,215929.2876,8.0,2,0,0,839.9024,2633.284
2360,81,11.1062,69694.9681,218509.8213,2.0,1,0,1,860.4317,2697.6521
2361,80,10.883,56897.588,178386.0705,3.0,2,1,2,711.2199,2229.8259
2362,80,11.0133,71630.4901,224578.7293,4.0,1,0,0,895.3811,2807.2341
2363,80,11.0532,60081.4891,188368.852,0.0,0,0,0,751.0186,2354.6107
2364,81,10.9489,67384.7524,211265.8604,1.0,2,1,0,831.9105,2608.2205
2365,79,11.0123,60775.7971,190545.4159,4.0,3,0,2,769.3139,2411.9673
2366,78,10.9754,66065.9255,207131.8624,7.0,3,0,1,846.999,2655.5367
2367,79,10.7211,52957.8163,166033.5526,10.0,4,1,0,670.3521,2101.6905
2368,79,10.7855,68043.8528,213332.645,13.0,3,0,0,861.3146,2700.4132
2369,78,10.6566,53001.8912,166172.0327,16.0,3,0,1,679.5114,2130.4107
2370,78,10.6038,61604.6496,193143.642,19.0,4,1,1,789.8032,2476.2005
2371,78,10.7033,68845.6198,215846.8201,22.0,3,0,0,882.6362,2767.2669
2372,78,10.7463,69852.9612,219005.1785,17.0,2,0,0,895.5508,2807.7587
2373,79,10.5471,54486.0706,170825.1935,20.0,4,1,0,689.6971,2162.3442
2374,79,10.7354,68801.3946,215707.1817,24.0,4,0,0,870.9037,2730.4707
2375,79,10.8266,64238.7161,201402.5148,28.0,4,0,0,813.1483,2549.3989
2376,80,10.7949,66166.2621,207445.7533,29.0,4,1,0,827.0783,2593.0719
2377,79,10.9562,66705.0093,209134.7829,32.0,3,0,1,844.3672,2647.2757
2378,79,11.0299,63709.6956,199744.2754,6.0,1,0,0,806.4518,2528.4085
2379,80,11.0253,67333.5648,211105.8241,7.0,2,1,0,841.6696,2638.8228
2380,80,11.2045,68731.2829,215488.1993,8.0,1,0,0,859.141,2693.6025
2381,80,11.4902,82666.8448,259180.3821,9.0,1,0,0,1033.3356,3239.7548
2382,81,11.3059,64945.426,203619.326,10.0,2,1,0,801.7954,2513.8188
2383,81,11.4035,74010.9342,232041.4563,11.0,1,0,0,913.7152,2864.7093
2384,80,11.4883,72463.9012,227190.9051,0.0,0,0,1,905.7988,2839.8863
2385,80,11.0755,56180.9431,176139.5048,1.0,2,1,1,702.2618,2201.7438
2386,80,10.9135,65066.1453,203997.4475,2.0,1,0,0,813.3268,2549.9681
2387,79,10.84,63256.651,198323.1309,3.0,1,0,1,800.7171,2510.4194
2388,79,10.5789,56690.7831,177737.8126,5.0,3,1,1,717.6048,2249.8457
2389,78,10.5837,68283.8782,214085.1965,8.0,3,0,1,875.4343,2744.682
2390,78,10.5493,59126.3545,185373.964,11.0,3,0,0,758.0302,2376.5893
2391,77,10.6811,80615.0111,252746.6304,14.0,4,1,2,1046.9482,3282.4238
2392,77,10.8247,64639.1913,202657.9774,4.0,1,0,0,839.47,2631.9218
2393,77,11.0282,74173.9835,232552.9434,6.0,2,0,0,963.2985,3020.1681
2394,77,10.9459,68914.0795,216062.0176,8.0,3,1,1,894.988,2806.0002
2395,76,11.0468,65136.1255,204216.501,10.0,2,0,1,857.0543,2687.0592
2396,76,11.1211,75209.3084,235798.5662,10.0,3,0,0,989.5962,3102.6127
2397,76,11.0112,72537.6694,227422.0573,11.0,3,1,1,954.443,2992.3955
2398,76,11.1773,65293.6979,204710.0656,14.0,3,0,0,859.1276,2693.5535
2399,76,11.3733,75358.7571,236267.1175,17.0,3,0,0,991.5626,3108.7779
2400,75,11.2134,59906.2873,187819.8398,6.0,3,1,2,798.7505,2504.2645
2401,75,11.2706,65045.1389,203931.1449,8.0,2,0,0,867.2685,2719.0819
2402,75,11.4845,76947.4676,241248.4003,11.0,3,0,0,1025.9662,3216.6453
2403,76,11.2991,59732.8586,187275.6007,10.0,3,1,0,785.9587,2464.1526
2404,76,11.338,67288.8745,210966.1358,3.0,1,0,0,885.3799,2775.8702
2405,76,11.206,59988.6678,188078.653,4.0,1,0,0,789.3246,2474.7191
2406,77,11.008,62460.8265,195828.6198,5.0,2,1,0,811.1796,2543.2288
2407,77,11.1102,59053.3223,185145.3205,6.0,1,0,0,766.9263,2404.4847
2408,76,11.362,73263.6935,229699.0511,7.0,1,0,1,963.996,3022.3559
2409,77,11.2902,64510.5156,202255.0893,8.0,2,1,0,837.7989,2626.6895
2410,77,11.2168,63934.055,200447.9694,9.0,1,0,0,830.3124,2603.2204
2411,77,11.0954,64490.072,202191.2361,10.0,1,0,0,837.5334,2625.8602
2412,77,11.0048,63274.4162,198379.2903,12.0,3,1,1,821.7457,2576.3544
2413,77,11.1145,72580.4601,227556.8124,14.0,2,0,0,942.6034,2955.2833
2414,76,11.1855,59981.8291,188056.396,17.0,3,0,1,789.2346,2474.4263
2415,77,11.3176,73613.7735,230795.7058,20.0,4,1,0,956.023,2997.3468
2416,77,11.2739,58328.3395,182871.9269,23.0,3,0,0,757.5109,2374.9601
2417,77,11.3701,61180.3283,191813.6872,26.0,3,0,0,794.5497,2491.0868
2418,78,11.2162,61725.3901,193522.4993,22.0,3,1,0,791.3512,2481.0577
2419,78,11.2701,59728.8307,187262.6057,24.0,2,0,0,765.7542,2400.8026
2420,78,11.1592,60450.3873,189525.3526,26.0,2,0,0,775.005,2429.8122
2421,79,10.8107,58990.8109,184949.6592,28.0,3,1,0,746.7191,2341.1349
2422,79,10.793,65270.5769,204637.6434,31.0,3,0,0,826.2098,2590.3499
2423,79,10.8182,68756.358,215566.5935,34.0,3,0,0,870.3336,2728.6911
2424,80,10.7356,67443.0309,211448.758,14.0,3,1,0,843.0379,2643.1095
2425,80,10.961,76802.6735,240794.7338,4.0,1,0,0,960.0334,3009.9342
2426,80,11.2847,83034.0074,260331.3448,5.0,1,0,0,1037.9251,3254.1418
2427,81,11.4186,78997.1769,247674.7573,0.0,1,1,0,975.2738,3057.7131
2428,81,11.3225,52504.3054,164612.7692,0.0,0,0,0,648.2013,2032.2564
2429,81,11.46,82995.1786,260209.606,0.0,0,0,0,1024.6318,3212.4643
2430,82,11.3158,71280.6578,223482.1231,1.0,2,1,0,869.2763,2725.3917
2431,82,11.3863,73744.6488,231206.6094,2.0,1,0,0,899.325,2819.5928
2432,82,11.6523,82842.3533,259730.2696,1.0,1,0,0,1010.2726,3167.4423
2433,83,11.6084,67692.7379,212231.7175,3.0,3,1,0,815.5752,2557.0086
2434,82,11.6858,66563.9144,208692.8757,5.0,2,0,1,811.7551,2545.0351
2435,82,11.7547,70245.6598,220235.876,7.0,2,0,0,856.6544,2685.8034
2436,83,11.7004,75740.7963,237465.1997,9.0,3,1,0,912.5397,2861.0265
2437,83,11.6796,70951.4695,222449.3117,11.0,2,0,0,854.837,2680.1122
2438,82,11.7702,71615.5547,224531.0095,13.0,2,0,1,873.3604,2738.183
2439,82,11.3129,53447.7667,167570.1901,15.0,3,1,1,651.802,2043.5389
2440,81,11.235,55789.437,174911.5374,17.0,2,0,1,688.7585,2159.4017
2441,81,11.1624,62140.7601,194824.8859,10.0,1,0,0,767.1699,2405.2455
2442,81,10.6576,56715.2488,177815.4249,11.0,2,1,1,700.1883,2195.2522
2443,81,10.7506,70043.3004,219601.7684,12.0,1,0,0,864.7321,2711.1329
2444,81,10.9408,76851.6514,240947.4797,1.0,1,0,0,948.7858,2974.6602
2445,82,10.8734,58363.6861,182982.4655,3.0,3,1,0,711.7523,2231.4935
2446,80,10.9114,62988.4192,197482.8714,5.0,2,0,2,787.3552,2468.5359
2447,80,10.9122,74968.8329,235044.2044,7.0,2,0,0,937.1104,2938.0526
2448,81,10.7218,60968.323,191149.1935,5.0,2,1,0,752.6953,2359.8666
2449,80,11.0043,72585.6533,227572.2952,0.0,0,0,1,907.3207,2844.6537
2450,80,11.1421,62535.1174,196061.9835,0.0,0,0,0,781.689,2450.7748
2451,81,11.2241,77554.2291,243150.3516,0.0,1,1,0,957.4596,3001.8562
2452,80,11.3501,64287.3164,201555.4334,0.0,0,0,1,803.5915,2519.4429
2453,80,11.3442,64798.4561,203158.0447,0.0,0,0,0,809.9807,2539.4756
2454,78,11.3543,70504.8779,221049.8554,0.0,1,1,3,903.9087,2833.9725
2455,77,11.4084,71198.7969,223225.1539,0.0,0,0,1,924.6597,2899.028
2456,76,11.493,66002.9213,206934.5437,1.0,1,0,1,868.4595,2722.8229
2457,76,11.4297,67616.5005,211993.0861,0.0,1,1,1,889.6908,2789.3827
2458,76,11.2872,58821.1981,184417.9931,1.0,1,0,0,773.9631,2426.5525
2459,76,11.3448,61605.4761,193146.7392,2.0,1,0,0,810.5984,2541.4045
2460,77,11.3141,73364.4644,230014.591,3.0,2,1,0,952.7853,2987.2025
2461,77,11.2655,65948.0076,206761.6076,4.0,1,0,0,856.4676,2685.2157
2462,77,11.233,70712.6268,221700.5883,6.0,2,0,0,918.3458,2879.2284
2463,78,10.9912,68697.8498,215383.6089,9.0,4,1,0,880.7417,2761.3283
2464,78,11.1125,72696.2204,227919.4146,12.0,3,0,0,932.0028,2922.0438
2465,78,11.1572,70768.4413,221875.3849,15.0,3,0,0,907.2877,2844.5562
2466,79,11.1795,71468.7031,224070.8009,18.0,4,1,0,904.6671,2836.3393
2467,79,11.3884,75829.4978,237742.9498,21.0,3,0,0,959.8671,3009.4044
2468,78,11.5685,69511.4228,217934.3452,24.0,3,0,1,891.1721,2794.0301
2469,78,11.4862,66388.482,208142.6986,27.0,4,1,1,851.1344,2668.4961
2470,78,11.51,63588.4907,199364.2873,30.0,3,0,0,815.2371,2555.9524
2471,78,11.5603,69341.1223,217400.3551,33.0,3,0,0,888.9887,2787.184
2472,79,11.2904,63006.4339,197538.8901,25.0,3,1,0,797.5498,2500.4923
2473,79,11.2771,66357.707,208046.4483,27.0,2,0,0,839.971,2633.4993
2474,79,11.2027,60172.0332,188652.9528,29.0,2,0,0,761.6713,2388.0121
2475,80,11.1583,73525.4654,230519.55,31.0,3,1,0,919.0683,2881.4944
2476,80,11.3977,83435.5399,261589.9255,20.0,2,0,0,1042.9442,3269.8741
2477,78,11.5755,69730.0653,218619.4922,21.0,2,0,2,893.9752,2802.814
2478,79,11.5943,71343.1334,223676.785,23.0,3,1,0,903.0776,2831.3517
2479,78,11.634,70469.0257,220936.2013,25.0,2,0,1,903.449,2832.5154
2480,78,11.7099,68003.3667,213206.7879,27.0,2,0,0,871.838,2733.4204
2481,79,11.5775,65221.2283,204483.5176,5.0,2,1,0,825.5852,2588.399
2482,79,11.4833,63051.207,197679.7761,6.0,1,0,0,798.1165,2502.2756
2483,79,11.5485,69045.958,216474.4821,9.0,3,0,0,873.9995,2740.1833
2484,80,11.5408,74475.6368,233498.3305,10.0,3,1,0,930.9455,2918.7291
2485,80,11.7691,75193.1426,235748.2974,12.0,2,0,0,939.9143,2946.8537
2486,79,11.7379,62302.2585,195332.2134,14.0,2,0,1,788.6362,2472.5597
2487,80,11.4644,65162.4462,204299.4369,11.0,2,1,0,814.5306,2553.743
2488,79,11.5587,73816.2143,231431.2942,12.0,1,0,1,934.3825,2929.5101
2489,78,11.5598,69832.3521,218940.439,13.0,1,0,1,895.2866,2806.9287
2490,79,11.5139,69933.409,219257.1331,15.0,3,1,0,885.233,2775.4067
2491,77,11.5861,73026.3336,228955.1854,15.0,1,0,2,948.3939,2973.444
2492,77,11.5228,61650.5844,193288.6827,16.0,1,0,0,800.6569,2510.2426
2493,78,11.2241,57495.4696,180261.0069,0.0,1,1,0,737.1214,2311.0386
2494,78,11.1983,72893.2078,228536.9399,0.0,0,0,0,934.5283,2929.9608
2495,77,11.4725,70663.5879,221546.1655,1.0,1,0,1,917.7089,2877.2229
2496,77,11.3825,64488.3023,202185.2333,0.0,1,1,1,837.5104,2625.7823
2497,77,11.5386,74923.3219,234902.7983,0.0,0,0,0,973.0302,3050.6857
2498,77,11.5407,59471.864,186458.278,0.0,0,0,0,772.3619,2421.5361
2499,78,11.3811,67804.5383,212582.7781,1.0,2,1,0,869.289,2725.4202
2500,78,11.2513,60171.8816,188652.9053,0.0,0,0,0,771.4344,2418.627
2501,78,11.3952,75613.9698,237067.3193,1.0,1,0,0,969.4099,3039.3246
2502,76,11.377,56322.1157,176582.4606,4.0,3,0,2,741.0805,2323.4534
2503,77,11.3571,70798.467,221969.2077,7.0,4,1,0,919.4606,2882.717
2504,77,11.3512,54790.4986,171780.1455,3.0,1,0,0,711.5649,2230.911
2505,78,11.4179,70443.4266,220856.5304,4.0,2,1,0,903.1209,2831.494
2506,78,11.2888,55371.2283,173600.563,5.0,1,0,0,709.8875,2225.6482
2507,78,11.1894,61852.0727,193920.1238,0.0,0,0,0,792.9753,2486.1554
2508,79,10.8755,53173.0623,166708.6071,0.0,1,1,0,673.0767,2110.2355
2509,79,10.8633,63955.9663,200516.7013,0.0,0,0,0,809.5692,2538.1861
2510,78,10.8361,59345.1967,186060.0998,0.0,0,0,1,760.8359,2385.3859
2511,78,10.92,65209.4806,204446.6674,1.0,1,0,0,836.019,2621.1111
2512,78,10.8916,64791.0534,203134.5528,2.0,1,0,0,830.6545,2604.2891
2513,78,11.0658,70704.9468,221675.8684,4.0,2,0,0,906.4737,2841.9983
2514,80,10.7396,61027.4563,191335.0937,6.0,4,2,0,762.8432,2391.6887
2515,80,10.8107,72064.5143,225938.9805,0.0,0,0,0,900.8064,2824.2373
2516,80,10.9655,75312.9323,236123.6386,0.0,0,0,0,941.4117,2951.5455
2517,81,11.0464,80157.4687,251312.1515,0.0,1,1,0,989.5984,3102.6192
2518,81,11.319,79843.2289,250326.8537,2.0,2,0,0,985.7189,3090.455
2519,80,11.4537,69926.8745,219236.814,4.0,2,0,1,874.0859,2740.4602
2520,81,11.2931,60649.272,190149.1757,6.0,3,1,0,748.7564,2347.5207
2521,81,11.5982,84585.2482,265194.3161,4.0,1,0,0,1044.2623,3274.0039
2522,81,11.6872,66964.458,209949.446,5.0,1,0,0,826.7217,2591.9685
2523,82,11.5068,67936.831,212997.6971,6.0,2,1,0,828.4979,2597.5329
2524,82,11.3996,67353.4754,211168.2392,7.0,1,0,0,821.3838,2575.2224
2525,81,11.2363,64149.5141,201122.923,9.0,2,0,1,791.9693,2482.999
2526,82,10.9924,55325.5545,173457.133,2.0,2,1,0,674.7019,2115.3309
2527,82,11.0174,81463.1231,255405.7117,4.0,2,0,0,993.4527,3114.7038
2528,82,11.1152,75850.5916,237809.6748,6.0,2,0,0,925.0072,2900.118
2529,82,11.1831,76659.8928,240346.381,8.0,3,1,1,934.8767,2931.0534
2530,82,11.3204,77112.8833,241766.7279,10.0,2,0,0,940.401,2948.3747
2531,82,11.3857,73968.8222,231909.0602,15.0,5,0,0,902.0588,2828.1593
2532,83,11.2934,70525.4982,221113.2324,20.0,6,1,0,849.7048,2664.0148
2533,83,11.1108,52294.6203,163954.1027,26.0,6,0,0,630.0557,1975.3506
2534,83,11.1855,73231.1014,229595.8225,32.0,6,0,0,882.3024,2766.2147
2535,84,11.0789,70659.7176,221533.4913,27.0,6,1,0,841.1871,2637.3035
2536,84,11.1373,70588.9795,221311.744,22.0,3,0,0,840.345,2634.6636
2537,83,11.1698,67262.9319,210883.8947,25.0,3,0,1,810.3968,2540.7698
2538,84,11.1235,78392.723,245778.5885,28.0,4,1,0,933.2467,2925.9356
2539,84,11.1491,67658.4683,212124.4274,32.0,4,0,0,805.458,2525.2908
2540,84,11.2916,79027.8552,247770.8792,34.0,3,0,0,940.8078,2949.6533
2541,84,11.3589,80671.1827,252922.3365,38.0,5,1,1,960.3712,3010.9802
2542,84,11.484,81642.7452,255968.9662,26.0,3,0,0,971.9374,3047.2496
2543,84,11.3444,62850.0282,197049.278,16.0,2,0,0,748.2146,2345.8247
2544,85,11.379,88712.4994,278134.0968,18.0,3,1,0,1043.6765,3272.1658
2545,85,11.4321,82379.6014,258278.933,20.0,2,0,0,969.1718,3038.5757
2546,85,11.4842,76087.1339,238550.6675,23.0,3,0,0,895.1428,2806.4784
2547,85,11.1179,68900.9863,216020.2236,26.0,4,1,1,810.5998,2541.4144
2548,85,10.8107,58416.67,183148.8063,30.0,4,0,0,687.2549,2154.6918
2549,85,10.6014,65577.0856,205598.4733,16.0,4,0,0,771.4951,2418.8056
2550,85,10.5496,79442.1246,249068.7427,21.0,6,1,1,934.6132,2930.2205
2551,85,10.7933,75693.1559,237314.5301,21.0,5,0,0,890.5077,2791.9356
2552,84,10.9001,71976.3223,225661.3942,22.0,3,0,1,856.861,2686.4452
2553,83,10.7159,77375.7476,242590.3918,25.0,4,1,2,932.2379,2922.7758
2554,83,10.6478,68152.5328,213673.8677,19.0,2,0,0,821.1149,2574.3839
2555,83,10.7437,72014.7719,225782.2694,22.0,3,0,0,867.6479,2720.2683
2556,84,10.668,81471.2146,255431.455,26.0,5,1,0,969.8954,3040.8507
2557,84,10.6711,75352.3494,236246.7762,30.0,4,0,0,897.0518,2812.4616
2558,84,10.7755,79206.9122,248332.1791,34.0,4,0,0,942.9394,2956.3355
2559,85,10.8131,79599.7047,249562.9704,39.0,6,1,0,936.4671,2936.0349
2560,84,10.997,77375.3969,242589.0873,27.0,3,0,1,921.1357,2887.9653
2561,83,11.2052,76098.5728,238586.7351,9.0,2,0,1,916.8503,2874.539
2562,83,11.0919,67230.2318,210782.1349,11.0,3,1,1,810.0028,2539.5438
2563,83,11.2367,82860.2191,259786.3839,13.0,2,0,0,998.3159,3129.9564
2564,83,11.159,68145.9404,213652.8648,16.0,3,0,0,821.0354,2574.1309
2565,84,10.8933,68401.6405,214454.2086,20.0,5,1,0,814.3052,2553.0263
2566,84,10.9116,65098.4038,204098.4247,22.0,3,0,0,774.981,2429.7432
2567,84,11.2316,87285.5881,273661.028,4.0,1,0,0,1039.1141,3257.8694
2568,85,11.2754,79382.7068,248883.2268,5.0,2,1,0,933.9142,2928.038
2569,85,11.5816,89174.3165,279583.3519,6.0,1,0,0,1049.1096,3289.2159
2570,84,11.865,84311.5515,264336.522,8.0,2,0,1,1003.7089,3146.8634
2571,85,11.5664,62068.2151,194597.9538,10.0,3,1,0,730.2143,2289.3877
2572,85,11.6292,78725.9244,246824.0992,3.0,1,0,0,926.1873,2903.8129
2573,85,11.4941,66742.5922,209253.9144,4.0,1,0,0,785.207,2461.8108
2574,85,11.1873,70651.3763,221508.0612,5.0,2,1,1,831.1927,2605.9772
2575,85,11.2272,78567.6257,246327.826,7.0,2,0,0,924.325,2897.9744
2576,84,11.3053,74547.5734,233724.127,8.0,2,0,1,887.4711,2782.4301
2577,85,11.4863,87965.4746,275792.1446,10.0,3,1,0,1034.8879,3244.6135
2578,84,11.5273,69851.2663,219000.1666,9.0,1,0,1,831.5627,2607.1448
2579,84,11.4172,68869.2093,215920.8672,10.0,1,0,0,819.8715,2570.4865
2580,85,10.9372,66052.8198,207090.8144,11.0,2,1,0,777.092,2436.3625
2581,85,10.7059,65365.0441,204934.1539,0.0,0,0,0,769.0005,2410.99
2582,84,10.6504,69971.4134,219376.0692,1.0,1,0,1,832.993,2611.6199
2583,85,10.4657,67146.9725,210520.3647,4.0,4,1,0,789.9644,2476.7102
2584,85,10.8349,98693.0324,309425.438,8.0,4,0,0,1161.0945,3640.2993
2585,84,10.9724,75177.7328,235699.1832,13.0,5,0,1,894.973,2805.9427
2586,85,10.8998,75702.9183,237345.8718,19.0,7,1,0,890.6226,2792.3044
2587,85,10.8487,71617.9652,224538.7005,20.0,5,0,0,842.5643,2641.6318
2588,85,10.7935,68698.8646,215385.3731,25.0,5,0,0,808.2219,2533.9456
2589,86,10.7046,77063.4443,241610.7684,31.0,7,1,0,896.0866,2809.4275
2590,86,10.7563,74455.3899,233433.9646,37.0,6,0,0,865.7603,2714.3484
2591,85,10.8352,73059.4971,229057.3541,44.0,7,0,1,859.5235,2694.7924
2592,86,10.8094,79635.5565,249675.4823,43.0,7,1,0,925.9948,2903.2033
2593,86,10.7998,73135.0207,229294.4926,46.0,5,0,0,850.4072,2666.215
2594,86,10.7118,73734.0565,231172.3706,28.0,4,0,0,857.3728,2688.0508
2595,87,10.7642,75030.2625,235236.4355,17.0,3,1,0,862.4168,2703.8671
2596,87,10.959,79884.4301,250455.8666,19.0,2,0,0,918.2118,2878.8031
2597,86,11.0864,77260.4092,242228.9881,22.0,3,0,1,898.3769,2816.6161
2598,86,11.0828,83245.7554,260994.8388,25.0,4,1,1,967.9739,3034.8237
2599,86,11.2011,75031.9756,235242.7512,28.0,3,0,0,872.4648,2735.3808
2600,86,11.2218,77272.2873,242266.6296,17.0,3,0,0,898.515,2817.0538
2601,87,11.1573,76096.8735,238580.4261,18.0,3,1,0,874.6767,2742.3037
2602,87,11.2903,78331.9987,245588.425,0.0,0,0,0,900.3678,2822.8555
2603,87,11.3242,68731.1911,215487.5433,0.0,0,0,0,790.0137,2476.8683
2604,88,11.1265,76095.6933,238577.335,0.0,1,1,0,864.7238,2711.1061
2605,88,11.2763,78135.4604,244972.2119,1.0,1,0,0,887.903,2783.7751
2606,88,11.4712,76778.7588,240719.248,2.0,1,0,0,872.4859,2735.446
2607,89,11.4364,79447.1534,249085.5981,5.0,4,1,0,892.6646,2798.7146
2608,89,11.3033,62709.5594,196608.681,8.0,3,0,0,704.6018,2209.0863
2609,89,11.3221,76193.7855,238884.9185,11.0,3,0,0,856.1099,2684.1002
2610,89,11.3834,90712.3707,284404.5819,8.0,3,1,1,1019.2401,3195.5571
2611,89,11.4839,74447.9433,233411.2246,10.0,2,0,0,836.4937,2622.598
2612,89,11.628,73969.4307,231910.1508,13.0,3,0,0,831.1172,2605.732
2613,90,11.2842,60334.301,189160.3812,17.0,5,1,0,670.3811,2101.782
2614,90,11.1838,71495.1258,224153.125,21.0,4,0,0,794.3903,2490.5903
2615,90,11.1229,78750.8723,246901.6763,25.0,4,0,0,875.0097,2743.352
2616,91,10.9235,76166.329,238798.2749,16.0,4,1,0,836.9926,2624.1569
2617,91,10.7048,66094.264,207219.3889,8.0,2,0,0,726.3106,2277.1361
2618,91,10.444,69995.8495,219452.3504,3.0,1,0,0,769.1852,2411.5643
2619,92,10.2574,69070.0174,216548.8202,4.0,2,1,0,750.7611,2353.7915
2620,92,10.3969,73255.1661,229670.4589,6.0,2,0,0,796.2518,2496.418
2621,91,10.5026,79130.9176,248092.8615,9.0,3,0,1,869.5705,2726.2952
2622,91,10.6227,90164.7277,282686.5703,13.0,5,1,1,990.8212,3106.4458
2623,91,10.6736,80777.3228,253254.9223,18.0,5,0,0,887.6629,2783.0211
2624,89,10.6321,81609.7704,255865.2604,20.0,5,0,2,916.9637,2874.8906
2625,90,10.2947,71811.7106,225145.7146,22.0,5,1,0,797.9079,2501.6191
2626,90,10.492,82034.7428,257197.6929,16.0,4,0,0,911.4971,2857.7521
2627,90,10.6297,79688.8409,249841.8883,12.0,3,0,0,885.4316,2776.021
2628,91,10.497,68100.0775,213508.8758,3.0,2,1,0,748.3525,2346.2514
2629,91,10.3114,66446.4591,208323.7035,4.0,1,0,0,730.1809,2289.2715
2630,91,9.9776,62199.2729,195008.5491,5.0,1,0,0,683.5085,2142.9511
2631,91,9.8682,75450.484,236553.6986,6.0,2,1,1,829.1262,2599.4912
2632,91,10.1395,84785.8175,265823.0501,8.0,2,0,0,931.7123,2921.1324
2633,91,10.4789,95989.3108,300948.8125,8.0,1,0,0,1054.8276,3307.1298
2634,90,10.3264,81359.1877,255080.0188,2.0,3,1,2,903.991,2834.2224
2635,89,10.5514,84677.9343,265484.8093,3.0,2,0,1,951.4375,2982.9754
2636,89,10.7191,81560.2232,255710.0641,5.0,2,0,0,916.407,2873.1468
2637,89,10.7696,82722.7139,259354.8193,3.0,2,1,1,929.4687,2914.0991
2638,89,10.9175,78619.9319,246491.3552,4.0,1,0,0,883.37,2769.5658
2639,88,11.1622,83585.8596,262060.8603,5.0,1,0,1,949.8393,2977.9643
2640,87,11.0308,75081.8922,235398.9597,0.0,1,1,2,863.0103,2705.7352
2641,87,11.1199,81931.7988,256874.9272,2.0,2,0,0,941.7448,2952.5854
2642,86,11.0669,73384.2286,230076.0432,4.0,2,0,1,853.305,2675.3028
2643,87,11.0429,76567.4475,240056.3867,7.0,4,1,0,880.0856,2759.2688
2644,86,11.132,77136.1912,241839.4818,11.0,4,0,1,896.9325,2812.087
2645,86,10.9886,73800.7264,231381.7853,16.0,5,0,0,858.148,2690.4859
2646,87,10.8381,69799.809,218837.7276,21.0,6,1,0,802.2967,2515.3762
2647,87,10.8826,70177.0463,220020.3488,23.0,4,0,0,806.6327,2528.9695
2648,87,11.1297,79943.5045,250640.8097,20.0,4,0,0,918.8909,2880.9288
2649,87,11.0493,75823.344,237723.8034,8.0,3,1,1,871.5327,2732.4575
2650,87,10.9441,62916.7649,197257.6054,3.0,1,0,0,723.1812,2267.3288
2651,87,10.855,68441.5327,214579.8729,0.0,0,0,0,786.6843,2466.4353
2652,88,10.7585,69835.7804,218951.0072,0.0,1,1,0,793.5884,2488.0796
2653,88,10.5212,62762.4482,196774.6239,0.0,0,0,0,713.2096,2236.0753
2654,87,10.425,66561.3634,208684.9849,0.0,0,0,1,765.0731,2398.678
2655,86,10.6088,84016.6467,263412.1528,1.0,1,0,1,976.9378,3062.932
2656,87,10.6243,86902.4459,272460.3597,3.0,3,1,0,998.8787,3131.7283
2657,86,10.7769,77976.723,244474.823,6.0,3,0,1,906.7061,2842.7305
2658,87,10.7688,89666.5738,281125.5552,9.0,4,1,0,1030.6503,3231.3282
2659,86,10.835,73196.1918,229487.0805,14.0,5,0,1,851.1185,2668.4544
2660,85,10.9582,78545.3947,246257.226,19.0,5,0,1,924.0635,2897.1438
2661,86,10.8517,70175.2847,220014.9158,24.0,6,1,0,815.9917,2558.313
2662,86,10.9502,75068.8886,235357.3257,29.0,5,0,0,872.8941,2736.7131
2663,86,10.895,71533.1288,224272.0993,34.0,5,0,0,831.7806,2607.8151
2664,87,10.6944,69035.8807,216442.3177,40.0,7,1,0,793.5159,2487.8427
2665,86,10.5775,61933.8012,194174.9304,37.0,5,0,1,720.1605,2257.848
2666,85,10.5285,62630.5166,196360.2936,22.0,3,0,1,736.8296,2310.1211
2667,86,10.6589,80349.24,251912.3619,25.0,4,1,0,934.2935,2929.2135
2668,86,10.8859,79386.1453,248893.4523,16.0,3,0,0,923.0947,2894.1099
2669,86,10.9765,71452.0809,224018.1333,8.0,2,0,0,830.8382,2604.862
2670,87,10.7482,68856.1046,215878.9584,11.0,4,1,0,791.4495,2481.3673
2671,85,10.8396,74666.769,234097.3525,14.0,3,0,2,878.4326,2754.0865
2672,85,10.8513,77713.8846,243650.9241,12.0,2,0,0,914.281,2866.4815
2673,85,10.8232,71650.271,224639.5572,15.0,4,1,1,842.9444,2642.8183
2674,85,11.0908,82489.92,258624.9153,7.0,2,0,0,970.4696,3042.6461
2675,85,11.2428,72371.6021,226901.2025,9.0,2,0,0,851.4306,2669.4259
2676,86,11.1891,72186.7835,226322.2183,11.0,3,1,0,839.3812,2631.6537
2677,85,11.0748,65767.0323,206194.1899,14.0,3,0,1,773.7298,2425.814
2678,85,11.092,76557.8444,240026.305,17.0,3,0,0,900.6805,2823.8389
2679,85,10.9083,69594.6582,218194.9128,20.0,4,1,1,818.7607,2566.999
2680,85,10.9829,73313.5813,229854.2873,23.0,3,0,0,862.5127,2704.1681
2681,85,11.1404,72882.3567,228502.7808,28.0,5,0,0,857.4395,2688.268
2682,85,11.119,83233.8193,260957.4498,27.0,5,1,1,979.2214,3070.0876
2683,85,11.1777,68163.6221,213708.3371,31.0,4,0,0,801.925,2514.2157
2684,85,10.949,63292.235,198434.9499,35.0,4,0,0,744.6145,2334.5288
2685,86,10.4873,59348.8805,186070.3224,39.0,5,1,0,690.1033,2163.6084
2686,85,10.325,63936.5552,200454.0784,44.0,5,0,1,752.1948,2358.2833
2687,85,10.3609,65785.7853,206252.2023,51.0,7,0,0,773.9504,2426.4965
2688,85,10.3922,80527.3807,252470.8863,19.0,4,1,1,947.3809,2970.2457
2689,85,10.5116,74000.5281,232008.2874,23.0,4,0,0,870.5944,2729.5093
2690,85,10.721,76757.1958,240651.1836,17.0,3,0,0,903.0258,2831.1904
2691,86,10.653,73217.038,229551.8096,20.0,4,1,0,851.3609,2669.2071
2692,86,10.8329,79335.1607,248734.3785,20.0,3,0,0,922.5019,2892.2602
2693,85,11.0753,88259.83,276715.4275,15.0,2,0,1,1038.3509,3255.4756
2694,85,11.0311,78328.3504,245577.7348,0.0,1,1,1,921.51,2889.1498
2695,85,11.1622,74019.2304,232067.7142,0.0,0,0,0,870.8145,2730.2084
2696,85,11.2513,75661.565,237216.7616,0.0,0,0,0,890.1361,2790.7854
2697,86,11.2433,77072.5575,241640.1596,0.0,1,1,0,896.1925,2809.7693
2698,86,11.2506,70012.3006,219504.7857,0.0,0,0,0,814.0965,2552.3812
2699,86,11.1509,74826.6513,234599.2171,0.0,0,0,0,870.0773,2727.8979
2700,87,11.0092,76237.4711,239022.6381,0.0,1,1,0,876.2928,2747.3866
2701,87,11.2124,87743.943,275097.9402,0.0,0,0,0,1008.5511,3162.0453
2702,87,11.2104,81171.6954,254492.6607,0.0,0,0,0,933.008,2925.203
2703,88,11.0657,72671.595,227842.2014,1.0,2,1,0,825.8136,2589.1159
2704,88,11.1157,81731.8651,256248.5116,2.0,1,0,0,928.7712,2911.9149
2705,88,11.1664,73993.5871,231986.7055,3.0,1,0,0,840.8362,2636.2126
2706,89,11.1021,80018.968,250877.4488,4.0,2,1,0,899.0895,2818.8477
2707,89,11.2775,89877.8249,281788.6899,7.0,3,0,0,1009.8632,3166.1651
2708,88,11.3536,76629.2539,240250.558,10.0,3,0,1,870.787,2730.12
2709,89,11.2295,78266.9962,245384.7996,10.0,3,1,0,879.4045,2757.1326
2710,89,11.2993,77203.8956,242051.8772,1.0,1,0,0,867.4595,2719.684
2711,88,11.1448,64488.5518,202185.972,2.0,1,0,1,732.8245,2297.5679
2712,89,11.0632,78511.0806,246150.0362,3.0,2,1,0,882.147,2765.7307
2713,89,10.8808,61263.5652,192074.2771,5.0,2,0,0,688.3547,2158.1379
2714,88,10.8193,72957.587,228738.4752,7.0,2,0,1,829.0635,2599.3009
2715,88,10.6053,82458.3885,258526.5049,3.0,2,1,1,937.0271,2937.8012
2716,88,10.6051,75754.8897,237509.0715,5.0,2,0,0,860.851,2698.9667
2717,87,10.6635,74607.4171,233911.3107,8.0,3,0,1,857.5565,2688.6358
2718,88,10.7357,82827.7087,259683.8317,12.0,5,1,0,941.224,2950.9526
2719,87,10.7045,71798.0687,225102.6338,17.0,5,0,1,825.2652,2587.3866
2720,87,10.6844,70192.6556,220069.3883,19.0,4,0,0,806.8121,2529.5332
2721,88,10.715,82001.5747,257093.1312,23.0,5,1,0,931.8361,2921.5129
2722,88,10.6612,68252.2925,213986.2606,27.0,4,0,0,775.5942,2431.6621
2723,88,10.6945,70334.6164,220514.7484,26.0,3,0,0,799.257,2505.8494
2724,89,10.5479,73045.4608,229013.5718,30.0,5,1,0,820.7355,2573.1862
2725,89,10.6224,78220.5326,245238.986,34.0,4,0,0,878.8824,2755.4942
2726,89,10.9091,87569.8938,274551.4888,38.0,4,0,0,983.9314,3084.8482
2727,89,10.7916,75855.21,237822.8251,30.0,4,1,1,852.3057,2672.1666
2728,89,10.9303,80296.8247,251748.7527,33.0,3,0,0,902.2115,2828.6377
2729,89,10.9215,73296.6541,229801.7243,36.0,3,0,0,823.5579,2582.0418
2730,90,10.8771,74226.5575,232717.0271,15.0,3,1,0,824.7395,2585.7447
2731,90,11.0574,72457.8369,227171.2032,15.0,1,0,0,805.0871,2524.1245
2732,90,11.1779,82329.8791,258122.6576,17.0,2,0,0,914.7764,2868.0295
2733,91,11.0229,71514.7937,224214.7991,19.0,3,1,0,785.8769,2463.8989
2734,91,10.8344,64772.1126,203074.6425,22.0,3,0,0,711.7815,2231.5895
2735,91,10.8486,78857.5663,247235.8645,25.0,3,0,0,866.5667,2716.8776
2736,92,10.5934,66564.5866,208694.9918,25.0,3,1,0,723.5281,2268.4238
2737,92,10.6394,77991.3836,244520.4844,27.0,2,0,0,847.7324,2657.8314
2738,92,10.7108,77362.5326,242548.4431,7.0,1,0,0,840.8971,2636.3961
2739,93,10.6439,77223.8971,242114.1454,8.0,2,1,0,830.3645,2603.3779
2740,92,10.7795,84947.5952,266330.291,9.0,1,0,1,923.3434,2894.8945
2741,92,10.8945,80627.4593,252786.0573,0.0,0,0,0,876.3854,2747.6745
2742,93,10.8795,84051.5601,263521.0509,1.0,2,1,0,903.7802,2833.5597
2743,93,10.979,83734.0987,262525.5015,2.0,1,0,0,900.3667,2822.8549
2744,92,11.1347,78956.2151,247545.6385,5.0,3,0,1,858.2197,2690.7135
2745,93,10.9152,71942.4138,225555.1837,8.0,4,1,0,773.5743,2425.3246
2746,93,10.8997,70704.2133,221672.9626,11.0,3,0,0,760.2604,2383.5802
2747,93,10.6802,66652.2982,208969.6723,14.0,3,0,0,716.6914,2246.9857
2748,94,10.1457,53506.4725,167753.172,12.0,3,1,0,569.2178,1784.6082
2749,94,9.9008,72898.6146,228553.2514,15.0,3,0,0,775.5172,2431.4176
2750,94,9.7722,69680.3758,218462.6129,19.0,4,0,0,741.2806,2324.0703
2751,94,9.7975,76315.5905,239265.7721,25.0,7,1,1,811.868,2545.3806
2752,93,9.9261,78308.7978,245515.3092,25.0,4,0,1,842.0301,2639.9496
2753,93,9.9025,75817.2277,237703.7972,29.0,4,0,0,815.239,2555.9548
2754,94,9.838,80853.4716,253493.3039,22.0,4,1,0,860.1433,2696.7373
2755,94,9.7912,71545.4789,224310.1786,27.0,5,0,0,761.1221,2386.2785
2756,92,9.8131,71843.6887,225244.9685,17.0,4,0,2,780.9097,2448.3149
2757,93,9.8587,82234.7841,257824.3261,22.0,6,1,0,884.245,2772.3046
2758,93,10.1129,85391.0855,267719.7405,19.0,4,0,0,918.1837,2878.7069
2759,93,10.1992,85297.7717,267428.1353,23.0,4,0,0,917.1803,2875.5713
2760,93,10.0241,72260.5578,226552.4558,28.0,6,1,1,776.9952,2436.0479
2761,93,10.3119,92836.2302,291062.4361,26.0,3,0,0,998.239,3129.7036
2762,92,10.4543,76280.1706,239154.9412,8.0,1,0,1,829.1323,2599.5102
2763,93,10.3895,72833.4622,228348.505,10.0,3,1,0,783.1555,2455.3603
2764,93,10.4468,72209.2204,226391.3291,12.0,2,0,0,776.4432,2434.3154
2765,93,10.4537,73689.9288,231033.6775,15.0,3,0,0,792.3648,2484.2331
2766,93,10.5138,77435.0998,242776.2688,18.0,4,1,1,832.6355,2610.4975
2767,93,10.496,74250.9407,232792.8982,22.0,4,0,0,798.3972,2503.1494
2768,93,10.6408,76437.0544,239647.2984,24.0,3,0,0,821.9038,2576.8527
2769,94,10.6669,72101.4742,226053.8352,27.0,4,1,0,767.037,2404.828
2770,94,10.8624,75907.2057,237985.5989,22.0,2,0,0,807.5235,2531.7617
2771,94,10.9673,74639.3792,234010.4574,17.0,1,0,0,794.0359,2489.473
2772,95,10.985,73527.2452,230524.0143,18.0,2,1,0,773.971,2426.5686
2773,95,11.18,87505.1658,274348.8019,19.0,1,0,0,921.107,2887.8821
2774,93,11.1133,67085.1783,210327.0901,20.0,1,0,2,721.346,2261.5816
2775,92,10.94,70893.0763,222265.5861,22.0,3,1,2,770.5769,2415.9303
2776,92,11.0009,75450.1575,236552.7182,24.0,2,0,0,820.1104,2571.2252
2777,92,11.0158,80088.6679,251096.4007,26.0,2,0,0,870.529,2729.3087
2778,92,10.777,70023.9371,219540.5866,4.0,2,1,1,761.1298,2386.3107
2779,92,10.5025,61667.8233,193341.4366,5.0,1,0,0,670.3024,2101.5374
2780,91,10.5161,69191.5368,216930.7799,9.0,4,0,1,760.3466,2383.8547
2781,92,10.4294,78314.6684,245532.7397,13.0,5,1,0,851.2464,2668.8341
2782,92,10.328,61944.5374,194208.6936,19.0,6,0,0,673.3102,2110.9641
2783,92,10.4389,72971.3482,228781.1139,24.0,6,0,0,793.1668,2486.7512
2784,90,10.4233,71072.0677,222825.9028,25.0,6,1,3,789.6896,2475.8434
2785,88,10.4223,68810.4162,215735.621,24.0,4,0,2,781.9365,2451.5411
2786,88,10.6033,82562.8931,258853.3364,29.0,5,0,0,938.2147,2941.5152
2787,87,10.5784,74765.1408,234405.1969,21.0,5,1,2,859.3694,2694.3126
2788,87,10.5656,73896.2672,231681.3329,25.0,4,0,0,849.3824,2663.0038
2789,86,10.6395,77880.7015,244173.4576,30.0,5,0,1,905.5896,2839.2263
2790,87,10.5433,70990.4134,222570.5166,36.0,7,1,0,815.9818,2558.2818
2791,87,10.5266,68704.6549,215404.0544,21.0,4,0,0,789.7087,2475.9087
2792,87,10.4398,76580.4964,240097.026,25.0,4,0,0,880.2356,2759.7359
2793,88,10.3944,80488.7456,252350.9655,4.0,2,1,0,914.6448,2867.6246
2794,87,10.5069,79465.3624,249141.9999,0.0,0,0,1,913.395,2863.7011
2795,87,10.5547,77183.3056,241987.7425,1.0,1,0,0,887.1644,2781.4683
2796,87,10.4944,79113.1954,248038.5178,0.0,1,1,1,909.3471,2851.0174
2797,86,10.6642,83840.191,262858.828,0.0,0,0,1,974.8859,3056.498
2798,86,10.6416,63172.8888,198060.9892,0.0,0,0,0,734.5685,2303.0348
2799,87,10.7825,92647.2923,290470.9749,1.0,2,1,0,1064.9114,3338.7468
2800,87,10.8548,76817.9508,240842.3666,0.0,0,0,0,882.965,2768.3031
2801,87,11.0291,80097.9217,251125.9874,1.0,1,0,0,920.6658,2886.5056
2802,88,11.1136,81781.3012,256403.2234,2.0,2,1,0,929.333,2913.673
2803,88,11.2999,81100.1065,254267.1323,3.0,1,0,0,921.5921,2889.3992
2804,87,11.3799,76049.1284,238431.9581,4.0,1,0,1,874.1279,2740.5972
2805,86,11.1666,62026.2295,194466.0952,5.0,2,1,2,721.2352,2261.2337
2806,86,11.1943,72837.1922,228361.7986,6.0,1,0,0,846.9441,2655.3698
2807,85,11.1495,67125.6554,210454.2419,7.0,1,0,1,789.7136,2475.9323
2808,86,10.9086,68391.0932,214421.4942,8.0,2,1,0,795.2453,2493.2732
2809,86,10.6258,63383.0915,198719.8917,11.0,3,0,0,737.0127,2310.6964
2810,86,10.6428,79931.535,250603.4004,14.0,4,0,0,929.4365,2913.993
2811,87,10.531,75923.7704,238038.483,17.0,5,1,0,872.687,2736.0745
2812,87,10.5274,66567.2722,208703.0543,18.0,3,0,0,765.1411,2398.8857
2813,87,10.5783,67246.7176,210832.8181,8.0,2,0,0,772.9508,2423.3657
2814,88,10.423,68154.2997,213678.1571,7.0,3,1,0,774.4807,2428.1609
2815,88,10.6025,77251.7708,242201.2663,9.0,2,0,0,877.861,2752.2871
2816,88,10.9078,82706.2495,259302.9121,12.0,3,0,0,939.8437,2946.624
2817,88,10.9273,76163.6432,238790.5732,15.0,4,1,1,865.4959,2713.5292
2818,88,10.8556,74632.5113,233990.0802,8.0,2,0,0,848.0967,2658.9782
2819,88,10.6528,65770.8021,206205.7906,10.0,2,0,0,747.3955,2343.2476
2820,88,10.7152,76026.1698,238358.8277,12.0,3,1,1,863.9337,2708.623
2821,87,10.5119,65433.7619,205149.0301,14.0,2,0,1,752.1122,2358.0348
2822,87,10.4945,74346.3067,233092.4077,7.0,1,0,0,854.5552,2679.2231
2823,88,10.362,61554.7446,192987.0913,8.0,2,1,0,699.4857,2193.0351
2824,88,10.4448,71081.522,222856.1381,1.0,1,0,0,807.7446,2532.4561
2825,88,10.6443,74642.6433,234021.5571,3.0,2,0,0,848.2119,2659.3359
2826,89,10.6413,81022.9009,254024.8782,2.0,2,1,0,910.3697,2854.2121
2827,89,10.5505,58697.7528,184030.1625,3.0,1,0,0,659.5253,2067.7546
2828,88,10.6804,74532.9328,233677.4159,4.0,1,0,1,846.9651,2655.4252
2829,89,10.7194,75735.46,237447.3985,5.0,2,1,0,850.9602,2667.9483
2830,88,10.8699,75686.7601,237295.2675,6.0,1,0,1,860.0768,2696.5371
2831,88,10.8314,65916.9804,206664.3217,7.0,1,0,0,749.0566,2348.4582
2832,87,10.7405,66862.6586,209629.0558,8.0,2,1,2,768.5363,2409.5294
2833,87,10.7437,63025.5247,197598.6237,9.0,1,0,0,724.4313,2271.2485
2834,87,10.7841,70324.5567,220483.5718,10.0,1,0,0,808.3282,2534.2939
2835,87,10.5258,69506.5995,217919.0736,11.0,2,1,1,798.9264,2504.8169
2836,87,10.476,63060.9935,197709.5673,12.0,1,0,0,724.839,2272.5238
2837,86,10.5411,73058.7749,229055.7823,13.0,1,0,1,849.5206,2663.4393
2838,87,10.4847,68979.9731,216266.8101,14.0,2,1,0,792.8733,2485.8254
2839,87,10.7832,82800.6091,259598.5155,2.0,2,0,0,951.7311,2983.891
2840,87,10.7238,59580.3037,186796.9233,2.0,1,0,0,684.8311,2147.0911
2841,87,10.7923,75724.5435,237413.4972,3.0,1,0,0,870.3971,2728.8908
2842,87,10.442,43592.922,136672.4113,5.0,2,0,0,501.0681,1570.9473
2843,87,10.3184,65884.8078,206562.9634,7.0,2,0,0,757.2966,2374.2869
2844,86,10.3355,73245.6781,229641.5999,9.0,3,1,2,851.6939,2670.2512
2845,86,10.3422,69359.7647,217457.7877,7.0,1,0,0,806.5089,2528.5789
2846,85,10.2091,62109.3076,194725.7605,10.0,3,0,1,730.6977,2290.8913
2847,85,10.1495,71073.5303,222831.4301,13.0,4,1,1,836.1592,2621.5462
2848,85,10.1792,73664.4783,230954.6753,17.0,4,0,0,866.6409,2717.1138
2849,85,10.0395,61490.0809,192784.9232,22.0,5,0,0,723.4127,2268.0579
2850,87,9.727,73515.2614,230486.4353,15.0,6,2,0,845.003,2649.2694
2851,87,9.8077,72567.0094,227512.711,19.0,4,0,0,834.1036,2615.0886
2852,87,10.1,87327.9495,273793.1901,23.0,4,0,0,1003.7695,3147.0482
2853,88,10.179,79573.0215,249479.6459,27.0,5,1,0,904.2389,2834.996
2854,88,10.4712,87929.5122,275679.5378,31.0,4,0,0,999.199,3132.722
2855,88,10.6329,79465.2194,249140.8937,35.0,4,0,0,903.0139,2831.1465
2856,89,10.554,84421.3628,264680.3928,39.0,5,1,0,948.5546,2973.937
2857,89,10.4802,69606.5117,218231.8442,43.0,4,0,0,782.0956,2452.0432
2858,89,10.5048,75306.7312,236102.9322,34.0,3,0,0,846.143,2652.8419
2859,90,10.4098,75221.6097,235836.3541,27.0,4,1,0,835.7957,2620.4039
2860,90,10.492,75336.211,236195.2391,31.0,4,0,0,837.069,2624.3915
2861,89,10.5585,62818.8783,196950.1994,2.0,1,0,1,705.8301,2212.9236
2862,90,10.4885,70589.6562,221313.4483,0.0,1,1,0,784.3295,2459.0383
2863,89,10.7661,81957.8555,256956.189,1.0,1,0,1,920.8748,2887.1482
2864,87,10.9769,81771.591,256372.5787,3.0,2,0,2,939.9033,2946.8112
2865,88,11.0065,80607.6634,252723.3189,2.0,2,1,0,915.9962,2871.8559
2866,86,11.3083,86123.0604,270015.8854,0.0,0,0,2,1001.4309,3139.7196
2867,86,11.0568,63857.7448,200209.0598,0.0,0,0,0,742.5319,2328.0123
2868,87,10.839,74312.8475,232987.8517,0.0,1,1,0,854.1707,2678.0213
2869,87,10.9763,72232.741,226465.6038,1.0,1,0,0,830.2614,2603.0529
2870,87,11.1349,77309.6997,242384.1205,3.0,2,0,0,888.6172,2786.0244
2871,86,11.1293,70124.788,219856.5653,0.0,1,1,2,815.4045,2556.4717
2872,86,11.1533,64152.8281,201133.3573,1.0,1,0,0,745.9631,2338.76
2873,86,11.3363,78381.9423,245745.3017,2.0,1,0,0,911.4179,2857.5035
2874,87,11.1264,63197.2457,198137.7123,3.0,2,1,0,726.4051,2277.445
2875,87,11.1379,63383.5557,198721.6548,4.0,1,0,0,728.5466,2284.157
2876,87,11.325,76193.0132,238882.5118,5.0,1,0,0,875.7818,2745.776
2877,87,11.3345,70586.5699,221304.9404,6.0,2,1,1,811.3399,2543.7349
2878,86,11.2239,71890.0079,225391.4422,7.0,1,0,1,835.9303,2620.8307
2879,84,10.9999,69136.8909,216760.3525,8.0,1,0,2,823.0582,2580.4804
2880,85,10.8853,71083.1142,222861.6457,9.0,2,1,0,836.2719,2621.9017
2881,85,10.5598,48181.2818,151058.7967,10.0,1,0,0,566.8386,1777.1623
2882,85,10.7192,83473.2728,261708.1978,11.0,1,0,0,982.0385,3078.92
2883,86,10.7307,79796.1882,250179.3467,13.0,3,1,0,927.8627,2909.0622
2884,85,10.8743,74990.2043,235111.8358,2.0,1,0,1,882.2377,2766.0216
2885,85,10.709,59659.8659,187047.3009,3.0,1,0,0,701.8808,2200.5565
2886,85,10.7684,81264.4511,254783.4034,4.0,1,0,0,956.0524,2997.4518
2887,86,10.548,68042.764,213328.9562,5.0,2,1,0,791.1949,2480.5693
2888,86,10.5321,66500.5628,208494.0601,9.0,4,0,0,773.2624,2424.3495
2889,87,10.3593,69930.5534,219247.3142,14.0,6,1,0,803.7995,2520.0841
2890,87,10.4428,79693.0296,249855.4496,16.0,4,0,0,916.0118,2871.9017
2891,87,10.5681,72070.9291,225957.7656,16.0,3,0,0,828.4015,2597.2157
2892,88,10.5814,73581.055,230692.3634,16.0,4,1,0,836.1484,2621.5041
2893,88,10.756,79003.9253,247695.4671,19.0,3,0,0,897.7719,2814.7212
2894,88,11.0703,89442.1305,280421.7009,15.0,2,0,0,1016.3878,3186.6102
2895,88,11.0248,70776.8995,221901.7654,17.0,3,1,1,804.2829,2521.611
2896,88,11.0791,69915.0914,219199.2369,19.0,2,0,0,794.4897,2490.9004
2897,86,11.2284,77850.5381,244079.4685,6.0,1,0,2,905.2388,2838.1334
2898,87,11.1558,80530.9378,252482.9088,7.0,2,1,0,925.643,2902.1024
2899,87,11.2581,71156.2343,223090.7497,8.0,1,0,0,817.8878,2564.2615
2900,87,11.2945,71698.2383,224790.5337,9.0,1,0,0,824.1177,2583.7992
2901,88,11.1191,71210.5778,223261.5498,10.0,2,1,0,809.2111,2537.0631
2902,87,11.1314,73204.5174,229512.8558,0.0,0,0,1,841.4312,2638.0788
2903,87,11.0092,70049.7959,219621.9271,0.0,0,0,0,805.1701,2524.39
2904,88,10.9741,78849.0163,247209.9188,1.0,2,1,0,896.0115,2809.2036
2905,88,10.944,68245.4254,213965.165,2.0,1,0,0,775.5162,2431.4223
2906,88,10.9723,78821.9616,247124.3473,5.0,3,0,0,895.7041,2808.2312
2907,87,10.5368,67385.53,211268.3449,8.0,4,1,2,774.5463,2428.3718
2908,87,10.6769,78009.3713,244577.1777,11.0,3,0,0,896.6594,2811.2319
2909,86,10.8117,78749.3543,246897.6145,14.0,3,0,1,915.6902,2870.9025
2910,86,10.8082,88420.914,277220.3713,17.0,4,1,1,1028.1502,3223.4927
2911,86,10.9559,78157.2277,245041.1832,6.0,1,0,0,908.805,2849.3161
2912,86,11.1406,80811.7625,253363.8986,1.0,1,0,0,939.6717,2946.0918
2913,87,10.8948,66168.2343,207452.1886,2.0,2,1,0,760.5544,2384.5079
2914,87,11.0415,79260.8618,248501.1266,3.0,1,0,0,911.0444,2856.3348
2915,87,11.0259,71207.1043,223250.2823,4.0,1,0,0,818.4725,2566.0952
2916,88,11.0423,87105.3891,273095.8736,5.0,2,1,0,989.834,3103.3622
2917,88,10.9182,72200.408,226365.468,7.0,2,0,0,820.4592,2572.3349
2918,88,10.934,78853.359,247223.8441,7.0,1,0,0,896.0609,2809.3619
2919,89,10.7651,81040.3797,254080.301,8.0,2,1,0,910.5661,2854.8348
2920,89,10.5192,62661.5052,196457.7411,9.0,1,0,0,704.0619,2207.3903
2921,89,10.4559,71773.289,225025.1572,10.0,1,0,0,806.4414,2528.3726
2922,89,10.4929,78070.213,244768.0315,1.0,2,1,1,877.1934,2750.2026
2923,89,10.6376,79773.4413,250107.2748,4.0,3,0,0,896.3308,2810.1941
2924,89,10.8856,87334.1477,273812.3409,8.0,4,0,0,981.2826,3076.5432
2925,90,10.9539,83373.1662,261393.8111,10.0,4,1,0,926.3685,2904.3757
2926,89,11.0103,76236.2473,239017.4502,13.0,3,0,1,856.587,2685.5893
2927,89,10.9716,65521.5914,205424.1439,16.0,3,0,0,736.1977,2308.1364
2928,90,10.7581,63320.192,198522.9478,12.0,3,1,0,703.5577,2205.8105
2929,90,10.9891,86846.2745,272282.8668,14.0,2,0,0,964.9586,3025.3652
2930,89,11.0776,71888.4923,225386.739,16.0,2,0,1,807.7359,2532.4353
2931,90,11.1562,77730.8439,243703.8798,18.0,3,1,0,863.676,2707.8209
2932,89,11.142,64265.2911,201485.4798,10.0,1,0,1,722.0819,2263.8818
2933,89,11.2196,85962.9489,269514.1572,11.0,1,0,0,965.8758,3028.249
2934,90,11.1183,83842.92,262866.9791,12.0,2,1,0,931.588,2920.7442
2935,90,11.1369,74639.9636,234013.5976,13.0,1,0,0,829.3329,2600.1511
2936,90,11.0883,69008.859,216357.8282,0.0,0,0,0,766.7651,2403.9759
2937,91,10.9636,78461.7689,245995.1586,1.0,2,1,0,862.2172,2703.2435
2938,90,11.0628,80123.6208,251205.4299,4.0,3,0,1,890.2625,2791.1714
2939,89,11.1847,83560.6872,261981.9787,5.0,2,0,1,938.8841,2943.6177
2940,90,11.1343,79791.1684,250163.5022,7.0,3,1,0,886.5685,2779.5945
2941,90,11.3514,79237.8232,248428.7376,9.0,2,0,0,880.4203,2760.3193
2942,90,11.2879,76525.0737,239924.7634,11.0,2,0,0,850.2786,2665.8307
2943,89,11.0907,75512.1412,236747.8362,13.0,3,1,2,848.451,2660.088
2944,89,11.0824,70480.2216,220970.8968,15.0,2,0,0,791.9126,2482.8191
2945,89,11.2177,81430.3205,255302.9133,17.0,2,0,0,914.9474,2868.5721
2946,90,11.1379,76578.3011,240090.2751,19.0,3,1,0,850.87,2667.6697
2947,89,11.3112,82218.3168,257773.215,21.0,2,0,1,923.8013,2896.3283
2948,89,11.377,76752.4337,240636.4774,11.0,1,0,0,862.3869,2703.7806
2949,90,11.3697,84916.878,266234.4393,13.0,3,1,0,943.5209,2958.1604
2950,90,11.5122,81366.0116,255101.4006,15.0,2,0,0,904.0668,2834.46
2951,90,11.6632,82719.7936,259346.0647,14.0,1,0,0,919.1088,2881.6229
2952,91,11.8756,90653.9174,284221.2354,0.0,1,1,0,996.1969,3123.3103
2953,91,12.001,80627.7709,252787.6133,0.0,0,0,0,886.0195,2777.8859
2954,91,11.854,74467.8074,233473.9413,0.0,0,0,0,818.3276,2565.6477
2955,92,11.6762,73150.29,229342.9122,0.0,1,1,0,795.1118,2492.8577
2956,92,11.7444,73573.0906,230668.4972,0.0,0,0,0,799.7075,2507.2663
2957,92,11.6868,74626.9684,233972.6265,0.0,0,0,0,811.1627,2543.1807
2958,92,11.5366,75417.263,236450.8372,0.0,1,1,1,819.7529,2570.1178
2959,92,11.5837,80480.8119,252325.5962,1.0,1,0,0,874.7914,2742.6695
2960,92,11.4793,72309.7425,226707.6282,4.0,3,0,0,785.9755,2464.2133
2961,93,11.3273,76226.6724,238987.9658,5.0,3,1,0,819.6416,2569.7631
2962,93,11.2762,64374.0703,201827.2344,3.0,1,0,0,692.1943,2170.1853
2963,92,11.2894,78768.648,246957.6838,5.0,2,0,1,856.181,2684.3227
2964,91,11.2702,80858.5983,253510.6628,2.0,2,1,2,888.556,2785.8315
2965,90,11.2548,76691.8174,240446.6929,3.0,1,0,1,852.1313,2671.6299
2966,90,11.3498,77935.4756,244345.9352,4.0,1,0,0,865.9497,2714.9548
2967,91,11.3328,79974.3191,250737.3267,5.0,2,1,0,878.8387,2755.3552
2968,91,11.1872,68803.8345,215715.5077,7.0,2,0,0,756.0861,2370.5001
2969,91,11.095,68738.3873,215510.0149,9.0,2,0,0,755.3669,2368.2419
2970,92,10.8861,72974.8911,228792.4466,11.0,3,1,0,793.2053,2486.8744
2971,91,10.8704,74596.9494,233878.0504,9.0,1,0,1,819.7467,2570.0885
2972,90,11.0892,77037.1259,241528.1503,0.0,0,0,1,855.9681,2683.6461
2973,91,11.0533,75602.6836,237031.7931,1.0,2,1,0,830.7987,2604.745
2974,91,11.1971,80026.9846,250902.7514,2.0,1,0,0,879.4174,2757.1731
2975,91,11.1469,75031.0726,235239.4958,3.0,1,0,0,824.5173,2585.0494
2976,92,11.0187,84369.5284,264517.832,4.0,2,1,0,917.0601,2875.1938
2977,92,11.0692,84114.771,263719.5083,6.0,2,0,0,914.291,2866.5164
2978,91,10.9863,63127.1258,197917.664,8.0,2,0,1,693.7047,2174.9194
2979,91,10.9265,80837.5004,253443.8715,12.0,5,1,1,888.3242,2785.0975
2980,91,11.0358,83671.8862,262331.0358,16.0,4,0,0,919.4713,2882.7586
2981,91,11.1176,78093.4916,244840.8646,20.0,4,0,0,858.1702,2690.559
2982,91,11.1221,85563.2988,268260.2612,20.0,4,1,1,940.256,2947.915
2983,91,11.2029,81671.0158,256057.5035,23.0,3,0,0,897.4837,2813.8187
2984,91,11.301,81981.5608,257031.1312,26.0,3,0,0,900.8963,2824.5179
2985,92,11.158,69898.1377,219145.5766,24.0,5,1,0,759.7624,2382.0171
2986,92,11.1125,72176.0487,226287.5818,28.0,4,0,0,784.5223,2459.6476
2987,92,11.0741,72322.7762,226747.1559,32.0,4,0,0,786.1171,2464.643
2988,93,10.9589,69022.1171,216399.0915,32.0,4,1,0,742.1733,2326.872
2989,92,10.8654,76825.0829,240863.3069,35.0,3,0,1,835.0552,2618.0794
2990,92,10.8044,76694.9843,240455.8037,14.0,1,0,0,833.6411,2613.65
2991,91,10.7947,83865.9941,262938.897,15.0,2,1,2,921.6043,2889.4384
2992,90,10.7717,75661.9213,237217.3224,17.0,2,0,1,840.688,2635.748
2993,89,10.9302,76419.0144,239591.0579,19.0,2,0,1,858.6406,2692.0344
2994,90,10.829,80544.7845,252526.1277,21.0,3,1,0,894.942,2805.8459
2995,90,10.94,86802.8278,272147.3488,24.0,3,0,0,964.4759,3023.8594
2996,90,10.9915,93565.4235,293350.3855,27.0,3,0,0,1039.6158,3259.4487
2997,90,10.9692,77881.0652,244174.618,28.0,4,1,1,865.3452,2713.0513
2998,90,11.1379,87101.8916,273085.3209,7.0,1,0,0,967.7988,3034.2813
2999,89,11.3608,84808.457,265894.6321,0.0,0,0,1,952.904,2987.5801
3000,90,11.4844,88374.963,277076.2977,0.0,1,1,0,981.944,3078.6255
3001,90,11.3063,66217.5836,207607.1128,0.0,0,0,0,735.7509,2306.7457
3002,89,11.2402,76631.3985,240257.2598,0.0,0,0,1,861.0269,2699.5198
3003,90,11.2033,82308.4603,258055.3354,1.0,2,1,0,914.5384,2867.2815
3004,90,11.351,90392.0142,283400.3278,4.0,3,0,0,1004.3557,3148.8925
3005,90,11.4401,87402.043,274025.7999,7.0,3,0,0,971.1338,3044.7311
3006,91,11.1246,64952.4605,203640.6381,10.0,4,1,0,713.7633,2237.8092
3007,91,11.0786,73300.8372,229814.4303,14.0,4,0,0,805.5037,2525.4333
3008,91,11.0834,77086.1168,241682.2213,18.0,4,0,0,847.1002,2655.8486
3009,92,10.7372,65247.691,204565.427,22.0,5,1,0,709.214,2223.5373
3010,92,10.7712,74671.8485,234112.9129,19.0,3,0,0,811.6505,2544.7056
3011,92,10.945,85195.2255,267106.4576,18.0,3,0,0,926.0351,2903.3311
3012,93,10.7943,78886.7366,247327.6544,21.0,4,1,0,848.2445,2659.4371
3013,92,10.7938,81331.2056,254992.2682,24.0,3,0,1,884.0348,2771.6551
3014,92,10.9434,88100.0713,276214.694,4.0,1,0,0,957.6095,3002.3336
3015,93,10.9322,83019.3909,260285.1186,6.0,3,1,0,892.6816,2798.7647
3016,93,11.1472,94080.759,294965.8609,8.0,2,0,0,1011.6211,3171.6759
3017,93,11.2732,95129.3772,298253.5353,10.0,2,0,0,1022.8965,3207.0273
3018,94,11.2701,90484.6896,283691.2178,5.0,3,1,0,962.6031,3017.9917
3019,93,11.595,95667.1155,299939.2508,5.0,1,0,1,1028.6787,3225.1532
3020,92,11.8218,87844.4756,275413.307,6.0,1,0,1,954.8313,2993.6229
3021,93,11.6513,77795.1679,243906.0133,7.0,2,1,0,836.5072,2622.6453
3022,93,11.5105,76488.8552,239809.6464,9.0,2,0,0,822.4608,2578.5983
3023,93,11.479,67706.0947,212273.7853,11.0,2,0,0,728.0225,2282.5138
3024,94,11.4481,81952.4303,256938.9325,14.0,4,1,0,871.8344,2733.3929
3025,94,11.4144,76773.1757,240701.2728,17.0,3,0,0,816.7359,2560.6518
3026,94,11.5027,83209.6548,260881.1439,20.0,3,0,0,885.2091,2775.3313
3027,95,11.4695,84467.7399,264825.9817,23.0,4,1,0,889.1341,2787.6419
3028,94,11.4362,78903.9717,247381.8538,26.0,3,0,1,839.404,2631.7218
3029,93,11.2905,76389.6617,239499.0837,29.0,3,0,1,821.3942,2575.259
3030,94,10.9652,72912.6471,228597.5067,33.0,5,1,0,775.6665,2431.8884
3031,94,10.9603,79091.4527,247969.0782,0.0,0,0,0,841.3984,2637.9689
3032,93,10.8126,76921.4654,241166.6597,0.0,0,0,1,827.1125,2593.1899
3033,93,10.7435,81612.4747,255873.4657,0.0,1,1,1,877.5535,2751.3276
3034,90,10.9367,81138.3817,254387.6515,0.0,0,0,3,901.5376,2826.5295
3035,89,10.8833,75798.9381,237647.1424,1.0,1,0,1,851.6735,2670.1926
3036,90,10.9159,85492.6104,268039.0356,3.0,3,1,0,949.9179,2978.2115
3037,90,11.2319,91303.6696,286258.6345,6.0,3,0,0,1014.4852,3180.6515
3038,90,11.2177,79390.2585,248906.6342,10.0,4,0,0,882.114,2765.6293
3039,91,11.2142,86385.4166,270838.234,14.0,5,1,0,949.2903,2976.2443
3040,91,11.1511,70836.8137,222089.3198,18.0,4,0,0,778.4265,2440.542
3041,91,11.2429,81419.4086,255268.2454,22.0,4,0,0,894.7188,2805.1456
3042,92,11.0266,73814.3353,231424.0644,26.0,5,1,0,802.3297,2515.479
3043,92,10.9374,70285.8018,220361.0668,30.0,4,0,0,763.9761,2395.229
3044,91,10.8941,69157.832,216825.0181,35.0,5,0,1,759.9762,2382.6925
3045,92,10.6988,71494.1739,224149.3441,40.0,6,1,0,777.1106,2436.4059
3046,92,10.5474,70282.8131,220351.8509,45.0,5,0,0,763.9436,2395.1288
3047,91,10.7322,82776.4158,259522.6045,28.0,4,0,1,909.6309,2851.8968
3048,91,10.4685,60299.2445,189050.4135,30.0,4,1,1,662.6291,2077.4771
3049,89,10.638,75586.1496,236979.5399,34.0,4,0,2,849.2826,2662.6915
3050,89,10.7087,74817.7851,234570.0037,38.0,4,0,0,840.6493,2635.618
3051,90,10.6213,76259.4046,239089.5399,28.0,4,1,0,847.3267,2656.5504
3052,90,10.7994,81826.1391,256543.4718,14.0,3,0,0,909.1793,2850.483
3053,90,10.9231,76525.399,239924.0856,17.0,3,0,0,850.2822,2665.8232
3054,90,10.9753,84502.7072,264935.3001,17.0,3,1,1,938.919,2943.7256
3055,90,11.2333,83910.2203,263078.1917,19.0,2,0,0,932.3358,2923.091
3056,89,11.424,82008.6096,257116.3159,13.0,1,0,1,921.4451,2888.9474
3057,90,11.456,84579.2935,265175.068,0.0,1,1,0,939.7699,2946.3896
3058,90,11.5876,84876.5852,266107.994,0.0,0,0,0,943.0732,2956.7555
3059,90,11.7831,86844.0157,272277.1442,0.0,0,0,0,964.9335,3025.3016
3060,91,11.5513,74603.2587,233898.508,0.0,1,1,0,819.816,2570.3133
3061,90,11.5629,83934.8277,263155.6449,1.0,1,0,1,932.6092,2923.9516
3062,90,11.5582,76903.9164,241111.7711,2.0,1,0,0,854.488,2679.0197
3063,91,11.2591,63518.1222,199143.324,3.0,2,1,0,698.0013,2188.3882
3064,91,11.3806,88017.3436,275954.9666,4.0,1,0,0,967.2236,3032.4722
3065,91,11.267,69790.1562,218808.1037,5.0,1,0,0,766.9248,2404.4847
3066,92,11.1258,78905.2396,247386.001,7.0,3,1,0,857.6656,2688.9783
3067,92,11.1589,81830.3125,256556.1157,10.0,3,0,0,889.4599,2788.6534
3068,92,11.0846,69036.7435,216446.0447,13.0,3,0,0,750.3994,2352.6744
3069,92,10.9744,85326.9408,267519.4051,16.0,4,1,1,927.4667,2907.8196
3070,92,11.0072,78752.9878,246908.0783,19.0,3,0,0,856.0107,2683.7835
3071,92,10.8524,69628.1485,218299.0149,24.0,5,0,0,756.8277,2372.8154
3072,93,10.7853,81401.5525,255211.3338,23.0,6,1,0,875.2855,2744.2079
3073,93,10.7776,78572.9343,246343.6332,26.0,4,0,0,844.8703,2648.8563
3074,93,10.5355,62938.2864,197324.6376,18.0,2,0,0,676.7558,2121.7703
3075,93,10.2965,66681.4894,209061.5965,20.0,3,1,1,717.0053,2247.9742
3076,92,10.2203,66944.3035,209884.1086,23.0,3,0,1,727.6555,2281.349
3077,92,10.4875,90902.3245,284999.5857,26.0,3,0,0,988.0687,3097.8216
3078,91,10.3851,73894.8939,231676.6677,12.0,4,1,2,812.0318,2545.8974
3079,91,10.4833,78803.8052,247067.9062,16.0,4,0,0,865.9759,2715.0319
3080,90,10.6202,80916.0759,253689.8663,10.0,3,0,1,899.0675,2818.7763
3081,90,10.5607,71422.7017,223926.16,13.0,4,1,1,793.5856,2488.0684
3082,90,10.7944,93044.0336,291714.9418,16.0,3,0,0,1033.8226,3241.2771
3083,90,11.0004,83786.2978,262689.5894,13.0,2,0,0,930.9589,2918.7732
3084,91,10.9368,80771.6356,253237.4792,15.0,3,1,0,887.6004,2782.8294
3085,90,11.0742,72018.6783,225794.7017,18.0,3,0,1,800.2075,2508.83
3086,89,11.0216,72541.7487,227434.5076,21.0,3,0,1,815.0758,2555.4439
3087,90,10.9186,73443.6864,230262.012,21.0,3,1,0,816.041,2558.4668
3088,88,11.0075,71320.7938,223606.3672,14.0,2,0,2,810.4636,2540.9814
3089,88,11.1434,70143.3434,219915.2319,16.0,2,0,0,797.0834,2499.0367
3090,89,11.1448,74752.6436,234366.4327,0.0,1,1,0,839.9173,2633.3307
3091,88,11.1668,65732.3366,206085.2944,0.0,0,0,1,746.9584,2341.8783
3092,88,11.3143,78261.2137,245367.1761,0.0,0,0,0,889.332,2788.2634
3093,87,11.237,67681.9654,212198.7021,0.0,1,1,2,777.9536,2439.0655
3094,87,11.1598,68593.3353,215055.9194,1.0,1,0,0,788.4291,2471.9071
3095,86,11.1361,65410.2558,205075.9981,2.0,1,0,1,760.5844,2384.6046
3096,87,11.0529,76644.657,240298.5503,3.0,2,1,0,880.9731,2762.0523
3097,87,10.7947,59985.7482,188068.4137,5.0,2,0,0,689.4914,2161.7059
3098,87,10.5387,67409.0982,211342.2353,7.0,2,0,0,774.8172,2429.2211
3099,88,10.3854,79909.9062,250535.9712,10.0,4,1,0,908.0671,2846.9997
3100,88,10.4225,75972.3136,238190.5171,11.0,2,0,0,863.3217,2706.7104
3101,88,10.5942,81116.0562,254317.3846,14.0,3,0,0,921.7734,2889.9703
3102,89,10.4881,73060.281,229059.9517,17.0,4,1,0,820.902,2573.7073
3103,89,10.4287,69291.3138,217243.2973,4.0,2,0,0,778.5541,2440.9359
3104,89,10.4162,69352.4166,217435.0403,8.0,4,0,0,779.2406,2443.0903
3105,89,10.4288,79309.1033,248651.2638,13.0,6,1,1,891.1135,2793.8344
3106,88,10.8219,90437.0195,283540.2983,16.0,4,0,1,1027.6934,3222.0488
3107,88,10.9243,73646.9399,230899.4431,20.0,4,0,0,836.897,2623.8573
3108,89,10.9549,85696.3916,268677.4598,19.0,4,1,0,962.8808,3018.8479
3109,89,11.0569,73529.6123,230531.3342,22.0,3,0,0,826.1754,2590.2397
3110,89,11.14,73304.6734,229826.2367,7.0,1,0,0,823.648,2582.3173
3111,90,11.0369,81361.8221,255088.2541,9.0,3,1,0,904.0202,2834.3139
3112,90,10.8673,64208.1883,201306.4538,11.0,2,0,0,713.4243,2236.7384
3113,89,10.8181,73901.358,231697.4081,3.0,1,0,1,830.3523,2603.3417
3114,90,10.8613,83515.6618,261840.9002,5.0,3,1,0,927.9518,2909.3433
3115,90,10.9937,85929.712,269410.038,7.0,2,0,0,954.7746,2993.4449
3116,90,10.9833,70041.112,219595.1109,4.0,2,0,0,778.2346,2439.9457
3117,91,10.99,86945.7135,272594.4715,7.0,4,1,0,955.4474,2995.5436
3118,91,11.0888,76490.0168,239813.0645,8.0,2,0,0,840.5496,2635.3084
3119,91,11.17,72533.0792,227407.8571,10.0,2,0,0,797.0668,2498.9874
3120,91,11.2183,78994.7333,247666.8006,0.0,0,0,0,868.074,2721.6132
3121,92,11.1881,79232.2888,248411.779,0.0,1,1,0,861.2205,2700.128
3122,92,11.253,78989.0435,247648.6543,0.0,0,0,0,858.5766,2691.8332
3123,93,11.1346,75461.2001,236588.1148,0.0,1,1,0,811.4108,2543.9582
3124,92,11.1037,75373.2414,236312.2932,1.0,1,0,1,819.2744,2568.6119
3125,92,11.0795,79777.6564,250121.4603,2.0,1,0,0,867.1484,2718.7115
3126,93,10.8339,67723.8587,212328.953,3.0,2,1,0,728.2135,2283.107
3127,93,10.8343,76736.9149,240587.7839,4.0,1,0,0,825.1281,2586.9654
3128,92,10.8303,66050.2326,207081.3271,5.0,1,0,1,717.9373,2250.884
3129,91,10.5909,76200.0671,238903.9009,6.0,2,1,2,837.3634,2625.3176
3130,90,10.2703,61541.928,192947.3952,8.0,2,0,1,683.7992,2143.8599
3131,89,10.0122,67914.7343,212927.7531,11.0,3,0,1,763.0869,2392.4467
3132,90,9.8173,77287.168,242312.1287,15.0,5,1,0,858.7463,2692.357
3133,90,9.8451,76389.0991,239496.286,10.0,4,0,0,848.7678,2661.0698
3134,90,9.8736,69003.6617,216341.192,16.0,6,0,0,766.7074,2403.791
3135,90,9.9536,78498.4407,246109.021,22.0,7,1,1,872.2049,2734.5447
3136,89,9.9948,74592.9816,233865.0619,24.0,6,0,1,838.1234,2627.6973
3137,88,9.9504,68394.1379,214430.3678,30.0,6,0,1,777.2061,2436.7087
3138,88,9.7459,70155.2988,219951.0136,36.0,7,1,1,797.2193,2499.4433
3139,88,9.8122,70581.5943,221288.0824,43.0,7,0,0,802.0636,2514.6373
3140,88,9.8024,71703.9036,224806.9733,52.0,9,0,0,814.8171,2554.6247
3141,89,9.7053,78687.8207,246702.9268,61.0,10,1,0,884.1328,2771.943
3142,88,9.584,69216.7662,217008.9864,48.0,7,0,1,786.5542,2466.0112
3143,88,9.7208,85366.3983,267642.9964,49.0,8,0,0,970.0727,3041.3977
3144,89,9.7054,76786.944,240742.7748,42.0,7,1,0,862.7747,2704.975
3145,88,9.8049,71157.6093,223094.3893,45.0,5,0,1,808.6092,2535.1635
3146,88,10.0561,89307.6135,279999.2694,51.0,6,0,0,1014.8592,3181.8099
3147,89,9.9626,71720.3186,224858.8737,49.0,6,1,0,805.8463,2526.5042
3148,89,10.2845,87186.6311,273349.544,22.0,3,0,0,979.6251,3071.3432
3149,89,10.397,76045.6105,238419.9205,15.0,2,0,0,854.4451,2678.8755
3150,90,10.4023,86967.0048,272661.3468,17.0,3,1,0,966.3001,3029.5705
3151,88,10.3876,79504.6073,249265.3904,13.0,1,0,2,903.4614,2832.5613
3152,88,10.2258,70876.4525,222213.7089,14.0,1,0,0,805.4142,2525.1558
3153,89,10.3533,88889.8847,278689.6822,16.0,3,1,0,998.7627,3131.3447
3154,89,10.5792,79741.3739,250007.6904,3.0,2,0,0,895.9705,2809.0752
3155,87,10.9149,74921.9599,234897.2608,0.0,0,0,2,861.172,2699.9685
3156,87,10.9161,79089.5302,247963.7937,0.0,1,1,1,909.0751,2850.1585
3157,87,10.9969,76257.4625,239084.9235,0.0,0,0,0,876.5226,2748.1026
3158,86,10.862,62529.8061,196045.0679,1.0,1,0,1,727.0908,2279.5938
3159,87,10.8446,77214.2883,242084.1552,0.0,1,1,0,887.5206,2782.5765
3160,87,10.8778,73473.6885,230356.8576,1.0,1,0,0,844.5252,2647.78
3161,87,10.95,75870.4996,237871.417,3.0,2,0,0,872.0747,2734.1542
3162,88,10.9233,76454.9818,239704.2914,5.0,3,1,0,868.8066,2723.9124
3163,88,11.064,76677.8998,240403.0336,7.0,2,0,0,871.3398,2731.8527
3164,87,11.4136,86668.0738,271724.848,4.0,1,0,1,996.1848,3123.2741
3165,87,11.431,79425.6808,249018.265,5.0,2,1,1,912.9389,2862.2789
3166,87,11.3807,61298.3897,192184.3907,6.0,1,0,0,704.5792,2209.016
3167,86,11.5581,69940.4328,219278.9736,0.0,0,0,1,813.2608,2549.7555
3168,87,11.38,65816.9847,206351.3823,0.0,1,1,0,756.5171,2371.855
3169,87,11.4919,75047.3557,235290.8715,0.0,0,0,0,862.6133,2704.4928
3170,87,11.3617,68101.0364,213512.1921,1.0,1,0,0,782.7705,2454.1631
3171,88,11.22,81064.9566,254157.7019,2.0,2,1,0,921.1927,2888.1557
3172,88,11.2481,72804.0268,228257.3523,3.0,1,0,0,827.3185,2593.8335
3173,88,11.1777,64919.4026,203536.6128,4.0,1,0,0,737.7205,2312.9161
3174,89,11.0564,70420.9264,220784.8924,5.0,2,1,0,791.2464,2480.7291
3175,88,11.0464,70026.969,219550.4646,7.0,2,0,1,795.761,2494.8916
3176,88,10.9841,70448.0465,220870.1938,9.0,2,0,0,800.546,2509.8886
3177,89,10.8466,67540.9285,211755.4617,11.0,3,1,0,758.8868,2379.2749
3178,89,10.7168,68488.6044,214727.0858,13.0,2,0,0,769.5349,2412.6639
3179,88,10.6723,71786.0334,225065.9485,16.0,3,0,1,815.7504,2557.5676
3180,89,10.6764,82551.0009,258816.0813,8.0,3,1,0,927.5393,2908.0459
3181,87,10.6791,72429.9834,227084.0115,11.0,3,0,2,832.5285,2610.1611
3182,86,10.7516,69755.5285,218698.0054,1.0,1,0,1,811.1108,2543.0001
3183,87,10.8532,76631.7641,240257.1264,2.0,2,1,0,880.8249,2761.5762
3184,86,10.9627,73299.2932,229810.1993,3.0,1,0,1,852.3174,2672.2116
3185,86,11.0042,71803.6374,225120.4559,5.0,2,0,0,834.926,2617.6797
3186,87,10.9726,65435.1351,205153.4207,2.0,2,1,0,752.128,2358.0853
3187,87,11.1265,71743.8591,224932.5811,3.0,1,0,0,824.6421,2585.432
3188,87,11.2041,72475.2425,227226.1382,1.0,1,0,0,833.0488,2611.7947
3189,88,11.1714,81410.1711,255240.1297,2.0,2,1,0,925.1156,2900.456
3190,87,11.2458,78326.0854,245569.9787,3.0,1,0,1,900.2998,2822.6434
3191,87,11.3301,77615.9971,243344.5045,1.0,1,0,0,892.1379,2797.0633
3192,88,11.1583,78325.0194,245567.9506,2.0,2,1,0,890.057,2790.5449
3193,88,10.998,72097.4722,226041.9231,3.0,1,0,0,819.2895,2568.6582
3194,87,11.0387,78774.4815,246976.2527,4.0,1,0,1,905.4538,2838.8075
3195,88,10.7949,57529.354,180366.9651,6.0,3,1,0,653.7427,2049.6246
3196,88,10.7851,76704.2002,240484.3565,8.0,2,0,0,871.6386,2732.7768
3197,87,10.7443,70645.2151,221488.8823,10.0,2,0,1,812.014,2545.8492
3198,87,10.5769,72621.1258,227683.5752,13.0,4,1,1,834.7256,2617.0526
3199,86,10.6726,78333.3774,245593.1785,16.0,3,0,1,910.8532,2855.7346
3200,86,10.8102,78537.9113,246234.1541,19.0,3,0,0,913.2315,2863.1878
3201,86,10.8904,79750.3426,250036.0738,22.0,4,1,1,927.3296,2907.3962
3202,86,10.944,79220.8632,248376.1428,26.0,4,0,0,921.1728,2888.0947
3203,86,10.937,67085.3111,210327.2722,30.0,4,0,0,780.0618,2445.666
3204,86,10.812,72263.1427,226561.0649,31.0,3,0,0,840.2691,2634.431
3205,86,10.6288,66442.2199,208311.0301,26.0,2,0,0,772.584,2422.2213
3206,87,10.3003,62863.3483,197090.3303,28.0,3,1,0,722.5672,2265.4061
3207,86,10.3939,86904.7198,272465.9598,30.0,3,1,2,1010.52,3168.2088
3208,86,10.4387,69072.6259,216557.9289,33.0,3,0,0,803.1701,2518.1155
3209,86,10.5062,71201.0127,223231.1636,36.0,3,0,0,827.9188,2595.7112
3210,87,10.7381,91220.2556,285996.8694,20.0,4,1,0,1048.5087,3287.3203
3211,85,11.0611,77987.1365,244507.5873,23.0,3,0,2,917.4957,2876.5599
3212,85,11.1343,75542.6641,236843.2226,26.0,3,0,0,888.7372,2786.3909
3213,86,10.8483,64115.606,201015.993,29.0,4,1,0,745.5303,2337.3953
3214,85,10.8076,76369.5543,239435.7844,33.0,4,0,1,898.4653,2816.8916
3215,85,10.8435,65394.1715,205025.0035,17.0,4,0,0,769.3432,2412.0589
3216,85,10.7784,69578.2797,218143.4944,21.0,5,1,1,818.568,2566.3941
3217,84,11.0106,83811.3247,262767.6658,25.0,4,0,1,997.7539,3128.1865
3218,84,11.0158,67340.9201,211129.1896,25.0,3,0,0,801.6776,2513.4427
3219,85,10.9862,85818.189,269060.3793,28.0,4,1,0,1009.6258,3165.4162
3220,85,11.0074,71666.1222,224690.2264,31.0,3,0,0,843.1308,2643.4144
3221,84,10.9494,64953.6543,203644.4569,34.0,3,0,1,773.2578,2424.3388
3222,85,10.7298,67317.1555,211054.1496,37.0,4,1,0,791.9665,2482.99
3223,85,10.7455,77257.829,242220.8508,41.0,4,0,0,908.9156,2849.6571
3224,85,10.6088,59574.4555,186778.2171,45.0,4,0,0,700.8759,2197.3908
3225,84,10.5818,71729.3661,224886.9359,49.0,5,1,2,853.921,2677.2254
3226,84,10.6797,72993.618,228850.7099,53.0,4,0,0,868.9716,2724.4132
3227,84,10.7325,71074.4726,222834.4843,23.0,2,0,0,846.1247,2652.7915
3228,85,10.746,83746.2017,262563.838,0.0,1,1,0,985.2494,3088.9863
3229,85,10.8909,72477.714,227233.8144,0.0,0,0,0,852.679,2673.339
3230,84,11.0527,76082.6721,238536.4294,1.0,1,0,1,905.7461,2839.7194
3231,85,10.8213,61958.4685,194253.1048,3.0,3,1,0,728.9232,2285.3306
3232,85,10.9399,71551.3941,224330.1363,3.0,1,0,0,841.7811,2639.1781
3233,84,11.1347,72765.7352,228137.0889,4.0,1,0,1,866.2588,2715.9177
3234,84,10.9984,57262.2446,179530.3163,6.0,2,0,0,681.6934,2137.2657
3235,83,11.1404,80401.9329,252078.6579,8.0,2,0,1,968.698,3037.0923
3236,83,11.3371,81358.7997,255079.4732,10.0,2,0,0,980.2265,3073.2467
3237,85,11.059,71723.2231,224868.5934,13.0,5,2,0,843.8026,2645.5129
3238,84,11.2126,80919.5028,253701.5931,16.0,3,0,1,963.3274,3020.2571
3239,84,11.2931,71028.4554,222690.3398,19.0,3,0,0,845.5769,2651.0755
3240,85,11.2304,75139.5801,235580.2198,11.0,3,1,0,883.9951,2771.532
3241,85,11.3697,77901.4104,244239.2017,14.0,3,0,0,916.4872,2873.4024
3242,85,11.3156,71123.5847,222988.6589,18.0,4,0,0,836.7481,2623.396
3243,85,10.8243,62731.0651,196675.8717,22.0,5,1,1,738.0125,2313.8338
3244,84,10.947,76849.8838,240942.2303,7.0,2,0,1,914.8796,2868.3599
3245,84,11.0064,70121.2276,219845.7638,9.0,2,0,0,834.7765,2617.2115
3246,84,11.0055,81407.5765,255231.4062,7.0,3,1,1,969.1378,3038.4691
3247,84,10.9491,77411.352,242702.5296,10.0,3,0,0,921.5637,2889.3158
3248,84,10.9013,71116.161,222964.9209,13.0,3,0,0,846.621,2654.3443
3249,85,10.6847,68160.0798,213695.967,13.0,4,1,0,801.8833,2514.0702
3250,85,10.7413,72491.3137,227276.3978,17.0,4,0,0,852.839,2673.84
3251,85,10.9796,89162.2356,279545.2798,18.0,3,0,0,1048.9675,3288.768
3252,86,11.1247,91171.7579,285844.565,21.0,4,1,0,1060.1367,3323.774
3253,86,11.5267,93221.2267,292270.4363,20.0,2,0,0,1083.9678,3398.4934
3254,84,11.5137,69160.93,216835.9563,23.0,3,0,2,823.3444,2581.3804
3255,85,11.4139,85909.013,269344.4929,26.0,4,1,0,1010.6943,3168.7587
3256,84,11.35,70391.9487,220694.6699,19.0,2,0,1,837.9994,2627.3175
3257,84,11.2507,65865.1525,206502.1303,21.0,2,0,0,784.109,2458.3587
3258,85,10.9168,63138.8821,197953.9359,23.0,3,1,0,742.8104,2328.8698
3259,85,11.136,84313.3139,264341.7728,25.0,2,0,0,991.9213,3109.9032
3260,84,11.3012,82956.6014,260088.922,0.0,0,0,1,987.5786,3096.2967
3261,85,11.1579,70357.4717,220587.2859,0.0,1,1,0,827.735,2595.1445
3262,85,11.236,77245.919,242184.2702,0.0,0,0,0,908.7755,2849.2267
3263,85,11.3385,79207.6077,248334.0099,0.0,0,0,0,931.8542,2921.5766
3264,86,11.3546,85522.7665,268133.7343,0.0,1,1,0,994.4508,3117.8341
3265,85,11.4583,74209.3577,232663.9114,1.0,1,0,1,873.0513,2737.2225
3266,84,11.497,71619.8392,224544.8417,2.0,1,0,1,852.6171,2673.1529
3267,85,11.6441,93422.2376,292901.2627,4.0,3,1,0,1099.0851,3445.8972
3268,85,11.6749,79185.8756,248266.7062,6.0,2,0,0,931.5985,2920.7848
3269,85,11.7194,81911.4686,256812.3342,8.0,2,0,0,963.6643,3021.3216
3270,86,11.3913,62825.3919,196971.5225,10.0,3,1,0,730.5278,2290.3665
3271,86,11.3061,80398.7627,252069.2112,12.0,2,0,0,934.8693,2931.0373
3272,86,11.2509,74405.0788,233277.3017,14.0,2,0,0,865.1753,2712.5268
3273,87,11.0297,68562.4108,214958.6044,17.0,4,1,0,788.0737,2470.7886
3274,87,10.9875,73595.301,230738.0691,20.0,3,0,0,845.923,2652.1617
3275,86,11.0492,69970.7989,219373.5798,21.0,3,0,1,813.6139,2550.8556
3276,87,11.1041,77776.3279,243846.3413,14.0,3,1,0,893.9808,2802.8315
3277,86,11.1366,77137.0548,241842.4367,14.0,2,0,1,896.9425,2812.1214
3278,86,11.1315,73981.6127,231949.5121,16.0,2,0,0,860.2513,2697.0873
3279,87,11.0296,84725.1797,265633.2962,15.0,2,1,0,973.8526,3053.2563
3280,87,11.1641,76841.2636,240914.8151,17.0,2,0,0,883.2329,2769.1358
3281,87,11.1804,72265.8065,226569.4675,17.0,1,0,0,830.6415,2604.2468
3282,88,11.2101,84377.1751,264542.6562,18.0,2,1,0,958.8315,3006.1665
3283,86,11.465,80590.7295,252670.8397,19.0,1,0,2,937.1015,2938.033
3284,86,11.4831,75051.2919,235303.3632,0.0,0,0,0,872.6894,2736.0856
3285,87,11.1783,70834.9852,222083.5837,0.0,1,1,0,814.1952,2552.6849
3286,87,11.0494,69063.7589,216530.5345,2.0,2,0,0,793.8363,2488.8567
3287,86,11.3124,75211.0992,235803.7061,4.0,2,0,1,874.5477,2741.9036
3288,87,11.2651,79585.538,249518.4814,6.0,3,1,0,914.7763,2868.0285
3289,86,11.334,68335.0105,214245.829,8.0,2,0,1,794.5931,2491.2306
3290,86,11.279,75149.7951,235611.8824,10.0,2,0,0,873.8348,2739.6731
3291,87,11.1505,86645.8805,271655.1171,13.0,4,1,0,995.9297,3122.4726
3292,87,11.2396,81750.4436,256306.46,14.0,2,0,0,939.6603,2946.0513
3293,87,11.301,75822.6604,237721.883,16.0,2,0,0,871.5248,2732.4354
3294,88,11.206,73939.5298,231817.2335,18.0,3,1,0,840.2219,2634.2867
3295,87,11.1748,68517.2691,214816.979,10.0,1,0,1,787.5548,2469.1607
3296,87,11.2183,71341.3411,223671.4623,11.0,1,0,0,820.0154,2570.9363
3297,88,11.1944,76371.5207,239442.0402,1.0,2,1,0,867.8582,2720.9323
3298,88,11.3937,82388.2867,258306.655,0.0,0,0,0,936.2305,2935.3029
3299,88,11.5116,73536.8507,230554.6261,1.0,1,0,0,835.646,2619.9389
3300,89,11.4917,76390.5646,239502.1764,2.0,2,1,0,858.321,2691.0357
3301,89,11.3585,68382.7805,214395.9075,3.0,1,0,0,768.3458,2408.9428
3302,89,11.1355,65081.6238,204045.266,4.0,1,0,0,731.2542,2292.6434
3303,90,10.5424,59262.8213,185802.3855,5.0,2,1,0,658.4758,2064.4709
3304,90,10.5556,79519.3922,249311.3296,7.0,2,0,0,883.5488,2770.1259
3305,90,10.6115,74233.3669,232737.5026,10.0,3,0,0,824.8152,2585.9723
3306,91,10.6646,82370.1478,258248.8436,5.0,3,1,0,905.1665,2837.8994
3307,91,10.7809,71613.9646,224525.2518,5.0,3,0,0,786.9666,2467.3105
3308,90,10.7231,70831.6529,222073.1189,8.0,3,0,1,787.0184,2467.4791
3309,91,10.575,77844.9814,244061.473,3.0,2,1,0,855.4394,2681.9942
3310,91,10.5855,73675.7333,230989.9186,0.0,0,0,0,809.6234,2538.3508
3311,91,10.5929,78232.6103,245277.2957,1.0,1,0,0,859.699,2695.3549
3312,92,10.5405,84988.5566,266458.5334,2.0,2,1,0,923.7887,2896.2884
3313,91,10.6327,76535.0275,239954.4863,4.0,2,0,1,841.0443,2636.8625
3314,91,10.7224,83206.8214,260872.4158,7.0,3,0,0,914.3607,2866.7298
3315,92,10.661,84253.7042,264154.5789,10.0,4,1,0,915.8011,2871.2454
3316,92,10.8148,83931.3385,263143.7386,13.0,3,0,0,912.2972,2860.258
3317,92,10.6356,61553.0469,192981.8682,11.0,2,0,0,669.0549,2097.629
3318,92,10.5338,88659.5433,277968.2682,13.0,3,1,1,963.6907,3021.3942
3319,91,10.4026,59812.9924,187526.2568,7.0,2,0,1,657.2856,2060.7281
3320,91,10.4873,72129.8319,226142.8879,1.0,1,0,0,792.6355,2485.0867
3321,92,10.5891,84197.4594,263977.7548,2.0,2,1,0,915.1898,2869.3234
3322,92,10.8816,98281.7048,308136.0828,4.0,2,0,0,1068.2794,3349.3052
3323,91,10.9802,87207.8166,273417.1844,7.0,3,0,1,958.3277,3004.5844
3324,92,10.8183,72328.6936,226766.5083,10.0,4,1,0,786.1815,2464.8534
3325,92,10.8978,82297.1939,258020.2581,10.0,2,0,0,894.5347,2804.568
3326,91,10.8569,66442.7002,208311.7909,14.0,4,0,1,730.1396,2289.1406
3327,91,10.9044,75260.6424,235957.9924,9.0,4,1,1,827.04,2592.945
3328,91,10.9329,72201.4504,226367.0538,12.0,3,0,0,793.4225,2487.55
3329,91,11.0106,79973.089,250733.6738,7.0,2,0,0,878.8252,2755.3151
3330,92,10.9009,76980.8195,241352.3644,9.0,3,1,0,836.748,2623.3953
3331,91,10.9864,76104.4912,238604.5224,11.0,2,0,1,836.3131,2622.0277
3332,91,10.9786,67876.6019,212808.39,7.0,1,0,0,745.8967,2338.5537
3333,92,10.8633,83557.9884,261973.6761,10.0,4,1,0,908.239,2847.54
3334,92,10.9172,76489.5184,239811.6786,13.0,3,0,0,831.4078,2606.6487
3335,92,10.8039,63230.69,198241.5754,17.0,4,0,0,687.2901,2154.7997
3336,92,10.6021,73603.001,230761.6251,11.0,5,1,1,800.0326,2508.2785
3337,91,10.6418,78787.8358,247017.4192,16.0,5,0,1,865.8004,2714.4771
3338,91,10.6964,77589.8842,243261.3244,18.0,4,0,0,852.6361,2673.2014
3339,92,10.673,72654.3184,227786.6358,23.0,6,1,0,789.7209,2475.9417
3340,92,10.7901,79870.9256,250412.6745,29.0,6,0,0,868.1622,2721.8769
3341,92,10.8242,80820.4939,253390.2033,36.0,7,0,0,878.4836,2754.2413
3342,93,10.8649,81404.8266,255221.9549,40.0,7,1,0,875.3207,2744.3221
3343,93,10.9119,75391.3919,236368.2762,35.0,5,0,0,810.6601,2541.5944
3344,92,11.0507,72378.1635,226920.3706,30.0,4,0,1,786.7192,2466.5258
3345,93,10.9163,71955.2679,225594.9628,34.0,5,1,0,773.7126,2425.7523
3346,92,11.0155,75252.2091,235932.2331,6.0,1,0,1,817.9588,2564.4808
3347,92,11.0544,72916.1614,228608.3589,7.0,1,0,0,792.567,2484.8735
3348,93,10.9609,84525.3593,265006.5512,8.0,2,1,0,908.8748,2849.5328
3349,92,10.8788,76383.2534,239479.0771,10.0,2,0,1,830.2528,2603.0334
3350,92,10.8776,77854.0323,244089.8792,12.0,2,0,0,846.2395,2653.1509
3351,93,10.8549,79572.5139,249477.8514,11.0,2,1,0,855.6184,2682.5575
3352,93,10.9095,77991.691,244521.2806,12.0,1,0,0,838.6203,2629.2611
3353,93,10.8161,68217.6854,213877.4366,13.0,1,0,0,733.5235,2299.7574
3354,93,10.6496,70946.808,222433.8988,15.0,3,1,1,762.8689,2391.7624
3355,93,10.6254,79474.9952,249172.0954,18.0,3,0,0,854.5698,2679.2698
3356,92,10.5952,78775.3656,246978.4453,21.0,3,0,1,856.254,2684.5483
3357,93,10.4078,78139.9007,244986.3243,24.0,4,1,0,840.214,2634.2616
3358,93,10.1907,72957.7345,228738.6517,9.0,2,0,0,784.4918,2459.5554
3359,92,10.2976,68349.2459,214290.0985,5.0,1,0,1,742.9266,2329.2402
3360,93,10.4519,86275.5012,270493.5727,6.0,2,1,0,927.6936,2908.533
3361,92,10.8472,100008.5666,313550.2369,7.0,1,0,1,1087.0496,3408.1547
3362,92,10.9237,73275.0882,229733.7047,8.0,1,0,0,796.4684,2497.1055
3363,92,10.6602,78047.0555,244695.7812,9.0,2,1,1,848.3376,2659.7368
3364,92,10.7688,87763.6442,275159.5574,10.0,1,0,0,953.9527,2990.8648
3365,91,10.8261,78625.4201,246508.1368,13.0,3,0,1,864.0156,2708.8806
3366,92,10.9052,82262.6329,257911.774,14.0,3,1,0,894.1591,2803.3888
3367,92,10.8467,70348.2528,220557.4801,17.0,3,0,0,764.6549,2397.3639
3368,91,10.7564,70139.2382,219902.2784,6.0,2,0,1,770.7609,2416.5086
3369,92,10.5029,66300.2209,207865.2713,9.0,4,1,0,720.6546,2259.4051
3370,92,10.5592,78781.3698,246997.6246,12.0,3,0,0,856.3192,2684.7568
3371,92,10.7763,83320.4315,261228.0647,16.0,4,0,0,905.6569,2839.4355
3372,91,10.7715,72776.3096,228170.1819,20.0,5,1,2,799.7397,2507.3646
3373,91,10.8088,75830.2695,237744.5099,24.0,4,0,0,833.2997,2612.577
3374,91,10.7558,74676.3629,234126.9791,29.0,5,0,0,820.6194,2572.8239
3375,91,10.6314,68989.5,216297.0429,16.0,4,1,1,758.1264,2376.8906
3376,91,10.7649,82834.3659,259704.0563,19.0,3,0,0,910.2678,2853.8907
3377,91,10.8314,78029.4893,244639.8942,22.0,3,0,0,857.4669,2688.3505
3378,92,10.6593,72456.4601,227166.3472,25.0,4,1,0,787.5702,2469.1994
3379,92,10.6818,74818.2097,234571.5526,28.0,3,0,0,813.2414,2549.6908
3380,89,10.8891,81141.8269,254397.8611,18.0,3,0,3,911.7059,2858.4029
3381,90,10.8465,83112.6184,260577.6216,10.0,3,1,0,923.4735,2895.3069
3382,89,10.8437,73427.2064,230210.5999,12.0,2,0,1,825.0248,2586.636
3383,89,10.7625,74274.7981,232868.1271,14.0,2,0,0,834.5483,2616.4958
3384,89,10.6074,71868.7778,225324.4092,16.0,3,1,1,807.5144,2531.7349
3385,89,10.5645,63557.8742,199268.4502,19.0,3,0,0,714.1334,2238.9714
3386,89,10.5818,77565.8312,243185.8705,24.0,5,0,0,871.5262,2732.4255
3387,90,10.2795,64195.4386,201265.7181,29.0,6,1,0,713.2827,2236.2858
3388,90,10.114,64909.1743,203504.0713,35.0,6,0,0,721.213,2261.1563
3389,90,10.0627,63064.9755,197721.8848,42.0,7,0,0,700.722,2196.9098
3390,90,10.1859,79238.6397,248430.3189,38.0,6,1,1,880.4293,2760.3369
3391,88,10.3062,74483.7751,233523.0522,25.0,4,0,2,846.4065,2653.671
3392,88,10.1451,64753.8734,203016.9698,11.0,2,0,0,735.8395,2307.011
3393,89,9.8937,66368.8091,208080.4625,14.0,4,1,0,745.717,2337.9827
3394,89,10.0236,82617.9313,259026.1745,18.0,4,0,0,928.2914,2910.4065
3395,87,10.0788,65824.9156,206374.8137,22.0,4,0,2,756.6082,2372.1243
3396,88,10.0261,67813.6959,212610.6401,12.0,3,1,0,770.6102,2416.03
3397,88,10.2809,81485.2357,255474.6793,14.0,2,0,0,925.9686,2903.1214
3398,87,10.4977,85066.4328,266702.5951,16.0,2,0,1,977.7751,3065.5471
3399,88,10.5951,75744.888,237477.2129,18.0,3,1,0,860.7374,2698.6047
3400,88,10.8089,83781.6509,262674.8275,8.0,1,0,0,952.0642,2984.9412
3401,88,10.8336,72950.3372,228715.7636,9.0,1,0,0,828.9811,2599.0428
3402,86,10.7131,68433.4364,214553.9234,11.0,3,1,3,795.7376,2494.8131
3403,86,10.9134,77747.6101,243756.5181,13.0,2,0,0,904.042,2834.3781
3404,86,10.8392,64146.3675,201113.4734,16.0,3,0,0,745.888,2338.5288
3405,87,10.7939,79430.0563,249031.0408,19.0,4,1,0,912.9892,2862.4258
3406,86,10.683,60819.2173,190681.55,22.0,3,0,1,707.2002,2217.2273
3407,86,10.6073,67011.2951,210095.2776,21.0,2,0,0,779.2011,2442.9683
3408,87,10.6463,76022.5584,238347.4548,23.0,3,1,0,873.8225,2739.6259
3409,86,10.6994,73434.2964,230232.8632,25.0,2,0,1,853.8872,2677.1263
3410,86,10.5856,64499.4928,202220.0568,27.0,2,0,0,749.9941,2351.396
3411,87,10.4548,76875.7702,241023.174,29.0,3,1,0,883.6295,2770.3813
3412,87,10.3294,67339.7817,211124.8118,32.0,3,0,0,774.0205,2426.722
3413,86,10.5661,81276.6656,254820.5256,35.0,3,0,1,945.0775,2963.0294
3414,87,10.641,78174.218,245093.4566,35.0,3,1,0,898.5542,2817.1662
3415,87,10.7953,77844.7169,244061.1998,1.0,1,0,0,894.7669,2805.3011
3416,86,10.8845,77644.396,243433.1634,2.0,1,0,1,902.8418,2830.6182
3417,87,10.6378,68977.4892,216259.8692,3.0,2,1,0,792.8447,2485.7456
3418,87,10.8574,82801.7531,259603.2152,4.0,1,0,0,951.7443,2983.945
3419,87,10.8552,61908.895,194098.2197,5.0,1,0,0,711.5965,2231.014
3420,87,10.9833,83688.1239,262381.4216,6.0,2,1,1,961.9325,3015.8784
3421,87,11.0469,75107.3234,235479.2247,7.0,1,0,0,863.3026,2706.6578
3422,87,11.1786,81481.8921,255465.1246,8.0,1,0,0,936.5735,2936.3807
3423,88,10.8938,65289.9482,204698.7502,9.0,2,1,0,741.9312,2326.1222
3424,88,10.6291,68252.2965,213986.0417,11.0,2,0,0,775.5943,2431.6596
3425,87,10.506,70576.0438,221271.8015,14.0,3,0,1,811.2189,2543.354
3426,87,10.5259,78261.9809,245368.9295,18.0,5,1,1,899.563,2820.3325
3427,86,10.7063,76888.5079,241063.2676,18.0,3,0,1,894.0524,2803.0613
3428,86,10.8966,73486.2073,230395.9098,7.0,2,0,0,854.4908,2679.0222
3429,87,10.7461,74113.7469,232363.0781,9.0,3,1,0,851.8821,2670.84
3430,87,10.9077,81470.6266,255429.2895,11.0,2,0,0,936.444,2935.9688
3431,87,10.9172,78632.9207,246532.5698,13.0,2,0,0,903.8267,2833.7077
3432,88,10.8749,79693.5488,249858.189,8.0,2,1,0,905.6085,2839.2976
3433,88,11.1669,89672.4534,281144.2685,1.0,1,0,0,1019.0052,3194.8212
3434,87,11.1585,74755.1552,234374.4625,3.0,2,0,1,859.2547,2693.9593
3435,88,11.1504,83397.8605,261471.6064,5.0,3,1,0,947.703,2971.2683
3436,88,11.012,66265.5677,207757.2167,7.0,2,0,0,753.0178,2360.8775
3437,88,10.9592,69265.9721,217164.5066,10.0,3,0,0,787.1133,2467.7785
3438,89,10.9594,81736.0729,256261.1127,13.0,4,1,0,918.3828,2879.3383
3439,89,10.8347,65016.3685,203840.5568,16.0,3,0,0,730.521,2290.3433
3440,89,10.8868,72783.5731,228192.5436,12.0,3,0,0,817.793,2563.9612
3441,89,10.7234,73647.3536,230900.2669,15.0,4,1,1,827.4984,2594.385
3442,89,10.3743,56896.4418,178382.0946,19.0,4,0,0,639.2859,2004.2932
3443,88,10.2066,63661.2506,199590.9222,23.0,4,0,1,723.4233,2268.0787
3444,89,9.9497,65911.5622,206646.1214,27.0,5,1,0,740.5794,2321.8665
3445,89,9.974,67657.9353,212121.4704,13.0,2,0,0,760.2015,2383.3873
3446,89,9.9988,71823.0586,225180.5733,6.0,2,0,0,807.0007,2530.1188
3447,90,9.7627,60676.396,190233.1605,3.0,3,1,0,674.1822,2113.7018
3448,90,9.9239,84533.7859,265032.1859,3.0,1,0,0,939.2643,2944.8021
3449,90,9.8171,69202.0829,216963.8447,4.0,1,0,0,768.912,2410.7094
3450,91,9.8137,83771.0175,262641.3487,5.0,2,1,0,920.5606,2886.1687
3451,91,9.8122,76037.1566,238393.0322,7.0,2,0,0,835.5731,2619.7037
3452,91,10.0288,81195.4245,254565.3823,1.0,1,0,0,892.2574,2797.4218
3453,91,9.9595,79734.1866,249984.4634,2.0,2,1,1,876.1999,2747.082
3454,91,10.1627,88355.0563,277013.5777,1.0,1,0,0,970.9347,3044.1052
3455,90,10.2687,80300.8228,251761.0036,2.0,1,0,1,892.2314,2797.3445
3456,91,10.3199,80413.581,252114.6714,3.0,2,1,0,883.6657,2770.4909
3457,90,10.3407,81498.3925,255515.5316,5.0,2,0,1,905.5377,2839.0615
3458,90,10.3256,80291.8053,251733.4943,8.0,3,0,0,892.1312,2797.0388
3459,89,10.0418,73162.2212,229379.2694,12.0,5,1,2,822.0474,2577.2952
3460,88,10.3201,80478.1374,252316.361,16.0,4,0,1,914.5243,2867.2314
3461,87,10.5708,74525.8164,233654.3866,13.0,4,0,1,856.6186,2685.6826
3462,88,10.5238,71488.911,224133.6863,6.0,3,1,0,812.374,2546.9737
3463,88,10.6422,75618.7547,237081.2832,8.0,2,0,0,859.304,2694.1055
3464,88,10.6978,67632.7838,212043.5747,4.0,1,0,0,768.5544,2409.5861
3465,89,10.5498,65277.3665,204659.0493,5.0,2,1,0,733.4536,2299.5399
3466,89,10.4358,63880.9171,200280.4341,6.0,1,0,0,717.7631,2250.342
3467,89,10.6578,83107.6161,260560.9875,7.0,1,0,0,933.7934,2927.6515
3468,90,10.5072,69174.2961,216876.7196,10.0,4,1,0,768.6033,2409.7413
3469,90,10.606,77023.7456,241486.976,13.0,3,0,0,855.8194,2683.1886
3470,89,10.6905,74800.2806,234515.6566,16.0,3,0,1,840.4526,2635.0074
3471,89,10.2893,62538.6826,196071.9483,19.0,4,1,1,702.6818,2203.0556
3472,88,10.1975,69740.1638,218650.5898,0.0,0,0,1,792.5019,2484.6658
3473,87,10.2528,73437.7173,230244.106,0.0,0,0,1,844.1117,2646.484
3474,88,10.1408,73616.0051,230802.3232,1.0,2,1,0,836.5455,2622.7537
3475,88,10.0701,69277.6453,217200.0569,2.0,1,0,0,787.246,2468.1825
3476,88,10.2173,72169.5471,226267.1402,4.0,2,0,0,820.1085,2571.2175
3477,88,10.3688,86369.214,270787.1412,6.0,3,1,1,981.4683,3077.1266
3478,88,10.4435,73659.1651,230938.1839,9.0,3,0,0,837.036,2624.2975
3479,88,10.4999,77803.049,243929.7278,8.0,2,0,0,884.1256,2771.9287
3480,89,10.4033,68067.3144,213405.7255,10.0,3,1,0,764.8013,2397.8171
3481,89,10.2586,67749.0591,212407.8455,12.0,2,0,0,761.2254,2386.605
3482,89,10.2477,73208.68,229526.0737,14.0,2,0,0,822.5694,2578.9446
3483,90,10.2343,73239.6624,229622.6872,16.0,3,1,0,813.774,2551.3632
3484,90,10.4736,78386.1804,245757.7098,18.0,2,0,0,870.9576,2730.6412
3485,90,10.6859,85096.6082,266796.9144,20.0,2,0,0,945.5179,2964.4102
3486,91,10.6095,67519.0741,211687.0777,22.0,3,1,0,741.9678,2326.2316
3487,91,10.6182,72931.9083,228657.8524,24.0,2,0,0,801.4495,2512.7237
3488,91,10.9197,87203.5751,273402.9416,0.0,0,0,0,958.281,3004.4279
3489,91,10.9432,76323.744,239292.0156,0.0,1,1,1,838.7225,2629.5826
3490,91,11.0704,79994.9194,250802.1727,0.0,0,0,0,879.065,2756.0678
3491,90,11.0506,75589.5706,236990.8217,0.0,0,0,1,839.8841,2633.2314
3492,91,10.9026,78636.7918,246545.0067,0.0,1,1,0,864.1406,2709.2858
3493,91,10.788,68346.5929,214282.2053,0.0,0,0,0,751.0615,2354.7495
3494,91,10.9282,75412.1404,236433.9316,1.0,1,0,0,828.7048,2598.1751
3495,92,10.7998,71898.7468,225418.5183,2.0,2,1,0,781.5081,2450.2013
3496,92,10.8807,82491.8641,258631.1069,4.0,2,0,0,896.6507,2811.2077
3497,91,10.747,73186.4996,229455.7922,6.0,2,0,1,804.2472,2521.4922
3498,91,10.4049,69051.4995,216492.3653,3.0,2,1,1,758.8077,2379.037
3499,91,10.1333,76065.7407,238483.1976,0.0,0,0,0,835.8873,2620.6945
3500,91,10.1023,72835.1686,228355.5423,0.0,0,0,0,800.3865,2509.4016
3501,92,10.1642,86003.3463,269640.7433,0.0,1,1,0,934.819,2930.8776
3502,91,10.3701,87182.622,273338.4018,0.0,0,0,1,958.0508,3003.7187
3503,91,10.4387,87036.8754,272880.4874,1.0,1,0,0,956.4492,2998.6867
3504,92,10.3206,79371.4179,248847.6073,3.0,3,1,0,862.7328,2704.8653
3505,92,10.5373,94094.5461,295009.1986,5.0,2,0,0,1022.7668,3206.6217
3506,92,10.4889,77615.8691,243343.6208,8.0,3,0,0,843.6508,2645.0394
3507,93,10.5459,91960.8369,288318.6837,10.0,4,1,0,988.8262,3100.2009
3508,93,10.6032,88938.4172,278842.9652,12.0,3,0,0,956.3271,2998.3115
3509,92,10.521,77493.2849,242959.0635,16.0,4,0,1,842.3183,2640.8594
3510,93,10.3961,83226.8505,260934.5968,20.0,5,1,0,894.9124,2805.7484
3511,93,10.3601,72100.1521,226049.2753,27.0,7,0,0,775.2705,2430.6374
3512,92,10.6158,87396.5308,274007.2129,24.0,6,0,1,949.9623,2978.3393
3513,93,10.5659,74948.7661,234980.411,25.0,6,1,0,805.9007,2526.6711
3514,93,10.6628,87619.8334,274707.5522,30.0,5,0,0,942.1487,2953.8446
3515,92,10.4404,58827.3356,184435.9728,35.0,5,0,1,639.4276,2004.7388
3516,93,10.4317,83647.7863,262254.2375,40.0,6,1,0,899.4386,2819.938
3517,93,10.5324,82244.4293,257854.8896,35.0,4,0,0,884.3487,2772.6332
3518,93,10.6604,85299.0922,267431.9219,39.0,4,0,0,917.1945,2875.6121
3519,94,10.6302,82693.3555,259261.4375,43.0,5,1,0,879.7165,2758.1004
3520,92,10.6671,81640.7046,255961.7242,11.0,3,0,2,887.399,2782.1927
3521,92,10.7224,73831.9988,231479.9912,14.0,3,0,0,802.5217,2516.0869
3522,92,10.7823,88599.0333,277778.587,6.0,3,1,1,963.033,3019.3325
3523,92,10.7677,72018.5788,225794.7566,8.0,2,0,0,782.8106,2454.2908
3524,92,10.804,79460.088,249125.1654,5.0,1,0,0,863.6966,2707.8822
3525,92,10.8065,85122.3178,266877.6556,8.0,3,0,0,925.2426,2900.8441
3526,92,10.7799,77508.9499,243007.9536,11.0,3,0,0,842.4886,2641.3908
3527,93,10.8465,86080.3541,269881.5506,14.0,4,1,0,925.5952,2901.9522
3528,94,10.9257,87780.1576,275210.4628,17.0,4,1,0,933.8315,2927.7709
3529,94,10.8949,78410.2171,245834.2063,20.0,3,0,0,834.1512,2615.2575
3530,94,10.8999,69504.8932,217913.3155,24.0,4,0,0,739.4138,2318.2268
3531,94,10.9685,92782.8682,290895.7082,28.0,5,1,1,987.0518,3094.6352
3532,94,11.101,83697.3168,262409.9329,19.0,3,0,0,890.397,2791.595
3533,94,11.1085,80132.6416,251233.9084,22.0,3,0,0,852.4749,2672.7012
3534,94,11.2521,88226.984,276611.302,20.0,3,1,1,938.5849,2942.6734
3535,92,11.3392,70204.9154,220108.0678,23.0,3,0,2,763.0969,2392.479
3536,92,11.2934,74052.1503,232170.2412,0.0,0,0,0,804.9147,2523.5896
3537,93,11.2739,76987.0772,241371.799,1.0,2,1,0,827.818,2595.3957
3538,93,11.1919,64132.5571,201069.3573,2.0,1,0,0,689.5974,2162.0361
3539,93,11.2457,83266.7428,261060.5366,3.0,1,0,0,895.3413,2807.1025
3540,94,11.2845,85178.1775,267053.3214,4.0,2,1,0,906.1508,2840.9928
3541,94,11.2912,78820.5987,247120.7732,6.0,2,0,0,838.517,2628.9444
3542,93,11.3753,77794.1666,243902.6994,2.0,1,0,1,836.4964,2622.6097
3543,93,11.2482,76038.8761,238398.9682,3.0,2,1,1,817.6223,2563.4298
3544,93,11.2751,76879.9698,241036.0538,0.0,0,0,0,826.6663,2591.7855
3545,93,11.2456,77609.0169,243322.209,0.0,0,0,0,834.5056,2616.3678
3546,94,11.2216,80293.6067,251738.5029,0.0,1,1,0,854.1873,2678.0692
3547,94,11.2063,84332.5448,264402.717,1.0,1,0,0,897.1547,2812.7949
3548,94,11.1125,75127.5447,235541.7404,0.0,0,0,0,799.2292,2505.7632
3549,94,10.9794,75548.5754,236861.7513,1.0,2,1,1,803.7082,2519.8059
3550,94,10.8398,71704.693,224810.3689,2.0,1,0,0,762.8159,2391.5997
3551,93,10.9218,73860.4419,231569.0047,3.0,1,0,1,794.1983,2489.9893
3552,94,10.5201,61833.2965,193860.7828,0.0,1,1,0,657.801,2062.3488
3553,94,10.5998,77525.4775,243059.427,1.0,1,0,0,824.7391,2585.7386
3554,94,10.6847,83271.7849,261075.1965,3.0,2,0,0,885.8701,2777.3957
3555,95,10.6485,78748.5699,246894.339,2.0,2,1,0,828.9323,2598.8878
3556,95,10.6898,84336.4536,264414.3272,4.0,2,0,0,887.7521,2783.3087
3557,95,10.6357,84004.6552,263374.2128,6.0,2,0,0,884.2595,2772.3601
3558,96,10.5988,78948.6882,247522.1904,8.0,3,1,0,822.3822,2578.3561
3559,95,10.6115,72329.1316,226767.2066,10.0,2,0,1,761.3593,2387.0232
3560,95,10.5788,82665.7367,259176.4117,12.0,2,0,0,870.1656,2728.1728
3561,96,10.4606,77913.3319,244275.489,14.0,3,1,0,811.5972,2544.5363
3562,95,10.4665,73000.9324,228873.9942,16.0,2,0,1,768.4309,2409.1999
3563,95,10.3346,73649.1154,230906.352,20.0,4,0,0,775.2538,2430.5932
3564,96,10.1543,78149.8849,245017.1553,22.0,4,1,0,814.0613,2552.262
3565,96,10.1347,65387.1171,205002.0787,26.0,4,0,0,681.1158,2135.4383
3566,96,10.2385,85361.5434,267627.0953,30.0,4,0,0,889.1827,2787.7822
3567,97,10.1567,83527.6158,261877.4494,34.0,5,1,0,861.1094,2699.7675
3568,97,10.2844,83002.9888,260233.0415,39.0,5,0,0,855.7009,2682.8149
3569,97,10.2455,79184.8389,248261.928,44.0,5,0,0,816.3385,2559.4013
3570,98,9.9817,80120.9898,251195.9337,49.0,6,1,0,817.5611,2563.2238
3571,98,10.0203,78689.7895,246709.0858,54.0,5,0,0,802.957,2517.4397
3572,98,10.0817,81884.6215,256725.8022,54.0,4,0,0,835.5574,2619.651
3573,99,9.9048,75020.2676,235204.498,58.0,5,1,0,757.7805,2375.803
3574,98,9.9056,86824.4887,272213.952,63.0,5,0,1,885.9642,2777.6934
3575,98,10.0745,87986.943,275858.2415,69.0,6,0,0,897.8259,2814.88
3576,98,10.0607,84682.4268,265496.9667,50.0,5,1,1,864.1064,2709.1527
3577,98,10.0912,76728.2366,240558.8724,32.0,3,0,0,782.9412,2454.6824
3578,98,10.0144,69099.5725,216641.7711,30.0,2,0,0,705.0977,2210.6303
3579,96,10.101,87023.8562,272838.8654,33.0,4,1,3,906.4985,2842.0715
3580,96,10.3208,91233.6471,286038.5996,37.0,4,0,0,950.3505,2979.5687
3581,95,10.4338,87154.6328,273249.2863,41.0,4,0,1,917.4172,2876.3083
3582,96,10.4353,82791.0522,259568.1396,45.0,5,1,0,862.4068,2703.8348
3583,95,10.54,79546.3285,249395.1957,50.0,5,0,1,837.3298,2625.2126
3584,95,10.3327,63112.2361,197870.782,23.0,3,0,0,664.3393,2082.8503
3585,96,10.3705,85818.7683,269060.3122,26.0,4,1,0,893.9455,2802.7116
3586,95,10.4914,77971.2026,244456.5579,30.0,4,0,1,820.7495,2573.2269
3587,95,10.3441,68612.6946,215115.5481,34.0,4,0,0,722.2389,2264.3742
3588,96,9.9691,66655.8896,208980.3816,38.0,5,1,0,694.3322,2176.879
3589,96,9.7967,69577.6842,218140.2585,44.0,6,0,0,724.7675,2272.2944
3590,95,9.5826,68786.504,215658.85,51.0,7,0,1,724.0685,2270.0932
3591,95,9.2644,72292.8638,226652.6388,23.0,7,1,1,760.9775,2385.8173
3592,95,9.161,77932.4332,244334.3069,21.0,5,0,0,820.3414,2571.9401
3593,95,9.1105,76950.2941,241254.8607,25.0,5,0,0,810.0031,2539.5248
3594,96,8.9635,80992.3019,253927.8898,17.0,4,1,0,843.6698,2645.0822
3595,95,9.1311,77981.1375,244487.4382,15.0,4,0,1,820.8541,2573.552
3596,95,9.2644,87091.6578,273051.4929,19.0,4,0,0,916.7543,2874.2262
3597,96,9.26,88071.197,276122.7547,23.0,5,1,0,917.4083,2876.2787
3598,95,9.572,89154.4594,279518.8479,27.0,4,0,1,938.468,2942.3037
3599,95,9.9353,104588.5135,327909.8723,31.0,4,0,0,1100.9317,3451.6829
