step,vehicle_count,mean_speed,total_fuel_ml_s,total_co2_mg_s,total_waiting_s,halting_count,departed_count,arrived_count,mean_fuel_per_veh,mean_co2_per_veh
0,1,0.0,837.2222,2624.7222,0.0,1,1,0,837.2222,2624.7222
1,1,1.7275,1021.3137,3201.9356,0.0,0,0,0,1021.3137,3201.9356
2,2,1.616,1971.0512,6179.4508,0.0,1,1,0,985.5256,3089.7254
3,2,3.7437,2940.6957,9219.6532,0.0,0,0,0,1470.3478,4609.8266
4,3,4.0828,4644.1371,14560.3054,0.0,1,1,0,1548.0457,4853.4351
5,3,6.4407,5931.3072,18596.0757,0.0,0,0,0,1977.1024,6198.6919
6,4,6.2702,7048.3898,22098.306,0.0,1,1,0,1762.0975,5524.5765
7,4,7.7485,6121.8328,19193.3271,0.0,0,0,0,1530.4582,4798.3318
8,5,6.4619,3881.5738,12169.3361,0.0,1,1,0,776.3148,2433.8672
9,5,7.3518,5450.3792,17087.9544,0.0,0,0,0,1090.0758,3417.5909
10,6,6.7436,5668.7712,17772.7365,0.0,1,1,0,944.7952,2962.1227
11,6,7.2586,4919.8122,15424.6032,0.0,0,0,0,819.9687,2570.7672
12,7,6.9793,7658.9111,24012.0922,0.0,1,1,0,1094.1302,3430.2989
13,7,7.8508,7775.1318,24376.689,0.0,0,0,0,1110.7331,3482.3841
14,8,7.5827,9475.9241,29708.9854,0.0,1,1,0,1184.4905,3713.6232
15,8,8.3611,10837.7441,33978.8677,0.0,0,0,0,1354.718,4247.3585
16,9,8.0239,9493.9199,29765.5452,0.0,1,1,0,1054.88,3307.2828
17,9,8.3999,6384.0489,20015.0371,0.0,0,0,0,709.3388,2223.893
18,10,8.08,9862.0502,30919.3725,0.0,1,1,0,986.205,3091.9373
19,10,8.1022,6515.1308,20426.1721,0.0,0,0,0,651.5131,2042.6172
20,11,7.0579,6210.3464,19470.4957,0.0,1,1,0,564.5769,1770.0451
21,11,7.2419,11204.9475,35129.8321,0.0,0,0,0,1018.6316,3193.6211
22,12,7.1892,11041.6756,34617.86,0.0,1,1,0,920.1396,2884.8217
23,12,7.8284,11601.943,36374.4077,0.0,0,0,0,966.8286,3031.2006
24,13,7.7362,13408.6305,42038.9586,0.0,1,1,0,1031.4331,3233.766
25,13,8.5193,15373.281,48198.6478,0.0,0,0,0,1182.5601,3707.5883
26,14,8.6028,17752.5606,55658.219,0.0,1,1,0,1268.04,3975.5871
27,14,9.3386,17214.8049,53972.5446,0.0,0,0,0,1229.6289,3855.1818
28,15,9.0479,17403.4879,54564.0257,0.0,1,1,0,1160.2325,3637.6017
29,15,9.8604,19510.5734,61170.23,0.0,0,0,0,1300.7049,4078.0153
30,16,9.639,15008.954,47056.4184,0.0,1,1,0,938.0596,2941.0261
31,16,10.0286,13910.9246,43613.8551,0.0,0,0,0,869.4328,2725.8659
32,17,9.6134,14578.0408,45705.4109,0.0,1,1,0,857.5318,2688.5536
33,17,10.0593,16589.7234,52012.4009,0.0,0,0,0,975.8661,3059.553
34,18,9.312,11417.963,35797.7237,0.0,1,1,0,634.3313,1988.7624
35,18,9.7899,20666.1853,64793.2432,0.0,0,0,0,1148.1214,3599.6246
36,19,9.5903,17184.6277,53877.5446,0.0,1,1,0,904.4541,2835.6602
37,19,9.7588,16384.1607,51367.8277,0.0,0,0,0,862.3242,2703.5699
38,20,9.6679,18194.1635,57042.5479,0.0,1,1,0,909.7082,2852.1274
39,20,9.9484,14587.818,45736.0277,0.0,0,0,0,729.3909,2286.8014
40,21,9.2793,18298.6188,57370.084,0.0,1,1,0,871.3628,2731.9088
41,21,9.1506,14815.5571,46449.9304,0.0,0,0,0,705.5027,2211.9014
42,22,9.4768,26803.1178,84033.9216,0.0,1,1,0,1218.3235,3819.7237
43,22,9.9152,20870.0539,65432.3976,0.0,0,0,0,948.6388,2974.1999
44,23,9.9594,24345.564,76328.9884,0.0,1,1,0,1058.5028,3318.6517
45,23,9.9787,22935.6954,71909.0887,0.0,0,0,0,997.2041,3126.4821
46,24,9.5848,21339.0061,66902.4993,0.0,1,1,0,889.1253,2787.6041
47,24,9.527,20526.1777,64353.9837,1.0,1,0,0,855.2574,2681.416
48,25,8.951,18880.3143,59193.355,0.0,1,1,0,755.2126,2367.7342
49,25,9.3749,25732.8962,80678.4372,1.0,1,0,0,1029.3158,3227.1375
50,26,9.273,26711.7245,83746.7619,2.0,2,1,0,1027.374,3221.0293
51,26,9.5568,22887.9675,71758.6806,1.0,1,0,0,880.3064,2759.9493
52,27,9.1099,20929.1591,65617.3477,2.0,2,1,0,775.154,2430.2721
53,27,8.92,19820.9651,62142.8166,3.0,1,0,0,734.1098,2301.5858
54,28,8.515,23483.6451,73626.1774,5.0,3,1,0,838.7016,2629.5063
55,28,8.5796,24157.9222,75739.5156,8.0,3,0,0,862.7829,2704.9827
56,29,8.6378,28514.3129,89398.0951,11.0,4,1,0,983.2522,3082.6929
57,29,9.0594,29933.6007,93848.5474,14.0,3,0,0,1032.1931,3236.1568
58,30,9.3084,33524.2646,105105.7582,17.0,4,1,0,1117.4755,3503.5253
59,30,9.444,26399.1283,82767.1455,20.0,3,0,0,879.9709,2758.9049
60,31,9.466,29194.1853,91529.8713,23.0,4,1,0,941.7479,2952.5765
61,31,9.5946,25901.8152,81207.311,26.0,3,0,0,835.5424,2619.5907
62,32,9.0913,18608.507,58340.7488,29.0,4,1,0,581.5158,1823.1484
63,32,9.4142,30043.5873,94192.8129,32.0,3,0,0,938.8621,2943.5254
64,33,9.1403,25164.3311,78894.944,35.0,4,1,0,762.5555,2390.7559
65,33,9.0117,23401.8362,73369.2409,38.0,3,0,0,709.1466,2223.3103
66,34,8.8298,30143.2702,94505.3712,41.0,4,1,0,886.5668,2779.5697
67,34,8.8981,25756.4301,80752.0554,44.0,3,0,0,757.5421,2375.0605
68,35,9.2701,39763.4922,124667.4025,14.0,2,1,0,1136.0998,3561.9258
69,35,9.5559,29635.4461,92913.2559,15.0,1,0,0,846.727,2654.6645
70,36,9.619,32196.4763,100943.0434,16.0,2,1,0,894.3466,2803.9734
71,36,9.8632,29773.3392,93345.9565,17.0,1,0,0,827.0372,2592.9432
72,37,9.9813,36636.6539,114864.0177,0.0,1,1,0,990.1798,3104.4329
73,37,10.2735,33912.3359,106323.0683,0.0,0,0,0,916.5496,2873.5964
74,38,9.8397,27695.2487,86830.8349,0.0,1,1,0,728.8223,2285.022
75,38,10.0368,34268.2988,107438.8022,0.0,0,0,0,901.7973,2827.3369
76,39,10.1095,36085.1561,113134.8792,0.0,1,1,0,925.2604,2900.8943
77,39,10.7471,46518.287,145845.8462,0.0,0,0,0,1192.7766,3739.6371
78,40,10.8868,45790.2017,143563.1832,0.0,1,1,0,1144.755,3589.0796
79,40,11.0889,33728.4963,105746.675,0.0,0,0,0,843.2124,2643.6669
80,41,11.0117,37247.8644,116780.4956,0.0,1,1,0,908.4845,2848.3048
81,41,11.3143,38666.6064,121228.9481,0.0,0,0,0,943.088,2956.8036
82,42,11.2192,37116.9953,116370.3274,0.0,1,1,0,883.738,2770.7221
83,42,11.3619,32224.928,101032.5242,0.0,0,0,0,767.2602,2405.5363
84,43,11.0886,27455.3064,86078.0843,0.0,1,1,0,638.4955,2001.8159
85,43,11.3402,38201.1443,119769.1056,0.0,0,0,0,888.3987,2785.328
86,44,11.1282,34683.9786,108742.0851,0.0,1,1,0,788.2722,2471.411
87,44,11.2536,37728.7061,118288.3662,0.0,0,0,0,857.4706,2688.372
88,45,11.2472,39477.6449,123771.18,0.0,1,1,0,877.281,2750.4707
89,45,11.1598,33378.9452,104650.6934,0.0,0,0,0,741.7543,2325.571
90,46,11.0173,37935.3125,118935.3332,0.0,1,1,0,824.6807,2585.5507
91,46,11.0113,37835.723,118623.5974,0.0,0,0,0,822.5157,2578.7739
92,47,10.7353,29642.1922,92934.3377,0.0,1,1,0,630.6849,1977.3263
93,47,10.7311,35701.5629,111932.1363,0.0,0,0,0,759.6077,2381.5348
94,48,10.386,36000.199,112868.9962,0.0,1,1,0,750.0041,2351.4374
95,48,10.4486,44363.6222,139090.0517,0.0,0,0,0,924.2421,2897.7094
96,49,10.178,36164.0144,113382.1384,2.0,3,1,0,738.0411,2313.9212
97,49,10.0504,31067.0233,97401.6541,4.0,2,0,0,634.0209,1987.7889
98,50,10.0003,49401.0872,154883.6927,6.0,3,1,0,988.0217,3097.6739
99,50,10.0156,44415.0373,139251.2031,0.0,0,0,0,888.3007,2785.0241
100,51,10.1074,50532.8907,158431.5994,0.0,1,1,0,990.841,3106.5019
101,51,10.4326,47845.7837,150007.6794,0.0,0,0,0,938.1526,2941.327
102,52,10.3266,45785.9642,143549.0974,1.0,2,1,0,880.4993,2760.5596
103,52,10.4205,40700.4179,127604.2613,3.0,2,0,0,782.7003,2453.9281
104,53,10.2753,45124.9777,141476.8209,2.0,2,1,0,851.4147,2669.374
105,53,10.5439,51393.8703,161131.4298,3.0,1,0,0,969.6957,3040.2157
106,54,10.5766,50301.773,157707.3079,4.0,2,1,0,931.5143,2920.5057
107,54,10.7732,44582.9309,139777.8033,5.0,1,0,0,825.6098,2588.4778
108,55,10.7665,45227.7174,141798.8131,6.0,2,1,0,822.3221,2578.1602
109,55,10.8831,50935.2239,159693.5575,7.0,1,0,0,926.095,2903.5192
110,56,10.7782,45349.0361,142179.4839,8.0,2,1,0,809.8042,2538.9194
111,56,10.7924,48050.7152,150649.8249,0.0,0,0,0,858.0485,2690.1754
112,57,10.7017,56404.9272,176842.6931,0.0,1,1,0,989.5601,3102.5034
113,57,10.5649,49557.0456,155372.716,0.0,0,0,0,869.4219,2725.8371
114,58,10.5331,55736.6074,174747.1285,0.0,1,1,0,960.976,3012.8815
115,58,10.871,56951.282,178555.3635,1.0,1,0,0,981.9187,3078.5407
116,59,10.7613,54038.1764,169421.9551,2.0,2,1,0,915.9013,2871.5586
117,59,10.6788,44539.2673,139640.768,3.0,1,0,0,754.9028,2366.7927
118,60,10.7661,59363.9895,186119.6926,4.0,2,1,0,989.3998,3101.9949
119,60,10.9101,51041.6737,160027.2723,5.0,1,0,0,850.6946,2667.1212
120,61,10.8054,52235.3212,163769.5991,7.0,3,1,0,856.3167,2684.7475
121,61,10.7629,49330.1611,154660.7304,7.0,1,0,0,808.6912,2535.4218
122,62,10.6127,55847.1935,175093.5365,8.0,2,1,0,900.7612,2824.0893
123,62,10.6663,52560.9354,164790.5376,1.0,1,0,0,847.757,2657.9119
124,63,10.4076,48768.5438,152899.6392,3.0,3,1,0,774.1039,2426.9784
125,63,10.3608,55075.7423,172674.7165,5.0,2,0,0,874.2181,2740.8685
126,64,10.2866,50143.2811,157209.8107,7.0,3,1,0,783.4888,2456.4033
127,64,10.29,50860.6746,159459.0652,10.0,3,0,0,794.698,2491.5479
128,65,10.3081,54577.7304,171112.9539,8.0,3,1,0,839.6574,2632.507
129,65,10.6866,66160.203,207427.5074,10.0,2,0,0,1017.8493,3191.1924
130,66,10.6551,67652.2848,212105.6314,8.0,2,1,0,1025.0346,3213.7217
131,66,10.7856,57391.2605,179935.329,0.0,0,0,0,869.5646,2726.2929
132,67,10.7169,60015.284,188161.8112,0.0,1,1,0,895.7505,2808.3852
133,67,10.9137,62985.9971,197475.5481,0.0,0,0,0,940.0895,2947.3962
134,68,10.8168,57355.0918,179820.9017,1.0,2,1,0,843.4572,2644.425
135,68,11.0027,66919.3878,209807.9722,3.0,2,0,0,984.1086,3085.4114
136,69,10.8167,58423.8979,183172.4986,5.0,3,1,0,846.7232,2654.6739
137,69,10.7485,53797.2223,168666.5612,7.0,2,0,0,779.6699,2444.4429
138,70,10.5518,61448.3088,192654.6543,9.0,3,1,0,877.833,2752.2093
139,70,10.7023,59936.2178,187913.3991,11.0,2,0,0,856.2317,2684.4771
140,71,10.7055,69088.3419,216607.9878,15.0,5,1,0,973.0752,3050.8167
141,71,10.4932,52054.3472,163201.4776,19.0,4,0,0,733.1598,2298.6124
142,72,10.0734,50118.9206,157133.1581,23.0,5,1,0,696.0961,2182.405
143,72,10.0551,58657.7581,183904.5968,27.0,4,0,0,814.6911,2554.2305
144,73,10.1019,61957.0882,194248.5005,31.0,5,1,0,848.7272,2660.9384
145,73,10.2922,67028.806,210150.1353,35.0,4,0,0,918.2028,2878.769
146,73,10.1759,61604.0842,193141.6604,40.0,6,1,1,843.8916,2645.7762
147,73,9.9905,50576.5304,158568.2333,32.0,5,0,0,692.8292,2172.1676
148,74,9.8629,65892.9706,206588.5477,28.0,5,1,0,890.4455,2791.7371
149,74,9.9515,65150.9811,204263.1779,32.0,4,0,0,880.4187,2760.3132
150,75,10.1281,74349.94,233103.3583,37.0,6,1,0,991.3325,3108.0448
151,75,10.3573,79840.4995,250318.6352,34.0,3,0,0,1064.54,3337.5818
152,76,10.5188,75618.4228,237081.1238,0.0,1,1,0,994.9792,3119.4885
153,76,10.7711,69665.7212,218418.223,0.0,0,0,0,916.6542,2873.924
154,76,10.7552,72015.0406,225784.0512,0.0,1,1,1,947.5663,2970.8428
155,76,10.7904,73404.4498,230140.4205,0.0,0,0,0,965.848,3028.1634
156,77,10.6696,67727.5842,212341.113,1.0,2,1,0,879.579,2757.6768
157,77,10.7714,73310.6679,229845.4351,1.0,1,0,0,952.0866,2985.0057
158,77,10.7648,73617.9828,230809.462,2.0,2,1,1,956.0777,2997.5255
159,77,10.6388,58142.2083,182288.6895,4.0,2,0,0,755.0936,2367.3856
160,78,10.5391,70999.7375,222600.3664,6.0,3,1,0,910.253,2853.8509
161,78,10.5791,66846.6354,209579.0101,9.0,3,0,0,857.0081,2686.9104
162,79,10.714,79565.3022,249455.3006,12.0,4,1,0,1007.1557,3157.662
163,79,10.8305,65922.5087,206681.4533,15.0,3,0,0,834.4621,2616.2209
164,80,10.7148,64948.1907,203626.695,19.0,5,1,0,811.8524,2545.3337
165,80,10.6064,67116.7251,210425.6798,21.0,3,0,0,838.9591,2630.321
166,80,10.5353,72650.2561,227775.028,24.0,4,1,1,908.1282,2847.1879
167,80,10.6403,70663.5641,221545.6742,27.0,3,0,0,883.2946,2769.3209
168,81,10.5439,71416.9284,223907.9137,30.0,4,1,0,881.6905,2764.2952
169,81,10.6273,71097.9308,222907.635,33.0,3,0,0,877.7522,2751.9461
170,82,10.5991,67670.655,212161.6796,26.0,3,1,0,825.2519,2587.3376
171,82,10.5695,68618.4973,215134.0302,29.0,3,0,0,836.8109,2623.5857
172,83,10.5311,79518.4301,249308.2096,34.0,6,1,0,958.0534,3003.7134
173,83,10.4344,61638.3418,193249.5574,23.0,5,0,0,742.6306,2328.3079
174,83,10.3939,77714.7777,243652.8792,9.0,4,1,1,936.3226,2935.5769
175,83,10.3791,60506.196,189700.1802,5.0,1,0,0,728.9903,2285.5443
176,83,10.2509,78067.6605,244759.7567,6.0,2,1,1,940.5742,2948.9127
177,83,10.4527,79190.8056,248281.09,7.0,1,0,0,954.1061,2991.3384
178,84,10.542,78606.6737,246450.2963,8.0,2,1,0,935.7937,2933.9321
179,84,10.4895,72457.7115,227171.1972,10.0,2,0,0,862.5918,2704.419
180,85,10.4548,77806.0715,243939.1294,13.0,4,1,0,915.3655,2869.8721
181,85,10.7033,75047.9323,235291.6642,16.0,3,0,0,882.9169,2768.1372
182,86,10.6278,65744.9004,206124.1522,17.0,4,1,0,764.4756,2396.7925
183,86,10.7489,84457.716,264794.3831,18.0,2,0,0,982.0665,3079.0045
184,87,10.6947,65776.0931,206222.4126,20.0,3,1,0,756.047,2370.3726
185,87,10.7345,70962.5149,222483.1534,22.0,2,0,0,815.6611,2557.2776
186,88,10.6877,82375.2299,258265.1934,24.0,3,1,0,936.0822,2934.8317
187,88,10.9074,83908.9558,263073.9787,0.0,0,0,0,953.5109,2989.477
188,88,10.8001,75643.4356,237159.1654,0.0,1,1,1,859.5845,2694.9905
189,88,10.9303,82226.6359,257800.1746,0.0,0,0,0,934.3936,2929.5474
190,88,10.9596,82262.7174,257912.0908,0.0,1,1,1,934.8036,2930.8192
191,88,11.0829,78758.465,246925.9223,0.0,0,0,0,894.9826,2805.9764
192,89,11.0361,79281.9192,248567.4062,0.0,1,1,0,890.8081,2792.8922
193,89,11.1337,78917.7146,247425.0386,0.0,0,0,0,886.7159,2780.0566
194,90,11.0074,69276.3297,217196.4316,0.0,1,1,0,769.737,2413.2937
195,90,10.9745,70712.738,221700.8586,1.0,1,0,0,785.6971,2463.3429
196,90,10.8457,75320.0715,236145.2585,2.0,2,1,1,836.8897,2623.8362
197,90,10.8467,70160.8205,219969.7858,3.0,1,0,0,779.5647,2444.1087
198,91,10.8288,85464.4846,267949.7801,4.0,2,1,0,939.1702,2944.5031
199,91,10.9978,81418.4576,255264.8512,5.0,1,0,0,894.7083,2805.1083
200,92,10.8401,77400.288,242667.4076,6.0,2,1,0,841.3075,2637.6892
201,92,10.833,75591.0406,236994.9648,9.0,3,0,0,821.6417,2576.0322
202,93,10.7896,83341.9943,261296.3552,12.0,4,1,0,896.1505,2809.6382
203,93,10.819,76833.1148,240889.1509,15.0,3,0,0,826.1625,2590.2059
204,93,10.6058,70374.4985,220639.1665,19.0,5,1,1,756.715,2372.4642
205,93,10.6242,82450.4573,258500.6541,12.0,3,0,0,886.5641,2779.5769
206,94,10.3628,79988.8727,250782.9304,17.0,6,1,0,850.9455,2667.9035
207,94,10.0283,67999.4049,213192.221,24.0,7,0,0,723.3979,2268.0024
208,94,9.8521,75960.6035,238152.7176,25.0,7,1,1,808.0915,2533.5395
209,93,9.8722,84387.0441,264571.2622,33.0,8,0,1,907.3876,2844.8523
210,94,9.8698,81485.391,255473.5318,38.0,10,1,0,866.8659,2717.8035
211,94,10.0719,92511.8988,290045.5841,43.0,8,0,0,984.1691,3085.5913
212,95,9.9976,81575.5874,255756.6977,51.0,9,1,0,858.6904,2692.1758
213,95,10.1298,82305.1137,258044.0738,59.0,8,0,0,866.3696,2716.2534
214,96,10.0988,88424.2539,277229.3702,67.0,9,1,0,921.086,2887.8059
215,96,10.0253,74032.8339,232108.5135,54.0,7,0,0,771.1754,2417.797
216,97,10.2538,99346.0438,311471.9515,42.0,6,1,0,1024.186,3211.051
217,97,10.4108,88155.3283,276386.4311,41.0,5,0,0,908.8178,2849.3447
218,98,10.2141,76660.6293,240347.8299,46.0,6,1,0,782.2513,2452.5289
219,98,10.0318,82609.5271,258999.4126,32.0,4,0,0,842.9544,2642.8511
220,97,9.6335,70078.3191,219709.8942,37.0,6,1,2,722.4569,2265.0505
221,97,9.5505,83656.285,262280.845,40.0,4,0,0,862.4359,2703.9262
222,98,9.6073,86295.435,270554.6587,45.0,6,1,0,880.5657,2760.7618
223,98,9.6996,84999.6844,266492.1673,50.0,6,0,0,867.3437,2719.3078
224,99,9.9741,105507.5751,330790.3801,54.0,6,1,0,1065.7331,3341.317
225,99,10.2153,96044.6669,301121.6346,59.0,5,0,0,970.1482,3041.6327
226,100,10.2415,86662.4049,271705.6413,15.0,4,1,0,866.624,2717.0564
227,99,10.4721,90518.4097,283795.7187,5.0,1,0,1,914.3274,2866.6234
228,100,10.6202,103321.7231,323937.8275,7.0,3,1,0,1033.2172,3239.3783
229,100,10.6444,87173.4069,273309.0094,9.0,2,0,0,871.7341,2733.0901
230,101,10.559,97603.1256,306008.5048,12.0,4,1,0,966.3676,3029.7872
231,101,10.6366,98623.1094,309206.4704,15.0,3,0,0,976.4664,3061.4502
232,101,10.7107,99200.6943,311016.8483,19.0,5,1,1,982.1851,3079.3747
233,101,10.7877,103554.5464,324667.6827,24.0,5,0,0,1025.2925,3214.5315
234,102,10.7202,93514.7195,293189.9276,30.0,7,1,0,916.811,2874.4111
235,102,10.7831,90825.6226,284759.2279,36.0,6,0,0,890.4473,2791.7571
236,103,10.5187,76967.9414,241310.1383,42.0,7,1,0,747.2616,2342.8169
237,103,10.4091,79165.3045,248199.8355,50.0,8,0,0,768.5952,2409.7071
238,104,10.2535,93600.8345,293458.8479,43.0,9,1,0,900.008,2821.7197
239,104,10.2834,87118.3303,273134.5569,52.0,9,0,0,837.6763,2626.2938
240,104,10.1937,83437.4952,261594.6363,39.0,7,1,1,802.2836,2515.333
241,103,10.3273,93257.4043,292382.478,45.0,6,0,1,905.4117,2838.6648
242,103,10.3845,92249.2006,289221.6117,52.0,8,1,1,895.6233,2807.9768
243,103,10.7081,111144.0165,348461.6701,48.0,6,0,0,1079.0681,3383.123
244,104,10.6924,89232.1115,279762.5429,47.0,6,1,0,858.0011,2690.0245
245,104,10.8615,96553.9625,302718.1521,52.0,5,0,0,928.4035,2910.7515
246,105,11.018,105106.9027,329534.0383,57.0,6,1,0,1001.0181,3138.4194
247,104,11.1597,95931.3608,300766.5298,62.0,5,0,1,922.4169,2891.9859
248,105,11.0358,81231.6055,254679.0192,67.0,6,1,0,773.6343,2425.5145
249,105,11.1518,92250.3314,289226.1854,72.0,5,0,0,878.5746,2754.5351
250,105,11.1345,87500.9356,274334.6642,77.0,6,1,1,833.3422,2612.7111
251,104,11.1977,84650.5675,265398.0687,60.0,4,0,1,813.9478,2551.9045
252,105,11.2938,95001.8141,297851.6783,65.0,6,1,0,904.7792,2836.6827
253,105,11.4053,95020.485,297910.7039,70.0,5,0,0,904.957,2837.2448
254,105,11.1896,83246.8807,260997.3983,75.0,6,1,1,792.8274,2485.6895
255,104,11.3564,102459.3168,321234.0478,80.0,5,0,1,985.1857,3088.7889
256,105,11.2887,94416.7926,296017.3567,85.0,6,1,0,899.2075,2819.2129
257,103,11.1075,62390.8538,195608.6818,90.0,5,0,2,605.7364,1899.1134
258,104,11.0061,96396.2939,302224.0204,96.0,7,1,0,926.8874,2906.0002
259,104,10.8083,81631.1852,255931.3069,102.0,6,0,0,784.9152,2460.878
260,105,10.6695,85137.7925,266925.7185,87.0,6,1,0,810.8361,2542.1497
261,105,10.7755,89664.7299,281118.4052,43.0,4,0,0,853.9498,2677.3181
262,106,10.7745,88757.3789,278273.3043,16.0,3,1,0,837.3338,2625.2199
263,106,11.0277,98992.6889,310364.4531,0.0,0,0,0,933.8933,2927.9665
264,107,10.8822,84511.9896,264963.6975,0.0,1,1,0,789.8317,2476.2962
265,107,11.1004,111620.7962,349957.8897,0.0,0,0,0,1043.185,3270.6345
266,108,10.9713,89775.072,281465.0977,1.0,2,1,0,831.2507,2606.1583
267,108,11.1039,96629.9667,302956.8738,3.0,2,0,0,894.7219,2805.1562
268,109,11.1507,91377.2028,286488.1953,7.0,5,1,0,838.323,2628.3321
269,109,11.0772,90678.8922,284298.2912,9.0,3,0,0,831.9164,2608.2412
270,110,10.7923,86525.9707,271278.011,13.0,5,1,0,786.5997,2466.1637
271,110,10.7632,92317.2589,289435.1165,17.0,4,0,0,839.2478,2631.2283
272,110,10.6261,92830.7449,291044.9095,20.0,6,1,1,843.9159,2645.8628
273,110,10.4809,85492.5879,268037.2779,24.0,5,0,0,777.2053,2436.7025
274,110,10.4044,87016.6459,272815.7995,21.0,5,1,1,791.0604,2480.1436
275,109,10.5527,94411.787,296001.2834,26.0,5,0,1,866.1632,2715.6081
276,110,10.5853,97504.0571,305696.2992,31.0,6,1,0,886.4005,2779.0573
277,110,10.6181,95725.2993,300120.2006,25.0,5,0,0,870.23,2728.3655
278,111,10.4823,96556.3863,302725.8038,20.0,6,1,0,869.8774,2727.2595
279,111,10.6035,92208.3686,289093.9983,10.0,2,0,0,830.706,2604.4504
280,112,10.6329,97012.5397,304155.4154,5.0,3,1,0,866.1834,2715.6734
281,112,10.7844,95219.37,298534.345,6.0,2,0,0,850.1729,2665.4852
282,113,10.8856,101324.9526,317676.7667,6.0,2,1,0,896.681,2811.2988
283,113,11.0816,107739.6299,337788.9391,0.0,0,0,0,953.4481,2989.2826
284,114,11.0104,94360.7099,295842.1133,0.0,1,1,0,827.7255,2595.1063
285,112,11.181,106405.9052,333607.7398,0.0,0,0,2,950.0527,2978.6405
286,113,11.2261,100458.3663,314960.8414,0.0,1,1,0,889.0121,2787.2641
287,113,11.4589,112731.1876,353439.1187,0.0,0,0,0,997.6211,3127.7798
288,114,11.4146,97631.4831,306097.7446,1.0,2,1,0,856.4165,2685.0679
289,114,11.6593,110206.9018,345524.6842,3.0,2,0,0,966.7272,3030.9183
290,115,11.5385,95170.5179,298381.0875,2.0,2,1,0,827.5697,2594.6182
291,115,11.5863,103054.5769,323100.528,1.0,1,0,0,896.1268,2809.5698
292,116,11.4812,97704.814,306327.7149,2.0,2,1,0,842.2829,2640.7562
293,116,11.6451,102608.779,321702.2493,3.0,1,0,0,884.5584,2773.2953
294,116,11.3872,93839.4736,294208.426,4.0,2,1,1,808.961,2536.2795
295,116,11.1329,91114.6204,285664.8539,5.0,1,0,0,785.4709,2462.6281
296,117,10.8887,84218.3346,264043.3989,6.0,2,1,0,719.8148,2256.7812
297,117,10.7934,93432.6241,292932.8341,9.0,3,0,0,798.5694,2503.6994
298,118,10.5426,93405.1105,292845.5266,12.0,4,1,0,791.5687,2481.7418
299,118,10.5668,106940.1631,335281.5159,15.0,3,0,0,906.2726,2841.3688
300,117,10.5844,105689.1717,331358.6985,20.0,6,1,2,903.3263,2832.1256
301,117,10.5409,89526.871,280686.4898,20.0,4,0,0,765.1869,2399.0298
302,118,10.255,90570.0537,283956.5638,25.0,6,1,0,767.5428,2406.4116
303,117,10.3847,113429.8389,355628.4052,32.0,7,0,1,969.4858,3039.559
304,117,10.2878,90446.7998,283569.3514,34.0,7,1,1,773.0496,2423.6697
305,117,10.5158,105792.7026,331682.9472,41.0,7,0,0,904.2111,2834.897
306,118,10.6125,118235.754,370695.9055,49.0,9,1,0,1001.9979,3141.4907
307,117,10.7315,108834.8718,341222.2655,46.0,7,0,1,930.2126,2916.4296
308,118,10.8264,113673.9696,356393.2276,27.0,7,1,0,963.3387,3020.2816
309,118,10.9393,101356.2441,317774.824,19.0,3,0,0,858.9512,2693.007
310,119,10.8217,94024.6583,294787.8175,18.0,4,1,0,790.1232,2477.2086
311,119,10.854,105946.4686,332166.2429,22.0,4,0,0,890.3065,2791.313
312,120,10.6869,89908.6848,281883.572,15.0,4,1,0,749.239,2349.0298
313,120,10.6028,96414.0768,302279.4273,18.0,3,0,0,803.4506,2518.9952
314,120,10.6794,109768.1219,344148.3059,21.0,4,1,1,914.7343,2867.9025
315,120,10.7955,110710.7637,347103.052,24.0,3,0,0,922.5897,2892.5254
316,121,10.7504,110959.7469,347883.6995,30.0,7,1,0,917.0227,2875.0719
317,121,10.8155,107845.8111,338120.5951,37.0,7,0,0,891.2877,2794.3851
318,122,10.5819,94475.8673,296201.8255,44.0,8,1,0,774.3924,2427.8838
319,122,10.5916,108572.992,340401.0417,34.0,6,0,0,889.9426,2790.1725
320,122,10.5236,98826.1177,309841.5915,26.0,6,1,1,810.0501,2539.6852
321,121,10.4015,90623.9724,284126.231,31.0,5,0,1,748.9584,2348.1507
322,122,10.3619,112338.7139,352206.7456,36.0,6,1,0,920.8091,2886.9405
323,120,10.3816,103754.867,325294.4225,42.0,6,0,2,864.6239,2710.7869
324,121,10.1114,91891.9931,288100.64,50.0,9,1,0,759.438,2380.997
325,121,10.114,101458.942,318095.6803,57.0,8,0,0,838.5037,2628.8899
326,122,10.1242,113816.9207,356841.1296,66.0,10,1,0,932.9256,2924.9273
327,122,10.0373,100000.9534,313525.1149,74.0,9,0,0,819.6799,2569.878
328,123,10.1528,110720.1576,347132.0314,69.0,8,1,0,900.1639,2822.2116
329,123,10.3027,106585.1558,334167.4884,54.0,4,0,0,866.546,2716.8088
330,124,10.3848,114218.2945,358100.6182,37.0,4,1,0,921.1153,2887.9082
331,124,10.5416,102912.4018,322652.6678,8.0,1,0,0,829.9387,2602.0376
332,125,10.5726,106640.686,334343.2089,10.0,3,1,0,853.1255,2674.7457
333,125,10.5422,102437.334,321164.0589,12.0,2,0,0,819.4987,2569.3125
334,126,10.3012,90129.6452,282576.4523,3.0,2,1,0,715.3146,2242.6703
335,126,10.5521,121974.1879,382417.2703,0.0,0,0,0,968.0491,3035.0577
336,127,10.5121,110568.4977,346657.134,1.0,2,1,0,870.6181,2729.5837
337,127,10.4384,107831.6814,338077.3521,2.0,1,0,0,849.0684,2662.0264
338,128,10.3461,109705.6061,343951.9153,3.0,2,1,0,857.075,2687.1243
339,128,10.4553,117269.9856,367668.316,6.0,3,0,0,916.1718,2872.4087
340,129,10.5759,129458.363,405882.3474,10.0,5,1,0,1003.5532,3146.3748
341,129,10.6542,114551.3063,359144.9221,14.0,4,0,0,887.9946,2784.0692
342,129,10.7507,118577.1629,371765.4827,20.0,7,1,1,919.2028,2881.903
343,129,10.7429,110116.4069,345239.5719,21.0,5,0,0,853.6156,2676.2758
344,129,10.5829,104354.2532,327173.0533,20.0,4,1,1,808.9477,2536.2252
345,129,10.5463,92235.2899,289177.2623,24.0,4,0,0,715.0022,2241.6842
346,129,10.4513,99965.5824,313413.9242,29.0,6,1,1,774.927,2429.5653
347,129,10.4665,112348.885,352239.4458,31.0,4,0,0,870.9216,2730.5383
348,128,10.5716,117441.1197,368204.4047,32.0,4,1,2,917.5087,2876.5969
349,126,10.7083,109410.2283,343025.7544,11.0,1,0,2,868.3351,2722.4266
350,126,10.7434,105182.3208,329769.8513,12.0,2,1,1,834.7803,2617.221
351,126,10.905,106914.6592,335201.5869,13.0,1,0,0,848.529,2660.3301
352,127,10.992,108595.8626,340473.4798,15.0,3,1,0,855.0855,2680.8935
353,127,11.1669,128147.5003,401773.2312,17.0,2,0,0,1009.0354,3163.5687
354,127,11.0826,120424.1989,377557.8525,19.0,3,1,1,948.222,2972.8965
355,127,11.055,102991.7864,322902.2892,4.0,1,0,0,810.9589,2542.5377
356,128,11.05,121821.3902,381937.678,6.0,3,1,0,951.7296,2983.8881
357,128,11.0694,104968.363,329100.0132,8.0,2,0,0,820.0653,2571.0939
358,128,11.1722,136185.5894,426973.6571,11.0,4,1,1,1063.9499,3335.7317
359,128,10.9589,104034.0136,326170.5444,15.0,4,0,0,812.7657,2548.2074
360,128,10.7467,99313.9958,311371.867,10.0,3,0,0,775.8906,2432.5927
361,128,10.7331,114327.6351,358442.8894,9.0,4,0,0,893.1846,2800.3351
362,128,10.5369,113507.9612,355873.0569,15.0,8,2,2,886.7809,2780.2583
363,128,10.7566,118066.5364,370165.4593,14.0,4,0,0,922.3948,2891.9177
364,129,10.9787,133650.5823,419025.4035,18.0,5,1,0,1036.051,3248.2589
365,129,11.178,124174.8632,389316.5524,22.0,4,0,0,962.5958,3017.9578
366,130,11.2183,115197.5576,361170.8017,27.0,6,1,0,886.1351,2778.2369
367,129,11.2733,111990.8872,351116.6827,32.0,5,0,1,868.1464,2721.8347
368,130,11.2401,112345.2655,352228.1928,37.0,6,1,0,864.1943,2709.4476
369,130,11.2713,123792.5079,388118.4814,42.0,5,0,0,952.2501,2985.5268
370,127,11.1558,103316.7115,323920.8029,47.0,5,0,3,813.5174,2550.5575
371,128,11.1164,124275.7176,389633.4296,31.0,4,1,0,970.904,3044.0112
372,129,11.1226,114177.6162,357972.7959,20.0,4,1,0,885.0978,2774.9829
373,129,11.3076,118396.0341,371198.18,23.0,3,0,0,917.7987,2877.5053
374,130,11.4332,117640.4367,368828.9162,26.0,4,1,0,904.9264,2837.1455
375,130,11.4965,108582.6532,340430.9097,30.0,4,0,0,835.2512,2618.6993
376,131,11.3986,110788.2871,347347.2717,29.0,4,1,0,845.7121,2651.5059
377,131,11.2337,103304.1924,323881.9543,32.0,3,0,0,788.5816,2472.3813
378,132,11.1631,119481.1643,374600.6794,35.0,4,1,0,905.1603,2837.8839
379,131,11.0831,107420.777,336788.2818,20.0,3,0,1,820.0059,2570.9029
380,131,10.8081,91938.4101,288245.9264,18.0,4,1,1,701.8199,2200.3506
381,131,10.849,120051.448,376388.3489,20.0,4,0,0,916.4233,2873.1935
382,131,10.8091,110774.9637,347304.3972,25.0,6,1,1,845.6104,2651.1786
383,131,10.7275,92119.5567,288814.8113,23.0,3,0,0,703.2027,2204.6932
384,132,10.7214,117955.24,369815.9334,23.0,3,1,0,893.6003,2801.6359
385,132,10.7375,104870.5504,328792.873,25.0,2,0,0,794.4739,2490.8551
386,133,10.7588,115086.416,360821.2398,28.0,4,1,0,865.3114,2712.9417
387,131,10.7612,110592.2513,346731.9901,10.0,3,0,2,844.2157,2646.8091
388,129,11.0595,128013.3337,401352.0726,13.0,3,0,2,992.3514,3111.2564
389,129,11.1878,117193.1386,367428.5652,13.0,3,0,0,908.4739,2848.2835
390,130,11.1154,121737.6812,381676.6248,16.0,4,1,0,936.4437,2935.974
391,131,11.0418,121981.2817,382439.4646,20.0,5,1,0,931.1548,2919.3852
392,132,10.8783,99739.4635,312705.7399,21.0,5,1,0,755.602,2368.9829
393,131,10.8045,107132.4963,335883.8319,26.0,5,0,1,817.8053,2563.9987
394,132,10.6588,114674.769,359531.0976,17.0,6,1,0,868.7482,2723.7204
395,132,10.8091,122663.6565,384578.1458,17.0,4,0,0,929.2701,2913.4708
396,133,10.6934,102647.8984,321823.7441,21.0,5,1,0,771.7887,2419.7274
397,133,10.6732,108899.3951,341424.2566,26.0,5,0,0,818.7924,2567.0997
398,134,10.651,117443.249,368211.0822,20.0,6,1,0,876.4422,2747.8439
399,132,10.7606,118857.0548,372644.0635,23.0,4,0,2,900.4322,2823.0611
400,133,10.7323,122715.4375,384740.5137,27.0,5,1,0,922.6725,2892.7858
401,133,10.7332,110253.4555,345669.0057,32.0,5,0,0,828.9733,2599.0151
402,133,10.4553,103714.6767,325168.5779,37.0,6,1,1,779.8096,2444.8765
403,133,10.402,112559.0646,352897.7484,31.0,5,0,0,846.3088,2653.3665
404,133,10.2595,107917.0396,338342.9722,39.0,9,1,1,811.4063,2543.9321
405,133,10.2017,113498.152,355841.8591,48.0,9,0,0,853.3696,2675.5027
406,133,10.3067,134315.0518,421108.7184,57.0,10,1,1,1009.8876,3166.231
407,132,10.5598,135316.1047,424247.359,59.0,7,0,1,1025.122,3213.9951
408,132,10.6832,122504.8558,384079.906,57.0,10,1,1,928.0671,2909.6963
409,130,10.762,117266.9431,367658.2893,55.0,7,0,2,902.0534,2828.1407
410,130,10.6763,114406.5934,358690.2995,62.0,8,1,1,880.0507,2759.1562
411,130,10.5339,96078.4793,301226.663,61.0,6,0,0,739.0652,2317.1282
412,130,10.4663,119326.6871,374116.3773,31.0,6,1,1,917.8976,2877.8183
413,129,10.3804,98567.3693,309029.95,31.0,5,0,1,764.0881,2395.581
414,129,10.5064,127378.4004,399360.2414,34.0,6,1,1,987.4295,3095.8158
415,129,10.6488,119581.2073,374914.9332,24.0,2,0,0,926.9861,2906.3173
416,130,10.7249,131318.1662,411712.9294,27.0,4,1,0,1010.1397,3167.0225
417,130,10.7458,108520.0022,340235.1351,30.0,3,0,0,834.7692,2617.1933
418,131,10.674,117497.0244,368381.1038,33.0,4,1,0,896.9239,2812.0695
419,131,10.7379,116593.6109,365548.0219,33.0,3,0,0,890.0276,2790.4429
420,132,10.9039,135475.1344,424745.938,35.0,4,1,0,1026.3268,3217.7723
421,131,11.1049,124020.3788,388832.7569,40.0,5,0,1,946.7204,2968.189
422,130,11.1547,114052.5752,357581.4887,45.0,5,0,1,877.3275,2750.6268
423,130,11.1418,117998.0668,369951.4375,18.0,5,1,1,907.6774,2845.7803
424,130,11.1768,111051.7967,348172.5166,23.0,6,1,1,854.2446,2678.2501
425,130,11.2876,113375.2706,355456.7197,29.0,6,0,0,872.1175,2734.2825
426,131,11.4283,119944.6567,376053.4556,22.0,6,1,0,915.6081,2870.6371
427,130,11.473,107594.7887,337333.3098,21.0,5,0,1,827.6522,2594.8716
428,129,11.3869,106837.5969,334959.9465,22.0,5,1,2,828.1984,2596.5887
429,129,11.303,104108.0216,326401.3151,26.0,4,0,0,807.0389,2530.2428
430,130,11.2232,109300.8707,342682.5617,31.0,6,1,0,840.7759,2636.0197
431,129,11.2955,118179.0085,370517.7805,36.0,5,0,1,916.1163,2872.2309
432,129,11.2104,107316.3431,336459.9407,41.0,6,1,1,831.9096,2608.2166
433,129,11.2726,113439.6485,355658.5478,48.0,7,0,0,879.3771,2757.043
434,130,11.2332,113034.0557,354386.9791,56.0,9,1,0,869.4927,2726.0537
435,130,11.1931,105937.5928,332137.431,36.0,5,0,0,814.9046,2554.9033
436,129,11.0395,108547.3809,340320.0669,41.0,6,1,2,841.4526,2638.1401
437,128,11.1004,110819.2982,347443.0805,28.0,4,0,1,865.7758,2714.3991
438,127,10.8508,89351.6253,280137.0961,32.0,5,1,2,703.5561,2205.8039
439,126,11.0271,109027.435,341824.927,36.0,4,0,1,865.2971,2712.8962
440,127,11.1032,115476.1897,362043.7497,40.0,5,1,0,909.2613,2850.7382
441,127,11.1566,102100.4833,320108.0325,44.0,4,0,0,803.9408,2520.5357
442,128,11.132,112231.6817,351871.4714,49.0,6,1,0,876.81,2748.9959
443,128,11.1472,107122.3952,335852.8397,23.0,3,0,0,836.8937,2623.8503
444,129,11.1801,110266.1498,345708.7551,24.0,4,1,0,854.7764,2679.9128
445,129,11.246,107748.3403,337815.4693,15.0,2,0,0,835.2585,2618.7246
446,130,11.2853,115860.8744,363250.6208,3.0,2,1,0,891.2375,2794.2355
447,129,11.445,111498.2947,349572.7333,0.0,0,0,1,864.3279,2709.8661
448,130,11.4998,111832.4901,350620.7008,0.0,1,1,0,860.2499,2697.0823
449,130,11.4804,111270.2198,348857.9577,0.0,0,0,0,855.9248,2683.5228
450,131,11.3377,106471.8385,333813.2991,1.0,2,1,0,812.7621,2548.1931
451,130,11.3627,104222.9701,326762.4972,0.0,0,0,1,801.7152,2513.5577
452,130,11.1757,101962.8932,319676.4337,1.0,2,1,1,784.3299,2459.0495
453,130,11.2185,111088.6078,348287.6744,2.0,1,0,0,854.5278,2679.136
454,131,10.9644,97762.4696,306507.333,5.0,4,1,0,746.2784,2339.7506
455,131,10.775,97905.9374,306956.573,8.0,3,0,0,747.3736,2343.1799
456,132,10.5891,107803.0265,337986.4988,13.0,6,1,0,816.6896,2560.5038
457,132,10.6886,119383.3107,374293.6478,15.0,5,0,0,904.419,2835.5579
458,133,10.6538,113118.5454,354652.0124,21.0,7,1,0,850.5154,2666.5565
459,133,10.6178,102822.919,322372.6456,19.0,5,0,0,773.1047,2423.8545
460,134,10.5698,115970.9215,363594.6611,18.0,6,1,0,865.4546,2713.393
461,132,10.5535,104103.521,326387.2014,23.0,5,0,2,788.663,2472.6303
462,133,10.4406,111191.2557,348608.3243,29.0,7,1,0,836.0245,2621.1152
463,133,10.455,112814.5481,353697.8628,37.0,8,0,0,848.2297,2659.3824
464,134,10.4184,110942.1451,347828.0019,47.0,11,1,0,827.9265,2595.7314
465,134,10.6251,122664.0292,384578.9809,57.0,10,0,0,915.4032,2869.9924
466,135,10.5839,114834.3178,360031.4278,49.0,8,1,0,850.6246,2666.8995
467,135,10.7635,124306.2438,389728.4069,29.0,4,0,0,920.787,2886.8771
468,136,10.7033,120427.1261,377566.1127,11.0,3,1,0,885.4936,2776.2214
469,134,10.8164,107611.3196,337385.9889,6.0,1,0,2,803.0695,2517.8059
470,135,10.9707,129891.5472,407240.4526,8.0,3,1,0,962.1596,3016.5959
471,135,11.2455,127882.4316,400941.1854,0.0,0,0,0,947.2773,2969.9347
472,135,11.3194,119593.9447,374955.0483,0.0,1,1,1,885.8811,2777.4448
473,135,11.4941,128935.0112,404241.9711,0.0,0,0,0,955.0742,2994.385
474,136,11.5008,120864.989,378940.103,0.0,1,1,0,888.7132,2786.3243
475,136,11.4902,128250.3712,402095.3357,0.0,0,0,0,943.0174,2956.5834
476,137,11.376,106514.3952,333947.4975,1.0,2,1,0,777.4773,2437.573
477,136,11.5318,125164.8304,392421.0395,2.0,1,0,1,920.3296,2885.4488
478,136,11.4883,106257.29,333140.2305,3.0,2,1,1,781.3036,2449.5605
479,136,11.416,108303.3509,339555.1759,5.0,2,0,0,796.3482,2496.7292
480,137,11.3309,105617.0517,331132.8695,5.0,2,1,0,770.9274,2417.0282
481,137,11.3858,109019.2791,341800.5489,6.0,1,0,0,795.7612,2494.8945
482,137,11.3626,113013.7067,354323.5862,7.0,2,1,1,824.9176,2586.3035
483,137,11.5622,124502.7442,390345.1844,0.0,0,0,0,908.7792,2849.2349
484,138,11.6585,130421.8147,408903.1337,0.0,1,1,0,945.0856,2963.0662
485,137,11.6838,114896.0585,360226.4928,0.0,0,0,1,838.6574,2629.3905
486,138,11.5426,116778.5862,366128.1911,0.0,1,1,0,846.2216,2653.1028
487,137,11.4239,109194.834,342351.0589,1.0,1,0,1,797.0426,2498.9128
488,137,11.2117,99881.3277,313150.2675,2.0,1,0,0,729.0608,2285.7684
489,137,10.9428,100908.4161,316370.3062,4.0,2,0,0,736.5578,2309.2723
490,136,10.9119,118182.214,370527.9205,4.0,2,1,2,868.9869,2724.47
491,137,10.8895,109429.6937,343085.7353,6.0,3,1,0,798.7569,2504.2754
492,138,10.8497,109687.7341,343895.5753,4.0,4,1,0,794.8387,2491.9969
493,136,11.0564,120373.0767,377396.9331,7.0,3,0,2,885.0962,2774.9774
494,136,10.9224,106752.1755,334691.9951,10.0,4,1,1,784.9425,2460.9706
495,136,10.8819,118506.0013,371544.053,13.0,3,0,0,871.3677,2731.9416
496,136,10.7642,105692.6748,331369.5762,17.0,5,1,1,777.152,2436.541
497,136,10.6711,104248.5648,326841.9269,22.0,5,0,0,766.5336,2403.2495
498,136,10.5817,120499.063,377792.2178,29.0,8,1,1,886.0225,2777.884
499,136,10.5836,115806.3936,363078.6904,32.0,6,0,0,851.5176,2669.6963
500,137,10.6738,129863.9349,407152.3951,35.0,6,1,0,947.9119,2971.9153
501,137,10.4523,97873.1084,306853.0777,42.0,7,0,0,714.4023,2239.8035
502,138,10.3327,117532.422,368489.8922,24.0,5,1,0,851.6842,2670.2166
503,138,10.461,124308.2217,389734.4707,9.0,3,0,0,900.7842,2824.1628
504,138,10.5785,123627.1943,387598.8644,4.0,3,1,1,895.8492,2808.6874
505,137,10.7123,121358.9344,380487.8446,6.0,2,0,1,885.8316,2777.2835
506,135,10.5831,109458.0775,343175.6033,9.0,4,1,3,810.8006,2542.0415
507,135,10.6763,126450.3136,396450.559,13.0,4,0,0,936.669,2936.6708
508,136,10.6326,120627.3714,378193.8013,21.0,9,1,0,886.966,2780.8368
509,136,10.7075,122936.9134,385435.1162,29.0,8,0,0,903.9479,2834.0817
510,136,10.7849,121792.3177,381845.777,28.0,6,1,1,895.5317,2807.6895
511,133,10.9641,117936.4824,369757.2912,15.0,2,0,3,886.7405,2780.13
512,134,10.9172,107391.786,336697.3215,18.0,4,1,0,801.4312,2512.6666
513,133,11.0672,117688.1731,368979.5128,21.0,3,0,1,884.8735,2774.2821
514,134,11.1,111441.8731,349394.8356,25.0,5,1,0,831.6558,2607.4241
515,133,11.2842,120020.2516,376290.3055,14.0,2,0,1,902.4079,2829.2504
516,133,11.1634,99286.604,311285.3259,5.0,2,1,1,746.5158,2340.4912
517,133,11.1091,112366.5659,352295.3505,6.0,1,0,0,844.8614,2648.8372
518,132,11.0756,104531.3556,327730.1035,7.0,2,1,2,791.9042,2482.8038
519,132,10.9655,113213.9941,354951.8128,8.0,1,0,0,857.6818,2689.0289
520,133,10.9508,119107.3964,373429.657,9.0,2,1,0,895.5443,2807.7418
521,133,11.208,127250.5951,398960.8753,10.0,1,0,0,956.7714,2999.7058
522,134,11.1773,118558.5021,371708.8529,0.0,1,1,0,884.7649,2773.9467
523,133,11.0465,109298.9113,342677.5547,0.0,0,0,1,821.7963,2576.523
524,134,11.0432,127644.4891,400194.9877,0.0,1,1,0,952.5708,2986.5298
525,133,11.0835,109097.9008,342047.0002,1.0,1,0,1,820.285,2571.782
526,134,10.9472,112608.7773,353054.1725,2.0,2,1,0,840.364,2634.7326
527,133,10.8867,112480.3674,352650.6904,1.0,1,0,1,845.717,2651.509
528,134,10.8364,106124.0004,332723.1129,3.0,3,1,0,791.9702,2483.0083
529,134,10.9454,119890.6669,375883.9573,6.0,3,0,0,894.7065,2805.1042
530,133,11.0583,125031.9235,392003.5715,9.0,4,1,2,940.0897,2947.3953
531,133,11.1794,119080.6237,373345.165,10.0,4,0,0,895.343,2807.1065
532,133,11.2863,129002.7047,404453.8755,10.0,4,1,1,969.9451,3041.0066
533,130,11.1513,104666.4174,328153.6779,6.0,2,0,3,805.1263,2524.2591
534,131,11.0088,102615.7905,321723.4108,8.0,3,1,0,783.3266,2455.9039
535,131,11.2003,122375.2322,383674.7248,10.0,2,0,0,934.1621,2928.8147
536,132,11.0473,111495.6942,349563.894,6.0,2,1,0,844.6643,2648.2113
537,132,10.941,107568.4006,337251.683,0.0,0,0,0,814.9121,2554.937
538,132,10.9966,126645.0366,397062.0218,0.0,1,1,1,959.4321,3008.0456
539,129,11.1938,122478.9643,384000.5901,0.0,0,0,3,949.4493,2976.7488
540,129,11.2334,118999.5611,373091.4426,1.0,1,0,0,922.4772,2892.1817
541,129,11.3401,123462.3093,387083.6298,3.0,2,0,0,957.0722,3000.6483
542,129,11.2089,110583.0772,346703.8939,5.0,3,1,1,857.2332,2687.6271
543,128,11.2716,118948.4181,372931.1671,7.0,2,0,1,929.2845,2913.5247
544,129,11.1982,114332.3358,358458.0498,5.0,2,1,0,886.2972,2778.7446
545,129,11.007,97932.2712,307039.477,6.0,1,0,0,759.1649,2380.151
546,129,10.7892,98749.4308,309601.4229,9.0,3,0,0,765.4995,2400.011
547,127,10.7449,105531.017,330862.6672,10.0,3,1,3,830.9529,2605.2179
548,127,10.6901,107396.5596,336712.4167,13.0,5,2,2,845.6422,2651.2789
549,127,10.6023,95270.748,298695.545,17.0,4,0,0,750.1634,2351.9334
550,128,10.6208,123620.7278,387579.7068,20.0,5,1,0,965.7869,3027.9665
551,128,10.5418,86540.271,271321.9261,12.0,3,0,0,676.0959,2119.7025
552,128,10.6302,114787.6655,359884.6358,12.0,3,1,1,896.7786,2811.5987
553,128,10.5883,103849.3539,325590.9174,14.0,2,0,0,811.3231,2543.679
554,129,10.5525,109002.3076,341746.4227,17.0,4,1,0,844.9791,2649.1971
555,129,10.4954,100045.4479,313663.1682,20.0,3,0,0,775.5461,2431.4974
556,130,10.279,97628.9152,306087.4337,10.0,3,1,0,750.9917,2354.5187
557,130,10.1821,100975.8909,316581.2465,14.0,4,0,0,776.7376,2435.2404
558,131,10.1106,110266.4714,345708.6777,19.0,6,1,0,841.7288,2638.9975
559,129,10.2221,110601.7424,346760.7,25.0,6,0,2,857.3778,2688.0674
560,130,10.1823,103322.2983,323937.5008,20.0,8,1,0,794.7869,2491.8269
561,129,10.0782,111753.9179,350373.0758,24.0,8,0,1,866.3094,2716.0704
562,129,9.9076,97353.5368,305223.8673,30.0,8,1,1,754.6786,2366.0765
563,129,9.8871,113053.2694,354446.5554,38.0,8,0,0,876.3819,2747.6477
564,130,9.8689,105235.1463,329934.3434,47.0,10,1,0,809.5011,2537.9565
565,128,9.91,102446.9473,321192.4948,58.0,11,0,2,800.3668,2509.3164
566,129,9.6459,91711.9461,287535.7562,59.0,10,1,0,710.9453,2228.9594
567,128,9.5975,100646.5295,315547.8418,48.0,7,0,1,786.301,2465.2175
568,128,9.3607,104406.7618,327337.8855,55.0,8,1,1,815.6778,2557.3272
569,128,9.4251,109222.3091,342435.5148,44.0,7,0,0,853.2993,2675.2775
570,129,9.476,117182.2983,367391.2838,45.0,7,1,0,908.3899,2847.9944
571,128,9.4818,114355.8345,358530.6012,32.0,5,0,1,893.405,2801.0203
572,129,9.4704,109400.0166,342992.8616,28.0,6,1,0,848.0621,2658.8594
573,128,9.5124,106105.0237,332663.0738,31.0,4,0,1,828.9455,2598.9303
574,129,9.4743,105561.5499,330958.154,36.0,6,1,0,818.3066,2565.5671
575,129,9.7414,126019.5835,395099.4346,21.0,4,0,0,976.896,3062.7863
576,129,9.8323,105413.1446,330493.7726,22.0,4,1,1,817.1562,2561.9672
577,129,9.8915,105015.4498,329245.8683,25.0,3,0,0,814.0733,2552.2936
578,130,9.9889,111019.7926,348070.9228,21.0,4,1,0,853.9984,2677.4686
579,127,10.0528,103853.839,325604.4283,22.0,2,0,3,817.7468,2563.8144
580,126,10.2943,124917.9296,391646.2471,24.0,3,1,2,991.4121,3108.3035
581,126,10.361,104243.0245,326825.442,26.0,2,0,0,827.3256,2593.8527
582,127,10.2477,106507.9557,333926.2655,28.0,3,1,0,838.6453,2629.3407
583,127,10.2637,100669.8764,315622.7904,0.0,0,0,0,792.6762,2485.2188
584,127,10.2953,105270.876,330047.5563,1.0,2,1,1,828.9045,2598.7997
585,126,10.4734,116749.7333,366036.9989,2.0,1,0,1,926.5852,2905.0555
586,127,10.3982,105715.9901,331443.5567,3.0,2,1,0,832.4094,2609.7918
587,126,10.3867,98928.5703,310163.1515,4.0,1,0,1,785.1474,2461.6123
588,127,10.4721,113098.9777,354590.721,6.0,3,1,0,890.5431,2792.0529
589,126,10.6092,115385.3841,361759.6569,9.0,3,0,1,915.757,2871.1084
590,127,10.4195,90640.1118,284177.2762,12.0,4,1,0,713.7017,2237.6163
591,127,10.4372,99480.3153,311892.5329,15.0,3,0,0,783.3096,2455.8467
592,127,10.3775,103181.4386,323495.7018,10.0,4,1,1,812.4523,2547.2103
593,127,10.4388,103658.5782,324992.2964,13.0,3,0,0,816.2093,2558.9945
594,126,10.2859,92649.0121,290474.7729,16.0,4,1,2,735.3096,2305.3553
595,123,10.3245,102872.8954,322529.542,20.0,4,0,3,836.365,2622.1914
596,123,10.2968,107126.6131,335865.8804,24.0,5,1,1,870.9481,2730.6169
597,123,10.2069,92347.7898,289530.1372,29.0,5,0,0,750.795,2353.9036
598,124,10.1497,105607.3584,331101.6917,34.0,6,1,0,851.6722,2670.1749
599,123,10.188,94228.0471,295425.9309,17.0,4,0,1,766.0817,2401.8368
600,124,10.0137,93983.5863,294658.9666,21.0,5,1,0,757.9321,2376.282
601,123,9.7594,88446.8704,277300.3133,25.0,4,0,1,719.0802,2254.4741
602,124,9.7532,104546.6609,327776.4097,29.0,5,1,0,843.1182,2643.3581
603,124,9.782,99487.9939,311916.0131,28.0,3,0,0,802.3225,2515.4517
604,125,9.7332,110967.6107,347907.2585,20.0,5,1,0,887.7409,2783.2581
605,125,9.9347,110187.9929,345463.169,24.0,4,0,0,881.5039,2763.7054
606,126,9.9273,100050.9951,313680.6993,28.0,5,1,0,794.0555,2489.5294
607,126,10.1711,117075.3168,367057.7764,32.0,4,0,0,929.1692,2913.157
608,126,10.3373,123140.3242,386072.6553,31.0,4,1,1,977.3042,3064.0687
609,126,10.3943,102281.8829,320676.9291,34.0,3,0,0,811.761,2545.055
610,127,10.4569,113168.7525,354809.5468,37.0,4,1,0,891.0925,2793.776
611,127,10.534,104587.0404,327903.5006,40.0,3,0,0,823.52,2581.9173
612,126,10.4983,103306.7391,323889.6185,34.0,3,1,2,819.8948,2570.5525
613,125,10.4351,97956.1476,307113.8874,36.0,2,0,1,783.6492,2456.9111
614,126,10.3622,91577.7499,287116.002,39.0,4,1,0,726.8075,2278.6984
615,126,10.4044,100380.0269,314713.9065,2.0,1,0,0,796.6669,2497.7294
616,126,10.4166,106243.9602,333098.3777,3.0,2,1,1,843.206,2643.6379
617,125,10.4499,95119.9751,298222.1415,4.0,1,0,1,760.9598,2385.7771
618,125,10.4591,100450.3762,314933.2303,5.0,2,1,1,803.603,2519.4658
619,124,10.3138,86944.045,272588.2947,7.0,2,0,1,701.1617,2198.2927
620,125,10.185,103392.2468,324156.8066,10.0,4,1,0,827.138,2593.2545
621,123,10.2527,104588.5542,327908.0009,14.0,4,0,2,850.3134,2665.9187
622,124,10.2133,102917.58,322668.6907,19.0,6,1,0,829.9805,2602.1669
623,123,10.2301,94608.4326,296617.05,24.0,5,0,1,769.1742,2411.5207
624,124,10.185,103924.5796,325825.8376,19.0,6,1,0,838.1014,2627.6277
625,123,10.2172,107781.9499,337920.1161,15.0,3,0,1,876.276,2747.318
626,123,10.1146,99688.5162,312545.5287,18.0,4,1,1,810.4757,2541.0206
627,122,10.0921,96082.0932,301239.0754,21.0,3,0,1,787.5581,2469.1727
628,122,10.0577,98863.1299,309957.6836,24.0,4,1,1,810.3535,2540.6368
629,121,10.1942,114595.1379,359281.5335,29.0,5,0,1,947.0673,2969.2689
630,121,10.1276,102946.3354,322759.5791,35.0,7,1,1,850.7962,2667.4345
631,120,10.4337,118601.5905,371842.1639,12.0,2,0,1,988.3466,3098.6847
632,121,10.513,100681.6246,315659.1738,3.0,2,1,0,832.0795,2608.7535
633,120,10.803,120046.7134,376374.6357,4.0,1,0,1,1000.3893,3136.4553
634,121,10.8674,112201.7394,351779.0468,5.0,2,1,0,927.2871,2907.2648
635,120,11.125,110829.0826,347475.2222,0.0,0,0,1,923.5757,2895.6269
636,121,11.0292,102351.5985,320896.3783,0.0,1,1,0,845.881,2652.0362
637,120,11.003,92864.7796,291151.5291,0.0,0,0,1,773.8732,2426.2627
638,120,10.9321,105949.6432,332176.9041,0.0,1,1,1,882.9137,2768.1409
639,118,10.9844,102347.6403,320883.7667,1.0,1,0,2,867.3529,2719.354
640,118,10.9092,101205.0623,317301.3779,3.0,3,1,1,857.67,2688.9947
641,117,10.8593,96242.623,301742.0718,7.0,4,0,1,822.5865,2578.9921
642,118,10.7228,90960.725,285182.0575,11.0,5,1,0,770.8536,2416.7971
643,117,10.7373,100836.3622,316144.3313,16.0,5,0,1,861.8492,2702.0883
644,118,10.6185,92728.8737,290725.3073,22.0,7,1,0,785.8379,2463.7738
645,118,10.7948,112781.5501,353595.9624,16.0,4,0,0,955.7758,2996.576
646,118,10.7513,95186.0041,298429.3569,12.0,4,1,1,806.6611,2529.0623
647,117,10.8037,101048.8951,316811.4346,13.0,2,0,1,863.6658,2707.79
648,117,10.9219,106624.7051,334292.2003,7.0,3,1,1,911.3223,2857.1983
649,117,11.1767,110543.5672,346579.3079,9.0,2,0,0,944.8168,2962.2163
650,118,11.2483,107370.1781,336630.1845,11.0,3,1,0,909.9168,2852.7982
651,117,11.4701,108388.3572,339822.7268,13.0,2,0,1,926.3962,2904.4678
652,118,11.3227,90089.6251,282451.2748,15.0,3,1,0,763.4714,2393.6549
653,118,11.2409,100972.0615,316570.7022,18.0,3,0,0,855.6954,2682.8026
654,119,11.0424,96384.1768,302185.9029,21.0,4,1,0,809.9511,2539.3773
655,119,10.9498,102737.357,322104.5313,24.0,3,0,0,863.3391,2706.7608
656,120,10.8161,98930.3188,310168.8549,28.0,5,1,0,824.4193,2584.7405
657,118,10.791,106256.1701,333137.7411,22.0,3,0,2,900.476,2823.2012
658,119,10.8188,101676.3131,318776.5691,12.0,6,1,0,854.4228,2678.7947
659,119,10.8943,103307.9936,323893.2275,16.0,5,0,0,868.1344,2721.7918
660,120,10.8104,97437.6272,305488.0636,21.0,6,1,0,811.9802,2545.7339
661,120,10.8248,107164.8596,335985.8501,27.0,6,0,0,893.0405,2799.8821
662,121,10.7777,108711.3827,340835.234,29.0,6,1,0,898.4412,2816.8201
663,121,10.7205,99544.5405,312094.7352,34.0,5,0,0,822.6822,2579.2953
664,122,10.752,125603.2329,393794.7794,27.0,5,1,0,1029.5347,3227.8261
665,122,10.5609,97527.0394,305769.2685,32.0,5,0,0,799.402,2506.3055
666,123,10.3725,90201.0344,282799.0412,33.0,7,1,0,733.3417,2299.1792
667,123,10.2817,92601.9666,290326.4093,38.0,7,0,0,752.8615,2360.3773
668,124,10.0872,101178.1438,317215.2649,43.0,8,1,0,815.9528,2558.1876
669,122,9.9932,96887.6821,303763.8829,47.0,6,0,2,794.1613,2489.8679
670,122,10.0563,118120.4452,370334.1503,43.0,9,1,1,968.2004,3035.5258
671,122,10.0633,100444.4046,314914.8273,46.0,7,0,0,823.3148,2581.2691
672,123,10.0577,104507.015,327652.0757,49.0,8,1,0,849.6505,2663.838
673,122,10.3696,124094.3801,389064.1013,57.0,8,0,1,1017.1671,3189.05
674,123,10.3826,115762.2143,362939.9181,65.0,9,1,0,941.1562,2950.731
675,122,10.2903,96196.2669,301595.7991,68.0,8,0,1,788.494,2472.0967
676,123,10.3042,112499.2134,352709.4744,70.0,9,1,0,914.6278,2867.5567
677,123,10.1818,103759.1941,325307.6862,73.0,7,0,0,843.5707,2644.7779
678,123,10.1694,109316.3137,342730.8096,77.0,7,1,1,888.7505,2786.4293
679,122,10.4489,116200.1532,364314.1944,41.0,3,0,1,952.4603,2986.1819
680,123,10.6328,108148.6746,339070.5671,0.0,1,1,0,879.2575,2756.6713
681,122,10.678,106269.0962,333177.9481,0.0,0,0,1,871.0582,2730.9668
682,123,10.5899,107330.3595,336505.3172,0.0,1,1,0,872.6045,2735.8156
683,122,10.5731,112096.7592,351449.7287,0.0,0,0,1,918.8259,2880.7355
684,123,10.6076,121056.0157,379539.313,1.0,2,1,0,984.1952,3085.6855
685,121,10.7285,119940.9332,376043.7244,2.0,1,0,2,991.2474,3107.7994
686,122,10.8979,134146.3809,420581.3815,4.0,3,1,0,1099.5605,3447.3884
687,122,10.9878,115265.6116,361384.8715,6.0,2,0,0,944.8001,2962.1711
688,123,10.9292,119769.7831,375507.251,9.0,4,1,0,973.7381,3052.9045
689,123,10.9473,109684.1984,343885.5518,12.0,3,0,0,891.7415,2795.8175
690,124,10.8342,103623.5265,324883.2425,15.0,4,1,0,835.6736,2620.0261
691,124,10.6796,87801.8561,275278.0182,15.0,3,0,0,708.0795,2219.984
692,125,10.5526,107434.8846,336833.2682,9.0,2,1,0,859.4791,2694.6661
693,124,10.5968,99077.9285,310631.6533,10.0,1,0,1,799.0156,2505.094
694,125,10.6723,118593.5735,371817.4357,11.0,2,1,0,948.7486,2974.5395
695,125,10.8442,117280.5161,367702.2712,0.0,0,0,0,938.2441,2941.6182
696,126,10.6241,102091.2208,320079.6121,0.0,1,1,0,810.2478,2540.3144
697,126,10.7285,109290.0553,342649.4779,1.0,1,0,0,867.3814,2719.4403
698,127,10.7968,117018.1371,366878.3081,2.0,2,1,0,921.4027,2888.8056
699,127,10.9635,121674.9512,381478.53,2.0,2,0,0,958.0705,3003.768
700,124,10.9765,95824.0348,300429.6651,0.0,1,1,4,772.7745,2422.8199
701,123,11.1311,114202.5486,358051.3914,2.0,2,0,1,928.476,2910.9869
702,124,11.1605,109929.4606,344654.3793,2.0,2,1,0,886.5279,2779.4708
703,123,11.0772,97199.7897,304743.3158,0.0,0,0,1,790.2422,2477.5879
704,122,10.6612,92967.5296,291474.1676,0.0,1,1,2,762.0289,2389.1325
705,122,10.6835,107565.6849,337243.6388,0.0,0,0,0,881.6859,2764.2921
706,123,10.6596,104968.9329,329101.5417,1.0,2,1,0,853.406,2675.6223
707,123,10.7202,99040.327,310513.7939,2.0,1,0,0,805.2059,2524.5024
708,123,10.6461,107952.5709,338456.1244,4.0,3,1,1,877.6632,2751.6758
709,123,10.7066,114915.3022,360286.596,4.0,1,0,0,934.2707,2929.1593
710,124,10.7929,107921.4804,338358.3578,6.0,3,1,0,870.3345,2728.6964
711,123,10.9874,114956.22,360414.2619,2.0,1,0,1,934.6034,2930.1973
712,123,10.9737,103100.5466,323244.0129,0.0,1,1,1,838.2158,2628.0001
713,122,10.9739,102114.7676,320154.2089,0.0,0,0,1,837.0063,2624.2148
714,122,11.034,116652.675,365734.1094,0.0,1,1,1,956.1695,2997.8206
715,122,10.8717,91715.4524,287548.6497,0.0,0,0,0,751.766,2356.9561
716,123,10.703,97712.9061,306352.5285,0.0,1,1,0,794.4139,2490.671
717,123,10.7235,111823.1742,350591.2629,1.0,1,0,0,909.1315,2850.3355
718,124,10.4109,95368.3472,299002.1174,2.0,2,1,0,769.0996,2411.3074
719,124,10.318,98401.7859,308511.573,5.0,3,0,0,793.5628,2487.9966
720,124,10.2724,110927.1533,347782.0157,8.0,4,1,1,894.5738,2804.6937
721,124,10.3061,111727.4605,350290.9672,12.0,4,0,0,901.0279,2824.9272
722,125,10.4214,118745.11,372292.3654,18.0,7,1,0,949.9609,2978.3389
723,125,10.458,101780.2798,319104.1517,22.0,5,0,0,814.2422,2552.8332
724,125,10.5025,110744.2821,347207.6945,27.0,6,1,1,885.9543,2777.6616
725,125,10.6442,109465.2863,343198.6752,32.0,5,0,0,875.7223,2745.5894
726,124,10.8607,124051.7765,388931.2445,29.0,5,1,2,1000.4176,3136.5423
727,124,11.0675,118184.6174,370536.5676,22.0,3,0,0,953.1018,2988.1981
728,124,11.0638,99584.3094,312219.5228,15.0,3,1,1,803.0993,2517.8994
729,124,11.2143,122384.183,383703.359,9.0,1,0,0,986.9692,3094.3819
730,125,11.1092,102340.3398,320860.1662,0.0,1,1,0,818.7227,2566.8813
731,124,11.2094,100785.3703,315984.7013,0.0,0,0,1,812.7852,2548.2637
732,125,11.2305,111011.9082,348047.6073,0.0,1,1,0,888.0953,2784.3809
733,124,11.4786,118668.2872,372052.5258,1.0,1,0,1,957.0023,3000.4236
734,124,11.5474,109397.6543,342987.1883,0.0,1,1,1,882.2391,2766.0257
735,124,11.6681,108310.7111,339578.8267,0.0,0,0,0,873.4735,2738.5389
736,124,11.449,103886.8069,325709.9099,0.0,1,1,1,837.7968,2626.6928
737,124,11.2951,103665.5348,325016.1933,0.0,0,0,0,836.0124,2621.0983
738,125,11.1056,92489.3073,289974.5289,1.0,2,1,0,739.9145,2319.7962
739,125,11.0456,101999.6819,319792.7486,2.0,1,0,0,815.9975,2558.342
740,125,10.8735,104317.3005,327058.1022,4.0,3,1,1,834.5384,2616.4648
741,125,10.6272,85737.6714,268806.1934,6.0,2,0,0,685.9014,2150.4495
742,126,10.577,112651.1167,353186.5576,9.0,4,1,0,894.0565,2803.0679
743,126,10.667,103408.9333,324210.5754,6.0,2,0,0,820.7058,2573.0998
744,125,10.8299,119453.175,374513.3339,8.0,3,1,2,955.6254,2996.1067
745,125,10.964,114991.4624,360524.5693,11.0,3,0,0,919.9317,2884.1966
746,125,10.8618,108902.9325,341435.7008,14.0,4,1,1,871.2235,2731.4856
747,123,10.9386,113458.336,355717.6982,17.0,3,0,2,922.4255,2892.0138
748,124,10.8208,107198.5941,336091.5072,21.0,5,1,0,864.5048,2710.4154
749,123,10.8908,104859.6258,328758.5787,27.0,6,0,1,852.5173,2672.834
750,124,10.8728,107938.8935,338412.438,13.0,5,1,0,870.4749,2729.1326
751,124,11.0059,112959.6113,354153.8308,17.0,4,0,0,910.9646,2856.0793
752,124,11.0212,113580.9134,356102.2311,18.0,5,1,1,915.9751,2871.7922
753,122,11.1239,107014.6115,335515.0349,22.0,4,0,2,877.1689,2750.1232
754,122,10.8765,100419.3586,314837.9481,26.0,5,1,1,823.1095,2580.6389
755,122,10.7033,84476.9646,264853.295,30.0,4,0,0,692.4341,2170.9286
756,121,10.6187,97385.076,305322.8586,34.0,5,1,2,804.8353,2523.3294
757,121,10.6847,103052.6413,323092.9505,38.0,4,0,0,851.6747,2670.1897
758,122,10.5095,91511.6905,286909.317,44.0,7,1,0,750.0958,2351.7157
759,122,10.5328,112245.5633,351915.6157,27.0,4,0,0,920.0456,2884.5542
760,123,10.4935,104980.7998,329137.9833,29.0,5,1,0,853.5024,2675.9186
761,121,10.8111,119814.5218,375645.5115,33.0,4,0,2,990.2027,3104.5084
762,120,10.968,107626.15,337432.0369,14.0,3,1,2,896.8846,2811.9336
763,119,11.0496,108214.5305,339277.6081,16.0,2,0,1,909.3658,2851.0723
764,120,10.8725,94003.7273,294722.8141,18.0,3,1,0,783.3644,2456.0235
765,120,10.8425,103046.9663,323075.9338,20.0,2,0,0,858.7247,2692.2994
766,121,10.7748,109502.2785,343314.7091,22.0,3,1,0,904.9775,2837.3116
767,121,10.7628,94574.1965,296511.2143,1.0,1,0,0,781.6049,2450.5059
768,122,10.8496,119774.3203,375520.0227,5.0,5,1,0,981.7567,3078.033
769,122,10.9384,106429.8904,333681.5194,5.0,3,0,0,872.3762,2735.0944
770,123,10.8763,108081.5938,338860.6746,8.0,4,1,0,878.7121,2754.9648
771,122,10.8048,95334.291,298894.1247,12.0,4,0,1,781.4286,2449.9518
772,123,10.7025,90215.556,282845.2016,6.0,3,1,0,733.4598,2299.5545
773,122,10.9261,117414.4835,368120.4196,8.0,2,0,1,962.4138,3017.3805
774,123,11.0292,117573.4573,368620.3222,10.0,3,1,0,955.8818,2996.9132
775,123,11.2462,114099.6969,357728.6523,12.0,2,0,0,927.6398,2908.363
776,123,11.2054,103456.137,324358.8163,6.0,2,1,1,841.1068,2637.0635
777,123,11.2751,103702.8931,325132.2783,7.0,1,0,0,843.113,2643.3519
778,124,11.3691,118282.0503,370841.8462,0.0,1,1,0,953.8875,2990.66
779,124,11.4098,107571.0897,337259.9903,1.0,1,0,0,867.5088,2719.8386
780,125,11.2482,100057.3741,313702.5446,2.0,2,1,0,800.459,2509.6204
781,124,11.3074,116664.3734,365769.8972,3.0,1,0,1,940.8417,2949.7572
782,124,11.1612,98349.1874,308347.2186,4.0,2,1,1,793.1386,2486.6711
783,123,11.1219,94599.4341,296590.8122,5.0,1,0,1,769.1011,2411.3074
784,124,10.9807,110013.3866,344917.0215,7.0,3,1,0,887.2047,2781.5889
785,123,10.8863,109886.3979,344519.0315,10.0,3,0,1,893.3853,2800.9677
786,123,10.7075,95505.8963,299431.8737,8.0,2,1,1,776.4707,2434.4055
787,123,10.732,110587.7948,346717.8796,10.0,2,0,0,899.0878,2818.8445
788,124,10.581,99380.7108,311580.3189,13.0,4,1,0,801.4573,2512.7445
789,123,10.5222,103152.4586,323405.7387,17.0,4,0,1,838.6379,2629.3149
790,124,10.4947,110425.1254,346207.0314,20.0,6,1,0,890.5252,2791.9922
791,123,10.6884,119636.702,375087.7876,27.0,7,0,1,972.6561,3049.4942
792,124,10.6936,110738.3578,347188.6083,32.0,8,1,0,893.0513,2799.9081
793,124,10.8196,113865.8463,356994.3975,30.0,5,0,0,918.273,2878.9871
794,125,10.7703,111894.6261,350814.8954,36.0,7,1,0,895.157,2806.5192
795,123,10.6017,93643.0628,293591.3856,42.0,6,0,2,761.3257,2386.9218
796,124,10.4811,103412.2613,324220.5813,33.0,5,1,0,833.9698,2614.6821
797,124,10.6874,121935.9963,382296.8335,38.0,5,0,0,983.3548,3083.039
798,124,10.7883,107601.807,337355.8529,44.0,7,1,1,867.7565,2720.6117
799,124,10.9016,113073.1889,354509.7431,29.0,5,0,0,911.8806,2858.9495
800,125,10.8369,111268.1478,348850.7413,32.0,6,1,0,890.1452,2790.8059
801,125,10.8428,108605.3293,340502.1606,32.0,4,0,0,868.8426,2724.0173
802,126,10.8011,112132.4467,351560.1862,36.0,5,1,0,889.9401,2790.1602
803,125,10.8315,115848.5579,363212.2865,37.0,4,0,1,926.7885,2905.6983
804,125,10.8173,115934.224,363480.3279,42.0,6,1,1,927.4738,2907.8426
805,125,10.7676,110166.7894,345398.0996,22.0,5,0,0,881.3343,2763.1848
806,125,10.772,109827.3114,344333.3201,27.0,6,1,1,878.6185,2754.6666
807,123,11.0049,116269.7131,364532.2211,15.0,4,0,2,945.2822,2963.6766
808,123,11.255,118911.0478,372813.5424,12.0,3,0,0,966.7565,3031.0044
809,123,11.4835,119307.6324,374057.2583,16.0,5,1,1,969.9808,3041.1159
810,122,11.5878,115559.7349,362306.6218,13.0,4,1,2,947.2109,2969.7264
811,122,11.6255,106781.6566,334785.2327,16.0,3,0,0,875.2595,2744.1413
812,123,11.2955,83742.1288,262550.0412,19.0,4,1,0,680.8303,2134.5532
813,122,11.0337,87698.4596,274953.7709,23.0,4,0,1,718.8398,2253.7194
814,122,10.9103,103087.2464,323201.7313,27.0,5,1,1,844.9774,2649.1945
815,121,11.1075,114342.6364,358490.4965,26.0,5,0,1,944.9805,2962.7314
816,121,11.0821,106401.7046,333593.5664,31.0,7,1,1,879.3529,2756.9716
817,121,11.0557,103759.3703,325308.8692,26.0,5,0,0,857.5155,2688.5031
818,120,10.9602,97149.353,304584.8362,31.0,6,1,2,809.5779,2538.207
819,119,11.1215,116301.7059,364632.6397,33.0,5,0,1,977.3253,3064.1398
820,120,11.1838,113072.7036,354508.36,38.0,7,1,0,942.2725,2954.2363
821,119,11.2534,105916.7293,332073.1176,44.0,6,0,1,890.0565,2790.5304
822,120,11.1473,100369.3924,314680.4551,50.0,7,1,0,836.4116,2622.3371
823,119,11.2331,104474.0427,327549.8946,35.0,5,0,1,877.9331,2752.5201
824,120,11.0852,101836.3724,319280.3575,31.0,6,1,0,848.6364,2660.6696
825,119,10.9422,107829.2598,338068.9232,36.0,5,0,1,906.1282,2840.9153
826,119,10.6483,90884.6985,284943.2866,15.0,4,1,1,763.737,2394.4814
827,119,10.8371,113444.6073,355674.9981,18.0,4,0,0,953.316,2988.8655
828,119,10.9536,113309.2003,355249.8774,20.0,4,1,1,952.1782,2985.2931
829,118,11.1591,115275.8316,361417.0935,23.0,3,0,1,976.9138,3062.8567
830,118,11.3281,120571.0137,378019.5171,4.0,2,1,1,1021.7883,3203.5552
831,118,11.4758,115838.9265,363183.0399,6.0,2,0,0,981.6858,3077.8224
832,119,11.4649,108105.165,338935.3451,8.0,3,1,0,908.4468,2848.1962
833,117,11.7494,119512.2414,374699.8124,7.0,1,0,2,1021.4721,3202.5625
834,118,11.6341,100153.1819,314003.8539,0.0,1,1,0,848.7558,2661.0496
835,118,11.6241,106590.4774,334186.4592,1.0,1,0,0,903.3091,2832.0886
836,118,11.2641,97515.4206,305733.8084,0.0,1,1,1,826.4019,2590.9645
837,118,11.2766,108625.7166,340567.2326,3.0,3,0,0,920.5569,2886.163
838,119,11.2799,106221.4558,333029.0494,6.0,4,1,0,892.6173,2798.5634
839,119,11.4834,108806.9544,341135.2405,10.0,4,0,0,914.3442,2866.6827
840,120,11.6546,127746.7272,400516.7738,14.0,5,1,0,1064.5561,3337.6398
841,119,11.623,103544.9363,324637.1256,18.0,4,0,1,870.1255,2728.0431
842,120,11.558,105840.3844,331833.4975,22.0,5,1,0,882.0032,2765.2791
843,118,11.8069,111863.6548,350719.0075,26.0,4,0,2,947.9971,2972.195
844,119,11.7327,103261.1317,323747.37,30.0,5,1,0,867.7406,2720.5661
845,119,11.613,86926.5155,272534.3645,34.0,4,0,0,730.4749,2290.2047
846,120,11.5473,110931.8391,347796.8355,30.0,4,1,0,924.432,2898.307
847,120,11.4549,96555.4457,302722.9838,23.0,3,0,0,804.6287,2522.6915
848,121,11.2153,100218.8743,314209.014,2.0,2,1,0,828.2552,2596.7687
849,121,11.2881,105493.6259,330746.6679,3.0,1,0,0,871.8481,2733.4435
850,122,11.1953,100250.9311,314309.0414,6.0,4,1,0,821.7289,2576.3036
851,121,11.1285,104222.0776,326760.2372,11.0,5,0,1,861.3395,2700.4978
852,122,10.849,101942.1916,319611.6052,17.0,7,1,0,835.5917,2619.7673
853,121,10.6015,92655.8295,290496.438,13.0,5,0,1,765.7507,2400.797
854,122,10.3475,100669.0848,315619.0218,19.0,7,1,0,825.1564,2587.0412
855,122,10.4066,103783.5021,325383.5608,27.0,8,0,0,850.6844,2667.0784
856,123,10.3808,109995.1416,344859.0017,33.0,8,1,0,894.2694,2803.7317
857,123,10.3854,104798.0917,328565.264,41.0,8,0,0,852.017,2671.2623
858,124,10.5494,121394.0864,380597.5575,50.0,10,1,0,978.9846,3069.3351
859,124,10.5606,105712.7717,331433.3717,53.0,8,0,0,852.5224,2672.8498
860,124,10.6482,117160.8282,367325.3387,51.0,8,1,1,944.8454,2962.3011
861,124,10.7374,107725.4324,337743.1851,58.0,7,0,0,868.7535,2723.7354
862,123,10.8338,106075.8588,332571.736,65.0,7,0,1,862.4054,2703.8353
863,123,10.9801,120014.4505,376272.9335,72.0,7,0,0,975.7272,3059.1295
864,125,10.8155,105751.6449,331554.7348,79.0,9,2,0,846.0132,2652.4379
865,124,10.8915,113190.9442,354879.5766,86.0,7,0,1,912.8302,2861.9321
866,124,10.9341,112509.7287,352743.6334,77.0,8,1,1,907.3365,2844.7067
867,123,10.9029,104605.726,327962.3803,58.0,5,0,1,850.4531,2666.3608
868,124,10.8734,107511.5054,337072.9438,63.0,6,1,0,867.0283,2718.3302
869,124,11.0971,120757.5951,378602.3348,64.0,4,0,0,973.8516,3053.2446
870,125,11.174,112280.5026,352025.0042,69.0,6,1,0,898.244,2816.2
871,125,11.1204,108519.0346,340231.859,74.0,5,0,0,868.1523,2721.8549
872,125,11.0105,111012.2881,348048.1375,39.0,4,1,1,888.0983,2784.3851
873,124,10.9033,94125.8699,295105.6723,44.0,5,0,1,759.0796,2379.8845
874,125,10.7143,101976.8396,319719.6653,2.0,2,1,0,815.8147,2557.7573
875,125,10.7305,101597.7048,318531.0243,4.0,2,0,0,812.7816,2548.2482
876,126,10.7771,113187.5128,354868.6118,6.0,3,1,0,898.3136,2816.4176
877,126,10.9077,115128.2411,360954.1534,9.0,3,0,0,913.7162,2864.7155
878,127,10.78,113692.8719,356453.3547,12.0,4,1,0,895.2195,2806.7193
879,127,10.5921,108960.1073,341614.4306,17.0,5,0,0,857.9536,2689.8774
880,128,10.4699,112200.5504,351773.852,20.0,5,1,0,876.5668,2748.2332
881,128,10.531,109185.2214,342319.4702,27.0,7,0,0,853.0095,2674.3709
882,129,10.452,111655.6088,350065.4363,25.0,7,1,0,865.5474,2713.6856
883,129,10.224,98443.9801,308643.12,29.0,6,0,0,763.1316,2392.5823
884,129,10.059,108035.7405,338716.0424,24.0,6,1,1,837.4864,2625.7058
885,129,10.2641,121867.6428,382081.9033,30.0,6,0,0,944.7104,2961.8752
886,129,10.2125,109611.8939,343656.7534,39.0,10,1,1,849.7046,2664.0058
887,128,10.3909,115539.1232,362240.4884,47.0,9,0,1,902.6494,2830.0038
888,129,10.5284,120524.4238,377870.8287,50.0,8,1,0,934.2979,2929.2312
889,128,10.5668,108500.0077,340171.301,57.0,7,0,1,847.6563,2657.5883
890,129,10.5623,118229.219,370675.5148,65.0,9,1,0,916.5056,2873.4536
891,126,10.6046,106762.0252,334722.9885,51.0,6,0,3,847.3177,2656.5317
892,127,10.5432,110385.0198,346081.0463,43.0,5,1,0,869.1734,2725.0476
893,127,10.5198,105083.4924,329460.1476,40.0,4,0,0,827.4291,2594.1744
894,127,10.6006,117296.2396,367750.7512,13.0,3,1,1,923.5924,2895.6752
895,127,10.8439,119168.9821,373622.3741,16.0,3,0,0,938.3384,2941.9085
896,128,11.0456,131519.0867,412342.938,7.0,4,1,0,1027.4929,3221.4292
897,126,11.1154,116439.2528,365063.9131,7.0,2,0,2,924.1211,2897.3326
898,127,11.1937,133693.2757,419160.2284,2.0,3,1,0,1052.703,3300.4742
899,125,11.0789,102886.2706,322572.5841,2.0,1,0,2,823.0902,2580.5807
900,126,11.0281,108204.114,339244.7996,3.0,2,1,0,858.7628,2692.419
901,126,11.0813,113294.9761,355205.7305,6.0,3,0,0,899.1665,2819.0931
902,127,11.0365,111013.5463,348053.4865,9.0,4,1,0,874.1224,2740.5786
903,127,10.983,110976.8681,347937.4936,12.0,3,0,0,873.8336,2739.6653
904,127,10.9183,115631.0896,362530.2922,12.0,4,1,1,910.481,2854.5692
905,125,11.0634,111550.3248,349736.0001,15.0,3,0,2,892.4026,2797.888
906,126,10.976,104937.3515,329001.4077,19.0,5,1,0,832.8361,2611.1223
907,126,11.1138,118892.0728,372754.162,19.0,3,0,0,943.5879,2958.3664
908,127,11.0504,112728.3618,353429.2347,22.0,4,1,0,887.6249,2782.9074
909,125,11.1541,111614.6721,349937.8175,5.0,2,0,2,892.9174,2799.5025
910,126,11.1439,122019.5882,382559.7326,3.0,3,1,0,968.4094,3036.1884
911,126,11.23,126042.847,395174.9847,2.0,1,0,0,1000.3401,3136.3094
912,127,11.3187,123014.2439,385679.422,4.0,3,1,0,968.6161,3036.8458
913,127,11.4171,117280.9619,367703.4016,6.0,2,0,0,923.4721,2895.3024
914,126,11.324,108357.1485,339724.5364,5.0,2,1,2,859.9774,2696.2265
915,126,11.3373,111446.9878,349411.3527,8.0,3,0,0,884.4999,2773.106
916,127,11.0887,102834.3512,322408.6429,11.0,5,1,0,809.7193,2538.6507
917,127,10.9703,99496.9358,311945.0793,16.0,5,0,0,783.4404,2456.2605
918,127,11.112,123937.3432,388572.0145,21.0,6,1,1,975.8846,3059.6222
919,127,11.03,105390.1328,330421.2651,28.0,7,0,0,829.8436,2601.7422
920,127,10.9305,110604.4135,346769.8107,35.0,8,1,1,870.9009,2730.471
921,125,11.1985,128138.8373,401744.7988,42.0,7,0,2,1025.1107,3213.9584
922,125,11.1864,115930.975,363470.238,45.0,7,1,1,927.4478,2907.7619
923,123,11.1572,103527.0627,324581.4894,51.0,6,0,2,841.6834,2638.8739
924,124,11.1005,115824.9244,363137.8494,59.0,9,1,0,934.072,2928.531
925,122,11.1906,113120.5889,354659.3055,40.0,6,0,2,927.2179,2907.0435
926,122,11.3023,122226.0286,383207.426,36.0,6,1,1,1001.8527,3141.0445
927,121,11.2723,94489.4408,296245.4225,42.0,6,0,1,780.9045,2448.3093
928,122,11.3407,118321.889,370966.3671,20.0,4,1,0,969.8515,3040.7079
929,122,11.3656,110024.6249,344952.7123,17.0,2,0,0,901.8412,2827.4812
930,122,11.2404,106638.9571,334337.8448,0.0,1,1,1,874.0898,2740.4741
931,122,11.269,113741.4968,356607.1292,1.0,1,0,0,932.3074,2923.0093
932,122,11.38,122441.5355,383882.9752,3.0,3,1,1,1003.6191,3146.5818
933,122,11.4233,106340.5912,333403.0299,5.0,2,0,0,871.6442,2732.8117
934,123,11.2282,106650.3617,334373.1792,7.0,5,1,0,867.0761,2718.4811
935,123,11.283,113052.1504,354444.6621,12.0,5,0,0,919.1232,2881.6639
936,124,11.0537,104063.1905,326261.6097,17.0,6,1,0,839.2193,2631.142
937,124,11.1543,124317.4446,389763.852,12.0,4,0,0,1002.56,3143.2569
938,123,10.975,109027.6511,341826.3094,17.0,6,1,2,886.4037,2779.0757
939,123,10.7466,90094.5184,282466.7536,22.0,5,0,0,732.4758,2296.4777
940,124,10.7017,118855.5813,372639.3869,28.0,7,1,0,958.5128,3005.1563
941,123,10.7489,106155.5331,332821.5561,20.0,5,0,1,863.0531,2705.8663
942,123,10.8767,118000.4514,369958.146,20.0,5,1,1,959.3533,3007.7898
943,123,10.9915,106336.9358,333390.8903,25.0,5,0,0,864.5279,2710.495
944,124,11.069,129127.1642,404843.6791,19.0,5,1,0,1041.3481,3264.8684
945,124,11.1223,113293.2733,355200.7959,24.0,5,0,0,913.6554,2864.5225
946,125,11.1015,112432.4104,352501.4572,27.0,5,1,0,899.4593,2820.0117
947,124,11.2366,121035.9404,379475.3791,33.0,6,0,1,976.0963,3060.2853
948,124,11.223,103239.1476,323677.6843,29.0,7,0,0,832.5738,2610.3039
949,125,11.1361,109587.861,343582.696,36.0,8,1,0,876.7029,2748.6616
950,126,11.0041,104794.959,328555.1782,43.0,8,1,0,831.706,2607.5808
951,125,10.878,96081.4487,301235.5841,50.0,7,0,1,768.6516,2409.8847
952,126,10.6953,95792.533,300329.6951,59.0,10,1,0,760.2582,2383.569
953,126,10.8405,111817.4597,350572.0221,42.0,8,0,0,887.4402,2782.3176
954,127,10.692,105053.1096,329364.0592,48.0,9,1,0,827.1898,2593.4178
955,126,10.6019,100460.9037,314965.9191,57.0,9,0,1,797.3088,2499.7295
956,127,10.7067,114104.4162,357742.4928,62.0,9,1,0,898.46,2816.87
957,126,10.8246,114109.1151,357757.267,70.0,8,0,1,905.6279,2839.3434
958,126,10.6108,110838.4698,347503.5909,78.0,9,1,1,879.6704,2757.965
959,126,10.5024,107724.4138,337739.7072,79.0,8,0,0,854.9557,2680.4739
960,127,10.3305,115721.5045,362812.8585,89.0,11,1,0,911.1929,2856.7942
961,127,10.5576,124587.1699,390608.5579,67.0,7,0,0,981.0013,3075.6579
962,127,10.515,95873.0336,300582.53,12.0,3,1,1,754.9058,2366.7916
963,127,10.7296,124156.0686,389257.5885,11.0,2,0,0,977.6068,3065.0204
964,127,10.8665,117063.6404,367021.1258,13.0,3,1,1,921.7609,2889.9301
965,127,10.9508,118545.672,371667.6597,15.0,2,0,0,933.4305,2926.517
966,127,11.0169,118493.1628,371503.0206,19.0,5,1,1,933.017,2925.2206
967,127,11.102,115876.5892,363300.3096,24.0,5,0,0,912.4141,2860.6324
968,128,11.3109,129624.6839,406403.1613,26.0,5,1,0,1012.6928,3175.0247
969,126,11.5539,124275.675,389634.0036,30.0,4,0,2,986.3149,3092.3334
970,127,11.4814,108267.0128,339442.517,29.0,4,1,0,852.4962,2672.7757
971,127,11.4442,100590.457,315374.6139,32.0,3,0,0,792.0508,2483.2647
972,128,11.3872,117460.4155,368265.6394,10.0,2,1,0,917.6595,2877.0753
973,127,11.3865,103599.1973,324806.2566,11.0,1,0,1,815.7417,2557.5296
974,126,11.164,93713.5851,293812.4788,0.0,1,1,2,743.7586,2331.8451
975,125,11.3052,119284.1233,373984.0217,1.0,1,0,1,954.273,2991.8722
976,125,11.3529,111878.6762,350765.5893,2.0,1,0,0,895.0294,2806.1247
977,125,11.2037,104791.6315,328545.4739,4.0,2,0,0,838.3331,2628.3638
978,126,11.0567,107596.7338,337340.2687,7.0,4,1,0,853.9423,2677.3037
979,125,10.9579,105640.8598,331208.9395,8.0,3,0,1,845.1269,2649.6715
980,126,10.873,109708.2509,343960.0798,11.0,5,1,0,870.7004,2729.8419
981,126,10.9615,116076.3747,363926.0381,11.0,3,0,0,921.2411,2888.3019
982,127,11.0958,126016.8836,395091.6387,12.0,4,1,0,992.2589,3110.9578
983,127,11.1551,112338.0197,352204.5327,14.0,4,1,1,884.5513,2773.264
984,127,11.1833,104712.6453,328297.8096,8.0,4,1,1,824.509,2585.0221
985,127,11.1669,103442.2497,324314.6491,11.0,3,0,0,814.5059,2553.6587
986,128,11.0423,105490.9364,330738.2959,14.0,4,1,0,824.1479,2583.8929
987,128,11.07,111453.404,349431.6367,17.0,3,0,0,870.7297,2729.9347
988,128,10.9141,109105.3284,342070.7564,20.0,4,1,1,852.3854,2672.4278
989,128,10.9013,109389.0611,342960.5124,23.0,3,0,0,854.602,2679.379
990,129,10.7777,110002.3141,344882.1024,26.0,4,1,0,852.7311,2673.5047
991,129,10.7325,103576.6446,324735.9871,30.0,4,0,0,802.9197,2517.3332
992,130,10.7521,122782.8395,384952.3671,34.0,6,1,0,944.4834,2961.1721
993,129,10.729,106367.8764,333487.4227,40.0,6,0,1,824.5572,2585.1738
994,130,10.8645,125010.6154,391937.244,44.0,6,1,0,961.6201,3014.9019
995,129,10.975,112216.2878,351823.1282,49.0,5,0,1,869.8937,2727.3111
996,129,11.0274,113601.0267,356165.8211,37.0,5,1,1,880.6281,2760.9754
997,129,11.2571,123515.626,387249.7967,26.0,3,0,0,957.4855,3001.9364
998,130,11.2462,105820.6666,331771.9573,15.0,4,1,0,814.0051,2552.092
999,130,11.2173,100800.0615,316030.8294,2.0,1,0,0,775.3851,2431.0064
1000,131,11.1404,109222.5952,342437.4134,3.0,2,1,0,833.7603,2614.0261
1001,131,11.191,111580.9888,349831.3642,5.0,2,0,0,851.7633,2670.4684
1002,131,11.2451,123954.1765,388624.5287,9.0,5,1,1,946.2151,2966.5995
1003,130,11.2908,106165.3946,332851.95,13.0,4,0,1,816.6569,2560.3996
1004,131,11.1987,114169.048,357945.7399,18.0,6,1,0,871.5195,2732.4102
1005,130,11.1958,96637.2836,302979.0456,17.0,3,0,1,743.3637,2330.608
1006,129,11.1276,105247.8323,329975.6183,15.0,3,1,2,815.8747,2557.9505
1007,128,11.0046,105017.2382,329252.9261,17.0,2,0,1,820.4472,2572.2885
1008,129,10.9696,116205.0505,364329.2519,22.0,6,1,0,900.8143,2824.2578
1009,128,10.7856,98196.2213,307866.7395,27.0,5,0,1,767.158,2405.2089
1010,129,10.7285,113384.9169,355487.0707,17.0,4,1,0,878.9528,2755.7137
1011,128,10.7619,108845.333,341255.1455,20.0,3,0,1,850.3542,2666.0558
1012,129,10.5888,108992.5352,341716.3154,0.0,1,1,0,844.9034,2648.9637
1013,128,10.7428,104012.5054,326102.2748,1.0,1,0,1,812.5977,2547.674
1014,127,10.8921,119825.4773,375680.1412,0.0,1,1,2,943.5077,2958.1113
1015,127,10.9992,105490.5031,330737.1691,0.0,0,0,0,830.6339,2604.2297
1016,127,11.1337,122531.9852,384166.222,1.0,2,1,1,964.8188,3024.9309
1017,127,11.2277,113732.167,356577.0782,1.0,1,0,0,895.5289,2807.6935
1018,128,11.2212,124278.8567,389643.6053,2.0,2,1,0,970.9286,3044.0907
1019,128,11.412,120639.7125,378234.3415,3.0,1,0,0,942.4978,2954.9558
1020,128,11.5589,123324.1886,386650.9689,4.0,2,1,1,963.4702,3020.7107
1021,126,11.5971,106186.0081,332917.9358,5.0,1,0,2,842.7461,2642.2058
1022,127,11.6289,120520.6846,377860.3649,0.0,1,1,0,948.9818,2975.2785
1023,127,11.6758,103874.8553,325671.6226,0.0,0,0,0,817.9122,2564.3435
1024,128,11.653,109817.5221,344302.6529,0.0,1,1,0,857.9494,2689.8645
1025,128,11.5972,91885.9498,288082.7409,0.0,0,0,0,717.859,2250.6464
1026,128,11.5399,116458.3606,365124.6116,1.0,2,1,1,909.8309,2852.536
1027,127,11.6055,98474.2229,308738.5157,2.0,1,0,1,775.3876,2431.0119
1028,128,11.6856,135335.4273,424309.0642,0.0,1,1,0,1057.308,3314.9146
1029,128,11.6634,102996.8881,322919.7513,1.0,1,0,0,804.6632,2522.8106
1030,129,11.6505,116828.6927,366284.9957,2.0,2,1,0,905.6488,2839.4186
1031,129,11.6798,114289.2413,358323.1461,3.0,1,0,0,885.9631,2777.6988
1032,130,11.5402,105145.0627,329653.3597,5.0,3,1,0,808.8082,2535.7951
1033,129,11.5734,98667.0028,309343.4964,5.0,1,0,1,764.8605,2398.0116
1034,129,11.4959,114092.4984,357705.9901,7.0,3,1,1,884.438,2772.9147
1035,129,11.4704,109613.1958,343662.9791,9.0,2,0,0,849.7147,2664.0541
1036,129,11.4643,120960.7781,379240.594,11.0,3,1,1,937.6805,2939.8496
1037,129,11.4482,101708.469,318879.7161,9.0,1,0,0,788.4377,2471.9358
1038,129,11.4715,112321.7366,352154.2546,10.0,2,1,1,870.7111,2729.8779
1039,128,11.5618,109504.5118,343322.0733,0.0,0,0,1,855.504,2682.2037
1040,128,11.5917,111066.6126,348218.9879,0.0,1,1,1,867.7079,2720.4608
1041,128,11.5829,99678.1529,312513.2728,1.0,1,0,0,778.7356,2441.5099
1042,129,11.5946,110273.2281,345732.1611,2.0,2,1,0,854.8312,2680.0943
1043,129,11.6865,119063.8681,373292.8209,3.0,1,0,0,922.9757,2893.7428
1044,130,11.4563,100797.6828,316023.5898,4.0,2,1,0,775.3668,2430.9507
1045,129,11.5577,114047.4696,357565.5439,5.0,1,0,1,884.0889,2771.8259
1046,129,11.5982,127141.9339,398619.818,8.0,4,1,1,985.5964,3090.0761
1047,128,11.4253,98304.2378,308205.636,9.0,2,0,1,768.0019,2407.8565
1048,129,11.1914,99399.9474,311640.8172,11.0,3,1,0,770.5422,2415.8203
1049,129,11.0166,98194.4112,307861.56,14.0,3,0,0,761.197,2386.5237
1050,130,10.8332,99166.5437,310909.1446,8.0,4,1,0,762.8196,2391.6088
1051,129,10.9128,109048.3013,341890.1523,9.0,3,0,1,845.3357,2650.3113
1052,130,10.7621,93835.5098,294194.4224,10.0,3,1,0,721.8116,2263.034
1053,130,10.9299,116958.8695,366692.2411,13.0,3,0,0,899.6836,2820.7095
1054,131,11.1088,132398.1884,415099.14,11.0,3,1,0,1010.6732,3168.6957
1055,131,11.2924,118894.9758,372762.781,11.0,2,0,0,907.5952,2845.5174
1056,131,11.2688,109400.4125,342995.6197,16.0,6,1,1,835.1177,2618.2872
1057,130,11.3729,123746.5013,387974.1706,7.0,3,0,1,951.8962,2984.4167
1058,128,11.2649,109859.5058,344435.1814,7.0,3,1,3,858.2774,2690.8999
1059,128,11.0599,91627.428,287272.0212,4.0,1,0,0,715.8393,2244.3127
1060,129,10.8309,100857.4753,316211.2261,6.0,3,1,0,781.8409,2451.2498
1061,127,10.7357,89926.7563,281939.7262,9.0,3,0,2,708.0847,2219.9978
1062,128,10.6664,112351.9268,352248.3708,13.0,5,1,0,877.7494,2751.9404
1063,128,10.6305,101280.6036,317536.9673,15.0,5,0,0,791.2547,2480.7576
1064,129,10.6839,117574.4301,368621.6718,17.0,5,1,0,911.4297,2857.5323
1065,129,10.6633,104039.9376,326188.5621,23.0,6,0,0,806.5111,2528.5935
1066,130,10.5405,110453.8059,346297.5241,30.0,8,1,0,849.6447,2663.8271
1067,130,10.4958,99760.7881,312771.7118,38.0,8,0,0,767.3907,2405.9362
1068,131,10.3719,104668.8079,328159.7013,25.0,7,1,0,798.9985,2505.0359
1069,131,10.3264,96882.8041,303748.6751,16.0,3,0,0,739.5634,2318.6922
1070,131,10.2969,118661.6332,372030.8126,13.0,3,1,1,905.814,2839.9299
1071,130,10.5925,129557.142,406191.8186,15.0,2,0,1,996.5934,3124.5525
1072,130,10.7259,119962.8416,376110.677,18.0,4,1,1,922.7911,2893.1591
1073,129,10.9682,126122.2419,395422.0206,22.0,4,0,1,977.6918,3065.287
1074,128,11.0133,111106.7114,348344.2631,21.0,3,1,2,868.0212,2721.4396
1075,128,11.1542,111337.1546,349067.6338,23.0,2,0,0,869.8215,2727.0909
1076,127,11.1421,111416.6637,349316.845,25.0,3,1,2,877.2966,2750.5263
1077,127,11.0729,96697.7539,303169.6226,27.0,2,0,0,761.3996,2387.1624
1078,127,10.927,98368.5644,308407.2884,30.0,4,1,1,774.5556,2428.4038
1079,126,10.8212,108409.8621,339889.4708,33.0,3,0,1,860.3957,2697.5355
1080,126,10.7603,100596.2007,315391.4054,19.0,4,1,1,798.3825,2503.1064
1081,125,10.669,92268.081,289280.5131,6.0,2,0,1,738.1446,2314.2441
1082,126,10.6258,102504.8791,321375.1043,4.0,3,1,0,813.5308,2550.5961
1083,126,10.4646,94403.0641,295973.8693,7.0,3,0,0,749.2307,2348.999
1084,126,10.4206,111588.9564,349856.79,10.0,4,1,1,885.6266,2776.6412
1085,126,10.4635,105849.8008,331862.5748,15.0,5,0,0,840.0778,2633.83
1086,127,10.4835,111614.1774,349935.3686,13.0,5,1,0,878.8518,2755.3966
1087,127,10.5214,108875.6655,341349.6872,13.0,5,0,0,857.2887,2687.7928
1088,127,10.4689,113120.2809,354657.4351,15.0,6,1,1,890.7109,2792.5782
1089,127,10.5028,105111.3866,329547.6041,12.0,3,0,0,827.6487,2594.863
1090,128,10.4833,113416.1504,355584.4997,14.0,5,1,0,886.0637,2778.0039
1091,128,10.4594,96543.854,302686.4561,11.0,2,0,0,754.2489,2364.7379
1092,128,10.5129,122394.1619,383734.0825,3.0,2,1,1,956.2044,2997.9225
1093,125,10.3536,91189.6088,285900.3966,4.0,1,0,3,729.5169,2287.2032
1094,126,10.1039,97117.4284,304484.2333,7.0,4,1,0,770.7732,2416.5415
1095,126,10.2159,118361.2552,371089.6392,11.0,4,0,0,939.375,2945.1559
1096,126,10.0794,104974.2125,329117.135,12.0,4,1,1,833.1287,2612.0408
1097,124,10.2159,113444.2547,355672.5086,16.0,4,0,2,914.873,2868.3267
1098,125,10.2404,100859.4354,316216.286,21.0,6,1,0,806.8755,2529.7303
1099,125,10.4746,125466.6482,393367.2713,26.0,5,0,0,1003.7332,3146.9382
1100,126,10.416,107431.6035,336822.1304,31.0,6,1,0,852.6318,2673.1915
1101,126,10.5819,122279.3122,383374.0259,31.0,4,0,0,970.4707,3042.651
1102,126,10.5859,114265.4916,358247.4673,27.0,4,1,1,906.869,2843.2339
1103,126,10.5753,101923.0288,319551.8271,30.0,3,0,0,808.9129,2536.1256
1104,124,10.4487,115547.3876,362266.8776,33.0,4,1,3,931.8338,2921.5071
1105,123,10.4489,107763.7706,337863.8259,9.0,2,0,1,876.1282,2746.8604
1106,124,10.5902,118722.4221,372222.1207,11.0,3,1,0,957.4389,3001.7913
1107,124,10.8355,123286.25,386530.8509,12.0,3,0,0,994.244,3117.1843
1108,124,10.9815,126523.8301,396681.7393,4.0,4,1,1,1020.3535,3199.0463
1109,124,11.1349,113781.5397,356731.8165,2.0,1,0,0,917.5931,2876.8695
1110,124,11.085,109079.5387,341989.1012,5.0,4,1,1,879.6737,2757.9766
1111,123,11.1258,99146.1791,310844.934,8.0,4,0,1,806.0665,2527.1946
1112,124,11.0478,93256.751,292379.12,12.0,5,1,0,752.0706,2357.8961
1113,124,11.069,101748.6847,319005.0881,13.0,4,0,0,820.5539,2572.6217
1114,124,11.0607,103116.7639,323294.1103,10.0,4,1,1,831.5868,2607.2106
1115,124,11.0317,99580.1942,312206.6698,13.0,3,0,0,803.0661,2517.7957
1116,125,11.1046,115988.7296,363651.2705,16.0,4,1,0,927.9098,2909.2102
1117,124,11.2462,119311.6003,374069.9781,21.0,5,0,1,962.1903,3016.6934
1118,124,11.2349,117935.911,369756.4374,26.0,6,1,1,951.0961,2981.9068
1119,124,11.2857,117544.8694,368530.8008,24.0,4,0,0,947.9425,2972.0226
1120,122,11.1091,100896.0838,316332.2509,29.0,6,1,3,827.0171,2592.8873
1121,120,11.3413,110251.8156,345665.0603,12.0,3,0,2,918.7651,2880.5422
1122,120,11.4617,107605.2039,337366.7372,15.0,4,1,1,896.71,2811.3895
1123,119,11.4264,103548.2258,324648.048,18.0,3,0,1,870.1532,2728.1349
1124,120,11.2177,91263.2717,286130.8902,21.0,4,1,0,760.5273,2384.4241
1125,119,11.0654,94556.4248,296455.8078,24.0,3,0,1,794.5918,2491.2253
1126,120,10.8272,105769.6955,331612.2124,27.0,4,1,0,881.4141,2763.4351
1127,120,10.7936,110771.4476,347294.4414,32.0,5,0,0,923.0954,2894.1203
1128,120,10.864,111088.3915,348287.787,28.0,5,1,1,925.7366,2902.3982
1129,120,10.8765,107014.1379,335513.6707,17.0,3,0,0,891.7845,2795.9473
1130,120,10.852,114977.8759,360482.411,20.0,4,1,1,958.149,3004.0201
1131,120,10.7868,100904.9186,316360.4356,16.0,2,0,0,840.8743,2636.337
1132,121,10.6851,106103.6894,332659.2495,20.0,5,1,0,876.89,2749.25
1133,118,10.7647,111894.737,350815.7674,24.0,4,0,3,948.2605,2973.015
1134,119,10.8761,113775.7717,356713.3659,29.0,6,1,0,956.0989,2997.5913
1135,119,11.0157,111703.8256,350217.4147,31.0,5,0,0,938.6876,2943.0035
1136,120,11.0955,113815.2311,356836.5804,8.0,3,1,0,948.4603,2973.6382
1137,120,11.1278,106642.1341,334347.2764,11.0,3,0,0,888.6845,2786.2273
1138,121,11.0238,96758.1808,303358.0573,10.0,3,1,0,799.6544,2507.0914
1139,121,11.0543,101762.1372,319046.8192,12.0,2,0,0,841.0094,2636.7506
1140,121,11.0558,109346.8212,342827.2881,15.0,4,1,1,903.6927,2833.2834
1141,121,11.1244,109798.4967,344243.2797,17.0,3,0,0,907.4256,2844.9858
1142,122,11.0084,108000.4329,338605.2856,21.0,5,1,0,885.2494,2775.4532
1143,122,11.0312,110348.7409,345969.2994,25.0,4,0,0,904.4979,2835.8139
1144,121,10.855,100962.3652,316540.3216,22.0,5,1,2,834.3997,2616.0357
1145,121,10.9635,108275.7185,339469.1057,26.0,4,0,0,894.8406,2805.5298
1146,122,11.0031,114571.2315,359207.5511,24.0,4,1,0,939.1085,2944.3242
1147,121,10.9411,102539.7193,321485.1257,28.0,4,0,1,847.4357,2656.9019
1148,122,10.8793,105505.3026,330781.7858,15.0,5,1,0,864.7976,2711.3261
1149,122,10.7971,95813.713,300396.5485,18.0,5,0,0,785.3583,2462.2668
1150,123,10.7735,103726.2031,325204.4559,23.0,6,1,0,843.3025,2643.9387
1151,123,10.8636,104226.9083,326774.0693,29.0,6,0,0,847.3732,2656.6998
1152,123,10.8517,107143.3361,335917.81,31.0,5,0,0,871.084,2731.0391
1153,122,10.7328,94703.4556,296915.5856,37.0,6,0,1,776.2578,2433.7343
1154,124,10.6604,109292.4655,342656.1753,19.0,6,2,0,881.3909,2763.3563
1155,124,10.788,115935.3354,363483.5714,23.0,4,0,0,934.9624,2931.3191
1156,124,10.8533,116158.2226,364182.46,23.0,4,1,1,936.7599,2936.9553
1157,124,10.8993,105682.466,331338.777,27.0,4,0,0,852.278,2672.0869
1158,125,10.7685,100043.3583,313657.9987,31.0,5,1,0,800.3469,2509.264
1159,125,10.8028,111592.6843,349868.0175,23.0,3,0,0,892.7415,2798.9441
1160,126,10.7287,107780.6217,337916.7847,26.0,4,1,0,855.4018,2681.8792
1161,126,10.7789,117540.896,368518.3502,29.0,3,0,0,932.8643,2924.7488
1162,125,10.6444,99107.3848,310723.6335,32.0,4,1,2,792.8591,2485.7891
1163,125,10.6026,98441.742,308635.7924,37.0,5,0,0,787.5339,2469.0863
1164,123,10.6381,105481.0173,330706.3701,43.0,7,1,3,857.5692,2688.6697
1165,123,10.5628,92918.2397,291318.3577,49.0,6,0,0,755.4328,2368.4419
1166,124,10.3336,97836.9448,306740.2118,56.0,8,1,0,789.0076,2473.7114
1167,124,10.3403,99625.796,312347.5611,59.0,6,0,0,803.4338,2518.9319
1168,124,10.3826,118095.5924,370255.7138,66.0,8,1,1,952.3838,2985.9332
1169,124,10.5592,114363.8403,358555.9536,74.0,8,0,0,922.289,2891.5803
1170,125,10.4589,106610.6056,334247.7462,44.0,6,1,0,852.8848,2673.982
1171,125,10.4209,94270.1365,295556.7972,28.0,4,0,0,754.1611,2364.4544
1172,125,10.3529,95091.3332,298131.2359,16.0,4,1,1,760.7307,2385.0499
1173,125,10.4135,101811.6261,319202.2294,19.0,3,0,0,814.493,2553.6178
1174,125,10.3515,103591.6722,324782.8677,15.0,3,1,1,828.7334,2598.2629
1175,125,10.5715,113022.392,354350.217,18.0,3,0,0,904.1791,2834.8017
1176,126,10.6243,114163.9789,357929.468,22.0,5,1,0,906.0633,2840.7101
1177,124,10.7228,112981.5926,354223.2385,26.0,4,0,2,911.1419,2856.639
1178,125,10.6122,101480.0555,318162.5743,30.0,5,1,0,811.8404,2545.3006
1179,125,10.6947,112743.4498,353476.1713,34.0,4,0,0,901.9476,2827.8094
1180,123,10.6805,103067.0197,323138.0912,38.0,5,1,3,837.9432,2627.139
1181,123,10.6395,99146.1195,310845.4154,43.0,5,0,0,806.066,2527.1985
1182,123,10.4375,94684.1336,296854.903,49.0,7,1,1,769.7897,2413.4545
1183,123,10.3266,97250.7273,304902.4246,53.0,5,0,0,790.6563,2478.8815
1184,124,10.2244,100444.7537,314916.1392,59.0,7,1,0,810.0383,2539.6463
1185,124,10.3654,106726.1632,334610.2358,59.0,5,0,0,860.6949,2698.4696
1186,124,10.4276,100314.4151,314507.3865,43.0,5,0,0,808.9872,2536.3499
1187,124,10.4666,94145.2184,295165.8341,49.0,6,0,0,759.2356,2380.3696
1188,125,10.4711,106517.1002,333954.4335,55.0,7,1,0,852.1368,2671.6355
1189,123,10.6936,123081.6155,385888.5921,61.0,6,0,2,1000.6635,3137.3056
1190,124,10.5317,101753.9365,319021.2015,64.0,8,2,1,820.5963,2572.7516
1191,123,10.7689,125457.2824,393337.6132,42.0,4,0,1,1019.9779,3197.8668
1192,124,10.8918,125990.027,395008.3254,22.0,4,1,0,1016.0486,3185.551
1193,122,10.9327,107482.6994,336982.6749,25.0,3,0,2,881.0057,2762.1531
1194,123,10.9313,114524.9724,359061.8806,29.0,5,1,0,931.0973,2919.2023
1195,122,10.939,95845.9498,300498.1859,34.0,5,0,1,785.6225,2463.0999
1196,123,10.7989,101932.9912,319582.4402,40.0,7,1,0,828.7235,2598.2312
1197,123,10.8471,105159.9447,329699.5632,28.0,3,0,0,854.9589,2680.4843
1198,124,10.9481,117534.7624,368497.5729,32.0,5,1,0,947.861,2971.7546
1199,124,10.8853,92037.8942,288558.9964,36.0,4,0,0,742.2411,2327.0887
1200,125,10.8939,117051.1219,366981.5828,41.0,6,1,0,936.409,2935.8527
1201,123,10.8737,99528.9518,312044.9529,45.0,5,0,2,809.1785,2536.9508
1202,123,10.735,95988.2394,300943.9149,14.0,3,1,1,780.3922,2446.6985
1203,122,10.8001,100822.0296,316099.0558,0.0,0,0,1,826.4101,2590.9759
1204,123,10.8909,103519.8799,324558.3919,1.0,2,1,0,841.625,2638.6861
1205,122,10.9827,101640.8954,318667.6131,2.0,1,0,1,833.1221,2612.0296
1206,122,10.6507,89883.0729,281804.1004,3.0,2,1,1,736.7465,2309.8697
1207,122,10.605,107252.9381,336262.8501,4.0,1,0,0,879.1224,2756.2529
1208,123,10.4925,102185.8151,320374.8797,8.0,5,1,0,830.779,2604.6738
1209,123,10.4873,111462.6599,349460.6191,13.0,5,0,0,906.2005,2841.1432
1210,124,10.4595,109694.1097,343915.7186,19.0,7,1,0,884.6299,2773.5139
1211,122,10.6208,119892.7005,375891.1792,25.0,6,0,2,982.7271,3081.0752
1212,122,10.6569,103959.8316,325937.1107,28.0,7,1,1,852.1298,2671.6157
1213,122,10.8154,110028.3805,344963.6011,24.0,4,0,0,901.872,2827.5705
1214,123,10.7768,104875.2123,328806.7711,30.0,7,1,0,852.644,2673.2258
1215,122,10.7407,96906.973,303824.2439,36.0,6,0,1,794.3195,2490.3627
1216,123,10.6774,100159.1422,314021.0902,42.0,7,1,0,814.302,2553.017
1217,122,10.9029,111790.5982,350489.5266,26.0,3,0,1,916.3164,2872.865
1218,123,10.9483,107275.1699,336332.4754,7.0,2,1,0,872.1559,2734.4104
1219,123,10.9756,115444.0034,361944.2014,8.0,1,0,0,938.5691,2942.6358
1220,124,11.0336,118792.0305,372441.0853,9.0,2,1,0,958.0002,3003.5571
1221,121,10.9885,86792.9024,272115.194,11.0,2,0,3,717.2967,2248.8859
1222,122,10.864,94349.4714,295806.6968,14.0,4,1,0,773.3563,2424.6451
1223,122,10.9734,109655.7641,343795.4188,17.0,3,0,0,898.8177,2817.9952
1224,122,10.9715,114754.6195,359781.5231,17.0,3,1,1,940.6116,2949.0289
1225,121,10.9792,104419.0724,327377.1268,19.0,2,0,1,862.9675,2705.5961
1226,119,11.0316,106517.4468,333956.804,7.0,3,1,3,895.1046,2806.3597
1227,119,11.1407,101438.6902,318033.343,0.0,0,0,0,852.426,2672.5491
1228,120,11.2051,111475.8836,349503.4422,1.0,2,1,0,928.9657,2912.5287
1229,120,11.3076,99991.3093,313495.5824,2.0,1,0,0,833.2609,2612.4632
1230,121,11.2166,108118.5364,338976.6521,3.0,2,1,0,893.5416,2801.4599
1231,119,11.3334,102084.3496,320058.1769,4.0,1,0,2,857.8517,2689.5645
1232,120,11.2712,104821.7913,328640.6524,5.0,2,1,0,873.5149,2738.6721
1233,119,11.3764,106522.0257,333970.8662,7.0,2,0,1,895.1431,2806.4779
1234,119,11.3665,104439.8651,327443.6584,2.0,2,1,1,877.6459,2751.6274
1235,119,11.4372,101588.6824,318503.6954,3.0,1,0,0,853.6864,2676.5016
1236,119,11.4387,95976.9583,300909.0311,0.0,1,1,1,806.5291,2528.6473
1237,119,11.5627,109808.2313,344275.1367,0.0,0,0,0,922.7582,2893.0684
1238,118,11.3561,103311.7904,323906.6342,0.0,1,1,2,875.5236,2744.9715
1239,118,11.2545,93108.5679,291916.6208,0.0,0,0,0,789.0557,2473.8697
1240,119,11.2105,106448.3408,333740.1026,2.0,3,1,0,894.5239,2804.5387
1241,119,11.3948,103528.6721,324586.8446,5.0,3,0,0,869.9888,2727.6205
1242,120,11.3493,103815.4533,325484.113,8.0,4,1,0,865.1288,2712.3676
1243,120,11.2655,92532.0948,290109.1769,11.0,3,0,0,771.1008,2417.5765
1244,121,11.1237,99707.9599,312606.6876,14.0,4,1,0,824.0327,2583.5263
1245,121,11.0815,101605.7711,318556.7158,18.0,4,0,0,839.7171,2632.7001
1246,122,11.0791,104687.2386,328217.6081,23.0,6,1,0,858.0921,2690.3083
1247,122,11.1676,105529.4481,330858.7789,25.0,4,0,0,864.9955,2711.9572
1248,122,11.1658,109591.8432,343595.3281,29.0,5,1,1,898.2938,2816.3551
1249,122,11.05,95772.5323,300268.0498,34.0,5,0,0,785.0208,2461.2135
1250,122,10.8767,94217.8285,295394.0582,23.0,4,1,1,772.2773,2421.2628
1251,121,10.9374,108482.8984,340118.907,26.0,3,0,1,896.5529,2810.9001
1252,122,10.8978,115877.6924,363303.4653,30.0,5,1,0,949.8172,2977.8973
1253,122,10.8577,92660.6079,290511.4382,35.0,5,0,0,759.5132,2381.2413
1254,120,10.8247,104959.5731,329071.7896,41.0,6,0,2,874.6631,2742.2649
1255,119,10.8935,110849.2976,347537.8621,48.0,7,0,1,931.5067,2920.4862
1256,119,10.7327,94742.5723,297038.5011,55.0,8,1,1,796.1561,2496.1219
1257,120,10.6564,103906.3498,325769.6453,63.0,9,1,0,865.8862,2714.747
1258,121,10.559,104691.7092,328232.2691,46.0,7,1,0,865.2207,2712.6634
1259,121,10.6715,116122.0761,364069.3114,27.0,4,0,0,959.6866,3008.8373
1260,122,10.7743,123589.4194,387481.8919,31.0,5,1,0,1013.028,3176.0811
1261,122,10.7819,95445.3225,299243.1451,31.0,4,0,0,782.3387,2452.8127
1262,123,10.8293,122113.6952,382854.5436,35.0,5,1,0,992.7943,3112.6386
1263,123,11.0361,131402.4916,411977.5029,25.0,3,0,0,1068.3129,3349.4106
1264,124,10.9884,104926.3875,328968.4613,28.0,4,1,0,846.1805,2652.9715
1265,123,11.1238,127970.6873,401218.819,31.0,3,0,1,1040.4121,3261.9416
1266,124,11.1473,114050.3289,357574.5386,35.0,5,1,0,919.7607,2883.6656
1267,123,11.2732,117105.8518,367153.7321,39.0,4,0,1,952.0801,2984.9897
1268,124,11.2665,103689.2403,325088.5856,44.0,6,1,0,836.2036,2621.6821
1269,124,11.516,113554.6902,356019.9943,49.0,5,0,0,915.7636,2871.129
1270,125,11.6044,110904.85,347711.9414,19.0,3,1,0,887.2388,2781.6955
1271,125,11.5583,101229.581,317377.7023,17.0,1,0,0,809.8366,2539.0216
1272,123,11.394,101759.9148,319040.6822,18.0,2,1,3,827.3164,2593.8267
1273,123,11.2523,97843.0919,306760.9011,19.0,1,0,0,795.4723,2493.9911
1274,124,11.2781,108439.911,339984.4576,20.0,2,1,0,874.5154,2741.8101
1275,123,11.4231,122211.2679,383161.3502,22.0,2,0,1,993.5875,3115.1329
1276,122,11.6415,119985.0626,376182.1298,22.0,2,1,2,983.4841,3083.4601
1277,122,11.8058,124826.0871,391359.9468,23.0,1,0,0,1023.1646,3207.8684
1278,121,11.9058,115968.8273,363590.4267,24.0,2,1,2,958.4201,3004.8796
1279,121,11.9331,107413.51,336766.6269,25.0,1,0,0,887.715,2783.1953
1280,122,11.7135,93043.7016,291713.0652,26.0,2,1,0,762.6533,2391.0907
1281,122,11.608,93722.233,293840.4444,28.0,2,0,0,768.215,2408.5282
1282,123,11.5576,115332.2053,361593.0334,3.0,3,1,0,937.6602,2939.7808
1283,123,11.4728,91282.0294,286189.4728,5.0,2,0,0,742.1303,2326.7437
1284,124,11.3595,100769.7893,315935.8125,7.0,3,1,0,812.6596,2547.8695
1285,124,11.0985,81834.0933,256568.2964,5.0,1,0,0,659.9524,2069.0992
1286,125,10.8822,98285.5602,308147.7608,6.0,2,1,0,786.2845,2465.1821
1287,124,10.8712,111808.7747,350546.2613,9.0,3,0,1,901.6837,2826.986
1288,123,10.997,118866.0305,372673.3158,12.0,4,1,2,966.3905,3029.8644
1289,122,10.9861,108359.6855,339733.2347,15.0,3,0,1,888.1941,2784.6986
1290,122,11.0544,119200.3371,373720.8962,8.0,3,1,1,977.0519,3063.286
1291,122,11.1081,103578.9751,324743.5421,10.0,2,0,0,849.008,2661.8323
1292,123,11.0511,110845.093,347524.7211,13.0,4,1,0,901.1796,2825.4042
1293,122,10.957,104345.8248,327148.7675,18.0,5,0,1,855.2936,2681.5473
1294,123,10.9685,121451.3366,380778.9766,21.0,5,1,0,987.4092,3095.764
1295,123,10.905,103382.8832,324128.9407,25.0,4,0,0,840.5112,2635.1946
1296,124,10.6824,100723.4407,315789.9817,30.0,6,1,0,812.2858,2546.6934
1297,122,10.5932,98098.4537,307560.5406,33.0,7,0,2,804.0857,2520.988
1298,123,10.7145,122902.7096,385328.0951,38.0,7,1,0,999.209,3132.7487
1299,123,10.8134,101844.0643,319303.8565,32.0,6,0,0,828.0005,2595.9663
1300,124,10.9082,126437.3713,396410.6726,29.0,6,1,0,1019.6562,3196.8603
1301,123,10.908,105960.1487,332208.9741,30.0,5,0,1,861.4646,2700.886
1302,122,10.899,103082.3954,323185.3468,36.0,7,1,2,844.9377,2649.0602
1303,122,10.899,99903.4453,313219.6915,34.0,5,0,0,818.8807,2567.3745
1304,123,10.9626,116224.8019,364391.358,39.0,6,1,0,944.9171,2962.5314
1305,123,11.0023,96747.8047,303325.6585,45.0,6,0,0,786.5675,2466.0623
1306,123,10.9404,112586.7542,352984.9888,51.0,7,1,1,915.3395,2869.7967
1307,123,10.9691,101761.7431,319045.3565,57.0,6,0,0,827.3312,2593.8647
1308,124,10.8351,106238.6681,333082.593,59.0,6,1,0,856.7635,2686.1499
1309,123,10.8814,99505.4055,311971.4475,35.0,6,0,1,808.987,2536.3532
1310,122,10.8262,105130.3627,329606.7974,26.0,6,1,2,861.7243,2701.6951
1311,122,10.8925,100478.7728,315023.7779,26.0,3,0,0,823.5965,2582.1621
1312,122,10.908,112443.4738,352535.994,29.0,4,1,1,921.6678,2889.6393
1313,121,11.0739,111675.4123,350128.7282,32.0,3,0,1,922.9373,2893.6259
1314,121,11.1376,115505.5525,362136.1259,35.0,4,1,1,954.5913,2992.8605
1315,121,11.3306,116947.1483,366656.3672,39.0,4,0,0,966.5054,3030.2179
1316,122,11.1717,109041.4002,341870.0871,43.0,5,1,0,893.782,2802.2138
1317,122,11.0394,90159.4471,282669.7391,44.0,3,0,0,739.0119,2316.9651
1318,123,10.8716,98982.0098,310330.5699,47.0,4,1,0,804.7318,2523.0128
1319,123,10.7329,96122.6424,301364.8937,51.0,4,0,0,781.4849,2450.1211
1320,123,10.7214,105292.5358,330115.2366,55.0,5,1,1,856.0369,2683.8637
1321,123,10.8522,106071.4075,332557.5623,33.0,2,0,0,862.3692,2703.72
1322,123,11.0316,110730.4158,347164.7422,14.0,1,0,0,900.2473,2822.4776
1323,123,10.8787,94764.7033,297109.9229,15.0,2,1,1,770.4447,2415.5278
1324,124,10.9218,121736.5938,381672.8964,16.0,2,1,0,981.7467,3078.0072
1325,124,10.8903,106649.4258,334370.4785,18.0,2,0,0,860.076,2696.5361
1326,125,10.6783,99078.7498,310633.9962,21.0,4,1,0,792.63,2485.072
1327,125,10.8686,117306.2734,367781.6636,25.0,4,0,0,938.4502,2942.2533
1328,126,10.9588,112470.4178,352619.7281,29.0,5,1,0,892.6224,2798.5693
1329,124,11.129,102416.7212,321099.8145,5.0,1,0,2,825.9413,2589.5146
1330,123,11.272,112395.6993,352386.2991,0.0,1,1,2,913.7862,2864.9293
1331,123,11.2637,99161.168,310892.99,0.0,0,0,0,806.1884,2527.5853
1332,123,11.3141,114866.4946,360133.1831,0.0,1,1,1,933.8739,2927.9121
1333,123,11.3568,115253.8069,361348.584,1.0,1,0,0,937.0228,2937.7934
1334,123,11.2492,102720.4292,322052.4612,3.0,3,1,1,835.1254,2618.3127
1335,122,11.2453,101183.029,317231.8642,5.0,2,0,1,829.3691,2600.2612
1336,123,11.0994,105066.7192,329407.5673,7.0,3,1,0,854.201,2678.1103
1337,123,10.8927,97873.4857,306855.8237,10.0,3,0,0,795.7194,2494.7628
1338,124,10.8671,109744.9961,344075.1338,13.0,4,1,0,885.0403,2774.7995
1339,123,10.9795,117637.7703,368821.5144,11.0,4,0,1,956.4046,2998.5489
1340,123,10.9339,109541.3681,343436.6693,16.0,6,1,1,890.5802,2792.168
1341,123,10.9444,106488.951,333866.9383,21.0,5,0,0,865.7638,2714.3654
1342,124,10.9617,113880.0179,357039.301,19.0,4,1,0,918.3872,2879.3492
1343,124,11.1506,110158.132,345370.6528,23.0,4,0,0,888.372,2785.2472
1344,124,11.2347,109818.0701,344304.7789,28.0,6,1,1,885.6296,2776.6514
1345,124,11.3254,107679.0077,337598.1828,33.0,5,0,0,868.3791,2722.566
1346,124,11.2113,96597.177,302853.8245,15.0,3,0,0,779.0095,2442.3696
1347,124,11.1929,103468.0532,324395.8102,19.0,4,0,0,834.4198,2616.0952
1348,125,11.0385,99206.7038,311034.6161,23.0,5,1,0,793.6536,2488.2769
1349,126,10.9055,96801.2976,303493.4238,24.0,4,1,0,768.2643,2408.678
1350,126,10.769,101079.754,316907.6282,29.0,5,0,0,802.2203,2515.1399
1351,126,10.7808,104176.3331,326615.7529,25.0,4,0,0,826.7963,2592.1885
1352,126,10.7446,112634.7357,353134.8016,31.0,8,2,2,893.9265,2802.6572
1353,126,10.6915,96362.7706,302118.4014,37.0,6,0,0,764.7839,2397.7651
1354,127,10.7107,110269.9907,345720.5075,39.0,7,1,0,868.2676,2722.2087
1355,126,10.8278,103442.3387,324314.8678,45.0,6,0,1,820.9709,2573.9275
1356,127,10.8613,108672.0941,340710.8825,41.0,5,1,0,855.6858,2682.7629
1357,126,10.9299,99174.3554,310933.551,41.0,3,0,1,787.0981,2467.7266
1358,127,10.7574,88668.0482,277993.0295,45.0,5,1,0,698.1736,2188.9215
1359,127,10.7168,98751.5755,309607.4259,49.0,4,0,0,777.5715,2437.8537
1360,128,10.5369,98744.7843,309585.9976,52.0,6,1,0,771.4436,2418.6406
1361,128,10.4939,100807.4424,316052.884,58.0,6,0,0,787.5581,2469.1632
1362,128,10.5278,98483.7553,308767.4569,42.0,5,1,1,769.4043,2412.2458
1363,126,10.7774,110398.3788,346123.4745,46.0,4,0,2,876.1776,2747.0117
1364,126,10.8572,108996.269,341728.133,46.0,4,1,1,865.0498,2712.128
1365,126,10.8658,100085.1085,313789.8419,27.0,1,0,0,794.3263,2490.3956
1366,126,10.7962,118206.939,370606.8741,28.0,2,1,1,938.1503,2941.3244
1367,125,10.7228,106858.9678,335028.148,29.0,1,0,1,854.8717,2680.2252
1368,125,10.586,97166.914,304639.781,32.0,4,1,1,777.3353,2437.1182
1369,124,10.7067,109444.1041,343131.765,35.0,3,0,1,882.6137,2767.1917
1370,125,10.6453,99440.458,311767.9158,40.0,6,1,0,795.5237,2494.1433
1371,125,10.8095,115696.2078,362733.8295,45.0,5,0,0,925.5697,2901.8706
1372,124,10.6217,98327.6215,308279.0503,50.0,6,1,2,792.9647,2486.1214
1373,124,10.4947,98932.8439,310176.7653,55.0,5,0,0,797.8455,2501.4255
1374,124,10.1933,88492.9472,277445.1083,55.0,5,1,1,713.6528,2237.4606
1375,124,10.3743,111980.3766,351083.1284,59.0,4,0,0,903.0676,2831.3156
1376,124,10.3815,114381.298,358611.5177,26.0,5,1,1,922.4298,2892.0284
1377,124,10.5853,122134.3994,382919.2315,30.0,4,0,0,984.9548,3088.0583
1378,124,10.638,116139.3813,364124.2643,12.0,3,1,1,936.6079,2936.486
1379,122,10.8872,121044.735,379503.548,17.0,5,0,2,992.17,3110.6848
1380,123,10.9718,122983.7372,385582.5198,22.0,6,1,0,999.8678,3134.8172
1381,123,11.1097,116054.4895,363857.0482,24.0,4,0,0,943.5324,2958.1874
1382,123,10.8701,106205.0489,332977.309,29.0,6,1,1,863.4557,2707.1326
1383,122,10.826,104684.7386,328210.5695,34.0,5,0,1,858.0716,2690.2506
1384,121,10.4255,96584.6733,302814.6874,39.0,6,1,2,798.2204,2502.6007
1385,121,10.4097,102380.0217,320984.5209,30.0,3,0,0,846.1159,2652.7646
1386,122,10.5126,121861.3868,382063.0355,0.0,1,1,0,998.8638,3131.6642
1387,122,10.6253,109790.2959,344217.6226,0.0,0,0,0,899.9205,2821.4559
1388,123,10.934,132916.191,416723.7845,2.0,3,1,0,1080.6194,3387.9982
1389,121,11.1668,122051.2486,382659.2479,3.0,2,0,2,1008.688,3162.4731
1390,121,11.2168,118981.8616,373036.3716,5.0,3,1,1,983.3212,3082.9452
1391,121,11.3859,123386.0907,386844.4325,7.0,2,0,0,1019.7198,3197.0614
1392,122,11.275,104836.8955,328688.4694,9.0,3,1,0,859.3188,2694.1678
1393,122,11.4109,125341.0329,392974.2465,6.0,1,0,0,1027.3855,3221.1004
1394,122,11.4395,116228.2707,364403.5661,7.0,2,1,1,952.6907,2986.9145
1395,122,11.4653,101969.905,319699.0068,8.0,1,0,0,835.8189,2620.4837
1396,123,11.4414,108127.3463,339004.7221,10.0,3,1,0,879.0841,2756.136
1397,123,11.4628,102045.5431,319936.1866,13.0,3,0,0,829.6386,2601.1072
1398,124,11.337,105049.4489,329353.9207,16.0,4,1,0,847.173,2656.08
1399,124,11.2995,107871.1144,338201.3495,20.0,4,0,0,869.9283,2727.4302
1400,125,11.1424,103611.184,324844.5215,22.0,6,1,0,828.8895,2598.7562
1401,125,11.1517,102374.7031,320967.6201,25.0,5,0,0,818.9976,2567.741
1402,125,11.1515,124814.6764,391323.0905,27.0,5,1,1,998.5174,3130.5847
1403,125,11.0665,100715.1496,315763.868,15.0,3,0,0,805.7212,2526.1109
1404,126,11.1172,121874.0001,382103.1612,14.0,3,1,0,967.254,3032.5648
1405,126,11.2085,109390.5266,342964.5335,6.0,1,0,0,868.1788,2721.9407
1406,127,11.2778,125766.6426,394308.2213,9.0,4,1,0,990.2885,3104.7891
1407,127,11.1594,102506.5286,321381.3349,12.0,3,0,0,807.138,2530.5617
1408,128,11.0841,121611.1171,381278.9073,17.0,6,1,0,950.0869,2978.7415
1409,128,10.8696,92012.464,288479.307,20.0,4,0,0,718.8474,2253.7446
1410,127,10.7234,101556.4945,318401.9926,24.0,5,1,2,799.6574,2507.1023
1411,124,10.6275,106925.1165,335233.8888,16.0,3,0,3,862.2993,2703.4991
1412,124,10.6298,104976.4423,329124.4481,13.0,4,1,1,846.5842,2654.2294
1413,124,10.8007,116770.702,366102.687,19.0,6,0,0,941.6992,2952.441
1414,124,10.7378,98831.1422,309857.6951,15.0,6,1,1,797.0253,2498.8524
1415,124,10.6522,100695.1611,315701.7058,13.0,5,0,0,812.0578,2545.9815
1416,124,10.5694,107992.1103,338579.6125,6.0,4,1,1,870.9041,2730.4807
1417,124,10.6918,112824.0861,353729.263,2.0,1,0,0,909.8717,2852.6553
1418,125,10.7995,120531.7955,377894.9839,3.0,2,1,0,964.2544,3023.1599
1419,125,10.8301,104879.4785,328821.6327,4.0,1,0,0,839.0358,2630.5731
1420,125,11.0016,113091.5766,354567.8061,0.0,1,1,1,904.7326,2836.5424
1421,123,11.3481,130840.8283,410217.6987,0.0,0,0,2,1063.7466,3335.1032
1422,123,11.5124,121514.7855,380977.821,0.0,1,1,1,987.9251,3097.3807
1423,123,11.4635,97527.9723,305772.5088,1.0,1,0,0,792.9103,2485.9554
1424,124,11.4319,116851.1481,366356.4926,0.0,1,1,0,942.348,2954.4878
1425,124,11.3747,100867.6626,316244.3457,0.0,0,0,0,813.4489,2550.3576
1426,125,11.2974,115108.9247,360894.3942,0.0,1,1,0,920.8714,2887.1552
1427,125,11.3254,104978.3215,329131.4496,1.0,1,0,0,839.8266,2633.0516
1428,124,11.5362,127718.6568,400428.747,2.0,1,0,1,1029.9892,3229.2641
1429,123,11.6108,107270.8328,336319.5168,3.0,1,0,1,872.1206,2734.305
1430,124,11.7628,119861.3634,375793.1425,4.0,2,1,0,966.6239,3030.5899
1431,125,11.7692,110798.023,347377.0673,5.0,2,1,0,886.3842,2779.0165
1432,124,11.6054,105611.2099,331116.072,7.0,3,1,2,851.7033,2670.2909
1433,124,11.4367,95468.9651,299317.1594,9.0,2,0,0,769.911,2413.8481
1434,125,11.3486,97748.5752,306463.8565,0.0,1,1,0,781.9886,2451.7109
1435,125,11.4152,105967.8916,332233.0415,1.0,1,0,0,847.7431,2657.8643
1436,126,11.3889,106280.3606,333213.0308,2.0,2,1,0,843.4949,2644.5479
1437,126,11.5239,111829.6072,350611.7882,3.0,1,0,0,887.5366,2782.6332
1438,126,11.4035,110113.4822,345231.2731,4.0,2,1,1,873.9165,2739.9307
1439,126,11.3731,105280.228,330077.9583,6.0,2,0,0,835.5574,2619.6663
1440,127,11.3909,107417.7648,336779.3354,8.0,3,1,0,845.8092,2651.8058
1441,127,11.6106,126466.9613,396503.4594,11.0,3,0,0,995.8028,3122.0745
1442,128,11.5305,101747.7997,319002.8843,10.0,3,1,0,794.9047,2492.21
1443,126,11.4495,103330.5328,323965.3665,12.0,2,0,2,820.0836,2571.1537
1444,127,11.4423,125256.0965,392707.2304,14.0,3,1,0,986.2685,3092.1829
1445,126,11.5544,106440.1445,333714.6486,16.0,2,0,1,844.7631,2648.529
1446,126,11.4827,118388.163,371174.9348,7.0,3,1,1,939.5886,2945.8328
1447,126,11.696,125849.3029,394567.2722,10.0,3,0,0,998.804,3131.4863
1448,127,11.7045,118448.1741,371362.8513,2.0,2,1,0,932.6628,2924.1169
1449,127,11.7167,108498.7777,340169.2982,5.0,3,0,0,854.3211,2678.4984
1450,128,11.6991,109349.1493,342833.6262,8.0,4,1,0,854.2902,2678.3877
1451,127,11.6471,102623.4494,321747.1717,7.0,3,0,1,808.0587,2533.4423
1452,127,11.4439,96633.5542,302967.6296,6.0,3,1,1,760.8941,2385.5719
1453,127,11.3567,91602.4706,287194.5744,8.0,2,0,0,721.2793,2261.3746
1454,127,11.3557,116389.5078,364908.0493,10.0,3,1,1,916.4528,2873.2917
1455,125,11.4667,108370.0226,339764.8766,12.0,2,0,2,866.9602,2718.119
1456,125,11.5056,117928.289,369732.6364,8.0,4,1,1,943.4263,2957.8611
1457,124,11.534,100071.2654,313746.7682,11.0,3,0,1,807.0263,2530.2159
1458,125,11.5318,116824.5751,366272.3023,14.0,4,1,0,934.5966,2930.1784
1459,125,11.4604,96993.5047,304096.8916,17.0,3,0,0,775.948,2432.7751
1460,126,11.5257,119337.3672,374151.1499,5.0,2,1,0,947.122,2969.4536
1461,125,11.5571,117855.1771,369503.6709,7.0,2,0,1,942.8414,2956.0294
1462,126,11.4527,107072.5565,335696.4268,3.0,3,1,0,849.7822,2664.2574
1463,125,11.5162,99731.4713,312681.4728,5.0,2,0,1,797.8518,2501.4518
1464,126,11.5363,110729.8786,347163.5391,4.0,2,1,0,878.8086,2755.2662
1465,125,11.5999,115097.4067,360857.3926,5.0,1,0,1,920.7793,2886.8591
1466,126,11.5058,114723.4103,359684.8313,6.0,2,1,0,910.5033,2854.6415
1467,126,11.392,102887.9991,322577.9621,8.0,2,0,0,816.5714,2560.1426
1468,127,11.3737,118610.049,371870.407,10.0,3,1,0,933.9374,2928.1134
1469,127,11.3787,106754.6347,334700.1404,3.0,1,0,0,840.5877,2635.4342
1470,127,11.4813,122105.0571,382827.0283,5.0,3,1,1,961.4571,3014.386
1471,126,11.6703,117546.2282,368535.5743,3.0,2,0,1,932.9066,2924.8855
1472,127,11.5147,94016.7337,294763.6989,5.0,3,1,0,740.2892,2320.974
1473,126,11.6364,115540.9157,362247.4121,8.0,3,0,1,916.9914,2874.9795
1474,126,11.624,113967.9475,357316.0107,11.0,4,1,1,904.5075,2835.8414
1475,125,11.7978,113898.9593,357099.6306,14.0,3,0,1,911.1917,2856.797
1476,126,11.6801,104121.1663,326444.0228,17.0,4,1,0,826.3585,2590.8256
1477,126,11.5899,103476.3134,324421.5874,8.0,1,0,0,821.2406,2574.7745
1478,126,11.5546,113935.9504,357215.7572,9.0,2,1,1,904.2536,2835.0457
1479,126,11.67,109930.2066,344656.8358,10.0,1,0,0,872.462,2735.3717
1480,125,11.7838,111999.6652,351144.6,12.0,3,1,2,895.9973,2809.1568
1481,125,11.8414,108263.8817,339431.7115,15.0,3,0,0,866.1111,2715.4537
1482,125,11.8865,118830.7224,372562.5135,2.0,2,1,1,950.6458,2980.5001
1483,125,11.8631,105226.211,329908.3836,3.0,1,0,0,841.8097,2639.2671
1484,126,11.6326,104846.6069,328718.207,4.0,2,1,0,832.1159,2608.8747
1485,126,11.6658,113453.7205,355704.0665,5.0,1,0,0,900.4264,2823.0481
1486,127,11.5639,113051.4897,354442.7733,6.0,2,1,0,890.1692,2790.888
1487,126,11.7633,120928.5769,379139.3686,8.0,2,0,1,959.7506,3009.0426
1488,127,11.7767,121739.4235,381682.5317,10.0,3,1,0,958.5781,3005.3743
1489,127,11.7551,107820.3299,338040.9536,9.0,1,0,0,848.979,2661.7398
1490,127,11.7286,130244.1487,408346.4004,11.0,3,1,1,1025.5445,3215.326
1491,127,11.7326,103441.9193,324315.2547,11.0,1,0,0,814.5033,2553.6634
1492,128,11.7838,126734.821,397343.7173,12.0,2,1,0,990.1158,3104.2478
1493,128,11.9173,117999.0007,369955.0628,14.0,2,0,0,921.8672,2890.2739
1494,128,11.9019,116750.2443,366039.4393,17.0,4,1,1,912.1113,2859.6831
1495,127,11.9996,114295.1617,358342.4367,20.0,3,0,1,899.9619,2821.594
1496,128,12.0062,117054.3708,366992.3305,23.0,4,1,0,914.4873,2867.1276
1497,128,11.8247,97083.1605,304377.9365,21.0,2,0,0,758.4622,2377.9526
1498,129,11.689,108621.5833,340553.1943,24.0,4,1,0,842.0278,2639.9472
1499,129,11.3777,85340.1884,267560.533,27.0,3,0,0,661.5518,2074.1127
1500,129,11.1239,104863.6951,328771.6587,11.0,4,1,1,812.8969,2548.6175
1501,129,11.1279,110413.2313,346170.4554,12.0,2,0,0,855.9165,2683.4919
1502,130,10.9322,114558.967,359169.2584,18.0,7,1,0,881.2228,2762.8404
1503,130,10.9869,110300.1002,345815.7621,23.0,6,0,0,848.4623,2660.1212
1504,131,10.8671,111647.0816,350038.9717,19.0,7,1,0,852.2678,2672.0532
1505,131,10.8925,115941.3376,363501.8435,27.0,8,0,0,885.0484,2774.8232
1506,132,10.8003,111722.8569,350276.3615,27.0,7,1,0,846.3853,2653.6088
1507,131,10.8533,115018.9262,360610.369,31.0,6,0,1,878.0071,2752.7509
1508,132,10.8925,117354.0998,367931.4891,37.0,7,1,0,889.0462,2787.3598
1509,132,10.8931,119798.1695,375594.647,43.0,6,0,0,907.5619,2845.414
1510,133,10.8467,117356.0106,367937.59,51.0,9,1,0,882.376,2766.448
1511,133,10.8932,121963.9379,382384.7064,59.0,8,0,0,917.0221,2875.073
1512,134,10.7739,118423.0774,371283.1042,50.0,7,1,0,883.7543,2770.7694
1513,134,10.6313,110744.8043,347209.468,53.0,6,0,0,826.4538,2591.1154
1514,134,10.4932,118997.8367,373084.8575,60.0,9,1,1,888.0436,2784.2154
1515,134,10.5198,120859.7737,378922.2192,68.0,8,0,0,901.9386,2827.7778
1516,135,10.5677,124999.2039,391900.1279,56.0,8,1,0,925.92,2902.9639
1517,134,10.681,125186.3574,392487.5534,40.0,6,0,1,934.2265,2929.0116
1518,134,10.6029,105116.2239,329561.315,23.0,5,1,1,784.4494,2459.4128
1519,134,10.7235,119034.5149,373199.8554,6.0,2,0,0,888.3173,2785.0735
1520,135,10.7674,128708.0268,403529.2335,8.0,3,1,0,953.3928,2989.1054
1521,135,11.0432,140817.0321,441494.5536,11.0,3,0,0,1043.0891,3270.33
1522,136,11.0074,117985.7453,369912.5446,3.0,3,1,0,867.5422,2719.9452
1523,134,11.1173,121144.4862,379815.4464,6.0,3,0,2,904.0633,2834.4436
1524,135,11.0747,116846.6295,366340.8039,10.0,5,1,0,865.5306,2713.6356
1525,135,11.0324,108792.8333,341090.4326,6.0,2,0,0,805.8728,2526.5958
1526,135,11.1354,130468.8727,409049.786,9.0,4,1,1,966.4361,3029.9984
1527,133,11.1426,116147.5334,364148.9721,12.0,3,0,2,873.2897,2737.9622
1528,134,11.0038,111523.5301,349651.554,12.0,3,1,0,832.2651,2609.34
1529,134,10.9536,99918.6631,313267.2372,15.0,3,0,0,745.6617,2337.8152
1530,135,11.0008,129716.3157,406690.5441,16.0,3,1,0,960.8616,3012.5225
1531,135,10.9051,100420.7887,314841.2984,20.0,4,0,0,743.8577,2332.1578
1532,134,10.8618,109940.7529,344688.0658,24.0,5,1,2,820.4534,2572.299
1533,134,10.7535,110774.4696,347302.486,28.0,4,0,0,826.6751,2591.8096
1534,133,10.6993,115188.6466,361142.1318,34.0,7,1,2,866.08,2715.3544
1535,133,10.7844,120759.3647,378608.0666,41.0,7,0,0,907.9651,2846.6772
1536,132,10.7678,113522.7729,355919.2494,48.0,7,0,1,860.021,2696.358
1537,132,10.9192,124704.4109,390976.2649,56.0,8,0,0,944.7304,2961.9414
1538,134,10.7209,113322.1802,355289.8901,65.0,11,2,0,845.6879,2651.4171
1539,134,10.8025,120861.5597,378927.3001,74.0,9,0,0,901.9519,2827.8157
1540,134,10.6881,109314.0644,342723.3291,84.0,11,1,1,815.7766,2557.6368
1541,134,10.7593,119369.162,374248.1743,95.0,11,0,0,890.8146,2792.8968
1542,135,10.6875,106549.5288,334055.0787,107.0,13,1,0,789.2558,2474.4821
1543,134,10.6865,110002.9302,344882.9739,119.0,12,0,1,820.9174,2573.7535
1544,135,10.5666,101608.5987,318564.3677,85.0,9,1,0,752.6563,2359.7361
1545,134,10.4182,97998.279,307244.2053,82.0,8,0,1,731.3304,2292.8672
1546,135,10.2261,102886.8786,322572.0739,71.0,7,1,0,762.125,2389.4228
1547,135,10.1188,97124.2965,304504.9052,72.0,7,0,0,719.4392,2255.5919
1548,135,10.057,111811.5614,350553.5153,80.0,9,1,1,828.2338,2596.6927
1549,134,10.0945,112810.8798,353687.2666,88.0,8,0,1,841.8722,2639.4572
1550,134,10.205,132634.4232,415838.5046,81.0,7,1,1,989.8091,3103.2724
1551,134,10.2886,130085.9643,407849.5919,87.0,6,0,0,970.7908,3043.6537
1552,134,10.2402,125278.9526,392778.1679,34.0,6,1,1,934.9176,2931.1804
1553,134,10.2512,111856.1305,350694.1054,23.0,5,0,0,834.7472,2617.1202
1554,134,10.1897,120572.4736,378021.2203,17.0,6,1,1,899.7946,2821.0539
1555,134,10.3174,121308.0993,380328.2795,20.0,4,0,0,905.2843,2838.2707
1556,135,10.3904,121084.1852,379625.4322,12.0,2,1,0,896.9199,2812.0402
1557,135,10.6689,122476.1659,383989.9086,14.0,2,0,0,907.2309,2844.3697
1558,136,10.5813,115484.7958,362071.0572,16.0,3,1,0,849.1529,2662.2872
1559,136,10.8068,124453.031,390188.8747,19.0,3,0,0,915.0958,2869.0358
1560,137,10.8153,116109.4904,364028.8139,22.0,4,1,0,847.5145,2657.1446
1561,137,10.9398,122294.0328,383419.0512,25.0,3,0,0,892.6572,2798.6792
1562,137,10.9561,114593.6292,359276.8699,10.0,3,1,1,836.4498,2622.4589
1563,136,11.0205,109713.5061,343976.893,12.0,2,0,1,806.717,2529.2419
1564,136,11.1107,120027.1597,376311.8422,15.0,4,1,1,882.5526,2766.9988
1565,136,11.2403,119333.5297,374136.9236,18.0,3,0,0,877.4524,2751.0068
1566,137,11.2823,116435.4704,365051.6666,19.0,4,1,0,849.8939,2664.6107
1567,136,11.2393,100914.0887,316388.3565,22.0,3,0,1,742.0154,2326.385
1568,137,11.1893,115498.7215,362115.0991,25.0,4,1,0,843.0564,2643.1759
1569,137,11.017,101139.8442,317095.8802,15.0,2,0,0,738.247,2314.5685
1570,138,10.8801,113423.3226,355607.2491,18.0,4,1,0,821.9081,2576.8641
1571,138,10.7971,101588.2208,318500.9683,22.0,4,0,0,736.1465,2307.978
1572,139,10.7806,115461.6662,361998.2189,23.0,4,1,0,830.6595,2604.3037
1573,139,10.8891,127109.8982,398517.5016,29.0,6,0,0,914.4597,2867.0324
1574,139,10.7768,104506.3711,327650.5613,35.0,6,0,0,751.8444,2357.1983
1575,140,10.6296,99023.5734,310460.3803,42.0,8,1,0,707.3112,2217.5741
1576,140,10.6085,124740.1372,391088.1653,45.0,7,1,1,891.001,2793.4869
1577,140,10.5506,110677.6904,346999.2013,51.0,6,0,0,790.5549,2478.5657
1578,141,10.4872,116370.7245,364848.4834,57.0,7,1,0,825.3243,2587.5779
1579,139,10.5211,114900.4474,360237.1647,63.0,6,0,2,826.6219,2591.6343
1580,140,10.5628,119768.7554,375500.9951,69.0,7,1,0,855.4911,2682.15
1581,140,10.6002,115181.8771,361120.071,68.0,5,0,0,822.7277,2579.4291
1582,140,10.4822,110480.773,346381.6027,73.0,6,1,1,789.1484,2474.1543
1583,140,10.5731,119279.2454,373966.6669,78.0,5,0,0,851.9946,2671.1905
1584,141,10.5487,116018.8054,363744.2098,38.0,4,1,0,822.8284,2579.7462
1585,141,10.5428,110406.969,346150.3159,41.0,3,0,0,783.0281,2454.9668
1586,141,10.6004,132541.3974,415547.6913,44.0,4,1,1,940.0099,2947.1467
1587,139,10.7446,123914.1672,388499.1523,47.0,3,0,2,891.4688,2794.9579
1588,140,10.8114,128777.0893,403746.1198,16.0,2,1,0,919.8364,2883.9009
1589,139,10.9825,128887.821,404092.4685,0.0,0,0,1,927.2505,2907.1401
1590,139,10.9561,121548.9275,381083.0887,1.0,2,1,1,874.4527,2741.605
1591,138,10.902,113283.0253,355168.1345,2.0,1,0,1,820.8915,2573.6821
1592,139,10.8709,120435.1233,377592.124,4.0,3,1,0,866.4397,2716.4901
1593,138,10.9815,114615.8645,359346.1071,6.0,2,0,1,830.5497,2603.9573
1594,139,10.9664,115437.7928,361923.1518,9.0,4,1,0,830.4877,2603.7637
1595,139,11.0209,110850.1316,347539.6654,6.0,2,0,0,797.483,2500.2854
1596,140,10.9713,124142.8164,389216.188,5.0,2,1,0,886.7344,2780.1156
1597,139,10.8272,107875.2343,338213.1636,6.0,1,0,1,776.0808,2433.1882
1598,139,10.7533,120057.5603,376407.282,7.0,2,1,1,863.7235,2707.9661
1599,139,10.8146,106861.6968,335034.4829,10.0,3,0,0,768.7892,2410.32
1600,137,10.7708,106470.5828,333808.8248,14.0,5,1,3,777.1575,2436.5608
1601,136,10.8904,123120.1545,386008.8136,18.0,4,0,1,905.2953,2838.3001
1602,134,10.8396,104534.1408,327737.3359,20.0,5,1,3,780.1055,2445.801
1603,134,10.6489,95898.358,300662.0486,24.0,4,0,0,715.6594,2243.7466
1604,135,10.4283,104659.6079,328130.0714,29.0,6,1,0,775.2564,2430.5931
1605,135,10.3133,102200.786,320421.6849,21.0,5,0,0,757.0429,2373.494
1606,136,10.4175,131248.1963,411491.9568,11.0,5,1,0,965.0603,3025.6762
1607,136,10.423,108879.0198,341360.3495,15.0,4,0,0,800.581,2510.0026
1608,135,10.2704,109823.6043,344320.3882,22.0,8,1,2,813.5082,2550.5214
1609,135,10.4806,131285.3969,411609.5451,29.0,7,0,0,972.4844,3048.9596
1610,135,10.4806,117558.9503,368573.5473,36.0,8,1,1,870.807,2730.1744
1611,135,10.5321,120041.9689,376359.0177,44.0,8,0,0,889.1998,2787.8446
1612,135,10.5408,118960.0551,372966.1283,41.0,8,1,1,881.1856,2762.7121
1613,135,10.5263,105317.5018,330192.8103,50.0,9,0,0,780.1296,2445.8727
1614,136,10.5073,114834.4059,360030.1281,59.0,10,1,0,844.3706,2647.2804
1615,136,10.4992,118499.1394,371521.1229,69.0,10,0,0,871.3172,2731.773
1616,137,10.3879,112293.7513,352064.5067,75.0,10,1,0,819.6624,2569.8139
1617,137,10.4127,108791.6064,341084.8105,60.0,9,0,0,794.0993,2489.6701
1618,138,10.3087,107177.2576,336022.818,37.0,8,1,0,776.6468,2434.948
1619,138,10.2166,99015.2495,310433.5587,44.0,7,0,0,717.5018,2249.5185
1620,138,10.2369,110851.6969,347543.1916,43.0,6,1,1,803.2732,2518.4289
1621,138,10.4294,123815.4691,388188.9841,21.0,4,0,0,897.2135,2812.9637
1622,137,10.519,115487.2607,362078.103,15.0,4,1,2,842.9727,2642.9059
1623,136,10.7304,119001.5878,373096.5279,13.0,3,0,1,875.0117,2743.3568
1624,137,10.6632,108085.1519,338871.6028,14.0,3,1,0,788.9427,2473.5153
1625,137,10.7108,112428.3632,352487.992,17.0,3,0,0,820.645,2572.9051
1626,137,10.7209,109344.174,342818.4322,20.0,4,1,1,798.1327,2502.3243
1627,137,10.7708,122655.0497,384551.3528,24.0,4,0,0,895.2923,2806.9442
1628,137,10.7689,114609.4935,359326.1863,28.0,5,1,1,836.5656,2622.8189
1629,136,10.8392,120625.0235,378186.2085,32.0,4,0,1,886.9487,2780.7809
1630,136,10.7418,102046.6978,319938.3132,20.0,4,1,1,750.3434,2352.4876
1631,136,10.7885,117053.5811,366989.3839,23.0,3,0,0,860.6881,2698.4514
1632,137,10.7145,111060.3556,348198.5932,26.0,4,1,0,810.6595,2541.5956
1633,137,10.5869,106791.926,334816.4579,30.0,4,0,0,779.5031,2443.9158
1634,137,10.3194,100326.5034,314545.4801,34.0,5,1,1,732.3102,2295.9524
1635,135,10.3273,117418.4209,368132.7091,38.0,4,0,2,869.7661,2726.909
1636,136,10.2666,108952.5315,341589.6257,42.0,5,1,0,801.1216,2511.6884
1637,135,10.4149,105963.2173,332217.4682,19.0,3,0,1,784.9127,2460.8701
1638,135,10.5135,121942.5499,382316.9541,7.0,3,1,1,903.2781,2831.9774
1639,134,10.5812,110391.3889,346102.3715,7.0,1,0,1,823.8163,2582.8535
1640,135,10.4799,106719.095,334588.3644,0.0,1,1,0,790.5118,2478.4323
1641,135,10.6661,115496.5573,362107.9802,0.0,0,0,0,855.5301,2682.2813
1642,136,10.6073,111105.0807,348339.7446,0.0,1,1,0,816.9491,2561.3217
1643,135,10.7559,117129.4711,367227.7802,0.0,0,0,1,867.6257,2720.2058
1644,135,10.8332,110516.5404,346494.5907,2.0,2,0,0,818.641,2566.6266
1645,133,10.8619,101709.2087,318881.1362,2.0,1,0,2,764.7309,2397.6025
1646,134,10.6489,103290.64,323839.8295,3.0,2,1,0,770.8257,2416.7151
1647,133,10.6641,120468.2165,377695.2105,4.0,1,0,1,905.7761,2839.8136
1648,133,10.4551,91329.1015,286337.0144,5.0,2,1,1,686.685,2152.9099
1649,132,10.3098,106517.269,333955.5709,7.0,3,1,2,806.949,2529.9664
1650,132,10.1813,109257.2336,342546.1236,9.0,3,1,1,827.7063,2595.0464
1651,132,10.0323,99708.5775,312608.293,11.0,2,0,0,755.368,2368.2446
1652,131,10.1069,109140.9369,342180.9739,2.0,2,0,1,833.1369,2612.0685
1653,131,10.1539,106516.2247,333952.715,3.0,2,0,0,813.101,2549.2574
1654,132,10.3281,127879.9316,400931.9895,5.0,3,1,0,968.7874,3037.3636
1655,132,10.4989,117485.9288,368345.4934,7.0,2,0,0,890.0449,2790.4962
1656,133,10.3714,109802.3485,344255.1573,4.0,3,2,1,825.5816,2588.3846
1657,132,10.5518,128244.3854,402076.3054,5.0,1,0,1,971.5484,3046.0326
1658,133,10.7354,129034.2655,404552.5505,6.0,2,1,0,970.1824,3041.7485
1659,133,10.7866,110556.9763,346621.7566,7.0,1,0,0,831.2555,2606.1786
1660,132,10.7727,108760.4142,340988.4011,8.0,1,0,1,823.9425,2583.2455
1661,130,10.985,119793.0791,375578.7005,10.0,2,0,2,921.4852,2889.0669
1662,131,10.8525,112726.7089,353423.1169,13.0,5,2,1,860.5092,2697.8864
1663,130,10.8963,118232.2001,370685.7798,16.0,3,0,1,909.4785,2851.4291
1664,130,10.8064,107424.9199,336800.9986,7.0,3,1,1,826.3455,2590.7769
1665,130,10.7021,108230.512,339326.9732,10.0,3,0,0,832.5424,2610.2075
1666,131,10.4585,104399.0174,327314.2211,5.0,2,1,0,796.9391,2498.5818
1667,129,10.4044,109211.5078,342402.8326,6.0,1,0,2,846.6008,2654.2855
1668,130,10.3779,104002.664,326071.3533,9.0,4,1,0,800.0205,2508.2412
1669,129,10.452,109732.9076,344037.2797,16.0,7,0,1,850.6427,2666.9557
1670,130,10.3248,112179.2232,351707.1078,21.0,8,1,0,862.9171,2705.4393
1671,129,10.2068,107053.7118,335636.2292,28.0,7,0,1,829.8737,2601.8312
1672,129,10.1227,109480.5193,343245.45,36.0,9,1,1,848.6862,2660.8174
1673,128,10.2713,118193.0582,370561.7631,40.0,8,0,1,923.3833,2895.0138
1674,129,10.1945,106432.5538,333689.0179,49.0,10,1,0,825.0586,2586.7366
1675,128,10.2221,99716.7986,312633.3734,58.0,9,0,1,779.0375,2442.4482
1676,128,10.1534,104367.0129,327212.6728,68.0,11,1,1,815.3673,2556.349
1677,128,10.1086,100832.0259,316129.9949,58.0,9,0,0,787.7502,2469.7656
1678,129,10.0732,110044.397,345012.6206,68.0,11,1,0,853.0573,2674.5164
1679,129,10.1052,101722.81,318922.1033,79.0,11,0,0,788.5489,2472.2644
1680,130,9.8713,98536.0092,308930.5036,90.0,12,1,0,757.9693,2376.3885
1681,130,9.8382,102532.9279,321462.5463,69.0,8,0,0,788.7148,2472.7888
1682,131,9.8235,110604.1503,346767.1392,58.0,7,1,0,844.3065,2647.0774
1683,130,9.8584,112491.0891,352683.8657,65.0,7,0,1,865.3161,2712.9528
1684,131,9.8116,108236.6907,339345.2641,65.0,8,1,0,826.2343,2590.4219
1685,131,9.7762,106348.9896,333427.1187,59.0,6,0,0,811.8243,2545.2452
1686,132,9.7489,114271.2365,358265.2346,36.0,4,1,0,865.6912,2714.1306
1687,132,9.883,112919.1841,354026.6643,40.0,4,0,0,855.4484,2682.0202
1688,132,9.8743,118999.5772,373090.9244,44.0,5,1,1,901.5119,2826.4464
1689,130,9.8252,109178.3899,342298.6538,30.0,6,0,2,839.8338,2633.0666
1690,130,9.9021,117970.5358,369863.7395,32.0,6,1,1,907.4657,2845.1057
1691,130,10.0918,124255.452,389568.1688,17.0,4,0,0,955.8112,2996.6782
1692,131,10.1346,118130.1156,370364.7956,20.0,7,1,0,901.7566,2827.2122
1693,130,10.3157,119370.307,374253.1167,16.0,5,0,1,918.2331,2878.8701
1694,130,10.3671,125639.5697,393908.5883,21.0,6,1,1,966.4582,3030.0661
1695,130,10.5813,120199.8934,376853.7869,19.0,4,0,0,924.6146,2898.8753
1696,131,10.4765,102581.0897,321614.5501,19.0,5,1,0,783.0618,2455.0729
1697,130,10.5691,122395.5528,383737.6403,12.0,2,0,1,941.5043,2951.828
1698,131,10.7268,126352.5867,396143.9993,15.0,4,1,0,964.5236,3024.0
1699,131,10.7461,93268.3783,292416.7136,3.0,2,0,0,711.9724,2232.1887
1700,131,10.7781,108421.2231,339924.4097,3.0,2,1,1,827.6429,2594.8428
1701,131,11.0442,125957.0068,394904.1571,5.0,2,0,0,961.5039,3014.5356
1702,131,11.1177,105876.4498,331946.1431,0.0,1,1,1,808.2172,2533.94
1703,130,11.1956,103304.3461,323881.7318,0.0,0,0,1,794.6488,2491.3979
1704,131,11.1919,108804.2398,341126.1564,0.0,1,1,0,830.5667,2604.0165
1705,129,11.2194,103326.1465,323950.9606,0.0,0,0,2,800.9779,2511.2478
1706,130,11.1922,104785.0563,328524.6998,0.0,1,1,0,806.0389,2527.1131
1707,129,11.3273,108600.641,340487.6933,1.0,1,0,1,841.8654,2639.4395
1708,130,11.2089,101299.9661,317597.8399,2.0,2,1,0,779.2305,2443.0603
1709,128,11.2723,102468.8766,321262.3419,3.0,1,0,2,800.5381,2509.862
1710,129,11.1024,102151.4181,320267.6306,0.0,1,1,0,791.8715,2482.6948
1711,127,10.9136,94711.694,296942.0021,1.0,1,0,2,745.7614,2338.126
1712,128,10.7068,100565.3952,315295.2862,2.0,2,1,0,785.6672,2463.2444
1713,127,10.689,107045.7012,335611.933,3.0,1,0,1,842.8795,2642.6136
1714,128,10.5901,107161.049,335973.4295,6.0,4,1,0,837.1957,2624.7924
1715,128,10.448,91510.6532,286905.8954,9.0,3,0,0,714.927,2241.4523
1716,129,10.0637,101168.0968,317185.2079,12.0,4,1,0,784.2488,2458.8001
1717,129,10.1276,111436.1454,349377.1259,11.0,2,0,0,863.8461,2708.3498
1718,129,10.2059,118192.2291,370558.8193,10.0,3,0,0,916.2188,2872.549
1719,126,10.3345,114547.0905,359130.0156,16.0,6,0,3,909.1039,2850.2382
1720,128,10.2145,108384.2574,339807.1984,22.0,8,2,0,846.752,2654.7437
1721,128,10.2028,90978.3307,285234.8702,28.0,8,0,0,710.7682,2228.3974
1722,129,10.2576,116499.9516,365252.4776,37.0,10,1,0,903.1004,2831.4146
1723,128,10.4035,110580.8427,346694.8991,25.0,6,0,1,863.9128,2708.5539
1724,128,10.3537,107134.1576,335889.189,29.0,7,1,1,836.9856,2624.1343
1725,127,10.3018,96518.7949,302607.6042,23.0,3,0,1,759.9905,2382.737
1726,128,10.2858,113754.1155,356645.4161,17.0,3,1,0,888.704,2786.2923
1727,127,10.2486,104008.0538,326088.2719,19.0,2,0,1,818.9611,2567.6242
1728,128,10.4438,127870.2872,400902.751,21.0,3,1,0,998.9866,3132.0527
1729,127,10.6142,119708.5157,375313.9767,23.0,2,0,1,942.5867,2955.2282
1730,128,10.6671,123537.2399,387318.2886,26.0,4,1,0,965.1347,3025.9241
1731,128,10.571,104484.4032,327582.3366,15.0,2,0,0,816.2844,2559.237
1732,129,10.5308,107335.2424,336519.9794,14.0,2,1,0,832.0561,2608.682
1733,128,10.505,100549.5878,315245.4072,15.0,1,0,1,785.5437,2462.8547
1734,128,10.592,119084.5591,373357.8162,16.0,2,1,1,930.3481,2916.8579
1735,128,10.7773,113061.6505,354475.0264,17.0,1,0,0,883.2941,2769.3361
1736,128,11.0088,137793.2823,432014.4487,18.0,2,1,1,1076.51,3375.1129
1737,126,11.0329,110115.7902,345238.9796,20.0,2,0,2,873.9348,2739.9919
1738,127,10.8751,102718.5899,322045.9723,22.0,3,1,0,808.8078,2535.7951
1739,127,10.8119,108204.2028,339245.1702,3.0,1,0,0,852.0016,2671.2218
1740,128,10.8273,121213.9871,380033.8252,5.0,3,1,0,946.9843,2969.0143
1741,128,10.8028,105013.1914,329240.4527,5.0,1,0,0,820.4156,2572.191
1742,129,10.648,103706.9692,325144.8403,6.0,2,1,0,803.93,2520.5026
1743,128,10.732,119251.7084,373881.8251,7.0,1,0,1,931.654,2920.9518
1744,129,10.6782,116696.9127,365871.612,8.0,2,1,0,904.6272,2836.214
1745,129,10.7041,107506.7471,337058.163,9.0,1,0,0,833.3856,2612.854
1746,128,10.8541,123623.9914,387589.9546,11.0,2,0,1,965.8124,3028.0465
1747,128,10.9039,117816.2238,369380.8627,14.0,3,0,0,920.4392,2885.788
1748,129,10.7544,114496.5251,358972.5776,18.0,5,1,0,887.57,2782.7332
1749,129,10.887,131069.1557,410932.0775,20.0,4,1,1,1016.04,3185.52
1750,130,10.9285,109943.7262,344698.2252,19.0,4,1,0,845.721,2651.5248
1751,127,11.0234,109740.4801,344061.1824,22.0,3,0,3,864.0983,2709.1432
1752,128,10.9328,99268.9115,311230.2772,11.0,5,1,0,775.5384,2431.4865
1753,128,10.9849,102137.4098,320222.9483,11.0,3,0,0,797.9485,2501.7418
1754,129,10.7822,97776.8939,306552.1874,14.0,4,1,0,757.9604,2376.3735
1755,129,10.7461,103136.424,323355.7996,18.0,4,0,0,799.5072,2506.6341
1756,129,10.7761,113258.8104,355092.841,22.0,5,1,1,877.9753,2752.6577
1757,128,10.7988,107896.967,338281.253,27.0,5,0,1,842.9451,2642.8223
1758,129,10.7486,110226.7875,345585.6637,20.0,5,1,0,854.4712,2678.9586
1759,128,10.8074,113812.4431,356827.6833,16.0,3,0,1,889.1597,2787.7163
1760,129,10.7052,101844.551,319304.422,20.0,5,1,0,789.4926,2475.2281
1761,129,10.7969,111164.2515,348525.2079,12.0,2,0,0,861.7384,2701.7458
1762,130,10.7774,109891.1748,344533.212,14.0,3,1,0,845.3167,2650.2555
1763,129,10.8028,104802.4899,328579.9735,16.0,2,0,1,812.4224,2547.1316
1764,130,10.8823,119187.5277,373680.4158,18.0,3,1,0,916.8271,2874.4647
1765,130,11.0273,112607.5863,353050.8066,6.0,1,0,0,866.2122,2715.7754
1766,131,11.0566,118116.7307,370322.7459,1.0,2,1,0,901.6544,2826.8912
1767,131,10.9212,99447.9317,311791.6673,2.0,1,0,0,759.1445,2380.0891
1768,131,10.8004,124885.8943,391546.9033,3.0,2,1,1,953.3274,2988.9077
1769,131,10.6723,104903.0947,328895.1898,4.0,1,0,0,800.787,2510.6503
1770,132,10.5825,112800.7035,353655.9424,5.0,2,1,0,854.5508,2679.2117
1771,132,10.5522,113069.6925,354498.8742,8.0,3,0,0,856.5886,2685.5975
1772,133,10.2933,101576.2136,318464.0771,13.0,6,1,0,763.7309,2394.4667
1773,133,10.3547,118682.904,372097.8815,10.0,4,0,0,892.3527,2797.7284
1774,133,10.1604,99140.513,310826.593,8.0,4,1,1,745.4174,2337.0421
1775,133,10.2249,118242.5022,370716.8494,11.0,3,0,0,889.0414,2787.3447
1776,134,10.2065,114717.8023,359665.2684,16.0,6,1,0,856.103,2684.0692
1777,134,10.1519,102063.844,319991.9108,21.0,5,0,0,761.6705,2387.9993
1778,134,9.899,105911.5057,332056.2375,23.0,5,1,1,790.3844,2478.0316
1779,134,9.9795,122197.4373,383116.3862,20.0,4,0,0,911.9212,2859.0775
1780,135,9.9931,112784.9845,353605.21,18.0,5,1,0,835.4443,2619.2979
1781,134,10.269,132654.044,415900.827,17.0,4,0,1,989.9556,3103.7375
1782,132,10.4978,139647.0066,437825.5423,21.0,5,1,3,1057.9319,3316.8602
1783,132,10.6398,117031.5918,366920.9778,26.0,5,0,0,886.603,2779.7044
1784,131,10.7308,115014.2353,360596.1455,31.0,6,1,2,877.9713,2752.6423
1785,131,10.8444,114800.406,359925.3912,21.0,4,0,0,876.339,2747.5221
1786,131,10.848,111933.582,350936.4058,21.0,3,0,0,854.4548,2678.9039
1787,130,10.8788,106352.2051,333437.3742,25.0,4,0,1,818.0939,2564.9029
1788,132,10.6228,104731.0454,328355.059,30.0,7,2,0,793.417,2487.5383
1789,131,10.5222,94896.0697,297518.9001,31.0,4,0,1,724.3975,2271.1366
1790,132,10.4342,108137.8936,339036.3862,35.0,5,1,0,819.2265,2568.4575
1791,132,10.5335,114303.8022,358367.6771,40.0,5,0,0,865.9379,2714.9066
1792,133,10.3506,112158.6414,351642.179,46.0,7,1,0,843.2981,2643.9262
1793,133,10.3228,103166.2403,323448.2912,23.0,4,0,0,775.686,2431.942
1794,133,10.406,127408.0023,399454.0085,28.0,6,1,1,957.9549,3003.4136
1795,133,10.4281,101814.1508,319209.6411,19.0,5,0,0,765.5199,2400.0725
1796,134,10.5122,124683.588,390911.123,24.0,6,1,0,930.4745,2917.2472
1797,134,10.671,112819.2979,353714.4614,25.0,4,0,0,841.9351,2639.6602
1798,135,10.6825,107996.5451,338592.8314,23.0,5,1,0,799.9744,2508.095
1799,135,10.8312,127283.1809,399062.3489,11.0,2,0,0,942.8384,2956.0174
1800,134,10.698,103755.9607,325297.6301,13.0,3,1,2,774.2982,2427.5943
1801,134,10.6366,97431.4772,305469.4949,16.0,3,0,0,727.1006,2279.6231
1802,135,10.6532,117127.3735,367220.5975,19.0,4,1,0,867.6102,2720.1526
1803,135,10.647,105645.5367,331222.3534,22.0,3,0,0,782.5595,2453.4989
1804,135,10.6279,114932.7845,360340.3734,25.0,4,1,1,851.354,2669.188
1805,135,10.6996,108172.316,339144.2836,23.0,2,0,0,801.2764,2512.1799
1806,135,10.7053,114314.3718,358401.0158,26.0,4,1,1,846.7731,2654.8223
1807,135,10.8942,123607.217,387536.6725,12.0,2,0,0,915.609,2870.642
1808,136,10.8377,105611.6708,331116.2504,14.0,3,1,0,776.5564,2434.6783
1809,136,10.8567,108929.7549,341518.6981,0.0,0,0,0,800.9541,2511.1669
1810,136,10.8759,113311.4453,355256.4772,0.0,1,1,1,833.1724,2612.18
1811,136,10.8889,121532.3929,381031.9322,0.0,0,0,0,893.6205,2801.7054
1812,136,10.9776,130216.3506,408258.8021,0.0,1,1,1,957.4732,3001.903
1813,136,11.3301,146852.9991,460419.3839,0.0,0,0,0,1079.8015,3385.4366
1814,137,11.5085,130079.1033,407828.4863,0.0,1,1,0,949.4825,2976.8503
1815,137,11.7085,123834.1262,388249.3887,0.0,0,0,0,903.8987,2833.9371
1816,137,11.8139,131139.7383,411154.6762,0.0,1,1,1,957.2244,3001.129
1817,137,11.8741,114788.647,359889.0786,0.0,0,0,0,837.8733,2626.9276
1818,138,11.6602,101313.3049,317639.5748,0.0,1,1,0,734.1544,2301.736
1819,138,11.3272,80015.6536,250866.4924,0.0,0,0,0,579.8236,1817.8731
1820,139,11.21,106762.8729,334724.5572,0.0,1,1,0,768.0782,2408.0903
1821,139,11.2803,110493.3055,346421.3819,0.0,0,0,0,794.9159,2492.2402
1822,139,11.206,107878.4373,338222.6844,0.0,1,1,1,776.1039,2433.2567
1823,136,11.155,104632.5137,328046.1221,0.0,0,0,3,769.3567,2412.1038
1824,137,11.0592,106896.9773,335146.3004,0.0,1,1,0,780.2699,2446.3234
1825,136,11.0831,113245.695,355051.3085,0.0,0,0,1,832.6889,2610.6714
1826,135,11.082,116862.5379,366390.9253,0.0,1,1,2,865.6484,2714.0069
1827,135,11.1718,122288.7418,383403.572,1.0,1,0,0,905.8425,2840.0265
1828,136,11.2149,117191.3944,367422.1858,3.0,3,1,0,861.7014,2701.6337
1829,135,11.3676,118217.2554,370638.7673,4.0,2,0,1,875.6834,2745.4724
1830,136,11.3128,119527.2655,374744.8885,6.0,3,1,0,878.877,2755.4771
1831,135,11.3329,121643.6307,381381.1413,9.0,3,0,1,901.0639,2825.0455
1832,136,11.2592,111527.8925,349665.0493,12.0,4,1,0,820.058,2571.0665
1833,136,11.2707,117314.1135,367806.7036,8.0,2,0,0,862.6038,2704.4611
1834,137,11.0535,104792.9847,328549.9635,10.0,3,1,0,764.9123,2398.1749
1835,135,11.0754,120544.2199,377933.883,12.0,2,0,2,892.9201,2799.5102
1836,136,10.9768,114608.9524,359325.0304,14.0,3,1,0,842.7129,2642.0958
1837,136,11.0872,113795.5303,356774.2581,16.0,2,0,0,836.7318,2623.3401
1838,135,11.036,107373.1981,336638.7447,19.0,4,1,2,795.357,2493.6203
1839,134,11.1003,114401.3156,358673.039,24.0,5,0,1,853.7412,2676.6645
1840,135,11.0749,111367.3409,349161.5505,26.0,5,1,0,824.9433,2586.3819
1841,135,11.1587,122861.3429,385198.3072,31.0,5,0,0,910.084,2853.3208
1842,136,11.1282,120272.9464,377083.6865,25.0,6,1,0,884.3599,2772.6742
1843,135,11.2895,130272.4706,408434.1415,30.0,5,0,1,964.9813,3025.4381
1844,136,11.0284,92798.9235,290944.3627,19.0,5,1,0,682.345,2139.2968
1845,135,11.0326,104818.627,328628.4652,23.0,4,0,1,776.4343,2434.2849
1846,135,11.0631,120371.7861,377392.4017,29.0,7,1,1,891.6429,2795.4993
1847,130,10.998,100178.4132,314081.3184,35.0,6,0,5,770.6032,2416.0101
1848,130,11.066,117554.9195,368560.1729,23.0,5,1,1,904.2686,2835.0783
1849,129,11.2141,101240.254,317410.8451,4.0,1,0,1,784.8082,2460.5492
1850,129,10.9852,100632.7341,315506.8086,6.0,3,1,1,780.0987,2445.7892
1851,129,10.9952,100386.33,314733.3233,8.0,2,0,0,778.1886,2439.7932
1852,130,10.8587,105458.6791,330635.9195,11.0,4,1,0,811.2206,2543.3532
1853,130,10.8467,110924.4358,347773.5517,15.0,4,0,0,853.2649,2675.1812
1854,131,10.7874,108255.3213,339403.8654,17.0,7,1,0,826.3765,2590.8692
1855,131,10.6728,92603.8049,290333.1095,23.0,6,0,0,706.8993,2216.2833
1856,132,10.6116,111579.0996,349824.7802,29.0,7,1,0,845.2962,2650.1877
1857,131,10.5595,105875.0834,331941.6861,36.0,7,0,1,808.2067,2533.906
1858,132,10.3988,97812.7656,306663.9223,20.0,4,1,0,741.0058,2323.2115
1859,131,10.4882,107470.1978,336941.6127,19.0,4,0,1,820.3832,2572.0734
1860,132,10.5905,119562.7285,374855.3793,19.0,4,1,0,905.7782,2839.8135
1861,132,10.6991,114201.3186,358046.1017,22.0,3,0,0,865.1615,2712.4705
1862,131,10.7095,114204.3994,358056.3748,25.0,4,1,2,871.7893,2733.2548
1863,130,10.8152,107523.861,337111.4271,29.0,4,0,1,827.1066,2593.1648
1864,131,10.8218,113673.9455,356393.6964,33.0,5,1,0,867.74,2720.5626
1865,131,11.0023,125450.1691,393315.3693,37.0,4,0,0,957.6349,3002.4074
1866,132,10.8415,96120.0714,301357.3403,41.0,5,1,0,728.1824,2283.0102
1867,132,10.7925,97623.4135,306069.9015,45.0,4,0,0,739.5713,2318.7114
1868,133,10.6192,105061.6054,329390.9952,39.0,4,1,0,789.9369,2476.624
1869,133,10.7918,112207.1268,351794.5437,11.0,1,0,0,843.6626,2645.0718
1870,134,10.8229,116393.8,364920.4511,12.0,2,1,0,868.6104,2723.2869
1871,133,10.8813,112132.966,351561.6913,14.0,2,0,1,843.105,2643.321
1872,134,10.8511,105929.6044,332112.8146,17.0,4,1,0,790.5194,2478.4538
1873,133,10.9422,109031.0661,341836.7014,20.0,3,0,1,819.7825,2570.2008
1874,134,10.8345,110122.342,345258.2187,23.0,4,1,0,821.8085,2576.5539
1875,134,10.8382,106562.7062,334097.6052,27.0,4,0,0,795.2441,2493.2657
1876,134,10.6433,105202.9105,329834.5973,31.0,5,1,1,785.0963,2461.4522
1877,133,10.6547,108491.9171,340145.4622,35.0,4,0,1,815.7287,2557.4847
1878,133,10.4548,93845.1268,294224.8298,41.0,7,1,1,705.6025,2212.2168
1879,133,10.3649,107360.1806,336596.8606,39.0,5,0,0,807.2194,2530.8035
1880,134,10.2567,102552.0388,321522.3072,44.0,6,1,0,765.3137,2399.4202
1881,132,10.2396,97840.7997,306751.967,15.0,3,0,2,741.2182,2323.8785
1882,133,10.4398,133451.5098,418401.0538,16.0,6,1,0,1003.3948,3145.8726
1883,133,10.7094,129808.4365,406978.0388,21.0,5,0,0,976.0033,3059.9853
1884,133,10.7191,117576.7399,368629.193,26.0,6,1,1,884.0356,2771.6481
1885,133,10.9734,130256.0031,408383.578,31.0,5,0,0,979.3684,3070.5532
1886,133,10.9358,115747.7466,362895.1761,36.0,6,1,1,870.2838,2728.5352
1887,133,10.8606,106768.7654,334744.3446,41.0,5,0,0,802.7727,2516.8748
1888,134,10.706,108816.8031,341165.0372,46.0,6,1,0,812.0657,2546.0077
1889,134,10.8973,122821.0056,385071.8516,24.0,3,0,0,916.5747,2873.6705
1890,134,10.8153,106358.3861,333456.9998,27.0,4,1,1,793.7193,2488.4851
1891,132,10.7962,112835.3627,353764.5967,31.0,4,0,2,854.8134,2680.0348
1892,132,10.8092,113023.5626,354353.921,36.0,6,1,1,856.2391,2684.4994
1893,132,10.931,120180.9432,376795.0425,22.0,4,0,0,910.4617,2854.5079
1894,132,11.0419,128569.8739,403096.1746,14.0,5,1,1,974.0142,3053.7589
1895,131,11.1235,117168.7418,367351.335,11.0,3,0,1,894.4179,2804.2087
1896,132,11.0599,121426.3294,380699.5756,8.0,3,1,0,919.8964,2884.0877
1897,130,10.9303,100644.514,315543.3989,10.0,2,0,2,774.1886,2427.2569
1898,131,10.6241,99056.957,310565.8657,7.0,2,1,0,756.16,2370.7318
1899,131,10.4869,105039.2615,329321.2329,0.0,0,0,0,801.8264,2513.9025
1900,132,10.4205,107652.9383,337514.2455,2.0,3,1,0,815.5526,2556.9261
1901,132,10.3578,101984.6199,319743.9095,5.0,3,0,0,772.6108,2422.3023
1902,132,10.3623,115706.9022,362766.0348,8.0,6,1,1,876.5674,2748.2275
1903,132,10.5444,118137.6705,370387.9407,7.0,3,0,0,894.9824,2805.9692
1904,133,10.6377,130909.5134,410431.1737,10.0,4,1,0,984.2821,3085.9487
1905,133,10.6074,107396.3242,336712.2622,13.0,3,0,0,807.4912,2531.6711
1906,134,10.6258,117472.9513,368304.1685,18.0,6,1,0,876.6638,2748.5386
1907,134,10.6468,113748.7754,356628.1298,17.0,4,0,0,848.8715,2661.404
1908,134,10.5815,121742.6475,381691.2223,21.0,5,1,1,908.5272,2848.442
1909,133,10.5536,108356.5324,339721.6548,26.0,5,0,1,814.7108,2554.2982
1910,134,10.5099,105058.0184,329379.6962,32.0,7,1,0,784.0151,2458.0574
1911,134,10.4513,99287.3318,311286.4993,39.0,7,0,0,740.9502,2323.0336
1912,135,10.3832,114747.5433,359758.5803,47.0,9,1,0,849.9818,2664.8784
1913,135,10.4337,110989.0745,347973.9457,55.0,8,0,0,822.1413,2577.5848
1914,136,10.3865,117119.7387,367195.5547,50.0,9,1,0,861.1745,2699.9673
1915,136,10.4195,111411.7781,349299.4402,58.0,8,0,0,819.2043,2568.3782
1916,137,10.3822,104373.0026,327231.0584,66.0,9,1,0,761.8467,2388.5479
1917,136,10.3093,97746.6888,306456.3369,50.0,6,0,1,718.7257,2253.3554
1918,137,10.4358,129478.1049,405942.7919,23.0,4,1,0,945.0957,2963.0861
1919,136,10.5501,113766.7367,356683.7763,27.0,4,0,1,836.5201,2622.6748
1920,136,10.6453,126726.3282,397315.8664,32.0,6,1,1,931.8112,2921.4402
1921,136,10.7676,113587.3311,356121.8046,24.0,3,0,0,835.201,2618.5427
1922,136,10.7346,113866.486,356997.6232,27.0,4,1,1,837.2536,2624.9825
1923,135,10.7301,112909.9396,353998.6471,31.0,4,0,1,836.3699,2622.2122
1924,136,10.8163,124964.4884,391792.3864,35.0,5,1,0,918.8565,2880.8264
1925,136,10.9358,117380.5756,368014.7277,39.0,4,0,0,863.0925,2705.9906
1926,137,10.8795,119624.8938,375050.7228,40.0,5,1,0,873.1744,2737.5965
1927,136,10.9329,109700.4419,343934.8063,44.0,4,0,1,806.6209,2528.9324
1928,137,10.808,93303.2759,292525.144,48.0,5,1,0,681.0458,2135.22
1929,135,10.8016,113453.3851,355701.4917,31.0,3,0,2,840.3954,2634.8259
1930,134,10.7454,105792.5339,331682.3716,35.0,5,1,2,789.4965,2475.2416
1931,134,10.8266,101437.4344,318028.3812,39.0,4,0,0,756.9958,2373.3461
1932,135,10.7705,108446.5844,340003.8161,40.0,4,1,0,803.308,2518.5468
1933,135,10.9,121075.0589,379597.7398,43.0,3,0,0,896.8523,2811.8351
1934,135,10.8844,110618.9024,346815.7322,46.0,4,1,1,819.3993,2569.0054
1935,135,10.9374,110361.6986,346008.9668,49.0,3,0,0,817.4941,2563.0294
1936,136,10.9327,122584.5221,384329.5165,52.0,4,1,0,901.3568,2825.9523
1937,133,10.9973,102801.99,322307.6908,31.0,2,0,3,772.9473,2423.3661
1938,131,11.023,122099.6859,382809.9838,14.0,3,1,3,932.0587,2922.2136
1939,131,10.9373,94244.1604,295476.1958,3.0,2,0,0,719.4211,2255.5435
1940,131,10.8192,94456.2664,296140.4032,2.0,2,1,1,721.0402,2260.6138
1941,130,10.8944,95031.534,297944.4932,0.0,0,0,1,731.0118,2291.8807
1942,130,10.9492,108257.6943,339411.8564,0.0,1,1,1,832.7515,2610.8604
1943,129,11.0952,113556.7419,356025.7405,1.0,1,0,1,880.2848,2759.8895
1944,129,11.0969,99242.8199,311148.5771,2.0,2,1,1,769.3242,2412.0045
1945,129,11.0849,97455.5712,305545.0494,3.0,1,0,0,755.4695,2368.5663
1946,129,11.0835,114660.7509,359487.9575,4.0,2,1,1,888.843,2786.7284
1947,129,11.2195,118741.2725,372281.5852,5.0,1,0,0,920.475,2885.9038
1948,128,11.1847,98033.283,307356.4677,6.0,2,1,2,765.885,2401.2224
1949,128,11.1631,100649.3926,315558.3419,7.0,1,0,0,786.3234,2465.2995
1950,129,11.0832,103892.6295,325726.3322,8.0,2,1,0,805.3692,2525.0103
1951,129,10.9978,103938.284,325869.4531,10.0,2,0,0,805.7231,2526.1198
1952,127,10.8615,94205.8246,295355.6902,13.0,4,1,3,741.7781,2325.6354
1953,127,10.8916,105047.6043,329347.1544,6.0,3,0,0,827.1465,2593.2847
1954,128,10.6069,78382.9404,245746.9032,9.0,4,1,0,612.3667,1919.8977
1955,128,10.7698,117656.9179,368880.7775,7.0,2,0,0,919.1947,2881.8811
1956,126,10.7423,105797.9823,331699.8641,9.0,3,1,3,839.6665,2632.5386
1957,125,10.6901,99644.5246,312407.619,11.0,2,0,1,797.1562,2499.261
1958,126,10.7061,102841.2419,322429.9717,15.0,5,1,0,816.2003,2558.968
1959,125,10.7034,107544.7926,337177.1198,20.0,5,0,1,860.3583,2697.417
1960,126,10.6359,112676.575,353266.3871,22.0,5,1,0,894.2585,2803.7015
1961,126,10.5571,103281.9016,323811.9277,27.0,5,0,0,819.6976,2569.9359
1962,127,10.623,116694.3743,365863.1442,33.0,7,1,0,918.8533,2880.8122
1963,127,10.7735,109128.3678,342142.1248,38.0,6,0,0,859.2785,2694.0325
1964,128,10.7066,108523.5572,340245.9515,44.0,7,1,0,847.8403,2658.1715
1965,128,10.8098,113583.4948,356109.7833,50.0,6,0,0,887.3711,2782.1077
1966,129,10.7482,110056.51,345051.6195,42.0,7,1,0,853.1512,2674.8188
1967,128,10.8598,116763.056,366078.4726,48.0,6,0,1,912.2114,2859.9881
1968,129,10.6755,103067.4033,323138.6119,56.0,9,1,0,798.9721,2504.9505
1969,128,10.5866,96920.2447,303865.3962,52.0,7,0,1,757.1894,2373.9484
1970,129,10.5355,103481.1388,324434.8767,56.0,7,1,0,802.1794,2514.999
1971,129,10.6767,113033.5017,354384.7724,58.0,7,0,0,876.2287,2747.1688
1972,130,10.5753,103818.6945,325493.6732,65.0,8,1,0,798.6053,2503.7975
1973,130,10.4938,102079.5313,320041.7505,44.0,5,0,0,785.2272,2461.8596
1974,130,10.3238,114201.2387,358046.3283,27.0,5,1,1,878.4711,2754.2025
1975,130,10.1852,101363.2131,317796.2493,19.0,4,0,0,779.717,2444.5865
1976,131,10.1847,120277.3617,377096.6743,24.0,6,1,0,918.1478,2878.6006
1977,131,10.3253,121390.4491,380585.9333,24.0,6,0,0,926.6446,2905.2361
1978,132,10.4027,126986.5704,398131.6909,29.0,7,1,0,962.0195,3016.1492
1979,132,10.4323,110329.4075,345907.6231,36.0,7,0,0,835.8288,2620.5123
1980,133,10.4419,122751.707,384854.3169,39.0,7,1,0,922.9452,2893.6415
1981,133,10.5516,115550.1551,362275.6336,41.0,7,0,0,868.7982,2723.8769
1982,134,10.7283,133787.0767,419452.7592,42.0,7,1,0,998.411,3130.2445
1983,133,10.8785,117102.6114,367143.4689,45.0,5,0,1,880.4708,2760.4772
1984,133,11.1136,139417.2402,437106.0208,17.0,3,1,1,1048.2499,3286.5114
1985,132,11.3703,129970.2383,407487.1707,15.0,1,0,1,984.623,3087.024
1986,133,11.4569,116742.7558,366015.9678,0.0,1,1,0,877.7651,2751.9998
1987,133,11.5651,118776.6549,372392.7439,0.0,0,0,0,893.0576,2799.9454
1988,132,11.6778,114866.2239,360133.1428,0.0,0,0,1,870.1987,2728.2814
1989,131,11.8392,119346.1342,374178.7375,0.0,0,0,1,911.0392,2856.3262
1990,131,11.6868,105476.2635,330693.0002,0.0,1,1,1,805.1623,2524.374
1991,132,11.7635,126705.5304,397251.2455,0.0,1,1,0,959.8904,3009.4791
1992,132,11.7258,103379.5906,324118.8848,0.0,1,1,1,783.1787,2455.4461
1993,131,11.979,127618.2074,400113.5238,0.0,0,0,1,974.1848,3054.3017
1994,131,11.7338,95211.0039,298508.9832,0.0,1,1,1,726.8016,2278.6945
1995,131,11.7289,107478.9208,336972.0862,0.0,0,0,0,820.4498,2572.306
1996,131,11.6205,111419.6145,349326.4409,2.0,3,1,1,850.5314,2666.6141
1997,129,11.6388,105454.9194,330625.2631,4.0,2,0,2,817.48,2562.9865
1998,130,11.5327,112748.976,353494.5291,6.0,3,1,0,867.2998,2719.1887
1999,130,11.682,114734.6795,359719.1603,10.0,4,0,0,882.5745,2767.0705
2000,130,11.6278,113450.8996,355694.5215,14.0,5,1,1,872.6992,2736.1117
2001,130,11.7249,114196.6903,358033.0319,18.0,4,0,0,878.4361,2754.1002
2002,130,11.6528,112065.3414,351349.9964,22.0,5,1,1,862.0411,2702.6923
2003,130,11.6203,105644.9294,331221.0615,26.0,4,0,0,812.6533,2547.8543
2004,130,11.5699,114246.8836,358190.2978,24.0,4,1,1,878.8222,2755.31
2005,130,11.36,89723.565,281302.2096,27.0,3,0,0,690.1813,2163.8632
2006,131,11.2025,108680.3853,340737.764,30.0,4,1,0,829.6213,2601.0516
2007,130,11.1133,101922.0815,319548.6216,34.0,4,0,1,784.016,2458.0663
2008,131,11.2353,122386.5725,383709.6817,4.0,4,1,0,934.2486,2929.0815
2009,131,11.4069,117029.0118,366912.6481,4.0,2,0,0,893.3512,2800.8599
2010,132,11.5331,122436.7995,383867.4758,6.0,3,1,0,927.5515,2908.0869
2011,132,11.6617,116395.644,364927.6441,8.0,2,0,0,881.7852,2764.6034
2012,133,11.5505,109570.9446,343530.1896,6.0,2,1,0,823.8417,2582.9338
2013,133,11.5831,112898.9695,353965.3566,0.0,0,0,0,848.8644,2661.3937
2014,134,11.6001,115963.0046,363570.9178,0.0,1,1,0,865.3956,2713.2158
2015,134,11.6143,118553.243,371692.7442,0.0,0,0,0,884.7257,2773.8264
2016,133,11.5262,120301.8628,377174.4389,1.0,2,1,2,904.5253,2835.898
2017,133,11.5568,122718.7988,384752.8563,2.0,1,0,0,922.6977,2892.8786
2018,133,11.3531,106720.8464,334594.5933,3.0,2,1,1,802.4124,2515.7488
2019,132,11.2115,107146.975,335930.5199,4.0,1,0,1,811.7195,2544.9282
2020,132,11.1098,110332.2385,345915.9372,3.0,4,1,1,835.8503,2620.5753
2021,131,11.1642,107175.1537,336018.1289,6.0,3,0,1,818.1309,2565.0239
2022,132,11.0847,106898.8537,335151.7231,9.0,4,1,0,809.8398,2539.0282
2023,132,10.9486,100557.6882,315271.003,8.0,2,0,0,761.8007,2388.4167
2024,133,10.8386,108199.7726,339230.1819,11.0,4,1,0,813.5321,2550.6029
2025,133,10.768,103282.2194,323811.9447,14.0,3,0,0,776.558,2434.6763
2026,134,10.8113,119589.4085,374939.6687,18.0,5,1,0,892.4583,2798.0572
2027,134,10.807,113117.211,354646.9545,23.0,5,0,0,844.1583,2646.6191
2028,134,10.8192,101282.0851,317541.1646,28.0,6,1,1,755.8365,2369.7102
2029,134,10.9778,115586.751,362389.5715,33.0,5,0,0,862.5877,2704.3998
2030,134,10.8389,92052.64,288604.385,38.0,6,1,1,686.96,2153.7641
2031,133,10.7947,103303.4783,323879.368,35.0,4,0,1,776.7179,2435.1832
2032,134,10.562,98561.3313,309010.8277,39.0,5,1,0,735.5323,2306.051
2033,132,10.3683,101626.5652,318621.7823,43.0,4,0,2,769.8982,2413.8014
2034,133,10.0566,102324.2412,320808.5803,48.0,6,1,0,769.3552,2412.0946
2035,133,9.9625,110598.2707,346749.3104,54.0,6,0,0,831.5659,2607.1377
2036,134,9.8724,110859.4829,347567.5569,60.0,7,1,0,827.3096,2593.7877
2037,134,9.9441,103204.088,323567.2764,51.0,5,0,0,770.1798,2414.6812
2038,135,9.9414,108326.5796,339627.3475,52.0,5,1,0,802.4191,2515.7581
2039,135,10.0487,118823.3101,372536.8912,56.0,4,0,0,880.1727,2759.5325
2040,136,10.062,113452.2658,355698.2388,60.0,5,1,0,834.2078,2615.4282
2041,136,10.2543,120698.7482,378417.6594,20.0,2,0,0,887.4908,2782.4828
2042,137,10.3093,126967.5721,398072.3724,7.0,3,1,0,926.7706,2905.6378
2043,137,10.6097,136291.1101,427304.1116,9.0,2,0,0,994.8256,3119.0081
2044,138,10.6214,125357.9481,393026.2312,8.0,2,1,0,908.3909,2848.0162
2045,137,10.6004,116763.0215,366078.6382,9.0,1,0,1,852.2848,2672.1068
2046,138,10.4558,115563.9914,362320.0879,10.0,2,1,0,837.4202,2625.5079
2047,137,10.242,102447.1634,321194.793,12.0,2,0,1,747.7895,2344.4875
2048,138,10.1161,117527.2985,368474.232,16.0,5,1,0,851.6471,2670.1031
2049,138,9.9856,106248.0262,333110.4382,21.0,5,0,0,769.9132,2413.8438
2050,139,9.8797,120631.2159,378204.6639,25.0,7,1,0,867.8505,2720.8969
2051,139,9.8872,115395.7807,361790.9532,33.0,8,0,0,830.1855,2602.8126
2052,140,10.0366,136273.9195,427249.0354,37.0,10,1,0,973.3851,3051.7788
2053,140,10.0983,109768.6166,344148.2076,36.0,6,0,0,784.0615,2458.2015
2054,141,10.0373,112326.8262,352168.2787,7.0,2,1,0,796.6442,2497.6474
2055,140,10.0299,108554.8889,340342.2189,8.0,1,0,1,775.3921,2431.0158
2056,141,10.1248,124280.3332,389646.0249,1.0,2,1,0,881.4208,2763.447
2057,141,10.1512,111141.7341,348454.2898,2.0,1,0,0,788.2392,2471.307
2058,141,10.1683,125688.0117,394060.4686,3.0,2,1,1,891.4043,2794.7551
2059,139,10.1035,116023.93,363760.9884,5.0,2,0,2,834.7045,2616.9855
2060,139,10.0024,122643.9794,384516.4779,10.0,6,1,1,882.3308,2766.3056
2061,136,10.2003,132827.3772,416443.9712,12.0,4,0,3,976.6719,3062.088
2062,136,10.1271,109256.5346,342543.268,17.0,6,1,1,803.3569,2518.7005
2063,134,10.2027,115223.6083,361252.0132,23.0,6,0,2,859.8777,2695.9105
2064,133,10.1892,124410.9604,390055.9814,19.0,6,1,2,935.4208,2932.7517
2065,131,10.2064,112101.7387,351462.9971,26.0,7,0,2,855.7385,2682.9236
2066,131,10.0902,108851.7509,341274.0127,14.0,5,1,1,830.9294,2605.1451
2067,131,10.0406,105551.5487,330926.7805,14.0,4,0,0,805.737,2526.1586
2068,132,10.1348,106634.327,334321.181,5.0,2,1,0,807.8358,2532.7362
2069,132,10.2992,116260.4254,364502.973,7.0,2,0,0,880.7608,2761.3862
2070,133,10.4027,122073.8312,382728.8378,1.0,2,1,0,917.8484,2877.6604
2071,133,10.4327,108561.3048,340364.1974,2.0,2,0,0,816.2504,2559.1293
2072,134,10.3852,119552.83,374825.6492,2.0,2,1,0,892.1853,2797.2063
2073,134,10.464,117389.6054,368043.2607,5.0,3,0,0,876.0418,2746.5915
2074,135,10.5171,118225.3998,370662.7124,8.0,4,1,0,875.7437,2745.6497
2075,135,10.7054,119479.8725,374595.7915,11.0,3,0,0,885.0361,2774.7836
2076,135,10.6707,107882.491,338235.9996,10.0,3,1,1,799.1296,2505.4518
2077,135,10.5968,103791.0837,325407.6779,12.0,2,0,0,768.8228,2410.4272
2078,135,10.6879,121231.8922,380089.9037,14.0,3,1,1,898.014,2815.4808
2079,134,10.7182,113681.0041,356415.5188,17.0,3,0,1,848.3657,2659.8173
2080,134,10.6851,116990.6826,366792.9574,20.0,4,1,1,873.0648,2737.2609
2081,134,10.7957,117674.2962,368935.5426,14.0,2,0,0,878.1664,2753.2503
2082,134,10.8401,120131.4919,376639.6096,17.0,4,1,1,896.5037,2810.7434
2083,133,10.9392,115823.5646,363133.1294,20.0,3,0,1,870.8539,2730.3243
2084,134,10.9361,120627.9583,378196.0053,23.0,4,1,0,900.2086,2822.3582
2085,134,10.949,121713.9152,381601.2363,26.0,3,0,0,908.3128,2847.7704
2086,135,10.711,96624.0865,302937.2762,30.0,5,1,0,715.734,2243.9798
2087,134,10.6997,110979.4896,347945.0935,36.0,6,0,1,828.2051,2596.6052
2088,132,10.6174,112258.9366,351957.2505,22.0,5,1,3,850.4465,2666.3428
2089,132,10.6486,113518.8319,355906.7742,27.0,5,0,0,859.9912,2696.2634
2090,133,10.4885,104690.7569,328228.8468,28.0,5,1,0,787.1485,2467.8861
2091,132,10.4519,120284.3679,377118.8074,34.0,6,0,1,911.2452,2856.9607
2092,133,10.3947,116517.7117,365308.799,41.0,8,1,0,876.073,2746.6827
2093,132,10.3856,116289.9647,364595.2357,49.0,8,0,1,880.9846,2762.0851
2094,133,10.2174,101903.7553,319489.3889,38.0,7,1,0,766.1936,2402.1759
2095,133,10.2905,110062.8145,345071.0968,46.0,8,0,0,827.54,2594.5195
2096,134,10.4253,126303.2139,395989.6091,54.0,9,1,0,942.5613,2955.1463
2097,133,10.5541,122357.0839,383617.2256,62.0,8,0,1,919.9781,2884.34
2098,134,10.4876,110802.5818,347390.3808,70.0,9,1,0,826.8849,2592.4655
2099,134,10.5262,117616.1849,368753.3064,73.0,7,0,0,877.7327,2751.8903
2100,134,10.4824,116076.4782,363925.9115,80.0,8,1,1,866.2424,2715.865
2101,132,10.7687,125986.4601,394996.4729,75.0,7,0,2,954.4429,2992.3975
2102,133,10.7526,108855.942,341287.4528,75.0,8,1,0,818.4657,2566.0711
2103,132,10.8685,120542.5367,377928.5148,82.0,7,0,1,913.201,2863.0948
2104,132,10.7616,101346.8522,317745.1299,89.0,8,1,1,767.7792,2407.1601
2105,132,10.9395,128800.1935,403817.6125,92.0,6,0,0,975.759,3059.2243
2106,133,10.7877,97422.7079,305441.0445,98.0,7,1,0,732.5016,2296.5492
2107,133,10.7701,102286.1951,320689.2019,61.0,4,0,0,769.0691,2411.197
2108,133,10.7539,118380.6477,371149.3394,27.0,4,1,1,890.0801,2790.5965
2109,132,11.0092,122120.1954,382874.0723,11.0,2,0,1,925.153,2900.5612
2110,133,10.9762,104992.4402,329175.9501,13.0,3,1,0,789.4168,2475.0071
2111,133,11.0606,116301.582,364632.0466,15.0,2,0,0,874.448,2741.5943
2112,134,10.9839,116176.7856,364241.1586,17.0,3,1,0,866.9909,2718.2176
2113,133,11.0086,117757.1333,369195.8357,19.0,2,0,1,885.392,2775.9085
2114,133,10.9272,108014.3678,338648.9737,24.0,6,1,1,812.1381,2546.2329
2115,133,11.2052,131227.251,411427.5878,28.0,5,0,0,986.6711,3093.4405
2116,134,11.186,109253.9685,342535.8088,6.0,3,1,0,815.3281,2556.2374
2117,134,11.2532,110086.0635,345144.469,4.0,1,0,0,821.5378,2575.705
2118,135,10.9698,107089.8964,335751.1893,5.0,2,1,0,793.2585,2487.0458
2119,135,11.0196,114419.6434,358731.7182,6.0,1,0,0,847.5529,2657.272
2120,136,11.093,129512.8001,406052.8913,7.0,2,1,0,952.3,2985.683
2121,133,11.1798,111694.4667,350188.1438,9.0,2,0,3,839.808,2632.9936
2122,133,11.0954,118049.1322,370111.1716,11.0,3,1,1,887.5875,2782.7908
2123,133,11.1303,116896.9781,366498.7138,16.0,5,0,0,878.9246,2755.6294
2124,134,11.0614,116700.527,365882.3846,21.0,6,1,0,870.8995,2730.4656
2125,133,10.926,94978.48,297778.4374,27.0,6,0,1,714.1239,2238.9356
2126,134,10.7623,110393.7304,346108.3976,29.0,6,1,0,823.8338,2582.8985
2127,133,10.4372,91256.4999,286109.0536,34.0,5,0,1,686.1391,2151.1959
2128,134,10.4344,106923.3199,335227.4848,35.0,7,1,0,797.9352,2501.6976
2129,133,10.5991,118227.1063,370668.0029,41.0,6,0,1,888.9256,2786.9775
2130,134,10.5619,112261.9745,351966.1274,34.0,5,1,0,837.7759,2626.6129
2131,133,10.67,117016.8303,366873.7946,26.0,3,0,1,879.8258,2758.4496
2132,133,10.5744,121213.7417,380033.1797,27.0,3,1,1,911.3815,2857.3923
2133,133,10.6588,120055.2319,376400.7267,20.0,1,0,0,902.6709,2830.0807
2134,133,10.6333,118544.4064,371662.8562,23.0,4,1,1,891.3113,2794.4576
2135,133,10.8075,128991.7376,404418.725,29.0,6,0,0,969.8627,3040.7423
2136,134,10.906,128054.3202,401479.6867,32.0,6,1,0,955.6293,2996.1171
2137,134,10.9735,113963.9223,357302.5492,37.0,5,0,0,850.477,2666.4369
2138,135,10.8607,105901.3822,332024.1723,38.0,5,1,0,784.4547,2459.4383
2139,135,10.8849,117991.7016,369930.9878,12.0,4,0,0,874.0126,2740.2295
2140,136,10.7305,108220.8252,339296.4976,10.0,4,1,0,795.7414,2494.8272
2141,136,10.847,129997.1993,407571.0862,11.0,3,0,0,955.8618,2996.8462
2142,137,10.8452,126545.5903,396749.1444,15.0,5,1,0,923.6904,2895.9792
2143,135,10.9371,115634.7601,362541.0364,19.0,4,0,2,856.5538,2685.4892
2144,136,10.8306,112395.3382,352383.8512,23.0,5,1,0,826.4363,2591.0577
2145,136,10.7354,113287.0822,355180.0494,28.0,5,0,0,832.9933,2611.618
2146,137,10.6706,120213.2525,376895.0397,35.0,8,1,0,877.469,2751.0587
2147,137,10.7982,114092.4777,357704.893,32.0,5,0,0,832.7918,2610.9846
2148,137,10.8263,121758.1373,381738.3781,32.0,5,1,1,888.7455,2786.4115
2149,137,10.9608,112436.3422,352511.8521,36.0,4,0,0,820.7032,2573.0792
2150,138,10.8893,105021.5864,329264.6646,41.0,6,1,0,761.026,2385.9758
2151,138,10.8926,107759.8505,337850.8003,29.0,5,0,0,780.8685,2448.1942
2152,137,10.5942,105421.4616,330519.5535,23.0,5,1,2,769.4997,2412.5515
2153,137,10.5182,103551.9529,324657.7245,19.0,3,0,0,755.8537,2369.7644
2154,137,10.5514,113672.4059,356388.0276,24.0,6,1,1,829.7256,2601.3725
2155,136,10.7799,127839.9317,400807.0923,29.0,5,0,1,939.9995,2947.111
2156,136,10.7796,118770.0837,372370.8674,30.0,7,1,1,873.3094,2738.0211
2157,136,10.7098,114749.9833,359766.9159,34.0,5,0,0,843.7499,2645.345
2158,136,10.7983,138902.2244,435490.5827,40.0,7,1,1,1021.3399,3202.1366
2159,134,10.7303,122773.2488,384922.497,46.0,6,0,2,916.2183,2872.5559
2160,134,10.5184,95370.6711,299007.5327,54.0,9,1,1,711.7214,2231.3995
2161,134,10.6177,118326.6856,370980.0621,56.0,8,0,0,883.035,2768.5079
2162,135,10.5136,105833.7615,331811.5957,64.0,9,1,0,783.9538,2457.8637
2163,134,10.5601,112318.399,352142.5577,61.0,7,0,1,838.197,2627.9295
2164,135,10.4941,108440.5864,339984.1638,46.0,6,1,0,803.2636,2518.4012
2165,135,10.598,118161.5248,370462.9378,43.0,4,0,0,875.2706,2744.1699
2166,136,10.6338,116677.2991,365809.8613,28.0,2,1,0,857.9213,2689.7784
2167,135,10.8942,122286.0469,383394.2793,29.0,1,0,1,905.8226,2839.9576
2168,136,11.0458,123359.9436,386762.0137,30.0,2,1,0,907.0584,2843.8383
2169,136,11.1934,120454.7116,377653.6132,31.0,1,0,0,885.6964,2776.8648
2170,136,11.0949,114170.9567,357952.1885,32.0,2,1,1,839.4923,2632.0014
2171,136,11.2024,119846.5466,375746.436,33.0,1,0,0,881.2246,2762.8414
2172,137,11.1073,111741.025,350333.0612,35.0,3,1,0,815.6279,2557.1756
2173,136,10.9817,109083.8416,342002.1516,38.0,3,0,1,802.0871,2514.7217
2174,137,10.7311,101663.999,318738.9908,42.0,5,1,0,742.073,2326.562
2175,137,10.7997,116482.2789,365197.6811,46.0,4,0,0,850.2356,2665.6765
2176,138,10.6997,109393.9325,342974.3209,50.0,5,1,0,792.7097,2485.3212
2177,138,10.769,121877.3969,382113.302,54.0,4,0,0,883.1695,2768.937
2178,139,10.6616,113133.9982,354700.0886,59.0,6,1,0,813.9137,2551.7992
2179,138,10.8397,125955.4226,394898.3195,64.0,5,0,1,912.7205,2861.582
2180,139,10.702,111037.3505,348127.231,62.0,5,1,0,798.8299,2504.5125
2181,139,10.5865,112817.6766,353708.739,23.0,3,0,0,811.638,2544.6672
2182,140,10.5302,107027.2573,335553.6824,15.0,3,1,0,764.4804,2396.812
2183,140,10.5694,117620.4192,368766.6607,17.0,2,0,0,840.1459,2634.0476
2184,141,10.638,125664.4131,393986.7305,19.0,3,1,0,891.237,2794.2321
2185,141,10.6201,107959.3608,338476.089,22.0,3,0,0,765.6692,2400.5396
2186,142,10.495,118120.8773,370335.3273,27.0,6,1,0,831.8372,2607.9953
2187,141,10.5071,112973.602,354197.3065,33.0,6,0,1,801.2312,2512.0376
2188,139,10.3755,100033.1674,313625.0477,24.0,6,0,2,719.6631,2256.2953
2189,137,10.2691,105378.7425,330385.7051,16.0,5,0,2,769.1879,2411.5745
2190,139,10.1064,113028.9373,354370.2588,15.0,6,2,0,813.1578,2549.4263
2191,137,10.2626,121451.4073,380777.0519,19.0,4,0,2,886.5066,2779.3945
2192,138,10.3167,116726.5964,365963.5409,24.0,6,1,0,845.8449,2651.9097
2193,137,10.4869,126973.0558,398088.7157,29.0,5,0,1,926.8106,2905.757
2194,137,10.6832,127993.9223,401289.9664,34.0,6,1,1,934.2622,2929.1238
2195,137,10.723,115096.3235,360853.3268,35.0,4,0,0,840.1191,2633.9659
2196,138,10.6313,111043.3321,348145.3623,17.0,3,1,0,804.6618,2522.7925
2197,138,10.6253,124422.118,390091.9357,20.0,3,0,0,901.6096,2826.7532
2198,138,10.412,103484.1118,324445.5389,24.0,5,1,1,749.8849,2351.0546
2199,138,10.4263,126556.7281,396783.9424,30.0,6,0,0,917.0777,2875.246
2200,139,10.3344,113559.4479,356034.1061,24.0,6,1,0,816.9744,2561.3964
2201,137,10.5552,122178.0663,383056.033,31.0,7,0,2,891.8107,2796.0294
2202,137,10.6255,119621.106,375039.2339,30.0,5,1,1,873.1468,2737.5127
2203,136,10.5567,120092.4835,376517.1886,11.0,2,0,1,883.033,2768.5087
2204,137,10.3572,105737.2016,331509.4218,14.0,4,1,0,771.8044,2419.7768
2205,137,10.3635,107340.9065,336537.915,10.0,3,0,0,783.5103,2456.4811
2206,138,10.3877,115335.5686,361602.6632,10.0,3,1,0,835.765,2620.3092
2207,138,10.5697,125523.7586,393545.5091,12.0,2,0,0,909.5925,2851.7791
2208,139,10.4971,117160.1288,367323.1318,11.0,3,1,0,842.8786,2642.6125
2209,138,10.4058,120046.5689,376373.3437,13.0,2,0,1,869.9027,2727.3431
2210,139,10.2916,112855.2185,353826.3751,15.0,3,1,0,811.908,2545.5135
2211,139,10.1845,110809.2723,347411.0644,14.0,2,0,0,797.189,2499.3602
2212,140,10.1216,107641.0488,337477.3743,17.0,4,1,0,768.8646,2410.5527
2213,138,10.2932,122018.9131,382555.9785,6.0,3,0,2,884.195,2772.1448
2214,139,10.5003,127962.7729,401192.1483,3.0,3,1,0,920.5955,2886.2744
2215,139,10.6997,126781.5737,397488.979,5.0,2,0,0,912.0977,2859.6329
2216,139,10.9359,136798.8568,428896.3235,7.0,3,1,1,984.1644,3085.5851
2217,139,11.0105,126280.3179,395918.3029,9.0,2,0,0,908.4915,2848.3331
2218,140,10.9365,112605.1569,353043.1459,11.0,3,1,0,804.3225,2521.7368
2219,139,10.995,114204.6631,358057.0672,14.0,3,0,1,821.6163,2575.9501
2220,140,11.058,129227.2524,405157.0008,9.0,3,1,0,923.0518,2893.9786
2221,139,11.1516,113302.4153,355227.9247,8.0,1,0,1,815.1253,2555.5966
2222,140,11.0568,112569.8038,352931.0504,1.0,2,1,0,804.07,2520.9361
2223,139,10.9887,103561.4845,324688.229,2.0,1,0,1,745.0467,2335.8865
2224,139,10.829,98002.7536,307259.3195,4.0,3,1,1,705.0558,2210.4987
2225,138,10.7329,96903.9372,303814.6997,6.0,2,0,1,702.2024,2201.5558
2226,138,10.7394,129727.4406,406725.4835,8.0,3,1,1,940.0539,2947.2861
2227,138,10.6219,97835.2711,306735.0145,10.0,2,0,0,708.9512,2222.7175
2228,139,10.4664,112463.734,352599.3062,13.0,4,1,0,809.0916,2536.6857
2229,138,10.4918,117040.6969,366948.1809,17.0,4,0,1,848.121,2659.0448
2230,139,10.3713,108114.6592,338962.9091,22.0,6,1,0,777.8033,2438.5821
2231,139,10.2447,109861.1828,344439.884,28.0,6,0,0,790.3682,2477.9848
2232,140,10.1414,111911.2113,350864.9981,25.0,6,1,0,799.3658,2506.1786
2233,138,10.1337,111352.9871,349115.7915,24.0,4,0,2,806.9057,2529.8246
2234,138,10.0371,114232.4395,358143.5815,4.0,2,1,1,827.7713,2595.2433
2235,138,10.1593,123306.4958,386593.2852,6.0,2,0,0,893.5253,2801.4006
2236,139,10.2074,124631.062,390745.7657,10.0,5,1,0,896.6263,2811.1206
2237,139,10.364,128617.6052,403246.0433,14.0,4,0,0,925.3065,2901.0507
2238,139,10.2038,107967.7646,338502.6868,11.0,5,1,1,776.7465,2435.2711
2239,138,10.1364,109624.9542,343698.3892,15.0,4,0,1,794.3837,2490.568
2240,139,10.0769,115936.2468,363485.2212,15.0,5,1,0,834.0737,2615.0016
2241,139,9.9606,108306.4664,339563.9974,20.0,5,0,0,779.1832,2442.9065
2242,138,9.9364,116104.4245,364012.2338,23.0,6,1,2,841.3364,2637.7698
2243,137,10.0029,113356.7814,355399.1125,28.0,5,0,1,827.4218,2594.1541
2244,138,10.1262,129000.6067,404446.0017,34.0,7,1,0,934.787,2930.7681
2245,137,10.1726,109438.5319,343113.8051,35.0,5,0,1,798.8214,2504.4803
2246,137,10.2948,126809.4448,397575.6242,24.0,4,1,1,925.6164,2902.0119
2247,137,10.509,125235.598,392641.9893,27.0,3,0,0,914.1285,2865.9999
2248,138,10.5113,118072.0747,370182.0973,30.0,4,1,0,855.5947,2682.479
2249,137,10.7221,125138.6993,392339.2457,33.0,3,0,1,913.4212,2863.7901
2250,136,10.7018,108592.3521,340461.4332,37.0,5,1,2,798.4732,2503.3929
2251,133,10.7491,107250.0293,336252.3283,39.0,3,0,3,806.3912,2528.213
2252,133,10.5938,105964.0947,332220.5403,43.0,5,1,1,796.7225,2497.8988
2253,131,10.6305,109793.393,344226.1074,47.0,4,0,2,838.1175,2627.6802
2254,131,10.5505,103158.391,323424.8789,42.0,4,1,1,787.4686,2468.8922
2255,131,10.5615,110246.4743,345647.3642,46.0,4,0,0,841.5761,2638.5295
2256,129,10.4259,100646.1528,315547.8551,23.0,3,1,3,780.2027,2446.1074
2257,129,10.4493,103276.106,323792.7429,5.0,3,0,0,800.59,2510.0213
2258,129,10.5537,115056.754,360727.9586,10.0,6,1,1,891.9128,2796.3408
2259,129,10.318,82725.5447,259361.7991,7.0,3,0,0,641.2833,2010.5566
2260,130,10.2155,101254.1615,317453.434,10.0,4,1,0,778.8782,2441.9495
2261,127,10.4585,114912.5998,360276.248,10.0,4,0,3,904.8236,2836.8209
2262,128,10.5617,123042.1606,385765.0549,14.0,5,1,0,961.2669,3013.7895
2263,127,10.7764,121948.1104,382335.0615,16.0,4,0,1,960.2213,3010.5123
2264,128,10.6753,101636.871,318654.1595,20.0,5,1,0,794.0381,2489.4856
2265,127,10.7541,114570.1393,359203.7348,21.0,3,0,1,902.1271,2828.3759
2266,128,10.6753,121992.2627,382474.0295,25.0,5,1,0,953.0646,2988.0784
2267,126,10.5833,92087.1979,288712.9312,30.0,5,0,2,730.8508,2291.3725
2268,127,10.6859,121933.6686,382289.8954,35.0,6,1,0,960.1076,3010.1567
2269,127,10.7109,103329.5579,323961.3813,40.0,5,0,0,813.6186,2550.877
2270,127,10.7802,125175.9212,392455.7677,33.0,6,1,1,985.6372,3090.2029
2271,125,10.8606,115066.1243,360758.6668,27.0,4,0,2,920.529,2886.0693
2272,126,10.8542,118689.5411,372119.0528,32.0,6,1,0,941.9805,2953.3258
2273,126,10.9932,108098.1363,338911.7713,25.0,3,0,0,857.9217,2689.776
2274,127,10.9765,108730.38,340893.6064,25.0,3,1,0,856.1447,2684.2016
2275,126,10.9908,98698.5157,309441.4487,28.0,3,0,1,783.3216,2455.8845
2276,127,11.0272,111553.0637,349744.1644,22.0,4,1,0,878.3706,2753.8911
2277,127,11.1981,111351.8799,349113.4223,25.0,3,0,0,876.7865,2748.9246
2278,127,11.1256,93795.8667,294069.9314,28.0,4,1,1,738.5501,2315.5113
2279,127,11.1892,111079.0894,348258.4479,31.0,3,0,0,874.6385,2742.1925
2280,128,11.1678,106568.106,334114.9878,11.0,3,1,0,832.5633,2610.2733
2281,128,11.1977,103795.5408,325422.3588,13.0,2,0,0,810.9027,2542.3622
2282,127,11.0924,91598.6752,287181.5454,8.0,3,1,2,721.2494,2261.272
2283,127,11.1616,115566.0562,362326.1382,11.0,3,0,0,909.9689,2852.9617
2284,128,11.004,95334.0114,298893.5762,11.0,3,1,0,744.797,2335.1061
2285,128,11.0769,101091.8146,316945.3772,13.0,2,0,0,789.7798,2476.1358
2286,128,11.0261,102979.9317,322865.3702,16.0,4,1,1,804.5307,2522.3857
2287,128,11.038,117864.1911,369531.411,15.0,3,0,0,920.814,2886.9641
2288,128,10.8968,92957.4557,291441.5941,5.0,3,1,1,726.2301,2276.8875
2289,128,10.9061,101058.3673,316840.2526,7.0,2,0,0,789.5185,2475.3145
2290,129,10.8089,104247.8357,326840.3253,10.0,4,1,0,808.1228,2533.6459
2291,128,10.7348,97316.1403,305107.6125,13.0,3,0,1,760.2823,2383.6532
2292,129,10.7165,114019.1942,357476.4161,16.0,4,1,0,883.8697,2771.135
2293,129,10.9027,119222.8279,373790.112,20.0,4,0,0,924.208,2897.5978
2294,130,10.8947,101291.2462,317570.2589,25.0,6,1,0,779.1634,2442.8481
2295,130,10.8348,104263.6486,326889.1737,30.0,5,0,0,802.0281,2514.5321
2296,130,10.8137,109576.7824,343548.0309,14.0,4,1,1,842.8983,2642.6772
2297,130,10.84,105640.1026,331205.4439,17.0,3,0,0,812.6162,2547.7342
2298,131,10.9058,107451.0957,336882.513,11.0,3,1,0,820.2374,2571.6222
2299,131,10.9315,106608.9026,334243.2267,13.0,2,0,0,813.8084,2551.475
2300,131,10.7449,103311.556,323905.7733,15.0,3,1,1,788.6378,2472.5632
2301,131,10.7611,100935.348,316454.8842,18.0,3,0,0,770.4988,2415.6861
2302,132,10.6563,101533.6066,318329.6795,21.0,4,1,0,769.194,2411.5885
2303,131,10.6071,97123.1286,304501.8079,14.0,3,0,1,741.3979,2324.4413
2304,132,10.39,100584.4274,315353.9531,8.0,5,1,0,762.0032,2389.0451
2305,130,10.3708,98679.1726,309380.7856,7.0,2,0,2,759.0706,2379.8522
2306,131,10.3512,106015.2637,332380.9129,9.0,3,1,0,809.2768,2537.2589
2307,129,10.3599,101213.7272,317327.4869,12.0,3,0,2,784.6025,2459.903
2308,130,10.4787,114689.8196,359578.4726,15.0,4,1,0,882.2294,2765.9883
2309,128,10.5331,102830.4654,322396.6483,19.0,4,0,2,803.363,2518.7238
2310,129,10.5288,115738.284,362866.0521,5.0,3,1,0,897.196,2812.9151
2311,128,10.5359,114874.2369,360156.9619,7.0,2,0,1,897.455,2813.7263
2312,129,10.4704,111813.6955,350561.4414,10.0,4,1,0,866.7728,2717.5306
2313,129,10.5397,108072.7913,338832.6445,11.0,2,0,0,837.7736,2626.6096
2314,130,10.5671,114188.1309,358006.015,7.0,4,1,0,878.3702,2753.8924
2315,130,10.6521,114033.1934,357520.0795,8.0,2,0,0,877.1784,2750.1545
2316,131,10.551,105861.8689,331900.3065,11.0,4,1,0,808.1059,2533.5901
2317,130,10.6795,114981.6821,360493.1301,15.0,4,0,1,884.4745,2773.0241
2318,131,10.4764,96991.474,304089.251,19.0,5,1,0,740.3929,2321.292
2319,131,10.4931,106249.5751,333116.1638,23.0,4,0,0,811.0655,2542.8715
2320,132,10.4591,112927.8976,354053.555,24.0,6,1,0,855.5144,2682.2239
2321,131,10.6652,123982.7459,388713.4878,13.0,4,0,1,946.4332,2967.2785
2322,131,10.7768,115138.5417,360985.41,15.0,5,1,1,878.9202,2755.6138
2323,131,10.8235,106169.6904,332865.7454,17.0,3,0,0,810.4557,2540.9599
2324,132,10.8944,134123.941,420509.9519,20.0,4,1,0,1016.0905,3185.6815
2325,131,10.8652,116925.8787,366589.2771,17.0,2,0,1,892.564,2798.3914
2326,132,10.723,107843.2327,338113.1034,19.0,3,1,0,816.9942,2561.4629
2327,132,10.8016,115460.4101,361995.5195,21.0,2,0,0,874.7001,2742.3903
2328,132,10.7783,120075.7736,376464.127,16.0,3,1,1,909.665,2852.001
2329,131,10.7325,100340.6542,314590.564,18.0,2,0,1,765.9592,2401.4547
2330,132,10.5871,108280.8252,339484.4813,23.0,6,1,0,820.3093,2571.8521
2331,130,10.5374,101695.627,318837.6583,28.0,5,0,2,782.2741,2452.5974
2332,130,10.5404,104932.6918,328986.3509,34.0,7,1,1,807.1746,2530.6642
2333,130,10.6718,113079.7471,354529.675,41.0,7,0,0,869.8442,2727.1513
2334,131,10.5978,111170.5871,348544.1382,48.0,8,1,0,848.6304,2660.6423
2335,131,10.631,108114.1718,338961.8411,22.0,4,0,0,825.299,2587.495
2336,131,10.3511,80953.1315,253804.77,12.0,3,1,1,617.9628,1937.441
2337,131,10.4667,110754.8105,347239.9525,14.0,2,0,0,845.4566,2650.6867
2338,131,10.4941,113122.1002,354662.6751,17.0,4,1,1,863.5275,2707.3487
2339,131,10.602,108805.8814,341130.0739,21.0,4,0,0,830.5792,2604.0464
2340,131,10.4776,103174.5312,323474.9273,26.0,6,1,1,787.5918,2469.2743
2341,129,10.6767,120696.0614,378409.675,31.0,5,0,2,935.6284,2933.4083
2342,130,10.6061,113928.6807,357191.9116,38.0,8,1,0,876.3745,2747.6301
2343,129,10.5637,98694.6085,309428.0834,45.0,7,0,1,765.0745,2398.6673
2344,129,10.418,94761.4348,297096.6574,29.0,5,1,1,734.5848,2303.0749
2345,129,10.5809,119021.1416,373157.8192,13.0,3,0,0,922.6445,2892.6963
2346,129,10.6255,111153.7574,348491.8813,11.0,3,1,1,861.657,2701.4875
2347,127,10.6545,102282.2404,320677.3446,1.0,1,0,2,805.372,2525.0185
2348,128,10.5252,94686.8518,296864.9043,0.0,1,1,0,739.741,2319.2571
2349,128,10.633,113512.5104,355887.7442,0.0,0,0,0,886.8165,2780.373
2350,128,10.6135,116251.9719,364476.589,1.0,2,1,1,908.2185,2847.4734
2351,128,10.8675,127751.8583,400531.7066,3.0,2,0,0,998.0614,3129.154
2352,129,10.9694,115449.0848,361959.9149,5.0,3,1,0,894.9541,2805.8908
2353,129,11.0991,111568.7921,349793.1704,7.0,2,0,0,864.8744,2711.575
2354,130,11.0254,104786.458,328528.5919,11.0,5,1,0,806.0497,2527.143
2355,128,10.9556,94129.9373,295118.0355,15.0,4,0,2,735.3901,2305.6097
2356,127,10.9086,100275.7059,314386.012,17.0,5,1,2,789.5725,2475.4804
2357,127,10.8714,105005.5795,329216.2562,22.0,5,0,0,826.8156,2592.254
2358,128,10.9123,116281.0106,364567.2394,27.0,6,1,0,908.4454,2848.1816
2359,127,11.0241,111832.2717,350619.5245,32.0,5,0,1,880.5691,2760.7837
2360,127,10.9843,95652.6151,299891.1048,22.0,5,1,1,753.1702,2361.3473
2361,127,11.1624,115703.577,362757.5201,26.0,4,0,0,911.0518,2856.3584
2362,128,11.2157,108577.4523,340414.558,30.0,5,1,0,848.2613,2659.4887
2363,126,11.1997,101886.0049,319435.1931,35.0,5,0,2,808.6191,2535.1999
2364,126,11.123,104588.2035,327907.944,40.0,6,1,1,830.0651,2602.444
2365,125,11.081,102414.9974,321093.7344,45.0,5,0,1,819.32,2568.7499
2366,125,10.8655,99414.735,311687.065,50.0,6,1,1,795.3179,2493.4965
2367,125,10.7989,101159.6533,317157.8218,57.0,7,0,0,809.2772,2537.2626
2368,125,10.6982,106622.704,334285.5017,47.0,7,1,1,852.9816,2674.284
2369,125,10.7623,95234.8317,298581.9353,25.0,5,0,0,761.8787,2388.6555
2370,126,10.701,95861.2279,300544.9781,30.0,6,1,0,760.8034,2385.2776
2371,126,10.5262,81024.9725,254029.5739,35.0,5,0,0,643.0553,2016.1077
2372,126,10.521,98525.4222,308898.2257,41.0,7,1,1,781.9478,2451.5732
2373,126,10.6038,108931.5811,341525.0568,47.0,6,0,0,864.5364,2710.5163
2374,127,10.5842,104645.1934,328085.7939,53.0,7,1,0,823.9779,2583.3527
2375,127,10.5801,111416.0357,349314.1942,60.0,7,0,0,877.2916,2750.5055
2376,127,10.46,106200.9541,332963.0693,19.0,3,1,1,836.228,2621.7565
2377,127,10.5887,109516.1103,343357.5098,21.0,2,0,0,862.3316,2703.6024
2378,128,10.448,95019.1195,297905.4494,23.0,3,1,0,742.3369,2327.3863
2379,128,10.5597,118797.1276,372456.1403,13.0,1,0,0,928.1026,2909.8136
2380,129,10.4799,100072.7751,313750.0327,14.0,2,1,0,775.7579,2432.1708
2381,129,10.4492,101494.851,318209.2841,1.0,1,0,0,786.7818,2466.7386
2382,130,10.2818,109529.682,343400.5995,2.0,2,1,0,842.536,2641.5431
2383,130,10.3639,116591.7998,365540.9802,6.0,4,0,0,896.86,2811.8537
2384,131,10.3907,119561.7568,374853.2549,11.0,6,1,0,912.6852,2861.4752
2385,131,10.2534,97858.4872,306807.9793,11.0,4,0,0,747.0114,2342.0456
2386,132,10.17,122917.6616,385374.5889,16.0,6,1,0,931.1944,2919.5045
2387,132,10.0033,98686.491,309403.0884,18.0,5,0,0,747.6249,2343.9628
2388,133,9.9126,103832.5096,325536.2697,18.0,6,1,0,780.6956,2447.6411
2389,133,9.9037,101549.417,318378.4956,19.0,4,0,0,763.5295,2393.8233
2390,134,9.6377,103720.09,325183.9052,25.0,7,1,0,774.0305,2426.7456
2391,133,9.8279,129709.9772,406669.0149,27.0,6,0,1,975.263,3057.6618
2392,134,9.731,103703.425,325132.0668,13.0,5,1,0,773.9062,2426.3587
2393,134,9.8321,112069.653,351362.4681,13.0,3,0,0,836.3407,2622.108
2394,135,9.866,122635.7138,384489.7312,17.0,5,1,0,908.4127,2848.0721
2395,133,10.0222,123018.2842,385689.8248,24.0,7,0,2,924.9495,2899.9235
2396,132,9.9562,115108.5526,360890.9096,25.0,7,1,2,872.0345,2734.022
2397,131,9.9653,114801.558,359928.675,32.0,7,0,1,876.3478,2747.5471
2398,132,9.8803,110007.5187,344898.0202,41.0,10,1,0,833.3903,2612.8638
2399,132,9.8763,104481.0855,327570.1564,51.0,10,0,0,791.5234,2481.5921
2400,133,9.837,108988.7019,341702.3282,55.0,10,1,0,819.4639,2569.1904
2401,131,9.7962,94768.2894,297118.3729,64.0,9,0,2,723.4221,2268.0792
2402,132,9.6436,99440.8718,311767.812,70.0,10,1,0,753.3399,2361.8774
2403,132,9.6502,116840.676,366321.1884,63.0,8,0,0,885.1566,2775.1605
2404,132,9.6683,114481.8036,358925.0413,56.0,7,0,0,867.2864,2719.1291
2405,132,9.704,118511.8027,371560.3068,56.0,7,0,0,897.8167,2814.8508
2406,132,9.6817,111176.0499,348560.9834,65.0,10,1,1,842.2428,2640.6135
2407,132,9.7262,120298.3161,377161.3271,74.0,10,1,1,911.3509,2857.2828
2408,133,9.7515,108418.2441,339914.0638,31.0,6,1,0,815.1748,2555.7448
2409,133,9.9791,119175.2427,373640.5612,3.0,2,0,0,896.0545,2809.3275
2410,134,10.2272,135558.0328,425005.2988,7.0,5,1,0,1011.6271,3171.6813
2411,133,10.2958,113004.8009,354296.5961,11.0,4,0,1,849.6602,2663.8842
2412,134,10.4071,132899.0631,416668.637,15.0,5,1,0,991.7841,3109.4674
2413,134,10.5056,116229.2258,364404.4959,20.0,5,0,0,867.3823,2719.4365
2414,133,10.2771,103625.1163,324887.5078,27.0,8,1,2,779.1362,2442.7632
2415,132,10.3005,125902.2897,394731.9609,20.0,5,0,1,953.8052,2990.3936
2416,133,10.2496,116342.6153,364760.0818,26.0,7,1,0,874.7565,2742.557
2417,133,10.3326,107769.949,337882.1158,22.0,5,0,0,810.3004,2540.467
2418,134,10.41,124589.7097,390616.6564,28.0,7,1,0,929.774,2915.0497
2419,134,10.2623,93343.9808,292652.8935,34.0,6,0,0,696.5969,2183.9768
2420,135,10.0223,105596.5262,331067.681,36.0,6,1,0,782.1965,2452.3532
2421,135,9.8849,107588.8262,337313.7892,32.0,7,0,0,796.9543,2498.6207
2422,136,9.8935,109907.3629,344583.0216,39.0,9,1,0,808.1424,2533.6987
2423,135,9.9766,123792.8441,388117.8372,47.0,8,0,1,916.984,2874.9469
2424,136,10.02,117540.4807,368514.8416,55.0,9,1,0,864.2682,2709.668
2425,136,10.1564,123793.3417,388119.5694,55.0,7,0,0,910.2452,2853.8204
2426,137,10.2494,117851.8965,369491.5244,31.0,6,1,0,860.2328,2697.0184
2427,137,10.3925,121370.6152,380523.9139,24.0,3,0,0,885.9169,2777.5468
2428,138,10.3398,110832.5318,347484.2571,28.0,5,1,0,803.1343,2518.0019
2429,137,10.6127,124361.3634,389901.0276,28.0,4,0,1,907.7472,2845.9929
2430,137,10.6886,115902.2852,363380.2863,27.0,2,0,0,846.0021,2652.4108
2431,136,10.6293,115396.8309,361795.2777,29.0,3,1,2,848.5061,2660.2594
2432,135,10.6504,113611.0947,356196.4873,31.0,3,1,2,841.5637,2638.4925
2433,135,10.7588,129058.4197,404628.6655,33.0,2,0,0,955.9883,2997.2494
2434,136,10.7372,119246.0925,373863.4367,14.0,2,1,0,876.8095,2748.9959
2435,136,10.8182,116558.4425,365437.1876,16.0,2,0,0,857.0474,2687.0381
2436,137,10.6821,108115.8363,338966.6446,19.0,4,1,0,789.1667,2474.2091
2437,137,10.6016,104712.4491,328296.543,22.0,3,0,0,764.3244,2396.3251
2438,138,10.5042,110426.8018,346212.0137,25.0,4,1,0,800.1942,2508.7827
2439,138,10.4457,105046.7686,329344.3684,21.0,3,0,0,761.2085,2386.5534
2440,137,10.5902,121415.2863,380664.0481,24.0,3,0,1,886.243,2778.5697
2441,137,10.5391,104939.6861,329008.8392,24.0,3,1,1,765.9831,2401.5244
2442,138,10.6843,128159.2717,401808.2828,4.0,2,1,0,928.6904,2911.6542
2443,136,10.7783,111917.1455,350886.1018,5.0,1,0,2,822.9202,2580.0449
2444,137,10.5394,103481.9731,324439.0485,6.0,2,1,0,755.3429,2368.1682
2445,137,10.5373,119419.735,374408.1785,9.0,3,0,0,871.6769,2732.9064
2446,136,10.4039,105384.5021,330403.9154,11.0,4,1,2,774.886,2429.4406
2447,134,10.3974,117105.5481,367152.229,15.0,4,0,2,873.922,2739.942
2448,133,10.0973,102117.253,320160.0527,21.0,7,1,2,767.7989,2407.2184
2449,132,10.0171,98570.4531,309039.3798,27.0,6,0,1,746.7459,2341.2074
2450,133,9.9186,105341.8847,330268.9617,34.0,8,1,0,792.0442,2483.2253
2451,133,9.9386,111756.2277,350379.5009,29.0,7,0,0,840.2724,2634.4323
2452,134,9.7741,101607.0087,318559.7621,26.0,6,1,0,758.2613,2377.3117
2453,134,9.7722,113238.0767,355026.4601,26.0,5,0,0,845.0603,2649.4512
2454,135,9.7202,109857.6,344426.9357,32.0,7,1,0,813.76,2551.3106
2455,135,9.7432,108407.4104,339880.7136,34.0,5,0,0,803.0179,2517.6349
2456,136,9.8078,121097.2392,379666.1851,39.0,7,1,0,890.4209,2791.6631
2457,134,9.8888,118933.6212,372883.6152,33.0,6,0,2,887.5643,2782.7135
2458,135,9.808,111280.6614,348887.7383,29.0,8,1,0,824.3012,2584.3536
2459,134,9.8584,119057.0966,373269.9779,35.0,7,0,1,888.4858,2785.5968
2460,135,9.9222,117870.1126,369548.2465,25.0,7,1,0,873.1119,2737.3944
2461,134,10.2432,124204.7222,389408.9666,16.0,5,0,1,926.9009,2906.0371
2462,135,10.292,113181.2935,354848.8019,21.0,6,1,0,838.38,2628.5096
2463,134,10.2474,98398.5308,308500.4264,18.0,4,0,1,734.3174,2302.242
2464,134,10.0461,102313.6697,320774.9895,18.0,4,1,1,763.5348,2393.8432
2465,134,10.1344,111279.5702,348885.8887,21.0,3,0,0,830.4446,2603.626
2466,133,10.3042,118295.6411,370883.1417,25.0,5,1,2,889.4409,2788.5951
2467,132,10.4178,112929.2255,354058.4969,30.0,5,0,1,855.5244,2682.2613
2468,133,10.44,114278.3619,358287.9519,35.0,6,1,0,859.2358,2693.8944
2469,133,10.491,109674.0392,343851.9585,39.0,6,0,0,824.6168,2585.3531
2470,134,10.4915,116381.9087,364883.4324,45.0,7,1,0,868.5217,2723.0107
2471,134,10.3694,97767.3048,306521.6212,51.0,6,0,0,729.6068,2287.4748
2472,135,10.2405,101091.1667,316941.9507,53.0,6,1,0,748.8235,2347.7182
2473,134,10.205,109412.6997,343032.6762,59.0,6,0,1,816.5127,2559.9453
2474,135,10.1772,114863.4319,360121.9864,33.0,5,1,0,850.8402,2667.5703
2475,134,10.197,108298.6843,339540.1502,21.0,4,0,1,808.1991,2533.8817
2476,135,10.1924,105599.3971,331076.8688,14.0,4,1,0,782.2178,2452.4213
2477,134,10.4044,114381.653,358612.4572,14.0,2,0,1,853.5944,2676.2124
2478,134,10.3181,112130.5883,351554.5375,16.0,3,1,1,836.7954,2623.5413
2479,133,10.4361,115230.4419,361272.7475,9.0,3,0,1,866.3943,2716.3364
2480,134,10.4546,110167.9835,345400.6965,11.0,4,1,0,822.1491,2577.6171
2481,133,10.3387,100552.6347,315254.6968,14.0,3,0,1,756.0348,2370.3361
2482,134,10.2466,105627.3747,331164.7521,17.0,4,1,0,788.264,2471.3787
2483,133,10.4902,120303.7108,377179.3465,10.0,3,0,1,904.5392,2835.9349
2484,133,10.3168,106907.1007,335177.535,13.0,4,1,1,803.8128,2520.1318
2485,132,10.3268,108987.9838,341701.9278,18.0,5,0,1,825.6665,2588.651
2486,133,10.2752,113788.5459,356751.7913,22.0,6,1,0,855.553,2682.3443
2487,132,10.1513,96122.6398,301365.831,25.0,5,0,1,728.2018,2283.0745
2488,133,10.1585,118467.3189,371421.5217,11.0,4,1,0,890.7317,2792.643
2489,133,10.2513,116673.9704,365799.2307,13.0,3,0,0,877.2479,2750.3702
2490,134,10.1659,101065.6041,316862.9264,5.0,3,1,0,754.2209,2364.6487
2491,134,10.2793,120431.918,377581.2281,3.0,1,0,0,898.7457,2817.7704
2492,135,10.297,122919.8194,385382.1373,4.0,2,1,0,910.5172,2854.6825
2493,135,10.318,123868.4166,388356.5429,6.0,2,0,0,917.5438,2876.7151
2494,136,10.3348,121828.5581,381960.4678,10.0,5,1,0,895.7982,2808.5329
2495,136,10.2858,113948.9348,357255.5117,13.0,4,0,0,837.8598,2626.8788
2496,137,10.2561,116799.9402,366193.2988,19.0,7,1,0,852.5543,2672.9438
2497,135,10.3528,123336.8917,386688.5262,23.0,5,0,2,913.6066,2864.3595
2498,135,10.2061,103497.5842,324487.0016,8.0,4,1,1,766.6488,2403.6074
2499,135,10.2242,105527.0688,330850.0854,8.0,3,0,0,781.682,2450.7414
2500,136,10.3406,122049.6642,382653.1592,8.0,4,1,0,897.424,2813.6262
2501,135,10.4478,123536.4629,387314.7121,11.0,3,0,1,915.0849,2868.9979
2502,136,10.4649,122837.3432,385123.239,14.0,4,1,0,903.2158,2831.7885
2503,135,10.6344,119584.0184,374923.7504,17.0,3,0,1,885.8075,2777.213
2504,136,10.6796,123576.5048,387440.6192,16.0,4,1,0,908.6508,2848.8281
2505,134,10.6782,127604.5304,400069.3928,20.0,4,0,2,952.2726,2985.5925
2506,135,10.669,115380.9503,361745.726,22.0,4,1,0,854.6737,2679.598
2507,135,10.8255,121099.7729,379674.767,26.0,4,0,0,897.0354,2812.4057
2508,134,10.9224,120606.4294,378128.2633,24.0,4,1,2,900.048,2821.8527
2509,133,10.9898,109563.378,343506.1798,28.0,4,0,1,823.7848,2582.7532
2510,133,11.1322,120644.9953,378249.1323,29.0,3,0,0,907.1052,2843.9784
2511,133,11.1325,108222.7137,339303.4688,32.0,3,0,0,813.7046,2551.1539
2512,134,10.9831,108823.6576,341186.6311,35.0,4,1,0,812.1168,2546.1689
2513,133,10.9666,118863.2929,372664.2824,38.0,3,0,1,893.709,2801.9871
2514,134,10.6636,101514.6294,318270.9739,6.0,3,2,1,757.5719,2375.1565
2515,132,10.7527,117874.7574,369564.5196,8.0,2,0,2,892.9906,2799.7312
2516,132,10.6818,109035.8677,341851.77,11.0,4,1,1,826.0293,2589.7861
2517,132,10.6692,109587.8733,343581.8584,15.0,4,0,0,830.2112,2602.8929
2518,130,10.5836,98436.9477,308621.1913,23.0,9,1,3,757.2073,2374.0092
2519,130,10.6381,111079.7186,348259.5987,31.0,8,0,0,854.4594,2678.92
2520,130,10.7666,122907.1891,385341.3692,24.0,6,1,1,945.4399,2964.1644
2521,130,10.8739,112523.4202,352785.8388,23.0,5,0,0,865.5648,2713.7372
2522,131,10.9729,122008.7546,382525.4925,28.0,6,1,0,931.3645,2920.0419
2523,129,11.0747,134777.8826,422560.9714,33.0,5,0,2,1044.7898,3275.6664
2524,130,10.9107,98995.925,310374.2557,39.0,7,1,0,761.5071,2387.4943
2525,129,10.9148,118224.4617,370660.8485,45.0,6,0,1,916.4687,2873.3399
2526,130,10.8461,104259.7701,326877.7603,28.0,5,1,0,801.9982,2514.4443
2527,130,10.9393,108445.3141,340000.8416,25.0,3,0,0,834.1947,2615.3911
2528,131,10.9828,120712.6066,378461.3394,29.0,5,1,0,921.4703,2889.0179
2529,131,10.7801,96330.5129,302017.6014,31.0,5,0,0,735.3474,2305.4779
2530,132,10.7216,115225.1119,361256.2539,14.0,5,1,0,872.9175,2736.7898
2531,132,10.716,106860.6637,335031.8331,19.0,5,0,0,809.5505,2538.1199
2532,132,10.5946,100189.8842,314117.0102,10.0,4,1,1,759.0143,2379.6743
2533,132,10.6923,111115.6089,348371.9884,15.0,5,0,0,841.7849,2639.1817
2534,131,10.6863,112812.6509,353692.2911,12.0,4,1,2,861.1653,2699.9412
2535,131,10.6607,102191.155,320392.0989,15.0,3,0,0,780.0852,2445.7412
2536,132,10.5887,107827.3164,338062.9396,10.0,3,1,0,816.8736,2561.0829
2537,132,10.5804,108652.2757,340649.2653,6.0,2,0,0,823.1233,2580.6763
2538,131,10.588,109721.762,344002.4555,9.0,4,0,1,837.5707,2625.9729
2539,132,10.531,108931.9674,341526.3873,9.0,3,1,0,825.2422,2587.3211
2540,132,10.6047,119740.9826,375414.7124,11.0,3,1,1,907.1287,2844.0509
2541,131,10.5893,108275.669,339468.1785,5.0,2,0,1,826.5318,2591.3601
2542,132,10.529,108229.0468,339322.5886,5.0,2,1,0,819.917,2570.6257
2543,132,10.636,119031.1597,373190.2606,6.0,1,0,0,901.7512,2827.1989
2544,131,10.7944,128167.1936,401834.0569,10.0,4,0,1,978.3755,3067.4355
2545,132,10.7411,109413.8143,343036.3942,8.0,6,1,0,828.8925,2598.7606
2546,133,10.7022,111773.9359,350435.6652,11.0,6,1,0,840.4055,2634.8546
2547,133,10.7632,118161.8223,370464.1488,16.0,5,0,0,888.4348,2785.4447
2548,134,10.8034,123406.8108,386909.1463,14.0,5,1,0,920.9463,2887.3817
2549,134,10.8822,115333.4193,361597.0456,12.0,3,0,0,860.6972,2698.4854
2550,135,10.7973,117311.0971,367796.7356,15.0,4,1,0,868.9711,2724.4203
2551,134,10.824,115218.4131,361236.1046,18.0,3,0,1,859.8389,2695.7918
2552,135,10.6544,104400.3995,327318.4962,22.0,5,1,0,773.3363,2424.5815
2553,135,10.8726,128983.9863,404394.2361,17.0,4,0,0,955.4369,2995.5129
2554,136,10.8213,111598.8148,349887.1536,6.0,4,1,0,820.5795,2572.6997
2555,136,10.9584,127268.7528,399016.3607,7.0,2,0,0,935.7997,2933.9438
2556,137,11.0277,120166.3866,376749.3835,9.0,3,1,0,877.1269,2749.9955
2557,136,10.9325,107059.1545,335654.8822,5.0,1,0,1,787.1997,2468.0506
2558,137,10.9008,123765.3572,388032.2563,8.0,4,1,0,903.3968,2832.3522
2559,136,10.8717,109136.1293,342166.2907,12.0,4,0,1,802.4715,2515.9286
2560,137,10.7817,124254.9094,389566.9981,16.0,5,1,0,906.9701,2843.5547
2561,137,10.7977,114089.9867,357697.602,21.0,5,0,0,832.7736,2610.9314
2562,138,10.801,121802.3279,381877.3568,21.0,5,1,0,882.6256,2767.2272
2563,138,10.8738,129699.5856,406637.749,25.0,4,0,0,939.8521,2946.6504
2564,139,10.8276,122369.7885,383656.969,30.0,6,1,0,880.3582,2760.1221
2565,139,10.8216,109730.9234,344030.4986,16.0,4,0,0,789.4311,2475.0396
2566,139,10.8132,123373.9924,386805.1156,21.0,6,1,1,887.5827,2782.7706
2567,139,10.8851,110741.1138,347197.2712,26.0,5,0,0,796.6987,2497.8221
2568,140,10.6045,100422.595,314846.8275,27.0,5,1,0,717.3042,2248.9059
2569,140,10.5822,119472.5796,374573.8212,25.0,3,0,0,853.3756,2675.5273
2570,141,10.5864,127663.8916,400254.9998,23.0,3,1,0,905.4177,2838.6879
2571,140,10.7762,128121.3797,401689.7836,26.0,3,0,1,915.1527,2869.2127
2572,141,10.8465,123666.8468,387722.3077,29.0,4,1,0,877.0698,2749.8036
2573,141,10.9719,125573.8706,393702.1827,29.0,2,0,0,890.5948,2792.2141
2574,142,11.1011,132519.0148,415477.4945,31.0,3,1,0,933.2325,2925.8978
2575,141,11.2532,131188.891,411307.5298,35.0,4,0,1,930.4177,2917.0747
2576,140,11.1692,113983.8461,357365.3969,4.0,3,1,2,814.1703,2552.61
2577,140,11.1926,120550.1521,377952.0261,6.0,2,0,0,861.0725,2699.6573
2578,141,11.202,128948.8909,404284.4067,8.0,3,1,0,914.5311,2867.2653
2579,141,11.2626,116356.8258,364805.154,10.0,2,0,0,825.2257,2587.2706
2580,140,11.2309,111259.9348,348824.9115,12.0,2,0,1,794.7138,2491.6065
2581,139,11.2837,115687.2604,362705.1054,14.0,2,0,1,832.2824,2609.3892
2582,141,11.0559,116081.935,363942.6893,17.0,5,2,0,823.2761,2581.1538
2583,141,10.9254,108237.64,339349.4848,20.0,3,0,0,767.6428,2406.7339
2584,142,10.7106,101108.7969,316997.6953,23.0,4,1,0,712.0338,2232.3781
2585,142,10.5826,115261.9243,361371.9223,14.0,4,0,0,811.7037,2544.8727
2586,142,10.6212,123552.1631,387363.226,4.0,3,1,1,870.0857,2727.91
2587,142,10.7561,129016.7373,404496.6202,3.0,1,0,0,908.5686,2848.5677
2588,143,10.7874,123213.1631,386301.436,5.0,3,1,0,861.6305,2701.4086
2589,142,11.0226,144141.0649,451916.2881,8.0,3,0,1,1015.0779,3182.5091
2590,143,11.1968,144527.4982,453127.7134,11.0,4,1,0,1010.6818,3168.7253
2591,142,11.4295,136863.5028,429098.9134,15.0,4,0,1,963.8275,3021.8233
2592,142,11.2682,116581.7788,365510.1342,19.0,5,1,1,820.9984,2574.015
2593,142,11.1913,110580.2143,346693.6883,18.0,3,0,0,778.7339,2441.5048
2594,141,11.0949,113856.4116,356965.6755,4.0,2,1,2,807.4923,2531.6715
2595,141,11.1469,118453.811,371378.7656,6.0,2,0,0,840.098,2633.892
2596,140,11.1046,127219.3951,398862.6992,8.0,3,1,2,908.71,2849.0193
2597,140,11.0493,112290.4586,352056.5959,10.0,2,0,0,802.0747,2514.69
2598,141,11.0737,127587.3445,400015.1807,8.0,2,1,0,904.8748,2836.9871
2599,140,11.1785,122993.9974,385614.0319,12.0,4,0,1,878.5286,2754.3859
2600,140,11.0374,113620.956,356227.6068,6.0,4,1,1,811.5783,2544.4829
2601,138,11.0974,110805.968,347401.5302,6.0,2,0,2,802.9418,2517.4024
2602,138,11.2709,132577.1627,415660.1809,6.0,4,1,1,960.7041,3012.0303
2603,137,11.3787,107773.0361,337892.9064,7.0,2,0,1,786.6645,2466.3716
2604,135,11.3363,110499.0816,346439.9623,9.0,3,1,3,818.5117,2566.2219
2605,135,11.4069,127166.7232,398697.6942,11.0,2,0,0,941.9757,2953.3163
2606,135,11.2016,106467.7265,333800.0066,13.0,3,1,1,788.6498,2472.5926
2607,134,11.1839,110379.8069,346065.7617,17.0,4,0,1,823.7299,2582.5803
2608,134,10.9362,101597.4316,318530.3834,22.0,6,1,1,758.1898,2377.0924
2609,133,11.013,113152.0298,354757.4014,21.0,3,0,1,850.7671,2667.3489
2610,133,10.9686,115070.7929,360772.082,26.0,6,1,1,865.1939,2712.572
2611,133,10.9872,108537.2962,340287.964,22.0,5,0,0,816.0699,2558.5561
2612,133,10.9184,100533.3371,315193.8547,11.0,5,1,1,755.8898,2369.8786
2613,133,11.0056,113938.0809,357221.421,13.0,3,0,0,856.6773,2685.8753
2614,134,11.0361,115121.7566,360932.4101,13.0,4,1,0,859.1176,2693.5254
2615,133,11.1817,114820.2029,359987.0163,17.0,4,0,1,863.3098,2706.6693
2616,134,11.0662,107443.7327,336860.7635,19.0,4,1,0,801.8189,2513.8863
2617,134,11.0803,116738.5624,366001.7657,22.0,3,0,0,871.1833,2731.3565
2618,135,11.0261,119424.8425,374424.2133,26.0,5,1,0,884.6285,2773.5127
2619,135,11.0544,111855.682,350693.0487,8.0,2,0,0,828.5606,2597.7263
2620,136,11.0187,120264.2531,377055.8317,11.0,4,1,0,884.296,2772.4694
2621,136,10.9947,108131.1323,339016.0852,14.0,3,0,0,795.0819,2492.7653
2622,136,11.1274,127059.9148,398362.2109,18.0,5,1,1,934.2641,2929.1339
2623,136,11.2929,130039.9416,407705.7815,22.0,4,0,0,956.176,2997.8366
2624,137,11.2512,116693.6015,365860.3585,20.0,5,1,0,851.7781,2670.5136
2625,137,11.0474,109027.404,341825.4689,24.0,4,0,0,795.8205,2495.0764
2626,137,10.8904,118892.2345,372753.3997,28.0,5,1,1,867.8265,2720.8277
2627,136,10.8718,106140.4197,332773.2962,27.0,6,0,1,780.4443,2446.8625
2628,137,10.9734,133175.2825,417534.762,33.0,8,1,0,972.0824,3047.699
2629,137,10.9608,112632.1165,353127.2882,40.0,7,0,0,822.1322,2577.5714
2630,138,11.0381,126315.8208,396028.5736,47.0,8,1,0,915.332,2869.7723
2631,136,11.0599,109381.6562,342935.3065,45.0,7,0,2,804.2769,2521.5831
2632,136,11.0117,117942.2034,369775.6514,43.0,7,1,1,867.2221,2718.9386
2633,136,10.8517,95071.6974,298070.0194,36.0,4,0,0,699.0566,2191.6913
2634,137,10.7206,112311.6696,352121.716,40.0,5,1,0,819.7932,2570.2315
2635,137,10.7796,107557.0444,337214.2135,24.0,5,0,0,785.0879,2461.4176
2636,138,10.8447,120457.4624,377660.592,23.0,5,1,0,872.8802,2736.671
2637,138,11.0344,119168.4053,373619.4689,24.0,3,0,0,863.5392,2707.3875
2638,139,11.0681,106923.3681,335228.8208,23.0,3,1,0,769.2329,2411.7181
2639,139,11.1954,119722.9966,375359.012,25.0,2,0,0,861.3165,2700.4245
2640,138,11.1717,121929.7526,382278.5072,27.0,3,1,2,883.5489,2770.1341
2641,137,11.1495,110624.6796,346833.5116,30.0,3,0,1,807.4794,2531.6315
2642,137,11.1161,119622.012,375042.3372,33.0,4,1,1,873.1534,2737.5353
2643,136,11.2451,119565.7459,374866.1488,36.0,3,0,1,879.1599,2756.3687
2644,136,11.2688,109438.3715,343113.3903,39.0,4,1,1,804.6939,2522.8926
2645,136,11.3556,113363.3111,355419.6388,42.0,3,0,0,833.5538,2613.3797
2646,137,11.3101,115220.6312,361243.0518,6.0,2,1,0,841.0265,2636.8106
2647,137,11.2536,105073.9099,329430.3564,7.0,1,0,0,766.9628,2404.6011
2648,138,11.0759,98324.4049,308269.6332,8.0,2,1,0,712.4957,2233.8379
2649,138,10.8838,93215.2143,292249.9053,11.0,3,0,0,675.4726,2117.7529
2650,139,10.8305,121782.2632,381814.6041,15.0,5,1,0,876.1314,2746.8677
2651,139,10.6825,107816.8162,338029.9366,8.0,3,0,0,775.6605,2431.87
2652,138,10.7116,120659.4408,378294.1594,12.0,5,1,2,874.3438,2741.262
2653,137,10.8897,112918.8089,354025.4695,8.0,3,0,1,824.2249,2584.1275
2654,138,11.0763,134888.7333,422906.7519,11.0,4,1,0,977.4546,3064.5417
2655,138,11.2075,115566.4809,362327.773,10.0,2,0,0,837.4383,2625.5636
2656,139,11.1468,119635.5322,375085.0446,12.0,3,1,0,860.6873,2698.4536
2657,139,11.0459,104825.9083,328652.9309,14.0,2,0,0,754.1432,2364.4096
2658,139,11.1645,120525.1496,377874.301,16.0,3,1,1,867.0874,2718.5202
2659,139,11.2352,109692.2834,343909.7097,7.0,1,0,0,789.1531,2474.1706
2660,140,11.0649,110024.0042,344949.611,9.0,3,1,0,785.8857,2463.9258
2661,140,11.1676,114837.9693,360042.4709,11.0,2,0,0,820.2712,2571.7319
2662,140,11.0991,110539.2145,346565.7887,13.0,3,1,1,789.5658,2475.4699
2663,139,11.1488,112922.3735,354036.75,16.0,3,0,1,812.3912,2547.027
2664,140,10.9697,116282.9102,364573.8686,20.0,5,1,0,830.5922,2604.0991
2665,140,10.9224,112366.1792,352292.0251,19.0,4,0,0,802.6156,2516.3716
2666,140,10.7312,116651.0514,365727.1624,19.0,4,1,1,833.2218,2612.3369
2667,140,10.34,88457.1606,277332.0638,18.0,2,0,0,631.8369,1980.9433
2668,141,10.3846,116856.6469,366371.6319,21.0,4,1,0,828.7705,2598.3804
2669,139,10.3256,102871.592,322524.25,25.0,4,0,2,740.0834,2320.3183
2670,140,10.2801,115941.0335,363500.1084,30.0,6,1,0,828.1502,2596.4293
2671,140,10.4299,128071.0928,401531.2295,36.0,6,0,0,914.7935,2868.0802
2672,141,10.2916,112166.1315,351665.449,23.0,7,1,0,795.5045,2494.0812
2673,141,10.3596,124588.0354,390611.8826,27.0,5,0,0,883.6031,2770.297
2674,142,10.1252,108222.6033,339300.3334,27.0,7,1,0,762.131,2389.439
2675,142,9.8837,102185.2038,320371.9034,16.0,5,0,0,719.6141,2256.1402
2676,142,9.7064,108293.8751,339523.5727,19.0,7,1,1,762.6329,2391.0111
2677,141,9.8409,113839.4281,356910.8638,23.0,5,0,1,807.3718,2531.2827
2678,141,9.7623,108552.0878,340333.2193,25.0,5,1,1,769.873,2413.7108
2679,140,9.8906,118752.9409,372316.0945,30.0,5,0,1,848.2353,2659.4007
2680,141,9.9646,134097.048,420424.2897,15.0,5,1,0,951.0429,2981.7326
2681,141,9.98,101897.3766,319469.6142,16.0,3,0,0,722.6764,2265.7419
2682,141,9.9806,116231.4957,364410.5062,21.0,6,1,1,824.3368,2584.4717
2683,141,10.0916,127837.3142,400798.3562,26.0,5,0,0,906.6476,2842.5415
2684,142,10.1156,117663.0199,368899.1351,33.0,8,1,0,828.6128,2597.8812
2685,141,10.2788,128304.9758,402264.6304,18.0,5,0,1,909.9644,2852.9406
2686,142,10.2284,116797.5348,366186.742,24.0,7,1,0,822.5179,2578.7799
2687,141,10.2208,120791.9576,378709.8949,28.0,5,0,1,856.6806,2685.8858
2688,142,10.3591,134072.6011,420347.1721,27.0,6,1,0,944.1732,2960.1914
2689,141,10.4079,117245.2138,367590.0345,24.0,3,0,1,831.5263,2607.0215
2690,142,10.2882,112052.4968,351309.4428,27.0,4,1,0,789.1021,2474.0102
2691,142,10.1997,112872.6853,353881.5637,31.0,4,0,0,794.8781,2492.1237
2692,141,10.21,114114.7808,357775.3738,36.0,5,0,1,809.3247,2537.414
2693,139,10.2579,120853.8678,378903.6404,39.0,5,0,2,869.4523,2725.9255
2694,140,10.2972,124151.0548,389241.2102,31.0,6,2,1,886.7932,2780.2944
2695,138,10.2932,107214.0567,336138.7225,23.0,3,0,2,776.9135,2435.7878
2696,138,10.4106,120518.9234,377853.2149,4.0,2,1,1,873.3255,2738.0668
2697,138,10.525,115152.2312,361028.6161,6.0,2,0,0,834.4365,2616.1494
2698,139,10.5596,116741.1584,366009.6095,8.0,3,1,0,839.8644,2633.1627
2699,138,10.5804,111415.6705,349313.3552,10.0,2,0,1,807.3599,2531.2562
2700,137,10.6009,126653.4966,397087.5952,12.0,3,1,2,924.4781,2898.4496
2701,137,10.6948,122816.9478,385059.2586,9.0,1,0,0,896.4741,2810.6515
2702,138,10.6361,118261.7461,370778.5781,11.0,3,1,0,856.9692,2686.8013
2703,138,10.6874,118168.7443,370485.956,13.0,2,0,0,856.2952,2684.6808
2704,139,10.7191,127024.0561,398249.7578,15.0,3,1,0,913.8421,2865.1062
2705,138,10.9465,134645.074,422144.2819,19.0,4,0,1,975.6889,3059.0165
2706,139,10.8829,106941.302,335285.2262,23.0,5,1,0,769.3619,2412.1239
2707,139,10.914,118945.4576,372920.609,12.0,3,0,0,855.7227,2682.8821
2708,139,10.9012,118954.1035,372948.2629,11.0,3,1,1,855.7849,2683.081
2709,139,10.9257,110719.162,347129.1691,13.0,2,0,0,796.5407,2497.3322
2710,140,10.9684,121247.1823,380137.3515,9.0,2,1,0,866.0513,2715.2668
2711,139,10.9578,104356.2363,327180.346,12.0,3,0,1,750.7643,2353.8154
2712,139,10.8926,113285.3276,355174.6412,15.0,4,1,1,815.0024,2555.2132
2713,138,10.976,121070.6966,379584.5653,18.0,3,0,1,877.3239,2750.6128
2714,139,10.9783,116129.7281,364093.1357,18.0,4,1,0,835.4657,2619.3751
2715,139,10.937,114811.3632,359959.68,14.0,1,0,0,825.981,2589.638
2716,139,10.9921,126831.2309,397645.4301,15.0,2,1,1,912.4549,2860.7585
2717,139,11.0157,105393.0181,330431.015,16.0,1,0,0,758.2232,2377.2015
2718,139,10.9944,123681.4516,387770.0558,0.0,1,1,1,889.7946,2789.7126
2719,138,11.0114,113281.781,355164.4122,0.0,0,0,1,820.8825,2573.6552
2720,138,10.9464,110225.8935,345583.0095,0.0,1,1,1,798.7384,2504.2247
2721,138,10.9304,120699.307,378419.9692,0.0,0,0,0,874.6327,2742.1737
2722,139,10.9362,122178.0584,383055.9676,1.0,2,1,0,878.9788,2755.7983
2723,138,10.8763,98791.032,309731.3032,2.0,1,0,1,715.877,2244.4297
2724,139,10.8841,116785.4107,366148.3337,4.0,3,1,0,840.1828,2634.1607
2725,138,11.0358,119414.1884,374390.8835,7.0,3,0,1,865.3202,2712.9774
2726,139,10.9606,108077.7589,338847.5508,5.0,3,1,0,777.5378,2437.7522
2727,138,10.9675,115007.3171,360574.547,3.0,1,0,1,833.3864,2612.859
2728,138,10.7661,100170.8344,314057.8945,0.0,1,1,1,725.8756,2275.7818
2729,137,10.8036,105266.1601,330033.0528,0.0,0,0,1,768.3661,2409.0004
2730,137,10.7783,118250.6214,370742.6428,1.0,2,1,1,863.1432,2706.1507
2731,136,10.7904,116760.0567,366069.6584,4.0,3,0,1,858.5298,2691.6887
2732,137,10.7514,114924.5089,360314.3496,5.0,3,1,0,838.865,2630.0317
2733,137,10.8223,117475.713,368312.418,5.0,2,0,0,857.487,2688.4118
2734,137,10.5197,93591.764,293430.5791,3.0,4,1,1,683.1516,2141.829
2735,137,10.5237,110744.439,347208.3209,4.0,2,0,0,808.3536,2534.3673
2736,138,10.4422,108128.6072,339006.0785,6.0,3,1,0,783.5406,2456.5658
2737,138,10.4631,114843.1399,360059.0891,10.0,4,0,0,832.1967,2609.1238
2738,139,10.4661,114333.2081,358460.2379,10.0,5,1,0,822.5411,2578.8506
2739,139,10.4673,113899.9716,357101.5884,14.0,4,0,0,819.4243,2569.0762
2740,140,10.3263,103362.2003,324062.8119,18.0,5,1,0,738.3014,2314.7344
2741,139,10.3718,120374.9446,377402.3703,14.0,3,0,1,866.0068,2715.125
2742,139,10.394,117774.455,369249.4629,17.0,4,1,1,847.2982,2656.471
2743,139,10.4869,128457.9011,402744.593,22.0,5,0,0,924.1576,2897.4431
2744,140,10.4869,120073.7388,376458.4587,28.0,7,1,0,857.6696,2688.989
2745,140,10.5747,125146.5668,392362.5928,25.0,5,0,0,893.904,2802.5899
2746,139,10.4903,112107.6606,351482.8042,24.0,4,0,1,806.5299,2528.6533
2747,139,10.5466,119440.5732,374472.9724,28.0,4,0,0,859.2847,2694.0502
2748,141,10.4555,112185.5003,351725.4445,29.0,5,2,0,795.6418,2494.5067
2749,140,10.5136,117966.0629,369849.87,16.0,2,0,1,842.6147,2641.7848
2750,140,10.4057,105972.6365,332247.46,19.0,4,1,1,756.9474,2373.1961
2751,140,10.3734,117813.8,369373.302,11.0,2,0,0,841.5271,2638.3807
2752,141,10.3461,119251.841,373881.9679,4.0,3,1,0,845.7577,2651.6452
2753,141,10.4174,127409.9884,399458.9341,8.0,4,0,0,903.6169,2833.0421
2754,142,10.1807,105473.106,330681.3861,7.0,4,1,0,742.7684,2328.7422
2755,141,10.0942,108525.1685,340249.8388,11.0,4,0,1,769.682,2413.1194
2756,142,10.1395,129890.6176,407236.7515,16.0,6,1,0,914.7227,2867.8644
2757,141,10.403,132449.9445,415260.8557,10.0,3,0,1,939.3613,2945.1125
2758,141,10.4945,120864.4274,378937.3186,13.0,4,1,1,857.1945,2687.4987
2759,139,10.7235,132794.3344,416340.9519,13.0,3,0,2,955.3549,2995.2586
2760,140,10.7084,120081.4109,376482.4635,16.0,4,1,0,857.7244,2689.1605
2761,140,10.9003,130736.1693,409887.5911,16.0,2,0,0,933.8298,2927.7685
2762,140,10.8647,119120.0836,373468.1833,19.0,4,1,1,850.8577,2667.6299
2763,139,10.9862,113711.0858,356509.3024,21.0,3,0,1,818.0654,2564.8151
2764,140,10.9259,118979.8117,373028.7723,22.0,3,1,0,849.8558,2664.4912
2765,140,10.9095,112469.094,352616.5529,12.0,2,0,0,803.3507,2518.6897
2766,140,10.7632,105253.9352,329994.4735,12.0,2,1,1,751.8138,2357.1034
2767,138,10.824,120877.4516,378978.4302,13.0,1,0,2,875.9236,2746.2205
2768,139,10.7157,111059.84,348197.4312,14.0,2,1,0,798.9917,2505.0175
2769,139,10.8156,117718.2588,369073.2699,17.0,3,0,0,846.8939,2655.2034
2770,139,10.9625,135161.7696,423763.5855,5.0,3,0,0,972.3868,3048.6589
2771,139,11.108,123868.6579,388357.4171,8.0,3,0,0,891.1414,2793.9383
2772,140,11.113,123657.5762,387694.9346,8.0,3,1,0,883.2684,2769.2495
2773,141,11.0298,116226.9397,364398.3343,11.0,4,1,0,824.3045,2584.3853
2774,142,10.8941,115091.8009,360839.2681,8.0,3,1,0,810.5056,2541.1216
2775,142,10.8278,110106.4329,345208.2412,4.0,2,0,0,775.3974,2431.044
2776,142,10.7128,114071.2741,357638.8436,7.0,4,1,1,803.3188,2518.5834
2777,142,10.7537,114481.3842,358924.8107,9.0,4,0,0,806.2069,2527.6395
2778,142,10.734,119633.4961,375077.7823,13.0,5,1,1,842.4894,2641.3928
2779,142,10.6539,119658.2502,375155.2132,14.0,3,0,0,842.6637,2641.9381
2780,143,10.534,110300.5178,345816.7526,18.0,5,1,0,771.3323,2418.299
2781,142,10.5783,125070.59,392124.4012,22.0,4,0,1,880.7788,2761.4394
2782,143,10.4413,119316.0302,374082.2662,27.0,6,1,0,834.3778,2615.9599
2783,142,10.3631,114421.3811,358736.163,27.0,6,0,1,805.7844,2526.311
2784,143,10.3826,129098.45,404751.9191,34.0,8,1,0,902.7864,2830.433
2785,142,10.5975,132014.0357,413893.98,35.0,6,0,1,929.6763,2914.7463
2786,142,10.7139,125653.6552,393952.1033,38.0,5,0,0,884.8849,2774.3106
2787,141,10.7283,120327.8952,377255.2173,38.0,4,0,1,853.3893,2675.5689
2788,143,10.7287,128398.4695,402558.2676,42.0,6,2,0,897.8914,2815.0928
2789,143,10.9042,133467.9944,418452.489,40.0,5,0,0,933.3426,2926.2412
2790,144,10.8033,125357.1407,393023.0512,45.0,6,1,0,870.5357,2729.3267
2791,144,10.8198,115222.6732,361248.7568,47.0,4,0,0,800.1575,2508.6719
2792,144,10.8318,122813.9125,385048.6795,51.0,5,1,1,852.8744,2673.9492
2793,144,10.7975,114639.838,359421.5398,56.0,5,0,0,796.11,2495.9829
2794,145,10.7381,121600.6877,381245.6153,55.0,5,1,0,838.6254,2629.2801
2795,145,10.9124,131616.6511,412648.0792,36.0,3,0,0,907.701,2845.8488
2796,146,10.9699,121205.7341,380007.3809,0.0,1,1,0,830.1763,2602.7903
2797,145,11.0497,114883.2765,360184.7714,0.0,0,0,1,792.2985,2484.0329
2798,145,11.1254,132261.9656,414671.3816,2.0,3,1,1,912.1515,2859.8026
2799,144,11.2988,136139.541,426829.3142,3.0,2,0,1,945.4135,2964.0925
2800,143,11.3275,112004.5083,351159.9369,5.0,3,1,2,783.2483,2455.6639
2801,143,11.3551,120851.625,378897.9469,7.0,2,0,0,845.1163,2649.636
2802,144,11.1232,108618.5764,340543.8144,10.0,4,1,0,754.2957,2364.8876
2803,144,11.0015,116841.5811,366324.1467,14.0,4,0,0,811.3999,2543.9177
2804,145,10.991,122936.3452,385432.5475,17.0,5,1,0,847.8369,2658.1555
2805,144,11.0513,118525.1588,371603.5455,13.0,3,0,1,823.0914,2580.5802
2806,144,10.9039,118306.2324,370916.7836,16.0,4,1,1,821.5711,2575.811
2807,144,10.9056,118404.6678,371224.7681,10.0,2,0,0,822.2546,2577.9498
2808,144,10.8191,118119.3526,370330.5268,12.0,3,1,1,820.2733,2571.7398
2809,143,10.8821,108372.1771,339771.121,15.0,3,0,1,757.8474,2376.0218
2810,144,10.7859,123673.5064,387744.5382,11.0,3,1,0,858.8438,2692.6704
2811,142,10.9405,123488.323,387164.2933,3.0,1,0,2,869.6361,2726.5091
2812,143,11.1052,144890.7731,454266.7449,4.0,2,1,0,1013.2222,3176.6905
2813,142,11.1637,133223.8382,417688.1902,6.0,2,0,1,938.196,2941.4661
2814,142,11.1661,123221.8122,386328.9068,9.0,4,1,1,867.7592,2720.6261
2815,141,11.2834,123884.3786,388406.4326,13.0,4,0,1,878.6126,2754.6556
2816,142,11.3318,127749.2644,400522.8152,17.0,5,1,0,899.6427,2820.5832
2817,142,11.2456,105362.0298,330332.8048,21.0,4,0,0,741.9861,2326.2874
2818,141,11.2304,115223.9137,361252.6138,22.0,5,1,2,817.1909,2562.0753
2819,141,11.267,116348.245,364778.0012,26.0,4,0,0,825.1649,2587.078
2820,140,11.1698,114970.8525,360459.6067,30.0,5,1,2,821.2204,2574.7115
2821,139,11.2577,116451.8176,365102.6928,27.0,4,0,1,837.7829,2626.6381
2822,140,11.1335,112900.7779,353969.133,32.0,6,1,0,806.4341,2528.351
2823,140,11.097,113074.4564,354513.4801,23.0,5,0,0,807.6747,2532.2391
2824,140,10.9583,106472.6021,333814.5826,25.0,5,1,1,760.5186,2384.3899
2825,140,11.0464,129574.5079,406245.5869,29.0,4,0,0,925.5322,2901.7542
2826,141,11.0244,115824.4233,363135.466,34.0,6,1,0,821.4498,2575.4288
2827,139,11.1432,124591.3709,390622.5895,28.0,4,0,2,896.3408,2810.2345
2828,140,11.139,121527.8601,381017.7343,32.0,5,1,0,868.0561,2721.5552
2829,140,11.232,130609.6428,409491.7956,36.0,4,0,0,932.926,2924.9414
2830,141,11.002,106623.4721,334288.1814,41.0,6,1,0,756.1948,2370.8382
2831,141,10.9725,126634.7201,397028.6618,16.0,2,0,0,898.1186,2815.8061
2832,142,10.7879,107731.3097,337760.8434,0.0,1,1,0,758.6712,2378.5975
2833,141,10.6447,116808.5156,366221.006,3.0,3,0,1,828.4292,2597.3121
2834,142,10.5705,120944.2747,379188.3769,6.0,4,1,0,851.7202,2670.3407
2835,140,10.6871,121881.4305,382125.1333,11.0,5,0,2,870.5816,2729.4652
2836,141,10.7706,127866.2548,400889.7132,17.0,7,1,0,906.8529,2843.1895
2837,141,11.0197,139098.1149,436104.777,13.0,4,0,0,986.5115,3092.9417
2838,142,10.7598,100045.4109,313664.1313,18.0,6,1,0,704.5451,2208.9023
2839,142,10.8063,123760.3348,388016.5365,18.0,4,0,0,871.5517,2732.5108
2840,143,10.7965,130181.5297,408148.9711,22.0,5,1,0,910.3603,2854.1886
2841,143,10.8857,122580.0575,384316.473,26.0,4,0,0,857.2032,2687.5278
2842,144,10.843,126656.1193,397095.8133,22.0,4,1,0,879.5564,2757.6098
2843,144,10.9769,135904.3189,426091.4321,14.0,2,0,0,943.78,2958.9683
2844,144,10.8776,114126.1322,357810.4937,17.0,4,1,1,792.5426,2484.7951
2845,143,11.0377,140602.9863,440822.5912,21.0,4,0,1,983.2377,3082.6755
2846,144,10.9439,105530.7162,330861.1846,27.0,7,1,0,732.8522,2297.6471
2847,144,10.7678,107244.5013,336235.2729,30.0,6,0,0,744.7535,2334.9672
2848,145,10.6424,126081.5921,395293.8474,37.0,8,1,0,869.5282,2726.1645
2849,144,10.456,114741.8136,359740.3805,43.0,7,0,1,796.8182,2498.1971
2850,144,10.3039,112992.7039,354257.2121,50.0,8,1,1,784.6716,2460.1195
2851,144,10.3025,126414.3894,396336.4889,35.0,5,0,0,877.8777,2752.3367
2852,144,10.1812,120557.3669,377973.6174,41.0,7,1,1,837.2039,2624.8168
2853,143,10.1595,113316.7185,355271.938,32.0,6,0,1,792.4246,2484.4191
2854,143,10.2012,131054.0317,410883.2337,30.0,8,1,1,916.4618,2873.3093
2855,143,10.3736,128389.4993,402529.4863,15.0,4,0,0,897.8287,2814.8915
2856,142,10.5537,120584.536,378059.2298,5.0,3,1,2,849.1869,2662.3889
2857,141,10.8256,135539.148,424946.2448,7.0,2,0,1,961.2706,3013.8032
2858,142,10.8583,121831.8952,381971.0854,9.0,3,1,0,857.9711,2689.9372
2859,142,10.9476,129531.6309,406111.3817,11.0,2,0,0,912.1946,2859.9393
2860,143,10.9143,121646.2098,381389.6888,5.0,2,1,0,850.6728,2667.0608
2861,143,10.9828,119996.9415,376218.7035,7.0,2,0,0,839.1395,2630.9
2862,144,11.0202,132012.6419,413889.5058,2.0,2,1,0,916.7545,2874.2327
2863,143,11.0884,134826.5691,422712.7755,2.0,2,0,1,942.8431,2956.0334
2864,144,11.0815,122487.9709,384027.4418,2.0,2,1,0,850.6109,2666.8572
2865,142,11.1873,110394.1806,346110.5255,4.0,2,0,2,777.4238,2437.3981
2866,143,11.117,120047.1689,376375.3167,6.0,3,1,0,839.4907,2631.9952
2867,143,11.3091,140356.5622,440050.4229,8.0,2,0,0,981.5144,3077.2757
2868,144,11.1556,114146.6127,357875.7537,10.0,3,1,0,792.6848,2485.2483
2869,143,11.1697,114603.4711,359308.5145,0.0,0,0,1,801.4229,2512.647
2870,143,11.0846,109296.6892,342669.6412,0.0,1,1,1,764.3125,2396.2912
2871,141,11.1294,115412.197,361844.3261,0.0,0,0,2,818.5262,2566.2718
2872,139,11.1764,123659.7957,387701.7007,1.0,2,1,3,889.6388,2789.2209
2873,138,11.1529,109090.6117,342023.6782,3.0,2,0,1,790.5117,2478.4325
2874,138,11.0319,114511.3723,359018.6905,6.0,4,1,1,829.7926,2601.5847
2875,137,10.9514,108820.815,341177.5579,9.0,3,0,1,794.3125,2490.3471
2876,138,11.0432,138224.8293,433366.7582,9.0,3,1,0,1001.6292,3140.3388
2877,138,11.0684,112649.7662,353182.4168,11.0,2,0,0,816.3027,2559.2929
2878,139,10.9313,112259.4233,351958.2975,14.0,4,1,0,807.6218,2532.0741
2879,139,10.9239,109144.914,342194.4911,9.0,2,0,0,785.2152,2461.8309
2880,140,10.8781,126938.1984,397980.2344,12.0,4,1,0,906.7014,2842.716
2881,139,10.9613,126263.3867,395864.5494,15.0,3,0,1,908.3697,2847.9464
2882,140,10.9289,123233.3385,386364.8998,18.0,4,1,0,880.2381,2759.7493
2883,138,10.8624,104979.8136,329135.0209,21.0,3,0,2,760.7233,2385.0364
2884,139,10.8655,125167.8673,392430.3336,25.0,5,1,0,900.4883,2823.2398
2885,139,10.9739,131925.6437,413617.4531,29.0,4,0,0,949.1054,2975.6651
2886,138,10.9263,114575.2125,359219.3073,33.0,5,1,2,830.2552,2603.0385
2887,138,11.0452,127237.2247,398918.0929,19.0,3,0,0,922.0089,2890.7108
2888,138,10.874,108480.8454,340111.5217,11.0,2,1,1,786.0931,2464.5762
2889,138,10.7494,112065.6141,351350.7984,12.0,1,0,0,812.0697,2546.0203
2890,136,10.5104,108392.7034,339834.9689,13.0,2,1,3,797.0052,2498.7865
2891,136,10.3833,100731.8924,315816.9574,14.0,1,0,0,740.6757,2322.1835
2892,137,10.5157,132282.8981,414737.5121,15.0,2,1,0,965.5686,3027.2811
2893,137,10.6396,113753.2282,356642.5028,16.0,1,0,0,830.3155,2603.2299
2894,138,10.723,131441.0346,412097.7821,17.0,2,1,0,952.4713,2986.2158
2895,138,10.8406,122804.6063,385020.3885,18.0,1,0,0,889.8885,2790.0028
2896,139,10.9124,135052.8072,423422.7915,19.0,2,1,0,971.6029,3046.2071
2897,139,11.0327,119187.7597,373682.0234,20.0,1,0,0,857.4659,2688.3599
2898,140,11.1483,135233.6349,423989.0373,21.0,2,1,0,965.9545,3028.4931
2899,139,11.2531,122282.2659,383382.8526,2.0,2,0,1,879.7285,2758.15
2900,139,11.2993,122546.5756,384211.8701,4.0,3,1,1,881.63,2764.1142
2901,139,11.1247,106091.5585,332620.9154,7.0,3,0,0,763.2486,2392.9562
2902,140,11.0614,112798.0596,353646.4415,10.0,5,1,0,805.7004,2526.046
2903,139,11.1572,115539.0411,362241.2045,4.0,2,0,1,831.2161,2606.0518
2904,137,11.1805,116453.9662,365109.4372,6.0,3,1,3,850.029,2665.0324
2905,137,11.2463,114707.5289,359634.3049,4.0,1,0,0,837.2812,2625.0679
2906,137,11.2914,114585.7474,359251.6225,5.0,2,1,1,836.3923,2622.2746
2907,136,11.4414,118601.114,371842.2349,0.0,0,0,1,872.067,2734.1341
2908,136,11.4496,113478.499,355781.0095,0.0,1,1,1,834.4007,2616.0368
2909,134,11.5193,109350.9905,342840.6138,0.0,0,0,2,816.0522,2558.512
2910,135,11.3062,100516.7177,315142.2496,0.0,1,1,0,744.5683,2334.387
2911,133,11.3557,118133.6232,370376.5306,1.0,1,0,2,888.2227,2784.7859
2912,134,11.0798,102372.0706,320959.8273,0.0,1,1,0,763.9707,2395.2226
2913,134,10.9437,108586.1181,340442.4064,1.0,1,0,0,810.3442,2540.615
2914,134,10.6394,100385.7541,314731.6598,2.0,2,1,1,749.1474,2348.7437
2915,133,10.7452,119640.9043,375101.5269,5.0,3,0,1,899.5557,2820.3122
2916,134,10.7166,112239.8167,351897.5028,8.0,4,1,0,837.6106,2626.1008
2917,134,10.8227,105837.4706,331823.5025,6.0,2,0,0,789.8319,2476.2948
2918,134,10.7376,110673.8501,346987.0629,4.0,2,1,1,825.9243,2589.4557
2919,134,10.7475,107724.5905,337740.7619,0.0,0,0,0,803.9149,2520.4534
2920,135,10.6241,111771.2863,350428.8387,1.0,2,1,0,827.9355,2595.7692
2921,134,10.7268,121617.0032,381297.0378,1.0,1,0,1,907.5896,2845.5003
2922,134,10.8195,115090.496,360835.1899,2.0,1,0,0,858.8843,2692.7999
2923,134,10.9405,120377.8648,377412.2658,3.0,1,0,0,898.3423,2816.5094
2924,134,10.9222,123900.3582,388455.946,4.0,3,2,2,924.6295,2898.925
2925,134,10.9286,114293.3092,358335.6941,5.0,1,0,0,852.9351,2674.147
2926,134,10.9586,114486.9573,358942.7518,6.0,1,0,0,854.3803,2678.6773
2927,133,10.828,108935.6938,341538.2915,7.0,2,1,2,819.0654,2567.9571
2928,133,10.7019,112817.2455,353707.5344,9.0,3,1,1,848.25,2659.4551
2929,131,10.821,105878.3327,331951.9131,11.0,2,0,2,808.2315,2533.9841
2930,132,10.7005,109481.1464,343247.9235,13.0,3,1,0,829.4026,2600.3631
2931,132,10.8305,123271.6674,386485.151,4.0,1,0,0,933.8763,2927.9178
2932,132,10.9462,130572.1434,409373.9808,6.0,3,1,1,989.1829,3101.318
2933,132,10.9508,115840.8402,363187.8535,7.0,2,0,0,877.5821,2751.4231
2934,132,10.8897,119688.4776,375250.493,9.0,3,1,1,906.7309,2842.8068
2935,132,10.9398,117039.5198,366946.2706,8.0,1,0,0,886.663,2779.896
2936,132,10.8871,105773.4277,331623.5937,10.0,3,1,1,801.3138,2512.3
2937,130,10.8711,113861.7335,356982.3715,13.0,3,0,2,875.8595,2746.0182
2938,131,10.7503,105840.6126,331834.1652,16.0,4,1,0,807.9436,2533.0852
2939,131,10.8795,117857.762,369510.6797,17.0,4,0,0,899.6776,2820.6922
2940,132,10.8728,111788.7219,350482.8754,18.0,4,1,0,846.8843,2655.1733
2941,132,10.6774,102822.5413,322371.7241,21.0,3,0,0,778.9586,2442.21
2942,133,10.8001,114586.8309,359255.5926,18.0,3,1,0,861.5551,2701.1699
2943,132,10.7863,96444.9895,302375.5343,20.0,2,0,1,730.6439,2290.7237
2944,133,10.7213,113489.1197,355813.3908,17.0,2,1,0,853.3017,2675.2887
2945,133,10.6556,105830.581,331802.6207,18.0,1,0,0,795.7187,2494.7565
2946,134,10.6174,118541.7563,371654.8743,19.0,2,1,0,884.64,2773.5438
2947,134,10.6317,100776.3925,315955.9337,1.0,1,0,0,752.0626,2357.8801
2948,134,10.5511,105698.2643,331387.2945,3.0,3,1,1,788.793,2473.0395
2949,133,10.6176,115537.002,362234.8701,5.0,2,0,1,868.6993,2723.5705
2950,134,10.6338,118702.3237,372158.0575,8.0,4,1,0,885.8382,2777.2989
2951,134,10.7316,108669.8996,340704.0684,7.0,3,0,0,810.9694,2542.5677
2952,135,10.7787,112492.2837,352688.447,5.0,3,1,0,833.2762,2612.507
2953,135,10.836,109694.0075,343914.3884,7.0,2,0,0,812.5482,2547.514
2954,136,10.6894,100775.0506,315951.2878,10.0,4,1,0,740.993,2323.1712
2955,135,10.7045,108005.5651,338621.0427,2.0,1,0,1,800.0412,2508.304
2956,136,10.5468,104514.162,327675.0744,3.0,2,1,0,768.4865,2409.3755
2957,136,10.5177,103074.2605,323160.2604,4.0,1,0,0,757.899,2376.1784
2958,137,10.4502,104386.8431,327274.8376,5.0,2,1,0,761.9478,2388.8674
2959,137,10.4577,112562.9111,352910.2022,7.0,2,0,0,821.6271,2575.9869
2960,136,10.542,124865.672,391481.6324,9.0,3,1,2,918.1299,2878.5414
2961,136,10.723,119618.5364,375030.6031,13.0,4,0,0,879.5481,2757.578
2962,135,10.847,121595.4622,381229.2224,17.0,5,1,2,900.7071,2823.9202
2963,134,10.9017,108620.4157,340548.7124,21.0,4,0,1,810.6001,2541.4083
2964,133,10.734,101725.9369,318933.6601,19.0,4,1,2,764.8567,2397.9974
2965,132,10.7814,106055.4104,332507.1944,22.0,3,0,1,803.4501,2518.9939
2966,132,10.5778,89733.2046,281332.6617,25.0,4,1,1,679.797,2131.308
2967,132,10.713,105553.7964,330934.9119,28.0,3,0,0,799.65,2507.0827
2968,133,10.7259,111182.2531,348581.739,31.0,4,1,0,835.9568,2620.9153
2969,131,10.7779,114219.1751,358102.6625,19.0,3,0,2,871.9021,2733.6081
2970,131,10.6591,101303.5655,317609.1347,22.0,4,1,1,773.3097,2424.4972
2971,131,10.6288,102644.9274,321814.7218,5.0,3,0,0,783.5491,2456.6009
2972,131,10.6792,109558.6774,343490.0042,6.0,3,1,1,836.3258,2622.0611
2973,130,10.7964,101835.1251,319275.49,8.0,2,0,1,783.3471,2455.9653
2974,128,10.8388,110738.6767,347190.8549,10.0,3,1,3,865.1459,2712.4286
2975,127,11.1195,120837.376,378853.3954,5.0,1,0,1,951.4754,2983.0976
2976,128,11.0782,101682.8416,318798.647,7.0,3,1,0,794.3972,2490.6144
2977,128,11.021,103480.1849,324433.5997,10.0,3,0,0,808.4389,2534.6375
2978,128,10.7124,93317.6413,292571.2418,13.0,4,1,1,729.0441,2285.7128
2979,127,10.6329,102567.295,321571.1722,17.0,4,0,1,807.6165,2532.0565
2980,127,10.5832,108947.7028,341574.9384,21.0,5,1,1,857.8559,2689.5664
2981,127,10.6404,109838.6814,344368.5575,26.0,5,0,0,864.8715,2711.5634
2982,126,10.6488,102179.9451,320356.4877,30.0,6,1,2,810.9519,2542.5118
2983,126,10.7083,106580.8095,334154.529,35.0,5,0,0,845.8794,2652.0201
2984,126,10.6549,106890.6986,335125.3224,32.0,5,1,1,848.3389,2659.7248
2985,125,10.6489,105924.7431,332097.8009,30.0,4,0,1,847.3979,2656.7824
2986,125,10.5421,92173.3839,288983.0867,27.0,3,1,1,737.3871,2311.8647
2987,124,10.6196,104513.9818,327674.3002,30.0,3,0,1,842.8547,2642.5347
2988,124,10.5165,98484.6528,308770.3325,34.0,5,1,1,794.2311,2490.0833
2989,124,10.6819,106275.4816,333197.1723,19.0,3,0,0,857.0603,2687.074
2990,125,10.7174,113870.0503,357008.2027,19.0,4,1,0,910.9604,2856.0656
2991,125,10.8044,106683.744,334477.2263,18.0,2,0,0,853.47,2675.8178
2992,125,10.79,105321.8949,330207.7163,21.0,4,1,1,842.5752,2641.6617
2993,124,10.7541,102970.8806,322836.9244,20.0,2,0,1,830.4103,2603.5236
2994,124,10.6287,103460.2256,324370.8305,23.0,4,1,1,834.3567,2615.8938
2995,124,10.5223,96293.0154,301899.1272,7.0,3,0,0,776.5566,2434.6704
2996,124,10.4767,111269.289,348854.482,10.0,4,1,1,897.333,2813.3426
2997,123,10.5117,112347.4328,352235.3749,7.0,2,0,1,913.3938,2863.7022
2998,122,10.539,105168.2395,329725.7626,9.0,3,1,2,862.0348,2702.6702
2999,122,10.6046,103803.7755,325448.0477,13.0,4,0,0,850.8506,2667.6069
3000,123,10.6269,107258.8084,336279.9715,17.0,5,1,0,872.0228,2733.9835
3001,121,10.4479,86426.5402,270965.3452,22.0,5,0,2,714.2689,2239.383
3002,122,10.4078,106630.4339,334309.4598,27.0,6,1,0,874.02,2740.2415
3003,122,10.4357,96704.1287,303188.7002,33.0,6,0,0,792.6568,2485.1533
3004,122,10.3574,109537.8376,343425.0342,26.0,6,1,1,897.8511,2814.9593
3005,122,10.3906,94044.6558,294850.5792,16.0,4,0,0,770.8578,2416.808
3006,123,10.3099,104436.1211,327430.0054,15.0,5,1,0,849.0742,2662.0326
3007,122,10.4023,101366.9199,317807.7353,14.0,3,0,1,830.8764,2604.9814
3008,122,10.5678,106385.4855,333541.137,18.0,5,1,1,872.0122,2733.9437
3009,122,10.7372,108507.8621,340196.2632,18.0,4,0,0,889.4087,2788.494
3010,120,10.7964,96704.5193,303189.4381,20.0,4,1,3,805.871,2526.5787
3011,119,10.9218,99397.9065,311635.1326,10.0,2,0,1,835.2765,2618.7826
3012,120,11.0522,115091.651,360838.8081,7.0,2,1,0,959.0971,3006.9901
3013,120,11.0745,102232.365,320522.1854,0.0,0,0,0,851.9364,2671.0182
3014,121,10.8896,97038.7825,304238.2758,0.0,1,1,0,801.9734,2514.3659
3015,121,10.9566,113352.1927,355385.7083,1.0,1,0,0,936.795,2937.072
3016,121,11.0577,121193.2908,379969.7398,2.0,2,1,1,1001.5974,3140.2458
3017,121,11.1201,109711.3866,343970.0142,4.0,2,0,0,906.7057,2842.7274
3018,122,11.044,104839.8883,328696.7823,7.0,4,1,0,859.3433,2694.2359
3019,122,11.1674,114451.0187,358830.2999,5.0,2,0,0,938.1231,2941.232
3020,122,11.2594,115928.826,363463.4722,7.0,3,1,1,950.2363,2979.2088
3021,121,11.2124,92469.5097,289913.1649,10.0,3,0,1,764.2108,2395.9766
3022,122,11.2987,118757.7462,372333.2222,13.0,4,1,0,973.4241,3051.9117
3023,122,11.2785,107260.5327,336286.2689,16.0,3,0,0,879.1847,2756.4448
3024,123,11.1952,107439.9545,336849.4184,20.0,5,1,0,873.4956,2738.6132
3025,123,11.2086,102485.8865,321316.1281,16.0,4,0,0,833.2186,2612.3262
3026,124,11.0455,96166.7056,301503.7576,14.0,4,1,0,775.5379,2431.4819
3027,124,11.0254,108555.0012,340344.1751,17.0,3,0,0,875.4436,2744.7111
3028,125,10.8646,105744.3888,331532.6839,22.0,6,1,0,845.9551,2652.2615
3029,125,10.8807,117311.3308,367798.3872,23.0,5,0,0,938.4906,2942.3871
3030,126,10.8138,113388.3828,355498.3338,19.0,5,1,0,899.9078,2821.4153
3031,125,10.9196,123545.6644,387345.174,20.0,3,0,1,988.3653,3098.7614
3032,125,10.8703,113740.6088,356602.9152,19.0,4,1,1,909.9249,2852.8233
3033,124,10.9847,111890.588,350802.734,23.0,4,0,1,902.3435,2829.0543
3034,125,10.8816,110172.1397,345414.7356,25.0,5,1,0,881.3771,2763.3179
3035,125,11.06,115746.6271,362891.8532,30.0,5,0,0,925.973,2903.1348
3036,125,11.0597,101393.6489,317891.1771,21.0,3,1,1,811.1492,2543.1294
3037,125,11.241,115664.9389,362636.2788,23.0,2,0,0,925.3195,2901.0902
3038,125,11.3076,108477.1208,340101.2778,4.0,2,1,1,867.817,2720.8102
3039,125,11.4122,112381.4228,352341.0201,5.0,1,0,0,899.0514,2818.7282
3040,125,11.2926,109778.1649,344180.171,6.0,2,1,1,878.2253,2753.4414
3041,125,11.3862,111842.7699,350653.2036,1.0,1,0,0,894.7422,2805.2256
3042,126,11.4185,110162.8809,345385.8419,3.0,3,1,0,874.3086,2741.1575
3043,124,11.4775,107047.7608,335619.9299,5.0,2,0,2,863.2884,2706.6123
3044,125,11.3828,104463.3234,327515.848,7.0,3,1,0,835.7066,2620.1268
3045,125,11.375,105620.3716,331144.3419,10.0,3,0,0,844.963,2649.1547
3046,126,11.2169,107936.8892,338407.1086,14.0,5,1,0,856.642,2685.7707
3047,125,11.2369,106761.4409,334721.3943,18.0,4,0,1,854.0915,2677.7712
3048,125,10.9533,102211.0929,320454.4257,19.0,5,1,1,817.6887,2563.6354
3049,125,10.9986,108464.4205,340060.1376,5.0,2,0,0,867.7154,2720.4811
3050,126,10.9182,102199.953,320419.5045,8.0,4,1,0,811.1107,2543.0119
3051,126,10.865,88722.6589,278164.5833,11.0,3,0,0,704.1481,2207.6554
3052,126,10.8201,115380.3839,361743.2228,15.0,5,1,1,915.7173,2870.978
3053,126,10.8847,107523.2919,337110.0262,19.0,4,0,0,853.3595,2675.4764
3054,126,10.9616,118448.6319,371364.0971,23.0,4,0,0,940.0685,2947.3341
3055,125,10.8974,104733.4992,328363.33,17.0,3,0,1,837.868,2626.9066
3056,127,10.7136,106865.3798,335047.0243,21.0,6,2,0,841.4597,2638.1655
3057,126,10.8897,115939.2412,363495.5959,18.0,4,0,1,920.1527,2884.8857
3058,127,10.8281,101009.3872,316686.8533,20.0,4,1,0,795.3495,2493.5973
3059,127,10.8114,107055.7697,335644.0118,23.0,3,0,0,842.9588,2642.8662
3060,127,10.7122,97847.0096,306772.1369,14.0,3,1,1,770.4489,2415.5286
3061,126,10.8391,115958.1866,363555.754,10.0,1,0,1,920.3031,2885.3631
3062,127,10.8197,120192.6887,376831.7234,12.0,3,1,0,946.3991,2967.1789
3063,127,10.9133,117526.5058,368473.583,14.0,2,0,0,925.4056,2901.3668
3064,128,10.805,109659.9376,343808.6992,16.0,3,1,0,856.7183,2686.0055
3065,128,10.6371,102013.3886,319835.2131,19.0,3,0,0,796.9796,2498.7126
3066,129,10.5461,107233.9622,336202.244,8.0,4,1,0,831.271,2606.2189
3067,129,10.7148,123648.0356,387664.8123,9.0,3,0,0,958.5119,3005.1536
3068,129,10.7695,109852.8432,344412.6404,13.0,5,1,1,851.5724,2669.8654
3069,128,10.9671,108578.9725,340419.832,7.0,2,0,1,848.2732,2659.5299
3070,129,11.0726,121574.5661,381164.3194,10.0,4,1,0,942.4385,2954.7622
3071,129,11.2114,113356.0702,355397.8585,13.0,3,0,0,878.7292,2755.0222
3072,130,11.2359,110998.2603,348004.2644,7.0,2,1,0,853.8328,2676.9559
3073,130,11.3593,112479.5683,352649.2885,8.0,1,0,0,865.2274,2712.6868
3074,131,11.3062,111735.1286,350314.816,10.0,3,1,0,852.9399,2674.1589
3075,131,11.2538,101545.5854,318368.634,0.0,0,0,0,775.1571,2430.2949
3076,132,11.1747,108045.0926,338746.2848,0.0,1,1,0,818.5234,2566.2597
3077,132,11.215,110610.6637,346789.8743,0.0,0,0,0,837.9596,2627.196
3078,133,11.0843,101002.883,316666.4996,1.0,2,1,0,759.4202,2380.9511
3079,132,11.0851,119897.8451,375907.3287,2.0,1,0,1,908.317,2847.7828
3080,133,11.0072,107251.1045,336257.568,0.0,1,1,0,806.3993,2528.2524
3081,133,11.1163,134932.5195,423046.0442,0.0,0,0,0,1014.5302,3180.7973
3082,134,11.0374,114197.9142,358037.1074,0.0,1,1,0,852.2232,2671.9187
3083,133,11.1349,117131.0615,367232.4123,1.0,1,0,1,880.6847,2761.146
3084,133,10.9819,101059.4727,316844.0578,4.0,4,1,1,759.8457,2382.2861
3085,133,10.9932,113006.7548,354301.3271,7.0,3,0,0,849.6748,2663.9198
3086,132,11.0678,119215.748,373768.16,11.0,5,1,2,903.1496,2831.577
3087,132,11.1388,117310.3796,367795.4786,8.0,2,0,0,888.715,2786.3294
3088,133,11.0291,112660.5337,353216.3792,10.0,3,1,0,847.0717,2655.7622
3089,133,11.0954,103632.3307,324910.7908,6.0,1,0,0,779.1905,2442.9383
3090,134,11.0618,116247.4157,364462.2719,9.0,4,1,0,867.518,2719.8677
3091,134,11.1737,105977.3067,332263.4157,12.0,3,0,0,790.8754,2479.5777
3092,134,11.2467,117573.2297,368618.7688,15.0,4,1,1,877.4122,2750.8863
3093,133,11.3305,117967.45,369855.6172,19.0,4,0,1,886.9733,2780.8693
3094,134,11.158,107930.1148,338385.5845,12.0,4,1,0,805.4486,2525.2656
3095,134,10.9755,108431.4154,339956.6368,15.0,3,0,0,809.1897,2536.9898
3096,135,10.8233,108173.694,339148.7733,12.0,4,1,0,801.2866,2512.2131
3097,135,10.7556,100680.2145,315653.7846,13.0,2,0,0,745.7794,2338.1762
3098,136,10.6943,114859.8495,360110.6965,15.0,3,1,0,844.5577,2647.8728
3099,135,10.6646,103314.2042,323912.4961,17.0,2,0,1,765.2904,2399.3518
3100,135,10.7268,114852.2564,360087.286,20.0,4,1,1,850.7575,2667.3132
3101,135,10.8001,116960.9326,366698.9994,23.0,3,0,0,866.3773,2716.2889
3102,136,10.7111,110064.5766,345076.8357,27.0,5,1,0,809.2984,2537.3297
3103,136,10.8172,125719.1547,394157.8864,32.0,5,0,0,924.4055,2898.2198
3104,136,10.7473,111976.1371,351070.4644,32.0,5,1,1,823.3539,2581.4005
3105,136,10.7959,124648.3211,390801.1192,20.0,3,0,0,916.5318,2873.5376
3106,137,10.5688,99424.0376,311716.1451,19.0,3,1,0,725.7229,2275.3003
3107,137,10.6164,117433.7214,368181.1331,16.0,2,0,0,857.1804,2687.4535
3108,138,10.6795,127022.7596,398245.6237,18.0,3,1,0,920.4548,2885.8379
3109,138,10.6654,111194.2404,348618.4314,21.0,3,0,0,805.7554,2526.2205
3110,139,10.6693,118003.7738,369968.4247,24.0,4,1,0,848.948,2661.6433
3111,139,10.8721,127483.2476,399689.208,22.0,2,0,0,917.1457,2875.4619
3112,138,10.7902,118894.628,372761.2757,24.0,3,1,2,861.5553,2701.1687
3113,137,10.8431,119770.0513,375506.3176,22.0,2,0,1,874.234,2740.922
3114,138,10.6356,110085.0272,345142.1094,24.0,3,1,0,797.7176,2501.0298
3115,137,10.6969,119780.6534,375540.2056,0.0,0,0,1,874.3113,2741.1694
3116,138,10.6227,118460.0999,371399.1677,1.0,2,1,0,858.4065,2691.2983
3117,138,10.5909,104810.5293,328604.1922,3.0,2,0,0,759.4966,2381.1898
3118,137,10.5634,121614.0675,381287.9923,5.0,3,1,2,887.6939,2783.124
3119,137,10.6288,114159.6926,357916.0941,8.0,3,0,0,833.2824,2612.5262
3120,137,10.7433,123573.2198,387430.5546,11.0,3,0,0,901.9943,2827.9603
3121,137,10.6994,114873.4743,360154.479,8.0,2,0,0,838.4925,2628.8648
3122,137,10.5546,116211.5201,364349.4598,12.0,6,2,2,848.2593,2659.4851
3123,137,10.5893,120857.3677,378914.8525,17.0,5,0,0,882.1706,2765.8018
3124,137,10.6483,126801.9224,397552.0291,13.0,4,1,1,925.5615,2901.8396
3125,136,10.6575,103791.7983,325409.5541,16.0,3,0,1,763.175,2392.7173
3126,136,10.5762,115779.8938,362996.4384,19.0,4,1,1,851.3227,2669.0915
3127,136,10.5934,123619.0897,387573.7626,24.0,5,0,0,908.9639,2849.8071
3128,137,10.5668,117504.7371,368404.2959,13.0,3,1,0,857.6988,2689.0825
3129,136,10.5911,120418.7367,377539.8734,16.0,3,0,1,885.4319,2776.0285
3130,137,10.6843,128290.9068,402221.6057,19.0,4,1,0,936.43,2935.9241
3131,137,10.7958,126518.7846,396665.1249,11.0,3,0,0,923.4948,2895.3659
3132,137,10.8348,122171.5009,383035.9821,14.0,4,1,1,891.7628,2795.8831
3133,135,11.0798,126750.1569,397390.7611,18.0,4,0,2,938.8901,2943.6353
3134,136,11.1988,129796.0728,406940.5962,22.0,5,1,0,954.3829,2992.2103
3135,136,11.2641,124380.2867,389960.7127,23.0,3,0,0,914.5609,2867.3582
3136,136,11.2697,120294.3767,377150.5087,26.0,4,1,1,884.5175,2773.1655
3137,134,11.2194,108415.7912,339909.0062,29.0,3,0,2,809.0731,2536.6344
3138,135,11.1869,121749.5597,381712.8471,32.0,4,1,0,901.8486,2827.5026
3139,135,11.281,117300.4814,367763.3988,26.0,2,0,0,868.8925,2724.1733
3140,135,11.3589,124597.974,390643.5557,11.0,3,1,1,922.948,2893.656
3141,134,11.467,121594.812,381228.1379,13.0,2,0,1,907.424,2844.9861
3142,135,11.2997,115961.6149,363566.7544,15.0,3,1,0,858.9749,2693.0871
3143,134,11.3187,122031.7444,382598.0538,18.0,3,0,1,910.6847,2855.2094
3144,134,11.3063,124353.1543,389875.6548,21.0,4,1,1,928.0086,2909.5198
3145,133,11.221,111317.0777,349005.1596,24.0,3,0,1,836.9705,2624.0989
3146,134,11.0596,115455.2186,361978.6447,27.0,4,1,0,861.6061,2701.3332
3147,133,11.245,124964.934,391793.8686,9.0,2,0,1,939.586,2945.8186
3148,134,11.1709,115241.4397,361307.8857,5.0,5,1,0,860.0107,2696.3275
3149,132,11.1357,110718.2065,347126.1732,10.0,5,0,2,838.7743,2629.7437
3150,133,10.9019,95532.0603,299513.5826,15.0,6,1,0,718.2862,2251.9818
3151,132,10.9637,113094.0934,354575.624,16.0,5,0,1,856.7734,2686.179
3152,132,10.9861,108258.3999,339414.1467,13.0,5,1,1,820.1394,2571.3193
3153,131,11.0139,109493.4217,343285.8589,18.0,5,0,1,835.8276,2620.5027
3154,132,10.9797,116974.9818,366742.676,23.0,6,1,0,886.1741,2778.3536
3155,131,11.0649,116990.4854,366792.0917,28.0,5,0,1,893.0571,2799.9396
3156,132,11.1423,121035.251,379472.9292,25.0,6,1,0,916.9337,2874.7949
3157,132,11.4653,135509.0377,424852.8915,14.0,4,0,0,1026.5836,3218.5825
3158,133,11.5318,119439.5337,374470.8488,15.0,4,1,0,898.0416,2815.5703
3159,132,11.7097,121980.4176,382436.7167,15.0,2,0,1,924.0941,2897.2479
3160,132,11.7406,123267.3209,386472.4845,17.0,3,1,1,933.8433,2927.8219
3161,132,11.6736,112013.6859,351189.2153,19.0,2,0,0,848.5885,2660.5244
3162,132,11.4869,113137.6546,354712.9143,11.0,3,1,1,857.1034,2687.219
3163,132,11.4208,119948.8338,376067.9634,3.0,2,0,0,908.7033,2848.9997
3164,133,11.3289,120684.8133,378375.8177,4.0,3,1,0,907.4046,2844.931
3165,133,11.3682,120395.1589,377467.0229,3.0,2,0,0,905.2268,2838.0979
3166,134,11.3907,128732.8415,403607.7631,4.0,3,1,0,960.6928,3011.9982
3167,134,11.5222,119096.3545,373394.4805,7.0,3,0,0,888.7788,2786.526
3168,135,11.5059,123668.1371,387728.5738,10.0,4,1,0,916.0603,2872.0635
3169,134,11.379,115037.6648,360669.3867,7.0,2,0,1,858.49,2691.5626
3170,134,11.4647,135005.6902,423275.1407,9.0,2,0,0,1007.5052,3158.7697
3171,134,11.5515,128009.1073,401338.5211,6.0,1,0,0,955.2918,2995.0636
3172,135,11.4519,113963.1198,357300.2618,0.0,1,1,0,844.1713,2646.6686
3173,135,11.4336,117199.0183,367446.3159,3.0,3,0,0,868.1409,2721.8246
3174,137,11.1946,113618.5525,356220.3685,6.0,5,2,0,829.3325,2600.1487
3175,135,11.1457,103650.436,324966.2839,10.0,4,0,2,767.781,2407.1577
3176,136,10.8485,107613.9434,337393.7191,15.0,6,1,0,791.279,2480.8362
3177,136,10.8824,122573.3363,384294.7379,22.0,7,0,0,901.2745,2825.6966
3178,137,10.9939,126840.3285,397673.4974,17.0,6,1,0,925.8418,2902.7263
3179,135,11.2579,124732.9367,391066.5552,10.0,3,0,2,923.9477,2896.7893
3180,134,11.2861,124382.8716,389969.3229,13.0,4,1,2,928.2304,2910.2188
3181,134,11.4445,125237.0014,392647.0899,16.0,3,0,0,934.6045,2930.2022
3182,135,11.386,112890.023,353935.7658,19.0,4,1,0,836.2224,2621.7464
3183,135,11.3068,110860.5932,347573.2729,8.0,2,0,0,821.1896,2574.6168
3184,135,11.2214,102505.5217,321377.7067,8.0,2,1,1,759.3002,2380.5756
3185,135,11.3168,118586.502,371795.664,9.0,1,0,0,878.4185,2754.042
3186,136,11.2813,108897.7757,341418.9925,0.0,1,1,0,800.7189,2510.4338
3187,136,11.3504,115357.6636,361673.3881,0.0,0,0,0,848.2181,2659.3631
3188,137,11.2961,112870.8929,353876.8411,0.0,1,1,0,823.8751,2583.0426
3189,135,11.2159,110671.1082,346979.8715,0.0,0,0,2,819.786,2570.2213
3190,136,11.3839,136179.5071,426954.9427,0.0,1,1,0,1001.3199,3139.3746
3191,135,11.4865,114972.479,360465.8289,0.0,0,0,1,851.648,2670.1173
3192,136,11.5563,120369.1082,377384.9507,0.0,1,1,0,885.067,2774.8893
3193,136,11.4929,106167.9802,332861.133,0.0,0,0,0,780.6469,2447.5083
3194,136,11.4585,120619.3313,378169.7088,1.0,2,1,1,886.9068,2780.6596
3195,136,11.6138,126492.7163,396583.6699,4.0,3,0,0,930.0935,2916.0564
3196,137,11.5109,101342.93,317732.0223,5.0,3,1,0,739.7294,2319.2118
3197,136,11.5313,111514.0493,349622.3906,7.0,2,0,1,819.9562,2570.7529
3198,136,11.5551,105134.4736,329619.7735,9.0,3,1,1,773.0476,2423.6748
3199,136,11.5876,114097.7714,357722.9356,11.0,2,0,0,838.9542,2630.3157
3200,136,11.3083,98080.5528,307504.1141,13.0,3,1,1,721.1805,2261.0597
3201,136,11.1608,109359.8704,342867.8208,16.0,3,0,0,804.1167,2521.0869
3202,137,10.7981,107796.4821,337966.1233,11.0,3,1,0,786.8356,2466.906
3203,136,10.5828,101492.2282,318200.5702,16.0,5,0,1,746.2664,2339.7101
3204,137,10.4486,112343.4383,352221.0906,21.0,6,1,0,820.0251,2570.9569
3205,137,10.4404,114071.9489,357640.5944,24.0,5,0,0,832.642,2610.5153
3206,138,10.4219,114088.5063,357693.3147,25.0,5,1,0,826.7283,2591.9805
3207,138,10.4792,119072.8651,373319.3448,27.0,6,0,0,862.8468,2705.2126
3208,137,10.336,116980.2948,366759.0185,17.0,6,1,2,853.8708,2677.0731
3209,137,10.295,105991.8065,332307.7447,19.0,4,0,0,773.6628,2425.604
3210,137,10.1738,110496.3366,346430.276,23.0,5,1,1,806.5426,2528.6881
3211,137,10.3102,128939.2056,404253.5155,17.0,4,0,0,941.1621,2950.7556
3212,138,10.3292,123537.7085,387318.2729,17.0,5,1,0,895.2008,2806.6542
3213,138,10.358,118915.5668,372827.8169,15.0,2,0,0,861.707,2701.6508
3214,138,10.4386,114400.3335,358670.3658,4.0,2,0,0,828.9879,2599.0606
3215,138,10.4186,108816.0628,341162.5768,6.0,2,0,0,788.5222,2472.1926
3216,140,10.2544,112969.8581,354185.3552,8.0,4,2,0,806.9276,2529.8954
3217,139,10.3013,120132.6212,376641.6089,12.0,4,0,1,864.2635,2709.6519
3218,140,10.2554,114250.1077,358199.4005,18.0,7,1,0,816.0722,2558.5671
3219,139,10.2907,112190.3837,351741.2994,25.0,7,0,1,807.1251,2530.5129
3220,139,10.1844,118646.9344,371983.5127,32.0,8,1,1,853.5751,2676.1404
3221,139,10.3033,121812.3114,381908.9188,39.0,7,0,0,876.3476,2747.5462
3222,139,10.1889,104749.1614,328410.7214,46.0,8,1,1,753.5911,2362.6671
3223,139,10.2387,122615.6948,384427.0678,54.0,8,0,0,882.1273,2765.6624
3224,139,10.1593,105772.4969,331618.5381,62.0,9,1,1,760.9532,2385.7449
3225,138,10.1334,102563.6124,321557.8591,71.0,9,0,1,743.2146,2330.1294
3226,139,9.9951,104377.1714,327244.5008,81.0,11,1,0,750.9149,2354.277
3227,138,9.9686,99705.7172,312597.2345,92.0,11,0,1,722.5052,2265.1974
3228,139,9.7899,109109.8739,342081.2012,80.0,11,1,0,784.9631,2461.0158
3229,139,9.5384,89448.1271,280437.3288,80.0,11,0,0,643.5117,2017.5347
3230,139,9.555,106693.5655,334505.2195,50.0,8,1,1,767.5796,2406.5124
3231,139,9.736,118278.3404,370827.6592,50.0,5,0,0,850.9233,2667.8249
3232,138,9.7109,115356.9177,361669.1308,56.0,7,1,2,835.9197,2620.7908
3233,137,9.7504,107103.1141,335791.0775,62.0,6,0,1,781.7746,2451.0298
3234,138,9.8186,117421.212,368140.497,68.0,7,1,0,850.8783,2667.6848
3235,138,9.9527,125547.1984,393618.533,74.0,6,0,0,909.7623,2852.3082
3236,139,9.9946,127680.5535,400307.0173,45.0,5,1,0,918.5651,2879.9066
3237,138,10.0773,111960.2726,351019.3215,32.0,5,0,1,811.3063,2543.6183
3238,139,10.2006,125406.797,393178.149,37.0,6,1,0,902.2072,2828.6198
3239,139,10.3366,127365.5826,399320.7238,42.0,5,0,0,916.2992,2872.811
3240,140,10.3203,119185.9089,373674.2499,47.0,6,1,0,851.3279,2669.1018
3241,140,10.4407,119919.4643,375973.9015,48.0,5,0,0,856.5676,2685.5279
3242,140,10.4218,115712.0615,362782.8839,53.0,6,1,1,826.5147,2591.3063
3243,140,10.4329,110441.8548,346259.6342,58.0,5,0,0,788.8704,2473.2831
3244,138,10.6211,123045.064,385773.0124,34.0,4,1,3,891.6309,2795.4566
3245,138,10.7533,113609.3169,356190.4856,9.0,1,0,0,823.2559,2581.0905
3246,139,10.9273,132905.4006,416689.7048,10.0,2,1,0,956.154,2997.7677
3247,138,11.0144,114466.5294,358879.1312,1.0,1,0,1,829.4676,2600.5734
3248,139,10.9857,125863.4934,394610.995,3.0,3,1,0,905.4928,2838.928
3249,139,11.0107,118665.5273,372043.9974,7.0,4,0,0,853.7088,2676.5755
3250,138,10.796,102253.2594,320586.3562,11.0,5,1,2,740.9656,2323.0895
3251,136,10.7653,112552.087,352876.3113,16.0,5,0,2,827.5889,2594.6788
3252,136,10.6893,105414.1471,330495.851,16.0,5,0,0,775.104,2430.1166
3253,137,10.6553,116358.5213,364809.4347,21.0,6,1,0,849.3323,2662.8426
3254,137,10.5009,100226.6407,314231.2177,27.0,7,1,1,731.5813,2293.6585
3255,136,10.3442,106436.4374,333701.4419,33.0,6,0,1,782.6209,2453.6871
3256,137,10.0436,108871.6375,341336.1262,31.0,7,1,0,794.6835,2491.5046
3257,136,10.0406,99574.2525,312186.3138,29.0,5,0,1,732.1636,2295.4876
3258,137,10.0444,118282.6494,370841.9131,34.0,6,1,0,863.377,2706.8753
3259,135,10.0109,108658.5661,340667.5912,40.0,6,0,2,804.8783,2523.4636
3260,134,9.9215,115266.811,361386.7931,49.0,10,1,2,860.2001,2696.9164
3261,133,9.9252,118202.893,370593.1233,33.0,6,0,1,888.7436,2786.4145
3262,134,9.9673,126083.5585,395300.265,39.0,7,1,0,940.9221,2950.002
3263,133,10.1419,128913.8158,404173.411,46.0,7,0,1,969.2768,3038.8978
3264,134,10.1258,113854.4999,356958.9055,55.0,10,1,0,849.6604,2663.8724
3265,134,10.4476,133172.6987,417526.099,67.0,12,0,0,993.8261,3115.8664
3266,135,10.4369,117982.4342,369900.9711,76.0,12,1,0,873.944,2740.0072
3267,132,10.4186,112664.2445,353226.9176,55.0,8,0,3,853.517,2675.9615
3268,133,10.3849,117545.3567,368531.3546,37.0,6,1,0,883.7997,2770.9124
3269,133,10.4161,112871.1306,353875.4117,32.0,4,0,0,848.6551,2660.7174
3270,133,10.446,125833.3327,394515.6863,38.0,7,1,1,946.1153,2966.2834
3271,133,10.4212,102783.9359,322249.3463,38.0,6,0,0,772.8115,2422.9274
3272,133,10.4857,115976.9689,363613.4098,42.0,7,1,1,872.0073,2733.9354
3273,132,10.7197,124888.8128,391554.9778,47.0,6,0,1,946.1274,2966.3256
3274,133,10.7954,127918.6116,401054.1126,54.0,8,1,0,961.7941,3015.4445
3275,130,10.7634,118977.8967,373023.6346,61.0,7,0,3,915.2146,2869.4126
3276,130,10.7244,117249.9265,367605.1393,66.0,8,1,1,901.9225,2827.7318
3277,130,10.9104,117790.6994,369300.3888,35.0,5,0,0,906.0823,2840.7722
3278,131,11.0402,125189.1206,392496.8293,31.0,5,1,0,955.6421,2996.159
3279,130,11.0446,117788.8027,369294.4152,32.0,4,0,1,906.0677,2840.7263
3280,131,10.8915,99140.305,310826.8481,35.0,5,1,0,756.7962,2372.724
3281,131,10.7337,104732.9514,328361.0645,40.0,5,0,0,799.4882,2506.573
3282,130,10.8577,113154.9866,354766.1273,18.0,4,0,1,870.423,2728.9702
3283,130,10.9994,120933.6156,379154.7496,23.0,5,0,0,930.2586,2916.575
3284,131,11.0753,128816.4978,403868.6676,25.0,6,1,0,983.332,3082.9669
3285,130,11.1973,115675.0302,362668.3786,11.0,5,0,1,889.8079,2789.7568
3286,130,11.1428,117181.2814,367389.6233,16.0,6,1,1,901.3945,2826.074
3287,129,11.1025,102691.6574,321961.0003,22.0,6,0,1,796.0594,2495.8217
3288,130,10.98,113440.6032,355661.6928,21.0,6,1,0,872.62,2735.8592
3289,129,11.0293,119604.7819,374988.2776,28.0,7,0,1,927.1689,2906.8859
3290,130,10.8759,110163.6468,345387.8339,34.0,8,1,0,847.4127,2656.8295
3291,130,11.0091,126642.1433,397052.6127,41.0,7,0,0,974.1703,3054.2509
3292,130,10.8283,115010.9549,360585.2482,49.0,9,1,1,884.6997,2773.7327
3293,130,10.6567,111273.2213,348866.812,57.0,8,0,0,855.9479,2683.5909
3294,131,10.5254,113796.9231,356778.4621,42.0,7,1,0,868.6788,2723.4997
3295,130,10.5285,109173.5936,342283.9292,48.0,6,0,1,839.7969,2632.9533
3296,131,10.5105,119442.2206,374478.1049,54.0,7,1,0,911.7727,2858.6115
3297,131,10.8595,135534.0802,424930.5082,49.0,7,0,0,1034.6113,3243.7443
3298,131,11.1289,137994.3983,432644.7273,56.0,8,1,1,1053.3924,3302.6315
3299,130,11.2184,125201.5297,392536.0489,63.0,7,0,1,963.0887,3019.5081
3300,131,11.2969,122186.3673,383082.176,51.0,7,1,0,932.7204,2924.2914
3301,131,11.2622,103573.8876,324727.7619,33.0,3,0,0,790.6404,2478.8379
3302,132,11.0971,103204.6432,323568.8135,16.0,2,1,0,781.8534,2451.2789
3303,132,11.1907,115574.7581,362353.0579,19.0,3,0,0,875.5663,2745.0989
3304,133,11.193,121732.5408,381660.3634,22.0,4,1,0,915.2823,2869.6268
3305,133,11.3149,120097.339,376533.0227,23.0,3,0,0,902.9875,2831.0754
3306,133,11.4118,125746.7012,394245.3495,26.0,4,1,1,945.4639,2964.2507
3307,132,11.5307,119314.9588,374080.5598,26.0,2,0,1,903.9012,2833.9436
3308,132,11.4586,123347.7775,386724.5394,28.0,3,1,1,934.4529,2929.7314
3309,131,11.4686,118151.8809,370434.0451,30.0,2,0,1,901.9228,2827.7408
3310,132,11.382,109091.0744,342024.9175,8.0,2,1,0,826.4475,2591.0979
3311,132,11.5118,119974.0666,376146.2455,10.0,2,0,0,908.8944,2849.5928
3312,133,11.3171,111377.5404,349194.0103,13.0,4,1,0,837.4251,2625.5189
3313,133,11.27,118597.9266,371831.6947,0.0,1,1,1,891.7137,2795.727
3314,134,11.1313,109992.5278,344851.8586,3.0,4,1,0,820.8398,2573.5213
3315,133,11.1023,113522.0116,355917.1741,6.0,3,0,1,853.549,2676.069
3316,133,11.1932,116811.8344,366231.7558,7.0,3,0,0,878.2845,2753.6222
3317,134,11.13,122709.9615,384724.2629,10.0,4,1,0,915.746,2871.0766
3318,135,10.9654,106819.6422,334903.6333,13.0,4,1,0,791.2566,2480.7677
3319,134,10.9747,113502.3384,355855.3525,17.0,4,0,1,847.0324,2655.637
3320,135,10.9052,117842.133,369461.5101,21.0,5,1,0,872.9047,2736.7519
3321,135,10.9399,104375.2119,327239.8572,26.0,5,0,0,773.1497,2423.9989
3322,136,10.8762,111222.7548,348707.434,31.0,6,1,0,817.8144,2564.0252
3323,135,10.9764,129889.1528,407232.3853,36.0,5,0,1,962.1419,3016.5362
3324,136,10.8223,109341.0323,342808.8775,31.0,6,1,0,803.9782,2520.6535
3325,136,10.7962,112441.6767,352529.9308,31.0,4,0,0,826.777,2592.1318
3326,137,10.8404,118232.4833,370685.2337,18.0,5,1,0,863.0108,2705.7316
3327,137,10.8093,109839.4088,344370.5457,23.0,5,0,0,801.7475,2513.6536
3328,138,10.8242,121253.1643,380155.3628,28.0,6,1,0,878.6461,2754.749
3329,137,10.9439,117662.7389,368899.2952,21.0,3,0,1,858.8521,2692.6956
3330,137,11.1416,135560.6982,425014.0984,24.0,3,0,0,989.4941,3102.2927
3331,136,11.3492,129251.2054,405232.5655,28.0,4,0,1,950.3765,2979.6512
3332,137,11.3874,123546.3345,387345.8246,33.0,6,1,0,901.7981,2827.3418
3333,138,11.4395,126500.0052,396606.1846,38.0,6,1,0,916.6667,2873.9579
3334,139,11.3221,121294.3293,380285.6193,43.0,6,1,0,872.6211,2735.8678
3335,138,11.3375,123648.898,387667.8454,44.0,4,0,1,896.0065,2809.1873
3336,138,11.1496,117869.2123,369546.9174,48.0,5,1,1,854.1247,2677.8762
3337,136,11.2151,111210.6825,348670.3916,29.0,4,0,2,817.7256,2563.7529
3338,135,11.3205,105259.4116,330011.0012,15.0,2,0,1,779.6993,2444.5259
3339,135,11.296,117379.2927,368011.4197,14.0,1,0,0,869.4762,2726.0105
3340,137,11.1971,122626.5265,384462.4294,0.0,2,2,0,895.0841,2806.2951
3341,137,11.197,109555.9095,343482.7849,2.0,2,0,0,799.6782,2507.1736
3342,138,11.1442,121550.6347,381089.7365,4.0,3,1,0,880.8017,2761.5198
3343,138,11.2601,124822.2086,391347.4325,0.0,0,0,0,904.5088,2835.851
3344,138,11.1735,121692.5138,381534.222,2.0,3,1,1,881.8298,2764.7407
3345,138,11.2071,121770.3546,381778.7194,4.0,2,0,0,882.3939,2766.5125
3346,139,11.1687,113376.1107,355460.4357,6.0,3,1,0,815.6555,2557.2693
3347,139,11.3588,132229.2095,414569.399,8.0,2,0,0,951.2893,2982.5137
3348,139,11.4915,123359.3222,386760.3941,1.0,2,1,1,887.4771,2782.4489
3349,139,11.4607,113900.823,357105.0636,3.0,2,0,0,819.4304,2569.1012
3350,140,11.2437,107400.431,336724.4289,5.0,3,1,0,767.1459,2405.1745
3351,139,11.102,103556.8354,324673.3717,5.0,2,0,1,745.0132,2335.7797
3352,138,11.1662,127597.8074,400048.0303,0.0,1,1,2,924.6218,2898.8988
3353,138,11.2274,125012.2798,391941.8476,0.0,0,0,0,905.8861,2840.1583
3354,139,11.2665,123898.6348,388450.64,1.0,2,1,0,891.3571,2794.6089
3355,137,11.2551,112079.4835,351394.6744,3.0,2,0,2,818.0984,2564.9246
3356,136,11.1534,115169.3532,361082.1109,4.0,3,1,2,846.8335,2655.0155
3357,134,11.2134,110128.8581,345279.1511,7.0,3,0,2,821.8572,2576.7101
3358,135,11.1176,117265.334,367652.9955,11.0,5,1,0,868.6321,2723.3555
3359,134,11.2646,117118.2375,367191.8806,16.0,5,0,1,874.0167,2740.2379
3360,134,11.2673,120746.8458,378568.7801,13.0,4,1,1,901.0959,2825.1402
3361,134,11.3493,112727.2504,353424.9564,18.0,5,0,0,841.2481,2637.4997
3362,135,11.3414,126237.1828,395783.0116,24.0,7,1,0,935.0902,2931.726
3363,134,11.087,93597.3632,293447.6684,27.0,5,0,1,698.4878,2189.908
3364,135,11.0031,109139.8172,342177.2763,29.0,5,1,0,808.4431,2534.6465
3365,134,11.0805,114808.0223,359948.6875,33.0,4,0,1,856.7763,2686.1842
3366,135,11.2448,140208.6319,439586.931,37.0,5,1,0,1038.5825,3256.1995
3367,134,11.285,110169.0704,345405.6176,42.0,5,0,1,822.1572,2577.6539
3368,134,11.3114,132193.4971,414457.8812,47.0,6,1,1,986.5186,3092.9693
3369,132,11.3489,115695.0524,362730.2252,43.0,6,0,2,876.4777,2747.9563
3370,131,11.3855,114189.5081,358010.0398,50.0,8,1,2,871.6756,2732.9011
3371,129,11.4613,115244.2659,361317.0234,58.0,8,0,2,893.3664,2800.9072
3372,130,11.3691,108098.9328,338913.3231,62.0,8,1,0,831.5303,2607.0256
3373,130,11.2408,97893.6232,306917.4713,69.0,7,0,0,753.0279,2360.9036
3374,130,10.9955,102809.3798,322329.8366,56.0,8,1,1,790.8414,2479.4603
3375,130,10.9865,108264.8382,339433.8812,44.0,6,0,0,832.8064,2611.0299
3376,131,10.99,111245.1436,348778.3413,40.0,6,1,0,849.1996,2662.4301
3377,130,11.1497,117302.9739,367771.4459,45.0,5,0,1,902.3306,2829.0111
3378,130,11.1683,120735.209,378533.6449,41.0,5,1,1,928.7324,2911.7973
3379,130,11.146,112711.2374,353375.6799,46.0,5,0,0,867.0095,2718.2745
3380,131,10.9281,110793.4213,347362.1171,52.0,7,1,0,845.7513,2651.6192
3381,130,10.9792,107842.2559,338108.5885,60.0,8,0,1,829.5558,2600.8353
3382,130,11.0455,112510.744,352746.9411,35.0,5,1,1,865.4673,2713.438
3383,130,11.1911,116068.2599,363899.9583,29.0,3,0,0,892.8328,2799.2304
3384,131,11.2576,111620.2266,349954.3914,28.0,3,1,0,852.0628,2671.4076
3385,130,11.395,113655.3459,356335.5167,30.0,2,0,1,874.2719,2741.0424
3386,131,11.4547,115360.6471,361682.086,32.0,3,1,0,880.6156,2760.932
3387,131,11.6196,117552.9119,368555.7521,35.0,3,0,0,897.3505,2813.4027
3388,132,11.5193,107948.8376,338444.3818,39.0,5,1,0,817.7942,2563.9726
3389,131,11.6028,114408.0894,358696.353,40.0,3,0,1,873.3442,2738.1401
3390,132,11.6212,126028.3056,395127.9838,44.0,5,1,0,954.7599,2993.3938
3391,132,11.6704,113712.2077,356513.663,48.0,4,0,0,861.4561,2700.8611
3392,133,11.5007,102948.5851,322766.7596,53.0,6,1,0,774.0495,2426.8177
3393,132,11.5071,111547.2801,349725.6485,59.0,6,0,1,845.0552,2649.4367
3394,131,11.4991,116468.507,365154.8882,61.0,7,1,2,889.0726,2787.4419
3395,131,11.5412,115709.955,362776.87,65.0,5,0,0,883.2821,2769.2891
3396,132,11.3268,100642.7593,315536.9907,70.0,6,1,0,762.4451,2390.4317
3397,132,11.3175,107907.9737,338315.9246,75.0,5,0,0,817.4846,2562.9994
3398,133,11.2265,106712.4132,334567.561,25.0,5,1,0,802.349,2515.5456
3399,132,11.3044,118589.6534,371805.4677,30.0,5,0,1,898.4065,2816.7081
3400,133,11.2805,115804.8404,363073.9464,36.0,8,1,0,870.7131,2729.8793
3401,133,11.2821,104506.6213,327651.4143,44.0,8,0,0,785.7641,2463.5445
3402,134,11.0073,97364.1001,305257.5824,51.0,9,1,0,726.5978,2278.0417
3403,134,10.9395,114170.3648,357949.3828,56.0,8,0,0,852.0176,2671.2641
3404,134,10.6616,97831.1739,306722.1092,58.0,8,1,1,730.0834,2288.971
3405,133,10.727,113499.4981,355846.2475,65.0,7,0,1,853.3797,2675.5357
3406,134,10.6651,107239.1058,336217.5553,31.0,6,1,0,800.2918,2509.0862
3407,134,10.7839,123563.5299,387399.4649,37.0,6,0,0,922.1159,2891.0408
3408,135,10.6148,98495.8567,308806.1565,14.0,6,1,0,729.5989,2287.453
3409,135,10.7796,115596.3205,362419.7006,7.0,3,0,0,856.269,2684.5904
3410,134,10.6575,111741.6362,350335.2169,11.0,5,1,2,833.8928,2614.4419
3411,133,10.7248,121965.9809,382391.6433,15.0,4,0,1,917.0375,2875.1251
3412,134,10.6175,113471.7534,355759.4746,17.0,6,1,0,846.8041,2654.9215
3413,133,10.6836,116989.4716,366787.7141,23.0,6,0,1,879.6201,2757.8024
3414,134,10.7883,132019.334,413910.9801,29.0,7,1,0,985.2189,3088.8879
3415,134,10.862,115211.1596,361212.5825,37.0,8,0,0,859.7848,2695.6163
3416,134,11.0192,130489.256,409113.4068,45.0,9,1,1,973.8004,3053.0851
3417,134,11.0396,112868.1088,353866.6167,50.0,7,0,0,842.2993,2640.7956
3418,134,11.0073,116383.6178,364888.4874,53.0,7,1,1,868.5345,2723.0484
3419,134,11.2776,128209.9417,401967.1467,40.0,4,0,0,956.7906,2999.7548
3420,135,11.3557,117217.9407,367504.5143,29.0,4,1,0,868.281,2722.2557
3421,134,11.4358,116772.7065,366108.7562,32.0,3,0,1,871.4381,2732.1549
3422,135,11.3052,106178.2059,332892.978,13.0,2,1,0,786.5052,2465.8739
3423,135,11.3941,126905.3477,397878.2231,14.0,1,0,0,940.0396,2947.2461
3424,136,11.4755,130075.5864,407817.7448,16.0,3,1,0,956.4381,2998.6599
3425,136,11.3883,113938.1306,357222.6499,20.0,4,0,0,837.7804,2626.6371
3426,137,11.4753,130412.156,408873.0036,22.0,4,1,0,951.9135,2984.4745
3427,137,11.5474,128264.0548,402137.9191,22.0,2,0,0,936.234,2935.3133
3428,137,11.4937,116931.7611,366607.9595,25.0,4,1,1,853.5165,2675.9705
3429,137,11.604,125075.5916,392141.4662,28.0,3,0,0,912.9605,2862.3465
3430,137,11.5552,123025.159,385712.6852,10.0,3,1,1,897.9939,2815.4211
3431,137,11.5979,117885.06,369597.049,13.0,3,0,0,860.4749,2697.7887
3432,138,11.5714,126292.2376,395955.8437,16.0,4,1,0,915.1611,2869.2452
3433,138,11.5523,120370.9357,377390.1232,19.0,3,0,0,872.2532,2734.711
3434,139,11.565,124787.5246,391237.7512,23.0,5,1,0,897.752,2814.6601
3435,138,11.6395,111582.8188,349837.3005,27.0,4,0,1,808.5712,2535.0529
3436,139,11.6076,130089.4398,407861.0154,32.0,6,1,0,935.8953,2934.2519
3437,139,11.5519,111215.5953,348686.3955,34.0,5,0,0,800.1122,2508.5352
3438,139,11.5106,123752.2034,387991.6868,32.0,6,1,1,890.3036,2791.3071
3439,138,11.4908,105581.0261,331019.4496,35.0,4,0,1,765.0799,2398.6917
3440,139,11.3229,117218.9808,367508.1663,39.0,5,1,0,843.302,2643.9436
3441,139,11.3265,110935.4045,347807.3674,43.0,4,0,0,798.0964,2502.2113
3442,139,11.3947,120118.649,376598.7523,22.0,3,0,0,864.1629,2709.3435
3443,139,11.1472,103394.2788,324164.0279,26.0,4,0,0,743.8437,2332.1153
3444,141,10.8574,117080.8974,367074.9352,30.0,6,2,0,830.361,2603.3683
3445,140,10.8748,129823.2,407025.7743,21.0,2,0,1,927.3086,2907.327
3446,139,10.9129,122238.8434,383246.002,24.0,4,1,2,879.4161,2757.1655
3447,139,10.9793,121606.8452,381265.6924,28.0,4,0,0,874.8694,2742.9187
3448,139,11.1316,131313.0887,411696.3164,32.0,6,1,1,944.6985,2961.844
3449,138,11.1922,116525.9741,365335.6557,38.0,6,0,1,844.3911,2647.3598
3450,139,11.035,103332.6207,323970.5222,44.0,7,1,0,743.4001,2330.7232
3451,139,10.8689,103219.7615,323616.1691,47.0,6,0,0,742.5882,2328.1739
3452,138,10.5704,103028.9162,323017.8594,53.0,6,0,1,746.5863,2340.7091
3453,139,10.2257,109662.1652,343814.2202,54.0,7,1,0,788.9364,2473.4836
3454,140,10.0998,118278.835,370830.0713,24.0,8,1,0,844.8488,2648.7862
3455,139,9.9677,109112.8648,342092.5666,28.0,6,0,1,784.9846,2461.0976
3456,139,9.9901,124175.6831,389318.8405,24.0,6,0,0,893.3502,2800.855
3457,139,10.001,120118.9372,376599.4702,31.0,8,1,1,864.165,2709.3487
3458,140,10.0531,126521.199,396671.842,41.0,11,1,0,903.7228,2833.3703
3459,140,10.2375,130147.4462,408041.2875,46.0,9,0,0,929.6246,2914.5806
3460,139,10.3471,131665.538,412801.2608,52.0,9,1,2,947.2341,2969.7932
3461,138,10.4968,126560.3018,396794.2134,56.0,9,0,1,917.1036,2875.3204
3462,139,10.5664,115641.3781,362560.7648,37.0,7,1,0,831.9524,2608.3508
3463,139,10.7486,113538.6124,355968.2009,26.0,4,0,0,816.8245,2560.9223
3464,139,10.9616,131316.7225,411707.5853,26.0,4,1,1,944.7246,2961.9251
3465,139,11.1492,118226.6377,370666.9187,29.0,3,0,0,850.5514,2666.6685
3466,138,11.1645,121608.3274,381269.3371,32.0,4,1,2,881.2198,2762.8213
3467,137,11.3126,116092.9028,363977.7802,35.0,3,0,1,847.3935,2656.7721
3468,137,11.3115,120801.8128,378741.5843,38.0,4,1,1,881.7651,2764.5371
3469,136,11.3221,121043.403,379499.4556,41.0,3,0,1,890.025,2790.4372
3470,136,11.1975,108956.1097,341601.7158,30.0,2,0,0,801.1479,2511.7773
3471,134,10.946,95034.0924,297952.7,33.0,3,0,2,709.2096,2223.5276
3472,135,10.7721,111469.4866,349481.5303,38.0,6,1,0,825.6999,2588.7521
3473,135,10.548,99653.3659,312435.0015,43.0,6,1,1,738.1731,2314.3333
3474,135,10.6603,113791.9553,356762.3239,46.0,5,0,0,842.9034,2642.6839
3475,135,10.7396,102293.5585,320712.0713,52.0,6,0,0,757.7301,2375.645
3476,135,10.6138,106946.2469,335299.2681,35.0,7,2,2,792.1944,2483.6983
3477,135,10.5857,108402.459,339865.4548,20.0,4,0,0,802.9812,2517.5219
3478,135,10.5656,110687.1471,347028.2716,9.0,3,1,1,819.9048,2570.5798
3479,135,10.4329,89608.9116,280942.4112,11.0,2,0,0,663.7697,2081.0549
3480,136,10.3982,110250.5091,345660.0258,14.0,4,1,0,810.6655,2541.6178
3481,136,10.4338,106645.6426,334357.7309,17.0,3,0,0,784.1591,2458.5127
3482,137,10.4242,120094.0512,376522.006,20.0,4,1,0,876.5989,2748.3358
3483,137,10.4882,123448.103,387037.7885,23.0,3,0,0,901.081,2825.0933
3484,138,10.3857,111274.6226,348871.1635,27.0,5,1,0,806.3378,2528.0519
3485,137,10.4949,118199.875,370583.7013,26.0,4,0,1,862.7728,2704.9905
3486,138,10.4213,110618.1312,346811.7797,17.0,4,1,0,801.5807,2513.1288
3487,138,10.4919,116006.7359,363707.5379,20.0,3,0,0,840.6285,2635.5619
3488,138,10.5642,123657.3062,387693.967,4.0,3,1,1,896.0674,2809.3766
3489,138,10.7141,120230.6089,376949.8499,7.0,3,0,0,871.2363,2731.5207
3490,138,10.7053,117166.3478,367343.2857,8.0,3,1,1,849.0315,2661.9079
3491,137,10.6486,114056.3189,357591.8309,11.0,3,0,1,832.5279,2610.1593
3492,138,10.6228,125240.4892,392657.7034,14.0,4,1,0,907.5398,2845.3457
3493,138,10.6167,110677.5118,346999.3753,11.0,2,0,0,802.011,2514.4882
3494,138,10.5896,117196.132,367436.3323,10.0,3,1,1,849.2473,2662.5821
3495,137,10.5734,105372.2167,330365.2289,12.0,2,0,1,769.1403,2411.425
3496,137,10.5599,122330.5675,383534.4034,3.0,2,1,1,892.9239,2799.5212
3497,137,10.6152,109140.5683,342179.7929,4.0,1,0,0,796.6465,2497.6627
3498,137,10.423,100419.6605,314837.5556,5.0,2,1,1,732.9902,2298.0843
3499,136,10.3457,121287.0094,380262.7517,6.0,1,0,1,891.8162,2796.0496
3500,135,10.3805,123818.4545,388199.7767,7.0,2,1,2,917.1737,2875.5539
3501,133,10.4929,118155.5834,370444.8892,1.0,1,0,2,888.3878,2785.2999
3502,134,10.5602,127172.1473,398714.276,4.0,4,1,0,949.0459,2975.4797
3503,134,10.7668,126040.7236,395166.4987,7.0,3,0,0,940.6024,2949.0037
3504,135,10.6552,103868.8142,325652.0509,10.0,4,1,0,769.3986,2412.2374
3505,135,10.7892,122008.1633,382523.0995,13.0,3,0,0,903.7642,2833.5044
3506,136,10.9124,125371.7171,393068.9095,16.0,4,1,0,921.8509,2890.2126
3507,136,11.0595,120961.6898,379242.3426,19.0,3,0,0,889.4242,2788.5466
3508,137,11.1673,123372.8071,386802.0886,22.0,4,1,0,900.5314,2823.3729
3509,137,11.1689,114789.1152,359890.3193,25.0,3,0,0,837.8768,2626.9366
3510,137,11.009,103937.3364,325866.4752,28.0,4,1,1,758.6667,2378.5874
3511,136,10.9296,108569.2008,340389.0821,31.0,3,0,1,798.3029,2502.8609
3512,137,10.9337,116955.4168,366681.5597,13.0,4,1,0,853.6892,2676.5077
3513,136,11.0856,127605.2903,400071.6073,14.0,2,0,1,938.2742,2941.703
3514,135,11.0797,115030.888,360647.4424,17.0,4,1,2,852.0807,2671.4625
3515,134,11.0067,99835.331,313006.0921,20.0,3,0,1,745.0398,2335.8664
3516,135,11.1149,121554.1818,381099.9482,18.0,3,1,0,900.4013,2822.9626
3517,134,11.2631,119142.5635,373538.9554,20.0,2,0,1,889.1236,2787.6041
3518,135,11.2582,119563.7368,374860.0618,23.0,4,1,0,885.6573,2776.7412
3519,135,11.159,107155.4387,335956.6722,26.0,3,0,0,793.744,2488.5679
3520,135,10.8782,106640.1027,334341.0965,29.0,4,1,1,789.9267,2476.6007
3521,135,10.7379,103995.4901,326049.7836,24.0,2,0,0,770.337,2415.1836
3522,136,10.6046,111585.707,349845.7074,6.0,3,1,0,820.4831,2572.3949
3523,136,10.476,99653.7498,312436.0044,2.0,1,0,0,732.7482,2297.3236
3524,136,10.5544,135562.9178,425021.0405,4.0,3,1,1,996.7862,3125.1547
3525,135,10.5023,108108.3146,338943.3823,8.0,4,0,1,800.8023,2510.6917
3526,136,10.7144,132017.0865,413903.8301,11.0,5,1,0,970.7139,3043.4105
3527,136,10.8314,112293.6257,352066.0333,15.0,4,0,0,825.6884,2588.7208
3528,137,10.9585,123419.4442,386947.5688,16.0,4,1,0,900.8719,2824.4348
3529,137,11.0614,117745.5532,369158.7993,19.0,3,0,0,859.4566,2694.5898
3530,136,10.8786,96377.4349,302164.0155,22.0,4,1,2,708.6576,2221.7942
3531,135,10.998,120968.7483,379264.792,18.0,3,0,1,896.0648,2809.3688
3532,135,11.1057,126548.2507,396758.2829,19.0,3,1,1,937.3944,2938.9502
3533,134,11.2857,126371.7936,396205.2807,21.0,2,0,1,943.0731,2956.7558
3534,133,11.3467,117942.2306,369776.5135,1.0,2,1,2,886.7837,2780.2745
3535,131,11.4074,122129.9206,382905.7663,2.0,1,0,2,932.2895,2922.9448
3536,132,11.3868,108153.5922,339086.0966,4.0,3,1,0,819.3454,2568.8341
3537,131,11.3585,96231.7372,301708.1378,6.0,2,0,1,734.5934,2303.1156
3538,132,11.088,107164.8243,335986.0422,8.0,3,1,0,811.8547,2545.3488
3539,131,11.0277,114361.5069,358548.6484,9.0,4,0,1,872.9886,2737.0126
3540,132,10.9736,107617.6581,337405.0596,13.0,5,1,0,815.2853,2556.0989
3541,131,11.0757,109308.9515,342707.7235,18.0,5,0,1,834.4195,2616.0895
3542,132,10.9444,100410.7153,314809.7196,23.0,6,1,0,760.6872,2384.9221
3543,130,11.0231,111777.1474,350446.3723,23.0,4,0,2,859.8242,2695.7413
3544,131,10.9412,104817.9046,328627.4966,27.0,5,1,0,800.1367,2508.6068
3545,130,10.8405,94874.7434,297452.0746,31.0,4,0,1,729.8057,2288.0929
3546,131,10.6804,104742.483,328390.7156,36.0,6,1,0,799.5609,2506.7994
3547,131,10.7263,115803.7228,363070.5989,27.0,4,0,0,883.9979,2771.5313
3548,132,10.63,97838.1679,306744.6745,21.0,4,1,0,741.1982,2323.8233
3549,132,10.7759,112748.3369,353491.5641,24.0,3,0,0,854.1541,2677.9664
3550,133,10.8542,117658.6435,368886.6979,5.0,2,1,0,884.6515,2773.5842
3551,132,11.0997,127051.6163,398336.1122,6.0,1,0,1,962.5122,3017.6978
3552,133,11.3894,133753.9606,419350.0195,7.0,2,1,0,1005.6689,3153.0077
3553,133,11.5973,121578.1817,381175.9399,8.0,1,0,0,914.1217,2865.9845
3554,134,11.5823,115253.5323,361346.3471,9.0,2,1,0,860.101,2696.6145
3555,134,11.6835,127282.5909,399061.4366,10.0,1,0,0,949.8701,2978.0704
3556,134,11.4287,102895.4222,322600.4767,11.0,2,1,1,767.8763,2407.4662
3557,134,11.164,99117.5181,310756.1319,12.0,1,0,0,739.683,2319.0756
3558,135,10.8981,98885.9041,310028.5699,1.0,2,1,0,732.4882,2296.5079
3559,133,10.8875,104478.0917,327562.2759,3.0,2,0,2,785.5496,2462.8743
3560,129,10.8832,109417.6825,343049.1002,5.0,3,1,5,848.1991,2659.2954
3561,129,11.0177,108410.6356,339890.8807,3.0,1,0,0,840.3925,2634.813
3562,129,11.0876,109547.8576,343456.5106,5.0,3,1,1,849.2082,2662.4536
3563,129,11.2228,108836.1885,341226.0384,7.0,2,0,0,843.6914,2645.1631
3564,129,11.1526,100103.6451,313847.4944,10.0,4,1,1,775.9972,2432.9263
3565,129,11.2998,124566.5993,390545.591,11.0,2,0,0,965.6326,3027.4852
3566,130,11.221,105240.1008,329951.9991,0.0,1,1,0,809.5392,2538.0923
3567,130,11.3217,117172.1695,367361.7811,1.0,1,0,0,901.3244,2825.8599
3568,130,11.3878,117621.3747,368769.7261,2.0,2,1,1,904.7798,2836.6902
3569,130,11.3395,97369.1461,305274.5495,4.0,2,0,0,748.9934,2348.2658
3570,130,11.4084,123673.2271,387744.0778,6.0,3,1,1,951.3325,2982.6468
3571,130,11.478,102365.6759,320939.6582,6.0,2,0,0,787.4283,2468.7666
3572,131,11.377,102537.8235,321479.2103,0.0,1,1,0,782.7315,2454.0398
3573,131,11.4724,110578.4307,346689.1942,0.0,0,0,0,844.1102,2646.4824
3574,132,11.3358,98176.0822,307804.1748,1.0,2,1,0,743.7582,2331.8498
3575,131,11.4166,111322.031,349020.0246,3.0,2,0,1,849.7865,2664.275
3576,131,11.513,120130.9379,376638.438,5.0,3,1,1,917.0301,2875.1026
3577,128,11.4961,101563.535,318424.2863,7.0,2,0,3,793.4651,2487.6897
3578,129,11.3325,108881.6363,341368.9019,9.0,3,1,0,844.0437,2646.2706
3579,129,11.0046,88704.1253,278107.4755,7.0,2,0,0,687.6289,2155.8719
3580,130,10.5479,96772.2339,303403.13,9.0,3,1,0,744.4018,2333.8702
3581,129,10.478,97090.9411,304401.2359,12.0,3,0,1,752.643,2359.6995
3582,130,10.5526,121965.5293,382389.1646,15.0,4,1,0,938.1964,2941.4551
3583,128,10.5828,113403.503,355545.6889,19.0,4,0,2,885.9649,2777.7007
3584,127,10.6721,119126.3169,373488.2532,19.0,6,1,2,938.0025,2940.8524
3585,125,10.7385,101950.394,319637.0619,20.0,4,0,2,815.6032,2557.0965
3586,125,10.7602,112008.6102,351171.745,24.0,5,1,1,896.0689,2809.374
3587,125,10.8774,110214.0305,345545.3868,23.0,5,0,0,881.7122,2764.3631
3588,126,10.7941,91925.6154,288206.0771,24.0,6,1,0,729.5684,2287.3498
3589,124,10.7917,94298.4237,295646.3036,10.0,3,0,2,760.4712,2384.2444
3590,125,10.6651,94175.8504,295261.3017,14.0,5,1,0,753.4068,2362.0904
3591,125,10.7737,111541.5306,349707.8217,9.0,2,0,0,892.3322,2797.6626
3592,125,10.6435,95387.5685,299060.3529,8.0,2,1,1,763.1005,2392.4828
3593,125,10.619,107179.5451,336031.9368,11.0,3,0,0,857.4364,2688.2555
3594,125,10.7429,114424.5565,358746.4015,14.0,4,1,1,915.3965,2869.9712
3595,124,10.8091,104448.2213,327468.2887,19.0,5,0,1,842.3244,2640.8733
3596,125,10.5702,96117.8594,301350.1172,25.0,7,1,0,768.9429,2410.8009
3597,125,10.6095,99241.2394,311142.7718,24.0,5,0,0,793.9299,2489.1422
3598,126,10.5282,98370.0089,308411.1394,9.0,3,1,0,780.7144,2447.7075
3599,125,10.6751,113049.5085,354435.9343,12.0,3,0,1,904.3961,2835.4875
