step,vehicle_count,mean_speed,total_fuel_ml_s,total_co2_mg_s,total_waiting_s,halting_count,departed_count,arrived_count,mean_fuel_per_veh,mean_co2_per_veh
0,1,0.0,837.2222,2624.7222,0.0,1,1,0,837.2222,2624.7222
1,1,2.5069,1271.685,3986.9402,0.0,0,0,0,1271.685,3986.9402
2,2,2.3123,2350.7939,7370.083,0.0,1,1,0,1175.397,3685.0415
3,3,2.6501,3273.4759,10262.7972,0.0,1,1,0,1091.1586,3420.9324
4,4,3.1887,4637.7988,14540.2141,0.0,1,1,0,1159.4497,3635.0535
5,5,2.6175,4191.384,13140.5253,0.0,1,1,0,838.2768,2628.1051
6,6,3.8876,8419.7133,26397.3974,0.0,1,1,0,1403.2855,4399.5662
7,6,6.0847,10721.8159,33615.3812,0.0,0,0,0,1786.9693,5602.5635
8,7,6.332,9879.7145,30975.1491,0.0,1,1,0,1411.3878,4425.0213
9,8,7.023,12959.4107,40630.6915,0.0,1,1,0,1619.9263,5078.8364
10,9,6.9784,9773.2526,30641.1882,0.0,1,1,0,1085.917,3404.5765
11,10,7.0685,10469.4648,32823.9982,0.0,1,1,0,1046.9465,3282.3998
12,11,7.1889,12294.2655,38545.0761,0.0,1,1,0,1117.6605,3504.0978
13,11,7.9614,11773.0849,36911.231,0.0,0,0,0,1070.2804,3355.5665
14,12,7.9346,13854.6123,43437.0455,0.0,1,1,0,1154.551,3619.7538
15,13,7.834,11629.0165,36459.4834,0.0,1,1,0,894.5397,2804.5756
16,14,7.9538,14624.7279,45851.3731,0.0,1,1,0,1044.6234,3275.0981
17,15,7.933,14435.4394,45258.0019,0.0,1,1,0,962.3626,3017.2001
18,16,7.7365,15402.9399,48291.2503,0.0,1,1,0,962.6837,3018.2031
19,16,7.9356,9499.6408,29783.2146,0.0,0,0,0,593.7276,1861.4509
20,17,7.5459,11634.6388,36476.8147,0.0,1,1,0,684.3905,2145.695
21,18,7.7443,19613.2821,61491.7775,0.0,1,1,0,1089.6268,3416.2099
22,19,7.952,19288.6286,60473.88,0.0,1,1,0,1015.191,3182.8358
23,20,8.3673,25863.3844,81087.6235,0.0,1,1,0,1293.1692,4054.3812
24,21,8.718,28493.1328,89332.7374,0.0,1,1,0,1356.8158,4253.9399
25,21,9.3523,25806.6403,80909.7674,0.0,0,0,0,1228.8876,3852.8461
26,22,9.1142,14891.1484,46686.8516,0.0,1,1,0,676.8704,2122.1296
27,23,8.8872,21017.0957,65893.1007,0.0,1,1,0,913.7868,2864.9174
28,24,8.709,24243.363,76008.0554,0.0,1,1,0,1010.1401,3167.0023
29,25,8.6285,18710.8173,58661.8033,0.0,1,1,0,748.4327,2346.4721
30,26,8.5412,21294.3512,66762.0115,1.0,2,1,0,819.0135,2567.7697
31,26,9.0018,24311.3996,76221.7134,2.0,1,0,0,935.0538,2931.6044
32,27,8.8279,23079.615,72359.571,0.0,1,1,0,854.8006,2679.9841
33,28,8.9208,28552.2733,89517.3787,0.0,1,1,0,1019.724,3197.0492
34,29,8.955,26791.26,83996.1748,0.0,1,1,0,923.8366,2896.4198
35,30,9.2071,31365.2731,98336.9337,0.0,1,1,0,1045.5091,3277.8978
36,31,9.224,27318.3257,85648.6882,0.0,1,1,0,881.2363,2762.8609
37,31,9.5811,29259.0031,91733.8272,0.0,0,0,0,943.8388,2959.1557
38,32,9.8058,34932.1188,109519.8577,0.0,1,1,0,1091.6287,3422.4956
39,33,9.522,30521.619,95691.9834,0.0,1,1,0,924.8975,2899.7571
40,34,9.1833,23257.1502,72915.5423,0.0,1,1,0,684.0338,2144.5748
41,35,9.1023,30694.2546,96232.8044,1.0,2,1,0,876.9787,2749.5087
42,36,8.9059,28682.537,89925.3293,2.0,2,1,0,796.7371,2497.9258
43,36,9.0218,29662.7522,92998.8596,4.0,2,0,0,823.9653,2583.3017
44,37,8.8523,30662.3297,96132.5645,6.0,3,1,0,828.7116,2598.1774
45,38,8.9702,41236.7178,129286.0615,8.0,3,1,0,1085.1768,3402.2648
46,39,8.5643,22634.3894,70962.982,10.0,3,1,0,580.369,1819.5636
47,40,8.5393,37834.7371,118619.4016,12.0,3,1,0,945.8684,2965.485
48,41,8.738,37514.2363,117614.8385,8.0,2,1,0,914.9814,2868.6546
49,41,9.1058,38536.7806,120821.2201,9.0,1,0,0,939.9215,2946.859
50,42,9.1361,38855.2938,121820.0161,10.0,2,1,0,925.126,2900.4766
51,43,9.3602,40830.6273,128012.661,0.0,1,1,0,949.5495,2977.0386
52,44,9.4772,39879.006,125029.3903,0.0,1,1,0,906.341,2841.5771
53,45,9.6377,43337.7363,135873.4671,0.0,1,1,0,963.0608,3019.4104
54,46,9.7515,45818.7956,143652.6133,0.0,1,1,0,996.0608,3122.8829
55,46,10.1127,49568.7306,155409.2148,0.0,0,0,0,1077.5811,3378.4612
56,47,10.1894,43287.1747,135715.1113,0.0,1,1,0,921.0037,2887.5556
57,48,10.1079,41671.3306,130648.6337,0.0,1,1,0,868.1527,2721.8465
58,49,10.0917,48245.3998,151260.4217,0.0,1,1,0,984.6,3086.9474
59,50,10.0456,46225.0088,144926.1171,0.0,1,1,0,924.5002,2898.5223
60,51,10.0166,48438.3729,151865.4393,0.0,1,1,0,949.772,2977.7537
61,51,10.231,50498.1287,158322.5227,1.0,1,0,0,990.1594,3104.3632
62,52,10.202,40447.8837,126812.6589,3.0,3,1,0,777.8439,2438.705
63,53,10.1135,44247.569,138725.72,5.0,3,1,0,834.8598,2617.4664
64,53,10.1163,49043.1536,153760.9872,3.0,1,0,0,925.3425,2901.1507
65,54,9.9522,46840.9331,146856.7726,4.0,2,1,0,867.4247,2719.5699
66,55,9.5387,41647.4923,130573.6959,5.0,2,1,0,757.2271,2374.0672
67,56,9.468,48637.3703,152488.4353,7.0,3,1,0,868.5245,2723.0078
68,57,9.6047,53978.4539,169233.5037,9.0,4,1,0,946.9904,2969.0088
69,58,9.5008,47569.4738,149140.0299,12.0,4,1,0,820.1633,2571.3798
70,59,9.4477,45591.9553,142940.2444,15.0,4,1,0,772.745,2422.716
71,60,9.734,66630.1028,208900.0198,19.0,5,1,0,1110.5017,3481.667
72,61,9.9087,61210.8482,191909.6233,8.0,4,1,0,1003.4565,3146.0594
73,61,10.1302,51964.306,162919.2422,5.0,2,0,0,851.8739,2670.8072
74,62,10.2337,60552.6379,189846.3018,7.0,3,1,0,976.6554,3062.0371
75,63,10.0195,47358.392,148478.5127,9.0,3,1,0,751.7205,2356.8018
76,64,10.0483,63251.779,198308.7925,11.0,3,1,0,988.309,3098.5749
77,65,9.8718,53443.1419,167555.8931,13.0,3,1,0,822.2022,2577.783
78,66,9.9013,65148.0492,204254.1475,15.0,3,1,0,987.0917,3094.7598
79,66,10.1432,62189.9381,194979.405,17.0,2,0,0,942.2718,2954.2334
80,67,10.2902,63783.9992,199977.6436,0.0,1,1,0,952.0,2984.7409
81,68,10.5368,66193.3692,207531.2896,0.0,1,1,0,973.4319,3051.9307
82,69,10.3775,54162.026,169810.2266,0.0,1,1,0,784.9569,2461.0178
83,70,10.4771,67379.468,211250.3585,0.0,1,1,0,962.5638,3017.8623
84,71,10.3277,63245.0716,198288.1174,0.0,1,1,0,890.7757,2792.7904
85,70,10.4602,64820.1123,203225.804,0.0,0,0,1,926.0016,2903.2258
86,71,10.6451,70574.971,221269.1537,0.0,1,1,0,994.0137,3116.467
87,72,10.4684,68518.0084,214820.0473,0.0,1,1,0,951.639,2983.6118
88,73,10.3429,64758.6167,203033.7222,0.0,1,1,0,887.1043,2781.2839
89,74,10.4284,67960.1352,213070.7819,0.0,1,1,0,918.3802,2879.3349
90,75,10.5345,70243.9055,220230.7771,1.0,2,1,0,936.5854,2936.4104
91,74,10.7178,61597.1821,193120.8595,2.0,1,0,1,832.3944,2609.7413
92,75,10.6967,62438.5252,195758.4522,3.0,2,1,0,832.5137,2610.1127
93,76,10.741,69125.5934,216724.2048,5.0,3,1,0,909.5473,2851.6343
94,77,10.5215,57779.3181,181150.7891,7.0,3,1,0,750.3808,2352.6077
95,78,10.4307,62712.7988,196618.2649,9.0,3,1,0,804.0102,2520.747
96,79,10.5142,67371.01,211223.021,7.0,2,1,0,852.7976,2673.7091
97,79,10.7318,66679.428,209055.0187,8.0,1,0,0,844.0434,2646.2661
98,80,10.6904,71823.7329,225183.4381,9.0,2,1,0,897.7967,2814.793
99,80,10.3107,62397.918,195631.0718,10.0,2,1,1,779.974,2445.3884
100,81,10.1306,59984.9758,188065.6357,11.0,2,1,0,740.5553,2321.798
101,82,10.0909,72076.3881,225975.0931,12.0,2,1,0,878.9803,2755.7938
102,83,10.0712,75726.4103,237419.4046,14.0,3,1,0,912.3664,2860.4748
103,83,10.2593,77472.3961,242893.4021,19.0,5,0,0,933.4024,2926.4265
104,84,10.341,78472.5011,246028.5433,2.0,2,1,0,934.1964,2928.9112
105,85,10.4077,76499.3593,239842.441,0.0,1,1,0,899.9925,2821.6758
106,86,10.5195,76813.9128,240828.7417,0.0,1,1,0,893.185,2800.3342
107,87,10.645,84927.5408,266267.6176,0.0,1,1,0,976.1786,3060.5473
108,88,10.8841,85902.4718,269324.0734,1.0,2,1,0,976.1645,3060.5008
109,88,11.1398,87492.1563,274308.9293,2.0,1,0,0,994.229,3117.1469
110,89,11.2396,90479.4699,283674.6511,3.0,2,1,0,1016.6233,3187.3556
111,90,11.1859,77917.7718,244290.1385,4.0,2,1,0,865.753,2714.3349
112,91,11.244,85560.3596,268251.7685,0.0,1,1,0,940.2237,2947.8216
113,92,11.3538,94931.1817,297631.6031,0.0,1,1,0,1031.8607,3235.1261
114,92,11.5427,82456.3107,258519.6177,0.0,0,0,0,896.2642,2809.9958
115,92,11.5995,82238.3366,257836.6093,0.0,0,0,0,893.895,2802.5718
116,94,11.4565,88185.5056,276482.0886,0.0,2,2,0,938.1437,2941.2988
117,95,11.5132,90352.5948,283277.2888,1.0,2,1,0,951.0799,2981.8662
118,96,11.5984,87513.6102,274375.6351,2.0,2,1,0,911.6001,2858.0795
119,97,11.5936,86226.8931,270341.0081,4.0,3,1,0,888.937,2787.0207
120,97,11.5,76392.5024,239507.5089,4.0,2,1,1,787.5516,2469.1496
121,97,11.4614,75714.7495,237383.0995,5.0,1,0,0,780.5644,2447.2484
122,98,11.463,92187.0529,289027.5324,6.0,2,1,0,940.6842,2949.2605
123,99,11.208,71122.3822,222984.212,7.0,2,1,0,718.4079,2252.3658
124,100,11.3003,94011.7694,294748.9059,0.0,1,1,0,940.1177,2947.4891
125,101,11.3757,91664.6924,287390.0849,0.0,1,1,0,907.5712,2845.4464
126,102,11.351,96798.9399,303487.2864,1.0,2,1,0,949.0092,2975.3656
127,102,11.3863,93591.8262,293432.9136,2.0,1,0,0,917.5669,2876.7933
128,103,11.3537,87660.0695,274834.4125,3.0,2,1,0,851.0686,2668.2953
129,104,11.3149,94634.534,296701.6968,4.0,2,1,0,909.9474,2852.9009
130,105,11.0563,92339.6706,289506.3518,5.0,2,1,0,879.4254,2757.2034
131,106,10.9874,105662.7178,331277.4725,6.0,2,1,0,996.8181,3125.2592
132,107,10.8987,94328.0427,295740.1266,7.0,2,1,0,881.5705,2763.9264
133,107,11.1971,107711.7522,337701.656,10.0,3,0,0,1006.6519,3156.0902
134,107,11.0574,92179.9201,289005.5348,9.0,2,1,1,861.4946,2700.9863
135,108,11.1406,107048.67,335623.1043,11.0,3,1,0,991.1914,3107.6213
136,109,11.0279,92485.2012,289962.5646,0.0,1,1,0,848.4881,2660.207
137,108,11.2129,101606.8359,318560.8162,1.0,1,0,1,940.804,2949.6372
138,109,11.307,102992.2039,322904.4527,2.0,2,1,0,944.8826,2962.4262
139,109,11.3781,99313.2022,311370.2344,3.0,1,0,0,911.1303,2856.6077
140,110,11.4219,107737.5568,337782.8338,5.0,3,1,0,979.4323,3070.753
141,111,11.051,87327.5609,273791.5019,7.0,4,2,1,786.7348,2466.5901
142,112,10.9652,88145.7295,276356.4267,11.0,5,1,0,787.0154,2467.4681
143,113,10.8763,99042.9915,310522.1301,15.0,5,1,0,876.4867,2747.9835
144,114,10.7154,99075.1974,310622.442,13.0,6,1,0,869.0807,2724.7583
145,114,10.7652,111490.381,349548.0936,10.0,3,0,0,977.9858,3066.2113
146,115,10.8136,104535.9238,327743.9591,12.0,5,1,0,909.008,2849.9475
147,116,10.9853,112481.4541,352654.9525,9.0,3,1,0,969.6677,3040.1289
148,117,11.2114,132325.2253,414870.9029,11.0,3,1,0,1130.9848,3545.9052
149,118,11.3471,125814.9309,394460.4799,13.0,3,1,0,1066.2282,3342.8854
150,119,11.4823,116011.3338,363722.77,16.0,4,1,0,974.8852,3056.4939
151,119,11.7408,128515.26,402926.0973,21.0,5,0,0,1079.9602,3385.9336
152,119,11.7271,97972.2123,307165.224,26.0,5,0,0,823.2959,2581.2204
153,118,11.5369,94469.2699,296182.5189,33.0,7,0,1,800.587,2510.0213
154,119,11.4324,106207.9033,332986.3242,40.0,8,1,0,892.5034,2798.2044
155,121,11.0436,88529.0491,277557.2497,47.0,9,2,0,731.645,2293.8616
156,123,10.9417,110972.5426,347923.8062,55.0,10,2,0,902.2158,2828.6488
157,123,10.9336,103695.1192,325107.069,56.0,7,0,0,843.0497,2643.1469
158,124,10.8081,111125.3356,348402.6481,64.0,9,1,0,896.1721,2809.6988
159,125,10.7351,111579.7804,349827.4437,72.0,9,1,0,892.6382,2798.6195
160,126,10.9235,120157.5003,376720.1182,81.0,10,1,0,953.631,2989.8422
161,127,11.1895,128191.2987,401908.6413,47.0,7,1,0,1009.3803,3164.635
162,128,11.308,121021.5282,379430.2442,44.0,5,1,0,945.4807,2964.2988
163,128,11.4069,109931.7416,344660.5793,17.0,2,0,0,858.8417,2692.6608
164,129,11.4736,118014.01,370001.2892,19.0,3,1,0,914.8373,2868.227
165,129,11.6056,122454.1583,383922.7971,21.0,3,1,1,949.257,2976.1457
166,130,11.49,110442.3252,346261.9806,23.0,3,1,0,849.5563,2663.5537
167,131,11.4455,121325.1886,380382.6881,26.0,4,1,0,926.1465,2903.6846
168,131,11.4353,112919.0554,354027.3652,29.0,3,0,0,861.9775,2702.499
169,131,11.6133,121003.0737,379372.6004,32.0,3,0,0,923.6876,2895.974
170,133,11.5224,125610.3127,393818.205,22.0,4,2,0,944.4384,2961.0391
171,134,11.3845,114280.5539,358296.8179,26.0,5,1,0,852.84,2673.8568
172,134,11.0501,107968.171,338505.1898,29.0,5,1,1,805.7326,2526.1581
173,135,10.9691,117692.1689,368991.8169,5.0,3,1,0,871.7938,2733.2727
174,135,11.0699,119826.4448,375683.3812,9.0,4,0,0,887.6033,2782.8399
175,136,11.1133,127912.9489,401036.5195,14.0,6,1,0,940.5364,2948.7979
176,137,11.0907,123984.0011,388718.7442,14.0,5,1,0,904.9927,2837.3631
177,138,10.987,124939.0895,391712.5777,19.0,6,1,0,905.3557,2838.4969
178,139,11.0241,127344.3983,399253.9992,24.0,6,1,0,916.1468,2872.3309
179,140,11.1615,134165.2128,420638.4342,30.0,7,1,0,958.3229,3004.5602
180,141,11.0901,120134.9549,376650.2972,27.0,7,1,0,852.021,2671.2787
181,140,11.1515,137271.1188,430377.1257,30.0,7,0,1,980.508,3074.1223
182,141,11.0817,123344.525,386712.6556,37.0,8,1,0,874.7839,2742.6429
183,142,11.1627,133085.6004,417253.8977,45.0,9,1,0,937.2225,2938.4077
184,143,11.2335,135559.3192,425009.6018,36.0,7,1,0,947.9673,2972.0951
185,144,11.2471,122963.3545,385518.0678,43.0,8,1,0,853.9122,2677.2088
186,145,11.1875,131624.5031,412672.7591,50.0,8,1,0,907.7552,2846.019
187,145,11.2206,119677.2584,375214.7627,58.0,8,0,0,825.3604,2587.688
188,146,11.2204,132539.9003,415542.4315,68.0,11,1,0,907.8075,2846.181
189,147,11.0183,119949.9855,376070.4442,67.0,10,1,0,815.9863,2558.3023
190,148,11.0238,133170.2707,417519.2447,60.0,8,1,0,899.7991,2821.076
191,149,10.9612,124724.8737,391039.6584,49.0,8,1,0,837.0797,2624.4272
192,149,11.0301,128955.7112,404305.3512,34.0,5,1,1,865.4746,2713.4587
193,147,11.1683,137788.3201,431998.1086,39.0,5,0,2,937.3355,2938.7626
194,147,11.0947,128992.6029,404421.3192,32.0,5,1,1,877.5007,2751.1654
195,147,10.965,121180.3181,379927.8424,16.0,4,1,1,824.3559,2584.5431
196,148,10.8751,139653.9922,437848.1101,11.0,4,1,0,943.6081,2958.4332
197,149,10.8567,130977.5814,410644.338,7.0,4,1,0,879.0442,2756.0023
198,150,10.6957,121181.3208,379930.5738,12.0,6,1,0,807.8755,2532.8705
199,150,10.6919,129022.9375,404515.8924,18.0,6,0,0,860.1529,2696.7726
200,151,10.5784,142189.7912,445797.7854,18.0,5,1,0,941.6542,2952.3032
201,152,10.6703,145155.5332,455096.2984,23.0,6,1,0,954.9706,2994.0546
202,153,10.7148,144244.9097,452240.6833,28.0,6,1,0,942.7772,2955.8215
203,154,10.7504,146569.965,459531.6016,34.0,7,1,0,951.753,2983.9714
204,155,10.8991,159365.406,499647.837,40.0,7,1,0,1028.1639,3223.5344
205,155,10.9616,144764.0892,453868.5747,46.0,6,0,0,933.9619,2928.1844
206,156,11.0407,149988.2557,470247.144,54.0,9,1,0,961.4632,3014.4048
207,157,10.9817,137419.7288,430841.678,37.0,7,1,0,875.2849,2744.2145
208,158,10.8117,129779.2096,406886.5975,33.0,7,1,0,821.3874,2575.2316
209,159,10.6342,129133.7119,404862.7943,32.0,6,1,0,812.1617,2546.3069
210,160,10.6492,141315.6064,443056.521,34.0,7,1,0,883.2225,2769.1033
211,160,10.8031,151833.3281,476032.657,40.0,6,0,0,948.9583,2975.2041
212,161,10.9294,165329.8354,518348.2472,47.0,8,1,0,1026.8934,3219.5543
213,162,10.9835,160607.8778,503543.813,55.0,9,1,0,991.4067,3108.2951
214,163,11.0398,169430.9745,531206.2164,63.0,9,1,0,1039.4538,3258.9338
215,164,11.0899,159500.0214,500070.2617,71.0,9,1,0,972.5611,3049.2089
216,165,10.9934,147246.6113,461651.8771,58.0,7,1,0,892.4037,2797.8902
217,165,11.0579,157650.7814,494271.6316,42.0,5,0,0,955.4593,2995.5856
218,166,11.0313,148303.7295,464966.8322,28.0,5,1,0,893.396,2801.005
219,167,10.979,147871.6553,463610.9403,25.0,5,1,0,885.459,2776.1134
220,168,10.9389,140652.6548,440977.2006,31.0,7,1,0,837.2182,2624.8643
221,169,11.0388,165718.1126,519564.7328,38.0,8,1,0,980.5805,3074.3475
222,170,11.2493,182687.1625,572768.2865,33.0,5,1,0,1074.6304,3369.2252
223,170,11.4068,163455.9926,512473.4101,36.0,5,0,0,961.5058,3014.5495
224,171,11.4649,151314.8209,474406.5185,27.0,6,1,0,884.882,2774.3071
225,172,11.2971,140534.0209,440605.7981,33.0,7,1,0,817.0583,2561.6616
226,173,11.0591,139434.4472,437158.6891,39.0,7,1,0,805.9795,2526.9288
227,173,10.8945,137718.8875,431779.5554,47.0,9,1,1,796.0629,2495.8356
228,174,10.8145,149311.6259,468126.061,53.0,8,1,0,858.1128,2690.3797
229,173,10.7573,153029.7139,479783.0522,61.0,8,0,1,884.5648,2773.3124
230,174,10.7043,150616.4045,472214.6922,65.0,10,1,0,865.6115,2713.8775
231,174,10.7036,157661.8807,494305.1197,75.0,11,1,1,906.1028,2840.834
232,175,10.7414,165267.227,518149.9137,88.0,14,1,0,944.3842,2960.8566
233,176,10.6679,141374.7537,443240.8909,102.0,15,1,0,803.2656,2518.4142
234,177,10.5375,151712.1484,475651.4353,113.0,15,1,0,857.1308,2687.2962
235,177,10.4233,134764.6964,422515.0923,128.0,15,0,0,761.3825,2387.0909
236,178,10.3149,143346.0255,449420.1072,146.0,19,1,0,805.3147,2524.8321
237,179,10.3054,168088.8674,526994.8653,164.0,19,1,0,939.044,2944.1054
238,180,10.0359,134439.7437,421496.4733,144.0,16,1,0,746.8875,2341.6471
239,181,9.9907,164059.3464,514361.3657,145.0,17,1,0,906.4052,2841.7755
240,182,9.8167,143947.5301,451305.5354,130.0,17,1,0,790.9205,2479.7007
241,182,9.9497,161315.186,505757.0727,128.0,15,0,0,886.3472,2778.885
242,183,9.862,142076.8655,445439.9733,132.0,17,1,0,776.3763,2434.0982
243,183,10.0013,170091.6103,533273.9925,97.0,12,0,0,929.4624,2914.0655
244,184,10.106,174332.4666,546570.6037,100.0,13,1,0,947.4591,2970.4924
245,185,10.0228,152102.029,476872.7518,92.0,13,2,1,822.1731,2577.6906
246,186,10.0824,164036.2634,514289.832,99.0,12,1,0,881.9154,2764.9991
247,186,10.2297,172947.4496,542229.0329,111.0,12,0,0,929.825,2915.2099
248,187,10.3164,170931.0191,535905.8954,122.0,13,1,0,914.0696,2865.8069
249,187,10.4052,167363.4825,524721.2238,127.0,13,0,0,894.9919,2805.9958
250,188,10.339,154121.7817,483204.8919,133.0,12,1,0,819.7967,2570.2388
251,190,10.2137,166420.1251,521763.6209,145.0,14,2,0,875.8954,2746.1243
252,190,10.3426,177932.8292,557858.9108,141.0,13,1,1,936.4886,2936.0995
253,189,10.3102,166187.5824,521035.1705,135.0,13,0,1,879.2994,2756.7998
254,189,10.1923,148297.9651,464945.0899,133.0,11,1,1,784.6453,2460.0269
255,190,10.1121,153117.1062,480054.5659,144.0,12,1,0,805.8795,2526.603
256,191,10.1785,164903.2023,517006.7019,127.0,9,1,0,863.3676,2706.8414
257,192,10.2257,163772.5691,513462.1007,100.0,8,1,0,852.9821,2674.2818
258,193,10.2518,166584.5353,522279.8137,78.0,8,1,0,863.1323,2706.113
259,193,10.3515,168067.1213,526928.1304,65.0,8,0,0,870.8141,2730.1976
260,194,10.3664,170868.0234,535708.7816,54.0,9,1,0,880.763,2761.3855
261,195,10.3169,160883.931,504407.5458,56.0,7,1,0,825.0458,2586.7054
262,196,10.4809,185598.547,581893.0789,60.0,8,1,0,946.9314,2968.8422
263,194,10.7261,187620.8377,588234.5208,52.0,6,0,2,967.1177,3032.1367
264,195,10.8147,170792.8261,535474.6817,32.0,5,1,0,875.8606,2746.024
265,194,10.9875,183892.5955,576546.3008,36.0,4,0,1,947.9,2971.8881
266,196,10.8805,177779.5712,557379.8895,41.0,7,2,0,907.0386,2843.7749
267,197,10.704,163000.3278,511042.882,41.0,6,1,0,827.4128,2594.1263
268,197,10.6848,165645.2186,519335.0093,49.0,9,1,1,840.8387,2636.2183
269,198,10.607,168230.6576,527440.5481,56.0,9,1,0,849.6498,2663.8412
270,198,10.5778,179054.0512,561374.6465,67.0,12,1,1,904.3134,2835.2255
271,196,10.6197,166964.0384,523469.8932,77.0,11,0,2,851.8573,2670.7648
272,197,10.604,178742.8148,560397.9708,60.0,10,1,0,907.3239,2844.6598
273,196,10.5416,157526.9916,493882.1748,68.0,10,1,2,803.7091,2519.807
274,196,10.4677,159425.9841,499835.0526,78.0,11,1,1,813.3979,2550.1788
275,197,10.3137,163730.4697,513331.1955,89.0,12,1,0,831.1191,2605.7421
276,198,10.3099,172925.8274,542159.7079,100.0,14,1,0,873.3628,2738.1803
277,197,10.3196,168882.8706,529484.6862,105.0,12,0,1,857.2735,2687.7395
278,198,10.4215,179403.1547,562468.6773,116.0,14,1,0,906.0765,2840.7509
279,199,10.5667,182388.7747,571830.0847,118.0,12,1,0,916.5265,2873.518
280,199,10.7678,195163.5266,611882.2198,107.0,10,1,1,980.7212,3074.785
281,200,10.7305,163433.1805,512399.1736,110.0,9,1,0,817.1659,2561.9959
282,199,10.7531,173599.9919,544274.5227,105.0,8,1,2,872.3618,2735.0479
283,198,10.8342,169662.0625,531928.0291,114.0,9,0,1,856.8791,2686.5052
284,199,10.8416,171365.4433,537269.8644,111.0,8,1,0,861.1329,2699.8486
285,199,10.8437,178302.826,559018.7842,120.0,10,1,1,895.9941,2809.1396
286,200,10.747,180147.2397,564802.5199,125.0,9,1,0,900.7362,2824.0126
287,199,10.779,171990.2323,539227.6005,135.0,11,1,2,864.2725,2709.6864
288,200,10.8537,173234.3707,543128.9403,52.0,7,1,0,866.1719,2715.6447
289,199,11.1035,202556.0793,635060.5279,34.0,4,0,1,1017.8697,3191.2589
290,198,11.1472,185361.3328,581151.06,26.0,5,1,2,936.1683,2935.1064
291,199,11.0566,171084.8514,536390.2705,25.0,4,1,0,859.7229,2695.4285
292,200,10.9863,175547.7122,550382.935,28.0,4,1,0,877.7386,2751.9147
293,201,10.8827,159639.7666,500506.216,32.0,5,1,0,794.2277,2490.0807
294,202,10.9284,186876.0438,585899.4676,29.0,7,1,0,925.1289,2900.4924
295,202,10.9003,175320.2231,549668.7163,27.0,5,0,0,867.9219,2721.1323
296,203,10.7147,170226.2069,533697.5754,34.0,8,1,0,838.5527,2629.0521
297,201,10.4942,160246.2684,502408.2952,20.0,8,1,3,797.2451,2499.5438
298,202,10.4078,175853.7295,551340.8147,25.0,9,1,0,870.563,2729.41
299,203,10.4259,178935.1723,561002.9803,25.0,9,1,0,881.4541,2763.5615
300,204,10.4703,181832.6996,570085.4492,30.0,9,1,0,891.3368,2794.5365
301,204,10.4418,169231.8927,530579.2669,39.0,10,0,0,829.5681,2600.8788
302,205,10.3705,187452.5195,587706.7986,45.0,11,1,0,914.4025,2866.8624
303,205,10.3588,183905.7173,576585.7918,55.0,11,1,1,897.1011,2812.6136
304,205,10.4232,197431.2259,618991.5081,48.0,10,1,1,963.0792,3019.4708
305,204,10.607,194513.0332,609842.1047,50.0,10,1,2,953.4953,2989.4221
306,204,10.6355,178945.3409,561033.189,50.0,9,1,1,877.183,2750.1627
307,204,10.8312,197994.9518,620759.4102,61.0,11,0,0,970.5635,3042.9383
308,203,10.9132,183333.4355,574792.2923,55.0,9,1,2,903.1204,2831.4891
309,203,10.8613,176624.9682,553759.0756,52.0,7,0,0,870.0737,2727.8772
310,203,10.8091,189884.8943,595332.2262,61.0,10,1,1,935.3936,2932.6711
311,203,10.5368,154340.7544,483893.2017,52.0,9,1,1,760.2993,2383.7104
312,204,10.4501,164849.5813,516839.5614,17.0,8,2,1,808.0862,2533.5273
313,204,10.5343,179414.9197,562506.0059,15.0,7,0,0,879.4849,2757.3824
314,205,10.6604,191533.4935,600500.7443,21.0,8,1,0,934.3097,2929.2719
315,204,10.8697,198305.8045,621733.7152,28.0,8,1,2,972.0873,3047.7143
316,205,10.9136,178471.6467,559549.372,29.0,7,1,0,870.5934,2729.5091
317,205,11.0738,198787.2433,623243.2103,33.0,6,1,1,969.6939,3040.2108
318,206,11.1042,184417.5227,578191.0056,41.0,9,1,0,895.2307,2806.7525
319,206,11.2623,210735.8585,660706.5055,38.0,7,0,0,1022.9896,3207.3131
320,205,11.1514,162748.3439,510252.4715,35.0,7,1,2,793.8944,2489.0364
321,206,11.2155,190429.4433,597040.0902,37.0,6,1,0,924.4148,2898.2529
322,206,11.1725,168315.0057,527705.5283,42.0,6,1,1,817.0631,2561.6773
323,206,11.234,180955.2566,567335.2078,47.0,6,1,1,878.4236,2754.0544
324,206,11.2221,176618.77,553740.2099,53.0,7,1,1,857.3727,2688.0593
325,206,11.1839,175747.0634,551006.5762,61.0,8,0,0,853.1411,2674.7892
326,207,11.0348,170071.9085,533213.8974,71.0,11,1,0,821.6034,2575.9125
327,207,11.032,192664.9252,604049.8271,79.0,11,1,1,930.7484,2918.1151
328,207,10.9348,179118.4623,561577.0927,73.0,11,1,1,865.3066,2712.9328
329,207,10.7867,162962.2127,510922.0798,84.0,12,1,1,787.2571,2468.2226
330,207,10.6242,168393.5492,527950.6674,73.0,11,1,1,813.4954,2550.4863
331,207,10.5628,183724.1769,576016.8248,86.0,13,0,0,887.5564,2782.69
332,208,10.3813,159827.3867,501093.8912,94.0,13,1,0,768.4009,2409.1052
333,209,10.4315,195779.4317,613811.8038,72.0,12,1,0,936.7437,2936.8986
334,210,10.3624,179790.0341,563681.3499,71.0,12,1,0,856.143,2684.1969
335,210,10.3607,182612.6526,572530.8457,81.0,13,1,1,869.5841,2726.3374
336,211,10.4899,201932.2523,633103.429,93.0,13,1,0,957.0249,3000.4902
337,211,10.5908,188018.7794,589480.7095,106.0,13,0,0,891.0843,2793.7474
338,212,10.6264,202092.6346,633606.8385,120.0,15,1,0,953.2671,2988.7115
339,210,10.6274,185320.4114,581020.5716,134.0,15,1,3,882.4781,2766.7646
340,208,10.6375,192129.5911,602369.5597,133.0,15,1,3,923.7,2896.0075
341,206,10.5319,180546.5475,566053.854,108.0,14,1,3,876.4396,2747.8342
342,205,10.6201,189086.5245,592828.4571,76.0,10,1,2,922.3733,2891.8461
343,204,10.7274,180444.8333,565735.5061,69.0,8,0,1,884.5335,2773.2133
344,205,10.8117,184038.7155,577003.7517,77.0,9,1,0,897.7498,2814.6524
345,205,10.9187,183560.3494,575503.7105,72.0,7,1,1,895.4163,2807.3352
346,205,11.0136,185841.9539,582657.1131,78.0,7,1,1,906.5461,2842.2298
347,206,11.0563,197644.1532,619660.7334,86.0,9,1,0,959.4376,3008.0618
348,207,11.0341,173348.8326,543487.5876,76.0,9,1,0,837.434,2625.5439
349,206,11.006,179111.0649,561554.0088,73.0,7,0,1,869.4712,2725.9903
350,207,10.8632,173875.2825,545138.1103,83.0,11,1,0,839.9772,2633.5174
351,208,10.7534,171133.2576,536541.3773,35.0,8,1,0,822.756,2579.5259
352,209,10.8104,188546.2848,591134.432,24.0,7,1,0,902.1353,2828.3944
353,210,10.8271,176966.8133,554830.2696,31.0,8,1,0,842.6991,2642.0489
354,210,10.847,183932.9757,576671.4675,36.0,7,1,1,875.8713,2746.0546
355,209,10.829,159675.503,500617.2725,43.0,7,0,1,763.9976,2395.298
356,210,10.8887,191453.8281,600251.9718,35.0,6,1,0,911.6849,2858.3427
357,211,10.9487,184995.0275,580001.3101,30.0,6,1,0,876.7537,2748.8214
358,211,10.947,180634.1256,566330.3105,36.0,7,1,1,856.0859,2684.0299
359,212,11.0456,195293.5283,612288.8452,43.0,8,1,0,921.1959,2888.1549
360,213,11.0509,189917.5621,595434.8038,50.0,8,1,0,891.6317,2795.4686
361,212,11.0846,174971.0554,548573.029,57.0,7,0,1,825.3352,2587.6086
362,213,11.0403,190199.9716,596320.3108,65.0,9,1,0,892.9576,2799.6259
363,212,10.941,156326.8293,490118.7814,52.0,7,0,1,737.3907,2311.881
364,214,10.8662,188411.3979,590711.9603,46.0,9,2,0,880.4271,2760.3363
365,211,10.8424,163034.3653,511148.5393,54.0,8,0,3,772.6747,2422.5049
366,211,10.7271,178221.8233,558765.115,60.0,11,2,2,844.6532,2648.1759
367,209,10.7244,174134.5592,545951.3264,69.0,9,0,2,833.1797,2612.2073
368,208,10.588,178425.3167,559404.3883,71.0,8,1,2,857.814,2689.4442
369,208,10.4274,169721.9807,532116.278,81.0,11,1,1,815.9711,2558.2513
370,209,10.306,167265.1747,524412.9353,86.0,10,1,0,800.3118,2509.1528
371,209,10.1666,167572.6154,525376.0382,61.0,11,1,1,801.7828,2513.7609
372,210,10.2424,189778.0637,594995.7016,51.0,11,1,0,903.7051,2833.3129
373,210,10.4209,193626.2478,607061.1029,63.0,12,0,0,922.0298,2890.7672
374,211,10.3241,168001.5598,526721.2419,63.0,12,1,0,796.2159,2496.3092
375,212,10.3931,201857.2775,632867.0862,75.0,13,1,0,952.157,2985.2221
376,212,10.4098,175636.7396,550659.3921,73.0,12,1,1,828.4752,2597.45
377,212,10.5153,198834.7814,623392.1253,82.0,12,1,1,937.8999,2940.5289
378,211,10.508,197467.6138,619105.4325,96.0,15,1,2,935.8655,2934.149
379,209,10.5033,186958.8397,586157.8763,106.0,13,0,2,894.5399,2804.5831
380,209,10.4161,180032.3169,564440.3985,109.0,12,1,1,861.3986,2700.6718
381,210,10.4192,176198.3839,552419.9673,97.0,11,1,0,839.0399,2630.5713
382,210,10.4713,185256.8695,580821.8378,84.0,12,1,1,882.1756,2765.8183
383,210,10.4563,178561.7338,559830.6627,70.0,12,1,1,850.294,2665.8603
384,211,10.569,193072.5124,605326.0786,73.0,12,1,0,915.0356,2868.844
385,211,10.737,203866.6905,639167.9506,77.0,9,0,0,966.1928,3029.232
386,212,10.8218,195727.0596,613649.345,74.0,8,1,0,923.2408,2894.5724
387,213,10.8756,184888.0761,579665.1242,43.0,7,1,0,868.0191,2721.4325
388,213,10.9587,184601.6806,578767.442,42.0,7,1,1,866.6746,2717.218
389,214,11.1027,208300.3009,653069.6969,47.0,7,1,0,973.3659,3051.7276
390,215,11.1531,192760.3943,604347.8724,39.0,6,1,0,896.56,2810.9203
391,214,11.0948,158620.4326,497309.492,44.0,5,0,1,741.217,2323.8761
392,213,11.0916,186392.2469,584381.8133,34.0,4,1,2,875.081,2743.5766
393,213,11.1439,177487.3956,556463.4065,30.0,3,1,1,833.2742,2612.5043
394,213,11.1267,180542.2718,566041.6393,8.0,2,1,1,847.6163,2657.4725
395,214,11.1708,183253.733,574542.2412,10.0,3,1,0,856.3259,2684.7768
396,214,11.1785,184255.0381,577682.3296,3.0,3,1,1,861.0049,2699.4501
397,213,11.2417,184503.7068,578461.3768,5.0,2,0,1,866.2146,2715.7811
398,213,11.2421,177024.1706,555010.9158,8.0,4,1,1,831.0994,2605.6851
399,214,11.2375,185788.8862,582491.6592,9.0,3,1,0,868.1724,2721.9236
400,214,11.1256,170579.4273,534804.6272,11.0,3,1,1,797.1001,2499.087
401,212,11.0423,172865.7568,541973.6972,14.0,4,1,3,815.4045,2556.4797
402,213,10.9867,186891.0374,585945.8989,18.0,5,1,0,877.4227,2750.9197
403,213,11.005,186057.543,583332.5767,14.0,3,0,0,873.5096,2738.6506
404,213,10.9159,174074.0171,545761.0177,19.0,6,1,1,817.2489,2562.2583
405,214,10.8115,171992.078,539233.7362,24.0,7,1,0,803.7013,2519.7838
406,214,10.6452,173154.5188,542877.4349,31.0,8,1,1,809.1333,2536.8104
407,213,10.5324,167979.8771,526653.5693,38.0,8,1,2,788.6379,2472.552
408,214,10.3101,160749.6586,503985.4074,46.0,9,1,0,751.1666,2355.072
409,213,10.3674,179403.0437,562466.9945,58.0,12,0,1,842.2678,2640.6901
410,211,10.477,193458.5934,606535.8168,65.0,12,1,3,916.8654,2874.5773
411,211,10.5021,183699.2944,575937.2967,77.0,13,1,1,870.6128,2729.5606
412,212,10.53,200925.295,629946.777,76.0,12,1,0,947.7608,2971.4471
413,213,10.3901,170407.8571,534266.0798,88.0,13,1,0,800.0369,2508.2915
414,214,10.3539,195944.6108,614330.363,72.0,13,1,0,915.629,2870.7026
415,214,10.3969,197132.031,618053.3531,65.0,13,0,0,921.1777,2888.0998
416,215,10.408,183887.8711,576528.0909,62.0,14,1,0,855.2924,2681.526
417,215,10.5208,192580.1553,603780.9876,66.0,13,1,1,895.7217,2808.2837
418,216,10.6705,197872.3893,620373.9063,76.0,14,1,0,916.0759,2872.1014
419,217,10.6527,182483.8905,572127.9685,76.0,12,1,0,840.9396,2636.5344
420,217,10.6486,181357.8108,568597.0656,75.0,11,1,1,835.7503,2620.263
421,216,10.7021,192556.8004,603708.3931,69.0,9,0,1,891.4667,2794.9463
422,216,10.7725,189126.3899,592953.5713,56.0,9,1,1,875.5851,2745.1554
423,217,10.7765,189566.168,594332.8546,63.0,10,1,0,873.5768,2738.8611
424,217,10.8085,189688.5298,594716.352,71.0,10,1,1,874.1407,2740.6284
425,216,10.8484,201946.1893,633147.8857,70.0,10,1,2,934.9361,2931.2402
426,215,10.9256,194213.8717,608904.4608,63.0,8,1,2,903.3203,2832.1138
427,215,11.0143,188773.2809,591847.2077,62.0,6,0,0,878.0153,2752.7777
428,216,11.0966,196874.9508,617248.1523,55.0,7,1,0,911.4581,2857.6303
429,216,11.1439,187123.127,586673.5606,55.0,6,1,1,866.3108,2716.0813
430,217,11.2432,197120.8931,618019.0176,47.0,5,1,0,908.3912,2848.0139
431,216,11.3717,193893.2435,607899.5894,51.0,7,0,1,897.6539,2814.35
432,217,11.4208,193606.4256,607000.4021,50.0,5,1,0,892.1955,2797.2369
433,215,11.4059,189981.6008,595635.61,53.0,5,1,3,883.6354,2770.3982
434,214,11.4241,171722.8141,538389.6477,59.0,7,1,2,802.4431,2515.8395
435,215,11.3257,180786.0024,566805.2733,60.0,6,1,0,840.8651,2636.3036
436,214,11.2596,182553.5012,572346.6455,65.0,6,1,2,853.0537,2674.517
437,214,11.1875,172665.6827,541346.1447,72.0,8,1,1,806.849,2529.6549
438,215,10.9994,161861.3708,507470.9568,45.0,7,1,0,752.8436,2360.33
439,214,11.1081,187180.9091,586853.8587,24.0,6,0,1,874.6771,2742.3078
440,215,11.0615,170342.8893,534062.4139,31.0,8,1,0,792.2925,2484.0112
441,215,11.0133,183872.2192,576480.9541,32.0,9,1,1,855.2196,2681.3068
442,216,10.9507,182483.2936,572126.4351,38.0,8,1,0,844.8301,2648.7335
443,217,10.991,200945.642,630011.294,45.0,8,1,0,926.0168,2903.2779
444,217,11.0553,188305.422,590380.8843,41.0,7,1,1,867.7669,2720.6492
445,214,11.2568,196409.1284,615787.7451,34.0,5,0,3,917.7997,2877.5128
446,215,11.2752,190933.7615,598620.9134,40.0,7,1,0,888.064,2784.2833
447,216,11.2912,191681.8261,600966.7947,20.0,6,1,0,887.4159,2782.2537
448,216,11.4367,206263.2909,646684.4803,23.0,5,1,1,954.9226,2993.9096
449,216,11.4643,189231.5305,593284.35,24.0,4,1,1,876.0719,2746.6868
450,215,11.5291,196282.1998,615390.8723,28.0,5,1,2,912.9405,2862.2831
451,214,11.6598,209377.2128,656446.7366,30.0,3,0,1,978.3982,3067.5081
452,215,11.624,174075.9591,545768.746,34.0,5,1,0,809.6556,2538.4593
453,215,11.4586,164645.4399,516200.4279,37.0,5,1,1,765.7927,2400.9322
454,215,11.4044,193477.6086,606596.6114,40.0,5,1,1,899.8959,2821.3796
455,215,11.3173,176507.2667,553391.8168,19.0,3,1,1,820.964,2573.9154
456,215,11.3091,182524.5762,572255.7701,22.0,4,1,1,848.9515,2661.6547
457,214,11.3393,187991.1092,589395.5149,28.0,6,0,1,878.4631,2754.1846
458,213,11.263,188568.6818,591207.3365,30.0,5,1,2,885.299,2775.6213
459,214,11.0809,172140.742,539699.937,27.0,5,1,0,804.396,2521.9623
460,212,11.0161,177690.9741,557101.018,31.0,6,1,3,838.165,2627.835
461,213,10.9626,190689.7769,597856.0239,39.0,9,1,0,895.2572,2806.8358
462,213,10.9713,191697.1558,601014.1287,45.0,9,1,1,899.9866,2821.6626
463,210,11.0646,185002.9249,580026.2268,50.0,8,0,3,880.9663,2762.0297
464,210,10.9988,179168.294,561732.8022,59.0,10,1,1,853.1824,2674.9181
465,211,11.0097,190093.3826,595986.4785,63.0,11,1,0,900.9165,2824.5805
466,211,10.9654,185990.2168,583120.7771,61.0,9,1,1,881.4702,2763.6056
467,211,10.8298,167921.8337,526472.0269,68.0,9,1,1,795.8381,2495.1281
468,211,10.7743,178461.2323,559514.6491,78.0,11,1,1,845.7878,2651.7282
469,210,10.8622,173220.9134,543086.5353,63.0,8,0,1,824.8615,2586.1264
470,209,10.8962,176722.4474,554064.4588,44.0,7,1,2,845.5619,2651.0261
471,210,10.9753,191712.2059,601060.9698,49.0,7,1,0,912.9153,2862.1951
472,207,10.955,186294.7689,584075.8047,56.0,8,1,4,899.9747,2821.6222
473,206,10.8087,171278.7897,536998.1573,29.0,8,1,2,831.4504,2606.7872
474,206,10.683,165024.62,517388.6033,37.0,9,1,1,801.0904,2511.5952
475,205,10.6832,180403.8318,565606.3952,38.0,7,0,1,880.0187,2759.0556
476,206,10.6388,177392.8264,556166.1086,43.0,10,1,0,861.1302,2699.8355
477,207,10.6069,175745.6339,551001.2996,43.0,11,1,0,849.0127,2661.842
478,208,10.5274,167874.343,526323.7356,49.0,11,1,0,807.0882,2530.4026
479,207,10.4925,177974.1217,557988.4325,55.0,10,1,2,859.7784,2695.5963
480,208,10.5338,181587.7534,569318.3843,53.0,10,1,0,873.018,2737.1076
481,208,10.6292,188946.8183,592390.9918,62.0,9,0,0,908.3982,2848.0336
482,208,10.6483,177009.0691,554962.2318,67.0,10,1,1,851.0051,2668.0877
483,209,10.7138,177919.4959,557816.6644,76.0,10,1,0,851.2895,2668.9793
484,210,10.7789,187678.63,588415.0365,85.0,10,1,0,893.7078,2801.9764
485,211,10.733,182908.6312,573459.391,85.0,9,1,0,866.8656,2717.817
486,211,10.5263,149346.9999,468234.84,95.0,11,1,1,707.8057,2219.1225
487,210,10.6087,183814.9588,576301.7117,106.0,11,0,1,875.3093,2744.2939
488,210,10.6192,173304.7826,543348.3713,83.0,10,1,1,825.2609,2587.3732
489,210,10.6584,175414.9909,549964.8391,75.0,8,1,1,835.3095,2618.8802
490,211,10.843,203575.2217,638254.4083,78.0,7,1,0,964.8115,3024.9024
491,211,10.9352,190710.6098,597921.7415,49.0,6,1,1,903.8418,2833.7523
492,211,11.0306,174339.5665,546594.1148,52.0,4,0,0,826.2539,2590.4934
493,211,11.109,188551.7889,591153.4629,48.0,3,0,0,893.6104,2801.6752
494,213,11.1817,194600.088,610117.2195,38.0,4,2,0,913.6154,2864.4001
495,214,11.2373,192224.1157,602666.7474,41.0,4,1,0,898.2435,2816.1998
496,213,11.3002,180575.6591,566146.342,2.0,1,0,1,847.773,2657.964
497,215,11.1876,170964.0576,536011.8036,0.0,2,2,0,795.1817,2493.0782
498,215,11.2197,190167.8318,596218.9964,1.0,2,1,1,884.5015,2773.1116
499,213,11.3509,187681.2536,588423.6029,3.0,2,0,2,881.1326,2762.5521
500,214,11.2307,177372.3172,556102.5617,6.0,4,1,0,828.8426,2598.6101
501,214,11.031,162231.0181,508630.2005,12.0,7,1,1,758.0889,2376.7766
502,214,10.7574,157284.7013,493122.7127,16.0,7,1,1,734.9752,2304.3117
503,215,10.7234,184696.1241,579063.7583,18.0,8,1,0,859.0517,2693.3198
504,215,10.8025,200212.8047,627712.4908,19.0,8,1,1,931.2223,2919.593
505,215,10.9006,185252.4334,580808.4799,25.0,7,0,0,861.6392,2701.4348
506,216,10.8343,173386.486,543604.791,32.0,8,1,0,802.7152,2516.6888
507,217,10.7723,186008.1431,583176.3811,39.0,8,1,0,857.1804,2687.4488
508,218,10.7083,182234.2835,571344.5252,42.0,8,1,0,835.9371,2620.8464
509,217,10.5671,183610.6973,575660.21,50.0,9,1,2,846.1322,2652.812
510,218,10.5609,185654.4289,582067.3846,58.0,9,1,0,851.6258,2670.0339
511,217,10.6647,197184.8277,618219.0716,69.0,11,0,1,908.6858,2848.9358
512,217,10.6276,203699.57,638644.0736,79.0,12,1,1,938.7077,2943.0602
513,218,10.6116,183104.4879,574073.7348,76.0,12,1,0,839.9288,2633.3658
514,219,10.6292,189518.6126,594183.4161,72.0,10,1,0,865.3818,2713.1663
515,218,10.8275,202585.8596,635153.1243,40.0,6,1,2,929.2929,2913.5464
516,217,10.8747,180481.5097,565849.5262,47.0,8,1,2,831.712,2607.6015
517,216,10.9845,193652.3847,607144.478,55.0,8,0,1,896.5388,2810.8541
518,217,10.8662,170663.7879,535067.8681,63.0,9,1,0,786.4691,2465.7505
519,218,10.7682,163508.4052,512633.4246,49.0,8,1,0,750.0386,2351.5295
520,218,10.737,187979.3975,589357.9567,56.0,8,1,1,862.2908,2703.4769
521,216,10.6337,171513.3528,537732.7708,63.0,7,0,2,794.0433,2489.5036
522,218,10.413,167097.3313,523886.5873,71.0,10,2,0,766.5015,2403.1495
523,217,10.4875,185060.1028,580203.7408,83.0,12,0,1,852.8115,2673.75
524,215,10.3725,173666.6065,544482.6104,85.0,12,1,3,807.7517,2532.4773
525,215,10.3341,176504.0487,553378.4866,58.0,9,1,1,820.9491,2573.8534
526,216,10.4542,190352.3089,596796.3223,35.0,8,1,0,881.2607,2762.9459
527,217,10.5321,184809.2285,579417.4654,35.0,6,1,0,851.6554,2670.1266
528,217,10.6446,194324.8942,609252.0771,36.0,5,1,1,895.5064,2807.6133
529,216,10.7348,185629.0698,581988.9815,34.0,4,0,1,859.3938,2694.3934
530,215,10.8067,191238.8803,599577.3651,33.0,4,1,2,889.4832,2788.7319
531,213,10.8499,197162.8461,618150.3339,34.0,4,1,3,925.6472,2902.1142
532,213,10.7554,170930.9579,535906.8924,38.0,5,1,1,802.4928,2515.9948
533,213,10.7092,180672.3477,566448.6645,14.0,5,1,1,848.227,2659.3834
534,214,10.7684,190068.394,595908.5621,19.0,6,1,0,888.1701,2784.6194
535,214,10.9652,202177.8853,633874.0667,24.0,5,0,0,944.7565,2962.0283
536,213,10.9324,187894.2574,589091.5597,30.0,7,1,2,882.1327,2765.6881
537,214,10.9641,186442.5591,584540.4852,25.0,5,1,0,871.2269,2731.4976
538,215,10.8628,176526.1554,553449.7599,27.0,5,1,0,821.0519,2574.1849
539,214,10.7486,167656.4031,525640.5614,31.0,4,0,1,783.4411,2456.2643
540,216,10.7463,196063.6104,614703.3329,38.0,9,2,0,907.7019,2845.8488
541,216,10.8486,200867.0748,629764.1043,42.0,7,0,0,929.9402,2915.5746
542,216,10.8184,190794.9209,598185.6744,48.0,8,0,0,883.3098,2769.3781
543,217,10.685,174403.4039,546792.9066,56.0,10,1,0,803.7023,2519.783
544,216,10.7639,190867.9512,598413.5686,53.0,9,1,2,883.6479,2770.4332
545,218,10.76,183897.4423,576559.3517,62.0,11,2,0,843.5662,2644.7677
546,218,10.7486,183704.7623,575954.7664,72.0,11,1,1,842.6824,2641.9943
547,218,10.8265,200582.2903,628870.7606,25.0,5,0,0,920.1022,2884.7283
548,218,10.7933,178608.5729,559978.0098,15.0,3,1,1,819.3054,2568.7065
549,218,10.7637,170545.1457,534697.4547,18.0,3,0,0,782.3172,2452.7406
550,218,10.6983,184222.4207,577578.7992,22.0,5,1,1,845.057,2649.444
551,218,10.486,165173.1474,517853.581,27.0,6,1,1,757.675,2375.4751
552,218,10.4543,188373.3706,590593.4673,33.0,8,1,1,864.098,2709.1443
553,217,10.5484,195035.2131,611480.6948,24.0,5,0,1,898.7798,2817.8834
554,218,10.6343,208425.5151,653461.6877,14.0,6,1,0,956.0803,2997.5307
555,217,10.5709,196792.9889,616991.6894,18.0,6,1,2,906.8801,2843.2797
556,218,10.5764,199400.1648,625165.3804,16.0,7,2,1,914.6797,2867.7311
557,217,10.6435,197303.1124,618591.2956,22.0,7,1,2,909.2309,2850.6511
558,217,10.6525,195210.1886,612029.0233,25.0,7,1,1,899.5861,2820.4102
559,216,10.6709,187782.5654,588740.9343,23.0,5,0,1,869.3637,2725.6525
560,217,10.7108,202428.9959,634661.441,31.0,9,1,0,932.8525,2924.7071
561,213,10.6374,171031.6491,536222.18,37.0,8,1,5,802.9655,2517.475
562,214,10.6263,201773.775,632606.7087,44.0,8,1,0,942.8681,2956.1061
563,215,10.6403,201727.4297,632461.8106,51.0,8,1,0,938.2671,2941.6828
564,216,10.7373,207460.8665,650437.7585,51.0,9,1,0,960.467,3011.2859
565,216,10.8618,209938.4264,658205.1171,61.0,10,0,0,971.9372,3047.2459
566,216,10.8261,181456.9991,568907.9632,45.0,11,1,1,840.0787,2633.8332
567,216,10.7862,181223.7324,568177.2217,22.0,6,1,1,838.9988,2630.4501
568,216,10.8457,186793.8603,585641.0059,17.0,3,1,1,864.7864,2711.301
569,217,10.7914,176068.6174,552014.5481,6.0,2,1,0,811.3761,2543.8458
570,218,10.6855,180880.8358,567102.5114,8.0,3,1,0,829.7286,2601.3877
571,218,10.8263,215241.5975,674832.3811,13.0,5,0,0,987.3468,3095.5614
572,219,10.8943,202443.1166,634705.6015,10.0,6,1,0,924.3978,2898.1991
573,220,10.7723,182309.5219,571581.0726,16.0,7,1,0,828.6796,2598.0958
574,219,10.7083,182269.4418,571455.5067,23.0,8,1,2,832.2806,2609.3859
575,220,10.668,192226.6661,602673.0598,32.0,10,1,0,873.7576,2739.423
576,220,10.5594,176659.8136,553867.8139,35.0,8,1,1,802.9992,2517.581
577,218,10.4875,172666.1857,541346.9431,42.0,7,0,2,792.0467,2483.2429
578,218,10.4711,186284.6938,584043.7589,43.0,7,1,1,854.5169,2679.0998
579,219,10.4756,183760.6799,576130.8765,51.0,9,1,0,839.0899,2630.7346
580,219,10.5616,196814.3133,617056.3478,55.0,10,1,1,898.6955,2817.6089
581,219,10.6215,192465.0933,603420.8983,65.0,12,1,1,878.836,2755.3466
582,220,10.5133,188264.5868,590250.9735,70.0,10,1,0,855.7481,2682.959
583,219,10.489,183530.3573,575409.3437,66.0,8,0,1,838.0382,2627.4399
584,220,10.3227,175967.5356,551696.5755,74.0,9,1,0,799.8524,2507.7117
585,221,10.3216,193399.697,606351.7026,84.0,11,1,0,875.1118,2743.6729
586,221,10.2483,185000.5992,580018.0214,63.0,10,1,1,837.1068,2624.5159
587,222,10.1594,178020.533,558132.4633,36.0,8,1,0,801.8943,2514.1102
588,223,10.2572,197994.6666,620757.6133,35.0,7,1,0,887.8685,2783.6664
589,222,10.3153,181441.8746,568859.5518,33.0,4,0,1,817.3057,2562.4304
590,223,10.3703,199297.7524,624842.3552,37.0,5,1,0,893.7119,2801.9837
591,224,10.3783,193516.2846,606717.5841,40.0,6,1,0,863.912,2708.5606
592,223,10.4243,199771.985,626329.8276,46.0,7,1,2,895.8385,2808.6539
593,222,10.552,201848.2712,632840.0567,52.0,7,1,2,909.2264,2850.6309
594,220,10.706,210901.7217,661225.5891,29.0,4,0,2,958.6442,3005.5709
595,220,10.7965,188278.8446,590296.5175,31.0,5,0,0,855.8129,2683.166
596,219,10.7727,179291.5396,562119.11,36.0,6,1,2,818.6828,2566.7539
597,218,10.8546,181705.8778,569688.9307,43.0,8,1,2,833.5132,2613.252
598,219,10.8559,184636.0944,578875.9187,39.0,7,1,0,843.0872,2643.269
599,220,10.8919,199492.6771,625455.0628,40.0,7,2,1,906.7849,2842.9776
600,219,10.9465,185095.4461,580315.4815,43.0,7,1,2,845.1847,2649.8424
601,218,10.8596,161718.6622,507023.2991,49.0,6,0,1,741.8287,2325.795
602,217,10.9121,196582.8642,616332.2456,43.0,5,0,1,905.9118,2840.2408
603,216,10.8989,173873.2896,545130.7576,51.0,9,1,2,804.9689,2523.7535
604,211,10.7469,164479.5764,515680.2684,52.0,6,0,5,779.5241,2443.9823
605,211,10.6357,170197.0843,533604.806,58.0,8,0,0,806.6213,2528.9327
606,211,10.5263,176932.1857,554722.12,40.0,9,1,1,838.5412,2629.0148
607,211,10.6306,173217.9625,543076.7907,29.0,7,0,0,820.9382,2573.8237
608,208,10.6398,156196.6685,489710.4776,33.0,7,0,3,750.9455,2354.3773
609,208,10.7418,195245.9201,612139.4938,43.0,11,1,1,938.6823,2942.9783
610,206,10.6581,160210.0149,502293.9434,53.0,10,0,2,777.7185,2438.3201
611,205,10.6435,168881.1034,529480.4356,51.0,9,0,1,823.8103,2582.8314
612,205,10.6153,175055.3197,548837.4618,58.0,10,0,0,853.9284,2677.2559
613,205,10.6827,180701.7771,566539.9639,65.0,12,0,0,881.4721,2763.6096
614,205,10.7949,188454.9491,590848.6901,79.0,14,0,0,919.2924,2882.1887
615,206,10.6924,170918.301,535865.5152,75.0,14,1,0,829.7005,2601.2889
616,206,10.6433,173290.7647,543304.9811,78.0,12,0,0,841.2173,2637.4028
617,205,10.6643,179824.5288,563789.5186,86.0,11,0,1,877.1928,2750.1928
618,207,10.4459,167852.834,526254.5001,88.0,13,2,0,810.8833,2542.2923
619,207,10.3048,164370.0347,515335.7724,100.0,12,0,0,794.0581,2489.5448
620,205,10.3509,176148.2914,552263.5828,68.0,11,0,2,859.26,2693.9687
621,204,10.4988,191713.9907,601066.2425,80.0,13,1,2,939.7745,2946.4031
622,203,10.7298,193087.2621,605372.1966,80.0,11,0,1,951.1688,2982.129
623,203,10.9233,189695.9834,594740.0431,91.0,11,0,0,934.463,2929.7539
624,201,10.9881,185532.887,581687.4901,90.0,11,1,3,923.0492,2893.9676
625,200,10.8999,165146.1081,517770.251,90.0,10,0,1,825.7305,2588.8513
626,200,10.8563,161797.7116,507271.8255,87.0,10,0,0,808.9886,2536.3591
627,199,10.7483,167192.974,524187.2776,89.0,11,1,2,840.1657,2634.1069
628,199,10.8888,182013.0328,570651.9698,61.0,6,0,0,914.6384,2867.5978
629,199,10.9385,161286.5935,505667.9019,50.0,5,0,0,810.4854,2541.0447
630,199,11.0324,169771.7834,532272.7388,27.0,5,1,1,853.1245,2674.7374
631,198,11.0961,168164.1876,527233.8068,29.0,4,0,1,849.3141,2662.797
632,197,11.0084,158331.0706,496403.2839,33.0,4,0,1,803.711,2519.8136
633,198,10.7986,158301.6002,496311.3234,37.0,5,1,0,799.503,2506.6228
634,198,10.6765,169836.44,532476.09,41.0,4,0,0,857.7598,2689.2732
635,198,10.7157,185694.3241,582195.3812,48.0,7,0,0,937.8501,2940.3807
636,198,10.7206,174439.1218,546906.9631,28.0,6,1,1,881.0057,2762.1564
637,197,10.7785,177103.4247,555259.4764,34.0,6,0,1,899.0022,2818.576
638,197,10.8175,173703.3072,544599.6318,41.0,7,0,0,881.7427,2764.4651
639,198,10.8552,184153.5853,577364.6029,27.0,4,1,0,930.0686,2915.9828
640,198,11.1275,199132.2854,624327.0788,14.0,2,0,0,1005.7186,3153.1671
641,198,11.2009,174360.977,546662.3294,5.0,2,0,0,880.611,2760.9209
642,197,11.1428,173500.3478,543963.7207,7.0,3,1,2,880.7124,2761.2372
643,196,11.1733,172730.0154,541547.6471,11.0,4,0,1,881.2756,2762.9982
644,195,11.206,168126.7638,527115.7241,15.0,4,0,1,862.1885,2703.1576
645,196,11.1355,175944.1474,551626.4233,19.0,5,1,0,897.6742,2814.4205
646,196,11.1624,168177.9573,527276.0201,25.0,6,0,0,858.0508,2690.1838
647,194,11.1905,176686.3091,553952.4595,33.0,8,0,2,910.7542,2855.425
648,195,11.0942,161688.4096,506929.6835,42.0,10,1,0,829.1713,2599.6394
649,192,11.0265,167678.8274,525711.3497,44.0,8,0,3,873.3272,2738.0799
650,191,10.9969,171581.3122,537946.1623,53.0,9,0,1,898.3315,2816.4721
651,192,10.8127,151939.2984,476363.6917,50.0,11,1,0,791.3505,2481.0609
652,192,10.7445,161532.8678,506441.9947,37.0,8,0,0,841.317,2637.7187
653,192,10.7065,160709.4512,503859.7113,45.0,8,0,0,837.0284,2624.2693
654,192,10.6922,163179.4596,511604.3639,53.0,9,1,1,849.893,2664.6061
655,191,10.7936,168964.5145,529741.5827,49.0,8,0,1,884.631,2773.5161
656,189,10.915,156735.5412,491400.6674,55.0,7,0,2,829.2886,2600.0035
657,189,11.0555,184888.5241,579668.0404,62.0,8,1,1,978.2462,3067.0267
658,187,11.0859,149149.7408,467618.3329,63.0,7,0,2,797.5922,2500.6328
659,187,11.0129,150058.2289,470466.0652,44.0,5,0,0,802.4504,2515.8613
660,188,10.9027,152598.6079,478430.9066,12.0,3,1,0,811.6947,2544.8452
661,187,10.9225,166629.8901,522423.1081,11.0,2,0,1,891.0689,2793.7065
662,187,11.0025,161928.7599,507684.4521,13.0,2,0,0,865.9292,2714.8901
663,187,11.0526,157112.0691,492582.6752,15.0,2,0,0,840.1715,2634.132
664,186,11.0078,181783.9493,569936.0549,17.0,3,1,2,977.3331,3064.1723
665,184,11.0904,165873.8971,520053.8529,20.0,3,0,2,901.4886,2826.3796
666,185,11.0901,167018.4115,523642.1144,22.0,4,1,0,902.8022,2830.4979
667,185,11.0616,142473.5785,446686.9757,25.0,3,0,0,770.1275,2414.5242
668,184,11.1558,152308.911,477522.9181,1.0,1,0,1,827.7658,2595.2333
669,184,11.1899,154748.4005,485171.592,0.0,1,1,1,841.0239,2636.8021
670,183,11.2129,152240.9388,477310.7662,0.0,0,0,1,831.9177,2608.2556
671,182,11.2478,158816.065,497925.7433,0.0,0,0,1,872.6157,2735.8557
672,181,11.2849,160676.0757,503756.7027,0.0,1,1,2,887.7131,2783.1862
673,181,11.2396,134912.7127,422981.3223,2.0,2,0,0,745.3741,2336.9134
674,181,11.2967,156984.3211,492181.6389,4.0,2,0,0,867.3167,2719.2356
675,182,11.1863,147229.0633,461597.5874,6.0,3,1,0,808.9509,2536.2505
676,182,11.2736,166163.2881,520961.2644,9.0,3,0,0,912.9851,2862.4245
677,182,11.2934,161674.1513,506886.3096,13.0,4,0,0,888.3195,2785.0896
678,181,11.3384,163068.457,511257.7607,14.0,4,1,2,900.9307,2824.6285
679,179,11.3264,156113.6069,489452.4401,17.0,3,0,2,872.1431,2734.3712
680,179,11.297,142002.8917,445211.0748,12.0,2,0,0,793.3122,2487.2127
681,180,11.1762,146435.8927,459109.1836,16.0,5,1,0,813.5327,2550.6066
682,180,11.1922,155047.9892,486111.1541,20.0,4,0,0,861.3777,2700.6175
683,179,11.1102,133695.5,419165.98,24.0,4,0,1,746.9022,2341.7094
684,180,11.0401,162611.0341,509822.7141,29.0,6,1,0,903.3946,2832.3484
685,180,11.0346,156565.6024,490869.8124,35.0,6,0,0,869.8089,2727.0545
686,180,10.9562,136316.2508,427381.923,43.0,8,0,0,757.3125,2374.344
687,180,11.0324,157724.9283,494503.1495,23.0,5,0,0,876.2496,2747.2397
688,180,11.0173,149802.3128,469664.4182,12.0,3,0,0,832.2351,2609.2468
689,179,11.0086,140243.954,439695.6099,11.0,3,0,1,783.4858,2456.4001
690,179,10.9765,140831.5,441537.1171,14.0,4,1,1,786.7682,2466.6878
691,180,10.9507,147218.3921,461562.7982,18.0,5,1,0,817.88,2564.2378
692,177,10.9679,146366.1183,458889.8577,22.0,4,0,3,826.9272,2592.5981
693,177,10.906,149451.6698,468565.1923,17.0,5,1,1,844.3597,2647.261
694,176,10.9446,142777.2116,447638.6967,13.0,4,0,1,811.2342,2543.4017
695,176,11.0546,159425.7319,499835.5257,11.0,4,0,0,905.828,2839.9746
696,177,10.9866,135932.5118,426178.6587,15.0,5,1,0,767.9803,2407.789
697,177,10.9883,150064.0446,470484.6088,21.0,6,0,0,847.8195,2658.1051
698,177,10.9172,146509.4944,459340.6574,27.0,6,0,0,827.7373,2595.145
699,177,10.8755,155169.6634,486492.1774,18.0,5,1,1,876.6648,2748.5434
700,176,10.8941,145024.278,454682.6696,24.0,6,0,1,824.0016,2583.4243
701,175,10.8642,139079.4434,436045.0574,31.0,7,0,1,794.7397,2491.686
702,176,10.6753,140124.6174,439322.1345,33.0,8,1,0,796.1626,2496.1485
703,176,10.6621,142373.434,446371.3894,36.0,8,0,0,808.94,2536.2011
704,174,10.6635,143786.0897,450800.4461,33.0,6,0,2,826.3568,2590.8072
705,173,10.587,134983.1342,423201.6382,36.0,6,1,2,780.2493,2446.2522
706,170,10.7449,148890.4468,466805.0289,30.0,5,0,3,875.8262,2745.9119
707,169,10.9561,173324.8035,543413.8818,27.0,4,0,1,1025.5906,3215.4668
708,169,10.9723,141411.0727,443354.7452,32.0,6,1,1,836.7519,2623.4009
709,169,11.1264,145001.9826,454614.4944,38.0,6,0,0,857.9999,2690.0266
710,169,11.0373,134259.4242,420933.0533,44.0,6,0,0,794.4345,2490.7281
711,170,11.048,143619.1115,450277.9293,50.0,7,1,0,844.8183,2648.6937
712,170,10.967,133854.8324,419664.7556,56.0,6,0,0,787.3814,2468.6162
713,169,11.0191,147147.1858,461339.6942,63.0,7,0,1,870.6934,2729.8207
714,170,11.0263,146588.6323,459588.2874,64.0,7,1,0,862.2861,2703.4605
715,167,11.1049,146148.6077,458208.9155,70.0,6,0,3,875.1414,2743.766
716,167,11.0277,133711.4736,419215.3454,62.0,5,0,0,800.6675,2510.2715
717,168,10.9436,142387.9617,446419.2644,68.0,7,1,0,847.5474,2657.2575
718,167,10.9004,140321.1469,439937.4384,50.0,7,0,1,840.2464,2634.3559
719,166,10.7887,123836.0154,388253.0183,44.0,6,0,1,746.0001,2338.8736
720,166,10.6021,129017.7978,404498.949,51.0,8,1,1,777.2156,2436.7407
721,166,10.5604,115093.7065,360843.6098,33.0,5,0,0,693.3356,2173.7567
722,166,10.5219,136994.1402,429507.3117,36.0,5,0,0,825.2659,2587.3934
723,167,10.3831,128271.8627,402159.7525,41.0,6,1,0,768.095,2408.1422
724,167,10.3969,140172.9301,439473.4083,25.0,5,0,0,839.3589,2631.5773
725,167,10.4773,151364.4964,474561.6692,30.0,5,0,0,906.3742,2841.6866
726,168,10.3862,146847.4379,460399.1538,37.0,8,1,0,874.0919,2740.4712
727,167,10.4615,150384.4491,471488.6418,20.0,5,0,1,900.5057,2823.2853
728,166,10.5219,137489.4824,431059.9655,26.0,6,0,1,828.2499,2596.7468
729,167,10.5668,141018.5511,442124.3164,35.0,10,1,0,844.4225,2647.451
730,166,10.7374,148199.6241,464638.0705,30.0,8,0,1,892.7688,2799.0245
731,166,10.698,125593.9871,393764.8114,36.0,8,0,0,756.5903,2372.0772
732,167,10.894,161610.807,506686.2923,44.0,9,1,0,967.7294,3034.0497
733,166,10.8233,127905.2307,401011.8078,44.0,7,0,1,770.5134,2415.7338
734,165,10.8889,132797.0687,416347.8424,40.0,6,0,1,804.8307,2523.3203
735,164,10.9498,136959.1808,429397.3816,30.0,5,1,2,835.117,2618.2767
736,164,11.0419,140905.3038,441769.6926,6.0,1,0,0,859.1787,2693.7176
737,164,11.1858,148856.479,466699.0572,1.0,1,0,0,907.6615,2845.726
738,164,11.127,129659.9523,406513.0691,2.0,2,1,1,790.6095,2478.7382
739,164,11.1047,135748.4659,425602.8214,3.0,1,0,0,827.7345,2595.1392
740,164,11.0962,135916.1387,426128.3114,5.0,2,0,0,828.7569,2598.3434
741,165,10.9921,138317.4337,433656.3488,7.0,3,1,0,838.2875,2628.2203
742,165,11.0279,133444.0932,418377.5352,9.0,2,0,0,808.7521,2535.6214
743,165,11.0756,138789.6207,435136.8443,11.0,2,0,0,841.1492,2637.193
744,166,10.8767,126818.1651,397603.6441,14.0,4,1,0,763.9648,2395.2027
745,166,10.9024,134423.2738,421446.5405,17.0,3,0,0,809.7788,2538.8346
746,165,10.9191,141611.3122,443983.6719,20.0,3,0,1,858.2504,2690.8101
747,166,10.847,144932.4944,454396.7285,23.0,4,1,0,873.0873,2737.3297
748,166,10.8802,131723.8647,412982.6335,26.0,3,0,0,793.5173,2487.8472
749,165,10.8796,122113.7308,382853.6892,29.0,3,0,1,740.0832,2320.3254
750,164,10.8933,129491.5979,405984.901,18.0,3,1,2,789.5829,2475.5177
751,162,10.8587,121496.5119,380918.2408,1.0,1,0,2,749.9785,2351.3472
752,161,10.8692,137745.2031,431863.0564,2.0,1,0,1,855.5603,2682.3792
753,162,10.916,142844.4005,447848.9202,3.0,2,1,0,881.7556,2764.4995
754,162,10.9262,136141.8866,426835.5669,5.0,2,0,0,840.382,2634.7875
755,160,11.0288,136205.415,427034.6989,7.0,2,0,2,851.2838,2668.9669
756,161,10.9117,127419.031,399487.133,8.0,4,1,0,791.4226,2481.2865
757,160,10.8266,117888.9905,369607.3662,11.0,3,0,1,736.8062,2310.046
758,160,10.7986,126259.8171,395852.8355,14.0,3,0,0,789.1239,2474.0802
759,160,10.7822,134615.508,422050.0873,18.0,5,1,1,841.3469,2637.813
760,156,10.8518,127737.7848,400487.1386,22.0,4,0,4,818.832,2567.2252
761,156,10.9568,129092.9221,404734.6458,9.0,2,0,0,827.5187,2594.4529
762,156,11.1146,142494.4677,446752.7921,5.0,3,1,1,913.4261,2863.7999
763,154,11.4226,147326.9198,461904.5316,5.0,1,0,2,956.6683,2999.3801
764,153,11.5046,127051.295,398334.5395,6.0,1,0,1,830.4006,2603.4937
765,153,11.6138,140468.4755,440402.0142,7.0,2,1,1,918.0946,2878.4445
766,153,11.6677,126817.6218,397601.9886,8.0,1,0,0,828.8733,2598.7058
767,153,11.6284,116503.1541,365264.0158,1.0,1,0,0,761.4585,2387.3465
768,152,11.5258,121317.1682,380357.17,2.0,2,1,2,798.1393,2502.3498
769,148,11.3025,90794.9006,284662.6375,0.0,0,0,4,613.4791,1923.3962
770,147,11.1556,111167.6821,348535.4658,0.0,0,0,1,756.2427,2370.9896
771,147,10.95,109500.5428,343308.6776,0.0,1,1,1,744.9017,2335.4332
772,147,10.8897,112635.0631,353135.5102,2.0,2,0,0,766.2249,2402.2824
773,147,10.8718,111762.0561,350398.9923,4.0,2,0,0,760.2861,2383.6666
774,147,10.8196,120470.9835,377704.406,6.0,3,1,1,819.5305,2569.4177
775,145,10.8046,117083.6747,367083.0607,9.0,3,0,2,807.4736,2531.6073
776,145,10.7364,117548.4566,368540.3983,12.0,3,0,0,810.679,2541.6579
777,146,10.4408,108319.2853,339605.2842,16.0,5,1,0,741.9129,2326.0636
778,146,10.4069,120056.2649,376402.5366,20.0,4,0,0,822.3032,2578.0996
779,146,10.3806,126202.2976,395672.4438,25.0,5,0,0,864.3993,2710.0852
780,147,10.3084,119178.0875,373649.0521,31.0,7,1,0,810.7353,2541.8303
781,146,10.4101,131781.2795,413163.9464,38.0,7,0,1,902.6115,2829.89
782,146,10.5408,127982.0895,401252.1018,45.0,7,0,0,876.5897,2748.3021
783,147,10.5762,124274.1238,389626.6266,37.0,7,1,0,845.4022,2650.5213
784,147,10.6827,129898.2579,407258.7502,43.0,6,0,0,883.6616,2770.4677
785,146,10.5853,108148.185,339066.9862,49.0,6,0,1,740.741,2322.3766
786,147,10.4437,107275.7275,336331.3241,56.0,8,1,0,729.7669,2287.9682
787,145,10.3894,105608.9898,331106.502,64.0,8,0,2,728.3379,2283.4931
788,145,10.3786,113195.0413,354890.5097,47.0,6,0,0,780.6555,2447.5208
789,143,10.3133,115654.0073,362599.5592,39.0,7,1,3,808.7693,2535.6613
790,142,10.3762,111850.5509,350675.4057,41.0,5,0,1,787.6799,2469.5451
791,141,10.3964,108528.1122,340258.9241,41.0,4,0,1,769.7029,2413.1839
792,142,10.2378,108013.7729,338646.7335,45.0,5,1,0,760.6604,2384.8362
793,141,10.1822,117635.9561,368814.3856,53.0,8,0,1,834.2976,2615.7049
794,139,10.3627,121702.0472,381563.3942,62.0,9,0,2,875.5543,2745.0604
795,140,10.6172,141402.8746,443330.0027,51.0,8,1,0,1010.0205,3166.6429
796,139,10.5933,114063.5563,357614.1163,39.0,5,0,1,820.6011,2572.7634
797,139,10.7619,121338.7469,380423.1899,39.0,4,0,0,872.9406,2736.8575
798,140,10.6243,101098.308,316964.7526,44.0,6,1,0,722.1308,2264.0339
799,140,10.8119,125861.2632,394602.5362,42.0,4,0,0,899.009,2818.5895
800,138,10.7391,104678.5488,328190.265,47.0,5,0,2,758.5402,2378.1903
801,139,10.6587,115724.9217,362823.0473,52.0,6,1,0,832.5534,2610.2378
802,137,10.6972,111799.7918,350517.0222,57.0,5,0,2,816.0569,2558.5184
803,137,10.7721,116388.3975,364903.2233,45.0,3,0,0,849.5503,2663.5272
804,136,10.5762,106078.4523,332578.6807,49.0,5,1,2,779.9886,2445.4315
805,136,10.5998,117245.1983,367590.5126,24.0,4,0,0,862.097,2702.8714
806,134,10.7565,117699.8309,369015.5433,26.0,3,0,2,878.3569,2753.8473
807,133,10.6683,91969.7068,288345.1983,29.0,3,0,1,691.5016,2168.009
808,133,10.6758,112351.6133,352247.0441,24.0,3,0,0,844.749,2648.474
809,132,10.5403,90182.9073,282742.6064,9.0,4,0,1,683.2038,2141.9894
810,133,10.5487,109623.5955,343693.798,12.0,5,1,0,824.2376,2584.1639
811,134,10.6341,113704.7288,356489.4422,16.0,5,1,0,848.5428,2660.369
812,134,10.709,114985.4694,360505.2574,20.0,4,0,0,858.1005,2690.3377
813,133,10.8705,134023.5571,420194.7399,24.0,5,1,2,1007.6959,3159.3589
814,131,10.8295,104506.3214,327651.1301,28.0,4,0,2,797.7582,2501.1537
815,130,10.74,105549.7837,330921.8199,24.0,3,0,1,811.9214,2545.5525
816,130,10.613,110723.261,347142.3986,27.0,4,1,1,851.7174,2670.3261
817,130,10.5924,105511.5714,330802.1829,33.0,6,0,0,811.6275,2544.6322
818,130,10.5644,109796.2106,344235.7707,39.0,6,0,0,844.5862,2647.9675
819,131,10.6654,117373.4346,367991.6287,35.0,7,1,0,895.9804,2809.0964
820,130,10.63,92698.3806,290629.7499,42.0,7,0,1,713.0645,2235.6135
821,128,10.658,99816.9189,312947.6269,49.0,7,0,2,779.8197,2444.9033
822,128,10.7543,122187.6724,383085.5869,56.0,8,1,1,954.5912,2992.8561
823,127,10.7095,94639.2691,296714.5639,63.0,7,0,1,745.1911,2336.3351
824,126,10.7221,97919.9356,306999.7739,70.0,7,0,1,777.1423,2436.5061
825,127,10.5331,91606.3359,287205.6254,61.0,7,1,0,721.3097,2261.4616
826,127,10.5331,101105.9645,316989.2614,57.0,5,0,0,796.11,2495.9784
827,127,10.5306,100779.9593,315966.8639,40.0,5,0,0,793.543,2487.9281
828,126,10.5817,108708.0416,340823.5747,37.0,7,1,2,862.7622,2704.949
829,126,10.5775,94755.8115,297079.7937,33.0,5,0,0,752.0303,2357.7761
830,126,10.7371,104784.0577,328520.9359,34.0,4,0,0,831.6195,2607.309
831,126,10.615,91203.477,285942.4506,23.0,4,1,1,723.8371,2269.3845
832,126,10.6615,102179.0768,320353.5956,21.0,2,0,0,810.9451,2542.4889
833,126,10.7635,108085.0575,338870.8337,18.0,2,0,0,857.8179,2689.4511
834,126,10.6949,109272.8732,342595.2452,20.0,3,1,1,867.245,2719.0099
835,125,10.6762,92289.4239,289347.5302,22.0,2,0,1,738.3154,2314.7802
836,124,10.8593,114418.0198,358726.7917,21.0,2,0,1,922.726,2892.958
837,124,10.7185,108926.7767,341510.1367,23.0,3,1,1,878.4417,2754.114
838,122,10.7999,105687.0537,331353.0947,3.0,1,0,2,866.2873,2716.009
839,122,10.8439,107507.9366,337062.8681,4.0,1,0,0,881.2126,2762.8104
840,122,10.7774,102825.5658,322381.434,1.0,2,1,1,842.8325,2642.4708
841,122,10.8123,112064.5905,351348.1748,2.0,1,0,0,918.5622,2879.9031
842,121,10.6655,94325.9152,295733.3682,3.0,1,0,1,779.553,2444.0774
843,119,10.6466,105244.7483,329966.7777,4.0,2,1,3,884.4096,2772.8301
844,118,10.5619,98147.7104,307714.8202,7.0,3,0,1,831.7603,2607.7527
845,116,10.7752,105067.037,329409.9632,8.0,2,0,2,905.7503,2839.7411
846,117,10.8535,105065.7453,329404.6704,11.0,4,1,0,897.9978,2815.4245
847,116,10.9454,105738.9759,331515.996,14.0,3,0,1,911.5429,2857.8965
848,115,10.7695,81603.5767,255845.4093,17.0,3,0,1,709.5963,2224.7427
849,116,10.7262,97561.9494,305878.0832,14.0,3,1,0,841.0513,2636.88
850,115,10.6153,85564.3191,268262.3728,18.0,4,0,1,744.0376,2332.7163
851,113,10.6558,92413.7715,289737.2873,22.0,4,0,2,817.821,2564.0468
852,114,10.6423,96747.8166,303325.6243,27.0,6,1,0,848.6651,2660.7511
853,114,10.7451,98499.0311,308816.6993,32.0,5,0,0,864.0266,2708.9184
854,113,10.6706,88135.3432,276324.6678,37.0,5,0,1,779.9588,2445.351
855,114,10.6171,103764.5988,325325.2279,42.0,6,1,0,910.2158,2853.7301
856,113,10.6191,92062.4391,288636.1951,29.0,3,0,1,814.7119,2554.3026
857,111,10.6048,88342.845,276974.3283,24.0,2,0,2,795.8815,2495.2642
858,109,10.4996,86028.2132,269717.5752,21.0,4,1,3,789.2497,2474.4732
859,109,10.6971,98581.4846,309075.2691,24.0,3,0,0,904.4173,2835.5529
860,108,10.8386,99882.9737,313155.8984,6.0,2,0,1,924.8423,2899.5917
861,109,10.6553,80723.098,253084.4746,4.0,2,1,0,740.5789,2321.8759
862,109,10.4559,73663.6875,230951.8988,5.0,1,0,0,675.8136,2118.8248
863,109,10.5396,89138.8829,279470.1626,6.0,1,0,0,817.7879,2563.9464
864,109,10.4794,87561.5252,274524.82,9.0,4,1,1,803.3167,2518.5763
865,108,10.6605,105730.5621,331489.9635,10.0,2,0,1,978.9867,3069.3515
866,107,10.7331,92602.3162,290329.7811,12.0,2,0,1,865.4422,2713.3624
867,108,10.6813,86315.3415,270617.3891,5.0,3,1,0,799.2161,2505.7166
868,108,10.788,98202.3589,307886.3015,3.0,2,0,0,909.2811,2850.7991
869,108,10.7272,89314.8725,280022.415,3.0,1,0,0,826.9896,2592.8001
870,109,10.5059,90170.6482,282705.6713,5.0,3,1,0,827.2537,2593.63
871,109,10.4811,98539.0732,308942.5691,7.0,2,0,0,904.0282,2834.3355
872,109,10.5597,106846.7085,334989.0028,10.0,3,0,0,980.245,3073.2936
873,109,10.4278,88498.0836,277460.849,16.0,7,1,1,811.909,2545.5124
874,109,10.4527,100094.6627,313819.5337,14.0,5,0,0,918.2997,2879.0783
875,108,10.534,90838.4553,284798.24,19.0,5,0,1,841.0968,2637.0207
876,109,10.5724,98655.6038,309307.9669,11.0,3,1,0,905.0973,2837.6878
877,109,10.7625,102701.6372,321993.4064,5.0,1,0,0,942.2169,2954.0679
878,108,10.8762,105018.8594,329258.1198,7.0,2,0,1,972.3968,3048.6863
879,108,10.8388,86839.1731,272260.3368,9.0,3,1,1,804.0664,2520.929
880,108,11.0274,100898.5818,316340.1027,12.0,3,0,0,934.2461,2929.075
881,108,11.2366,98212.155,307917.5049,5.0,2,0,0,909.3718,2851.088
882,108,11.024,85328.0334,267522.6622,8.0,4,1,1,790.0744,2477.0617
883,107,11.0686,96021.5746,301050.391,11.0,3,0,1,897.3979,2813.5551
884,107,10.977,95434.2572,299208.4253,16.0,5,0,0,891.9089,2796.3404
885,108,10.6797,75201.5604,235773.2957,19.0,5,1,0,696.3107,2183.0861
886,107,10.8841,97001.2604,304119.8461,23.0,4,0,1,906.5538,2842.2416
887,106,10.7168,78909.1862,247397.9091,28.0,5,0,1,744.4263,2333.9425
888,107,10.7407,94259.6897,295524.8908,14.0,4,1,0,880.9317,2761.9149
889,107,10.8324,100091.6582,313810.7066,3.0,1,0,0,935.4361,2932.8103
890,106,10.9632,95833.7734,300461.5186,1.0,1,0,1,904.0922,2834.5426
891,107,10.7902,83128.9932,260627.6372,5.0,5,1,0,776.9065,2435.7723
892,106,10.8383,86257.5785,270436.446,5.0,2,0,1,813.7507,2551.2872
893,104,11.0598,102822.7616,322373.3607,4.0,1,0,2,988.6804,3099.7439
894,105,10.9528,84929.9725,266274.9522,0.0,1,1,0,808.8569,2535.9519
895,104,10.9378,85659.2911,268561.4389,0.0,0,0,1,823.647,2582.3215
896,102,10.9607,85489.1003,268027.782,0.0,0,0,2,838.1284,2627.7234
897,103,10.9524,92225.7297,289148.9521,2.0,3,1,0,895.3954,2807.2714
898,103,11.0563,90771.5801,284590.2757,4.0,2,0,0,881.2775,2763.0124
899,103,11.1247,93339.5772,292641.8439,6.0,2,0,0,906.2095,2841.183
900,103,11.1771,97873.2551,306855.9114,4.0,2,1,1,950.2258,2979.1836
901,102,11.3641,109436.0572,343108.0949,6.0,2,0,1,1072.9025,3363.8049
902,101,11.3955,87743.7871,275097.3929,9.0,3,0,1,868.7504,2723.7366
903,101,11.1703,71628.3858,224570.6318,12.0,4,1,1,709.1919,2223.4716
904,101,11.1277,76399.9137,239531.0094,5.0,2,0,0,756.4348,2371.5942
905,101,11.0521,76947.9103,241248.2283,7.0,2,0,0,761.8605,2388.5963
906,102,10.9394,74338.0565,233066.1903,0.0,1,1,0,728.8045,2284.9626
907,102,11.029,93098.3958,291885.0817,0.0,0,0,0,912.7294,2861.6184
908,102,10.973,80393.8727,252052.7759,0.0,0,0,0,788.1752,2471.1056
909,102,10.8213,82644.8706,259110.6897,0.0,1,1,1,810.2438,2540.3009
910,102,10.7846,81649.2878,255988.606,2.0,2,0,0,800.4832,2509.6922
911,102,10.8757,89892.0488,281832.4633,2.0,1,0,0,881.2946,2763.0634
912,103,10.8521,87277.1993,273634.029,0.0,1,1,0,847.3514,2656.6411
913,102,10.834,86903.0524,272461.081,2.0,2,0,1,851.9907,2671.1871
914,102,10.9023,87520.6758,274397.4205,4.0,2,0,0,858.0458,2690.1708
915,101,10.8457,85954.8456,269488.0225,3.0,2,1,2,851.0381,2668.1982
916,101,10.8902,93556.909,293322.6119,5.0,2,0,0,926.306,2904.1843
917,101,10.7426,72825.6226,228324.2547,7.0,2,0,0,721.0458,2260.6362
918,101,10.722,94896.8123,297523.7434,9.0,3,1,1,939.5724,2945.7796
919,100,10.7429,79231.7308,248409.1912,12.0,3,0,1,792.3173,2484.0919
920,100,10.5894,82690.8214,259253.9222,17.0,5,0,0,826.9082,2592.5392
921,101,10.5114,96091.5529,301268.9675,22.0,6,1,0,951.4015,2982.8611
922,101,10.809,96837.3584,303606.9738,15.0,4,0,0,958.7857,3006.0096
923,101,10.9715,91313.5409,286288.7014,17.0,3,0,0,904.0945,2834.5416
924,100,10.784,77040.6068,241539.5501,20.0,4,1,2,770.4061,2415.3955
925,99,10.8968,92542.9403,290143.5628,23.0,3,0,1,934.7772,2930.7431
926,97,10.925,81270.317,254801.0942,19.0,2,0,2,837.8383,2626.8154
927,97,10.9017,86343.8689,270707.5842,12.0,2,1,1,890.143,2790.7998
928,96,11.0009,88452.2516,277317.9159,15.0,3,0,1,921.3776,2888.7283
929,96,10.8942,74938.7975,234950.0742,16.0,2,0,0,780.6125,2447.3966
930,96,10.9315,94452.5004,296130.3265,3.0,2,1,1,983.8802,3084.6909
931,96,10.8842,77087.812,241687.5414,6.0,3,0,0,802.998,2517.5786
932,96,10.8348,76027.8264,238363.99,9.0,3,0,0,791.9565,2482.9582
933,97,10.7399,84475.8213,264850.5431,12.0,4,1,0,870.8848,2730.418
934,96,10.7656,79534.9036,249360.5405,15.0,3,0,1,828.4886,2597.5056
935,96,10.8608,85407.918,267773.4347,18.0,3,0,0,889.6658,2789.3066
936,97,10.9219,93305.9473,292535.8703,7.0,3,1,0,961.917,3015.8337
937,97,10.9342,80482.911,252332.3753,9.0,2,0,0,829.7207,2601.3647
938,97,10.9621,81385.317,255160.6427,11.0,2,0,0,839.0239,2630.5221
939,98,10.6717,81396.424,255195.8417,13.0,3,1,0,830.5758,2604.0392
940,98,10.3724,65474.8156,205277.4407,15.0,2,0,0,668.1104,2094.6678
941,98,10.4428,85053.8951,266662.9629,1.0,1,0,0,867.8969,2721.0506
942,99,10.4466,93069.6099,291795.2249,4.0,4,1,0,940.0971,2947.4265
943,99,10.5414,84383.0656,264559.7827,7.0,3,0,0,852.3542,2672.321
944,99,10.6009,86290.3895,270540.227,10.0,3,0,0,871.6201,2732.7296
945,99,10.6897,90891.0131,284964.1109,10.0,4,1,1,918.091,2878.4254
946,98,10.7919,86996.0418,272752.3505,8.0,3,0,1,887.7147,2783.1872
947,98,10.9377,86012.1798,269666.9716,12.0,4,0,0,877.6753,2751.7038
948,98,10.9709,82128.3147,257490.755,16.0,5,1,1,838.044,2627.4567
949,97,11.0763,85921.9914,269385.3612,20.0,4,0,1,885.7937,2777.1687
950,97,11.0965,74199.1267,232630.7273,24.0,4,0,0,764.9395,2398.2549
951,98,10.944,79048.8897,247835.6898,28.0,5,1,0,806.6213,2528.9356
952,98,10.9069,76045.3377,238419.0288,32.0,4,0,0,775.9728,2432.8472
953,98,10.9136,75485.1086,236662.1968,36.0,4,0,0,770.2562,2414.9204
954,99,10.7858,78186.7067,245132.5387,28.0,5,1,0,789.7647,2476.0862
955,99,10.9801,90436.5369,283538.3691,32.0,4,0,0,913.5004,2864.0239
956,99,10.8373,71593.0887,224460.1671,36.0,4,0,0,723.1625,2267.2744
957,100,10.9438,92644.0889,290460.0435,16.0,3,1,0,926.4409,2904.6004
958,99,11.026,78967.6351,247580.9357,19.0,3,0,1,797.6529,2500.8175
959,99,11.1224,77434.6254,242774.2622,22.0,3,0,0,782.1679,2452.2653
960,98,11.1745,92304.0925,289394.4749,25.0,4,1,2,941.8785,2953.0048
961,96,11.1797,76894.0405,241080.2653,28.0,3,0,2,800.9796,2511.2528
962,96,11.1723,74647.4302,234036.2448,31.0,3,0,0,777.5774,2437.8775
963,97,11.0426,82279.2284,257963.5933,34.0,4,1,0,848.2395,2659.4185
964,97,10.9964,69668.9905,218427.6353,27.0,3,0,0,718.237,2251.8313
965,97,11.0551,83597.1687,262095.8338,0.0,0,0,0,861.8265,2702.0189
966,97,11.0974,82551.8107,258818.101,0.0,1,1,1,851.0496,2668.2278
967,95,11.1425,68260.7553,214012.4259,0.0,0,0,2,718.5343,2252.7624
968,95,11.3499,80185.4619,251399.8424,0.0,0,0,0,844.0575,2646.3141
969,96,11.4152,86652.5234,271675.8704,1.0,2,1,0,902.6305,2829.957
970,96,11.5117,88919.8425,278785.3334,2.0,1,0,0,926.2484,2904.0139
971,96,11.4952,79869.421,250409.4486,0.0,0,0,0,831.9731,2608.4318
972,95,11.2421,70784.1761,221924.6643,0.0,1,1,2,745.0966,2336.0491
973,94,11.0061,72898.3663,228551.953,1.0,1,0,1,775.5145,2431.4038
974,94,10.9164,74422.6736,233331.1442,1.0,1,0,0,791.7306,2482.2462
975,95,10.9361,85009.5803,266524.5777,2.0,2,1,0,894.8377,2805.5219
976,95,10.852,67702.8378,212263.7631,3.0,1,0,0,712.6615,2234.3554
977,95,10.8593,76800.1464,240786.478,4.0,1,0,0,808.4226,2534.5945
978,96,10.5227,70212.8407,220132.33,0.0,1,1,0,731.3838,2293.0451
979,96,10.6408,86781.3051,272079.7089,0.0,0,0,0,903.9719,2834.1636
980,96,10.7591,83217.3435,260905.474,1.0,1,0,0,866.8473,2717.7654
981,97,10.7192,83897.5991,263038.0445,2.0,2,1,0,864.9237,2711.7324
982,97,10.8891,90142.7265,282618.7858,1.0,1,0,0,929.3065,2913.5957
983,97,11.0841,86847.6973,272286.8032,2.0,1,0,0,895.3371,2807.0804
984,98,11.0356,80710.7348,253046.1442,5.0,4,1,0,823.5789,2582.1035
985,97,11.0723,83430.3911,261573.7524,4.0,2,0,1,860.1071,2696.6366
986,95,11.071,79397.1964,248928.5768,3.0,1,0,2,835.76,2620.3008
987,94,11.0201,70687.7606,221621.4454,4.0,2,1,2,751.9975,2357.675
988,94,10.851,66854.6449,209604.5948,6.0,2,0,0,711.2196,2229.8361
989,94,10.8384,82127.8782,257489.4408,9.0,3,0,0,873.7008,2739.2494
990,95,10.6584,73581.3965,230694.0375,9.0,3,1,0,774.541,2428.3583
991,94,10.8374,92007.4827,288464.7045,11.0,2,0,1,978.803,3068.7735
992,94,10.8123,76615.7054,240207.6038,14.0,3,0,0,815.0607,2555.4
993,95,10.7846,88043.7149,276037.138,13.0,4,1,0,926.7759,2905.6541
994,95,10.9255,94336.6625,295767.6333,15.0,3,0,0,993.0175,3113.3435
995,95,10.8741,79328.3424,248712.1258,19.0,4,0,0,835.0352,2618.0224
996,96,10.7317,86495.3672,271183.1178,21.0,4,1,0,900.9934,2824.8241
997,95,10.7637,90477.605,283668.8556,10.0,2,0,1,952.3958,2985.988
998,95,10.7515,75896.8267,237953.2913,7.0,1,0,0,798.914,2504.7715
999,96,10.5285,77069.5345,241630.4508,8.0,2,1,0,802.8077,2516.9839
1000,96,10.4879,77028.0692,241500.1156,10.0,2,0,0,802.3757,2515.6262
1001,95,10.7667,99446.7241,311788.0626,14.0,4,0,1,1046.8076,3281.9796
1002,95,10.5666,81574.5004,255754.2761,19.0,6,1,1,858.679,2692.1503
1003,94,10.6948,93275.003,292439.029,20.0,4,0,1,992.2873,3111.0535
1004,94,10.6308,82251.6706,257878.1574,24.0,4,0,0,875.0178,2743.3847
1005,95,10.5353,78855.0696,247228.2265,0.0,1,1,0,830.0534,2602.4024
1006,95,10.709,86898.4128,272445.9902,1.0,1,0,0,914.7201,2867.8525
1007,95,10.7622,79805.1836,250207.4775,3.0,2,0,0,840.0546,2633.7629
1008,96,10.7774,91069.0386,285522.6884,2.0,2,1,0,948.6358,2974.1947
1009,95,10.9438,96793.8246,303471.0826,1.0,1,0,1,1018.8824,3194.4324
1010,95,10.8829,82434.3903,258451.177,3.0,2,0,0,867.7304,2720.5387
1011,96,10.5511,72215.3486,226411.2315,6.0,4,1,0,752.2432,2358.4503
1012,96,10.6953,87425.5031,274098.2662,9.0,3,0,0,910.6823,2855.1903
1013,96,10.882,83666.5446,262313.6781,9.0,4,0,0,871.5265,2732.4341
1014,96,10.7715,72456.4876,227166.9142,13.0,5,1,1,754.7551,2366.322
1015,96,10.8361,86003.5529,269640.2509,17.0,4,0,0,895.8703,2808.7526
1016,96,10.8992,85447.996,267898.6284,21.0,4,0,0,890.0833,2790.6107
1017,97,10.8712,79023.0766,247754.8947,12.0,3,1,0,814.6709,2554.1742
1018,97,10.8736,79418.5943,248995.3205,15.0,3,0,0,818.7484,2566.9621
1019,96,10.8966,81364.1789,255094.4974,18.0,3,0,1,847.5435,2657.2343
1020,97,10.8482,81074.451,254185.8612,20.0,5,1,0,835.8191,2620.4728
1021,96,10.8948,83741.4455,262548.1016,24.0,4,0,1,872.3067,2734.8761
1022,95,10.8088,66011.8639,206961.2025,3.0,1,0,1,694.8617,2178.539
1023,96,10.7254,80326.3428,251841.3854,4.0,2,1,0,836.7327,2623.3478
1024,96,10.8882,80081.8933,251075.1351,6.0,2,0,0,834.1864,2615.366
1025,95,10.9341,77672.0752,243519.3048,8.0,2,0,1,817.6008,2563.3611
1026,96,11.0287,96801.635,303495.7844,10.0,3,1,0,1008.3504,3161.4144
1027,94,11.12,80142.1473,251263.6053,12.0,2,0,2,852.576,2673.0171
1028,94,11.0969,76304.8303,239232.5586,9.0,1,0,0,811.7535,2545.0272
1029,95,10.9059,77978.3483,244479.2118,11.0,3,1,0,820.8247,2573.4654
1030,94,10.6814,62378.7996,195571.1164,14.0,3,0,1,663.6043,2080.5438
1031,94,10.6203,76837.3869,240902.4317,17.0,3,0,0,817.419,2562.7918
1032,95,10.5159,77153.6072,241893.3689,20.0,4,1,0,812.1432,2546.246
1033,94,10.5309,77506.4071,242999.6186,23.0,3,0,1,824.5362,2585.1023
1034,93,10.4886,77366.2347,242560.2775,27.0,4,0,1,831.895,2608.175
1035,94,10.3873,84015.0386,263405.4943,31.0,5,1,0,893.777,2802.1861
1036,94,10.4691,87029.9557,272858.0708,36.0,5,0,0,925.8506,2902.7454
1037,93,10.2647,64341.9123,201726.0963,42.0,6,0,1,691.8485,2169.0978
1038,93,10.3884,82135.6533,257513.3319,46.0,6,1,1,883.1791,2768.9606
1039,92,10.5876,86430.2115,270978.3216,21.0,2,0,1,939.4588,2945.4165
1040,91,10.8567,88567.1426,277678.6229,12.0,1,0,1,973.2653,3051.4134
1041,90,10.816,69667.2511,218422.4402,13.0,2,1,2,774.0806,2426.916
1042,90,10.899,88413.897,277198.0326,14.0,1,0,0,982.3766,3079.9781
1043,90,10.9446,85254.0736,267291.1828,16.0,2,0,0,947.2675,2969.902
1044,91,11.1136,87932.2522,275687.9588,19.0,4,1,0,966.2885,3029.538
1045,91,11.125,72569.1666,227520.5236,22.0,3,0,0,797.4634,2500.2255
1046,90,11.2983,89503.8879,280615.5739,26.0,4,0,1,994.4876,3117.9508
1047,91,11.1298,76731.8674,240571.759,25.0,4,1,0,843.2073,2643.6457
1048,91,10.9299,68277.5661,214064.6053,29.0,4,0,0,750.3029,2352.3583
1049,91,10.7569,64646.0494,202679.251,31.0,3,0,0,710.3961,2227.2445
1050,92,10.498,84150.8596,263831.7156,34.0,4,1,0,914.6833,2867.736
1051,91,10.5533,80733.1108,253115.8504,15.0,3,0,1,887.177,2781.4929
1052,91,10.6098,80520.6949,252450.0908,10.0,3,0,0,884.8428,2774.1768
1053,92,10.7085,95552.2393,299578.7787,14.0,5,1,0,1038.6113,3256.2911
1054,90,10.9759,78977.4771,247612.2583,18.0,4,0,2,877.5275,2751.2473
1055,90,11.0919,86935.522,272562.6145,17.0,3,0,0,965.9502,3028.4735
1056,91,10.8376,70898.1356,222282.0054,20.0,4,1,0,779.1004,2442.6594
1057,91,11.0754,89421.135,280355.6947,23.0,3,0,0,982.6498,3080.8318
1058,91,11.1373,82845.1779,259737.9911,21.0,4,0,0,910.3866,2854.2636
1059,92,10.9256,71566.8644,224377.6687,23.0,4,1,0,777.9007,2438.8877
1060,92,10.821,67718.6607,212312.6378,26.0,3,0,0,736.0724,2307.7461
1061,92,10.8447,72622.3635,227687.349,25.0,2,0,0,789.3735,2474.8625
1062,93,10.9351,88499.2219,277466.1629,0.0,1,1,0,951.6045,2983.5071
1063,93,11.0033,79572.9487,249479.2071,0.0,0,0,0,855.6231,2682.5721
1064,92,11.1249,76339.6748,239342.5898,0.0,0,0,1,829.7791,2601.5499
1065,93,11.1207,89544.8201,280743.828,0.0,1,1,0,962.8475,3018.7508
1066,93,11.1718,83620.4294,262169.6191,0.0,0,0,0,899.1444,2819.0282
1067,93,11.2986,88774.3642,278328.8312,1.0,1,0,0,954.5631,2992.7831
1068,94,11.1026,80140.0856,251257.6635,3.0,3,1,0,852.5541,2672.9539
1069,93,10.9872,76052.2389,238440.952,5.0,2,0,1,817.766,2563.8812
1070,92,11.1031,83491.5919,261765.1914,3.0,1,0,1,907.5173,2845.2738
1071,90,11.1525,80778.7174,253259.4116,5.0,3,1,3,897.5413,2813.9935
1072,89,11.3217,74262.6368,232829.8734,7.0,2,0,1,834.4116,2616.066
1073,89,11.3507,73254.2146,229668.794,6.0,1,0,0,823.0811,2580.5482
1074,90,11.0659,70416.0491,220770.5541,7.0,2,1,0,782.4005,2453.0062
1075,90,11.0266,71935.4618,225533.6726,8.0,1,0,0,799.2829,2505.9297
1076,90,10.9282,66542.421,208625.283,10.0,2,0,0,739.3602,2318.0587
1077,91,10.7387,75915.6061,238012.7371,14.0,5,1,0,834.2374,2615.5246
1078,91,10.8799,88700.2731,278095.6129,7.0,3,0,0,974.7283,3055.9957
1079,91,10.9367,78623.6993,246503.129,10.0,3,0,0,863.9967,2708.8256
1080,90,10.8234,73158.6211,229368.9717,13.0,4,1,2,812.8736,2548.5441
1081,89,10.6603,71792.1056,225083.6188,16.0,3,0,1,806.6529,2529.0294
1082,88,10.6785,71422.6044,223925.374,19.0,3,0,1,811.6205,2544.6065
1083,89,10.5088,65785.7183,206252.4444,23.0,5,1,0,739.1654,2317.4432
1084,89,10.8758,87964.2957,275787.8413,25.0,3,0,0,988.3629,3098.7398
1085,89,10.9805,80480.2383,252323.5485,10.0,1,0,0,904.2723,2835.0961
1086,90,10.8594,73975.29,231929.7878,0.0,1,1,0,821.9477,2576.9976
1087,89,11.0139,79261.9223,248504.9424,0.0,0,0,1,890.5834,2792.1904
1088,89,11.2045,80259.8326,251632.8978,0.0,0,0,0,901.7959,2827.3359
1089,89,11.1464,82278.3223,257962.1508,0.0,1,1,1,924.4755,2898.4511
1090,89,11.2652,88192.7975,276505.5799,0.0,0,0,0,990.9303,3106.8043
1091,87,11.4581,85742.8838,268824.685,0.0,0,0,2,985.5504,3089.9389
1092,87,11.3,76879.8498,241036.9602,0.0,0,0,0,883.6764,2770.5398
1093,87,11.3816,83116.0313,260588.6011,0.0,0,0,0,955.3567,2995.2713
1094,87,11.4128,68992.2741,216306.4668,0.0,0,0,0,793.0146,2486.2812
1095,88,11.3543,78376.4751,245728.8353,1.0,2,1,0,890.6418,2792.3731
1096,89,11.3177,81999.8676,257088.5726,2.0,2,1,0,921.3468,2888.6356
1097,89,11.4622,80804.7662,253342.1042,3.0,1,0,0,907.9187,2846.5405
1098,90,11.3219,74409.1417,233289.665,4.0,2,1,0,826.7682,2592.1074
1099,90,11.3577,68980.033,216267.7226,6.0,2,0,0,766.4448,2402.9747
1100,90,11.3725,70210.7397,220126.3017,8.0,2,0,0,780.1193,2445.8478
1101,91,11.19,74500.2662,233575.7378,10.0,3,1,0,818.6842,2566.7663
1102,91,11.154,76595.8041,240144.8979,12.0,2,0,0,841.7121,2638.9549
1103,91,11.0401,61842.6667,193889.9105,14.0,2,0,0,679.5897,2130.6584
1104,92,10.9201,74879.2316,234762.9353,17.0,4,1,0,813.9047,2551.771
1105,92,10.946,74584.7232,233839.7865,20.0,3,0,0,810.7035,2541.7368
1106,92,10.8066,66513.2454,208533.2175,24.0,4,0,0,722.9701,2266.6654
1107,92,10.4986,69191.8591,216930.953,15.0,4,1,1,752.0854,2357.9451
1108,92,10.4334,67268.6993,210901.7495,9.0,3,0,0,731.1815,2292.4103
1109,92,10.5847,82476.1668,258581.0425,10.0,2,0,0,896.4801,2810.6635
1110,93,10.4956,79901.6546,250509.3941,13.0,4,1,0,859.1576,2693.6494
1111,92,10.3575,69407.2833,217606.3262,17.0,4,0,1,754.427,2365.2862
1112,91,10.393,71832.7971,225211.4504,22.0,5,0,1,789.3714,2474.8511
1113,87,10.4824,80166.5799,251340.2958,19.0,5,1,5,921.4549,2888.9689
1114,86,10.4975,75266.6846,235978.0064,24.0,5,0,1,875.194,2743.9303
1115,86,10.5359,74494.5467,233556.6642,29.0,5,0,0,866.2157,2715.7752
1116,87,10.2226,60290.5004,189022.9974,36.0,8,1,0,692.9943,2172.6781
1117,87,10.3312,78191.6708,245148.2421,41.0,6,0,0,898.7548,2817.7959
1118,86,10.2299,65591.3225,205642.9777,47.0,6,0,1,762.6898,2391.1974
1119,87,9.8583,68469.4213,214666.0959,53.0,7,1,0,787.0048,2467.4264
1120,87,9.7351,64393.1824,201886.2873,61.0,8,0,0,740.1515,2320.532
1121,87,9.8559,80724.3747,253088.3227,38.0,5,0,0,927.8664,2909.0612
1122,87,9.8141,72076.5692,225974.6978,40.0,5,1,1,828.4663,2597.4103
1123,86,9.6771,63610.251,199430.8446,46.0,6,0,1,739.6541,2318.9633
1124,86,9.7059,70757.4346,221839.4693,52.0,6,0,0,822.7609,2579.5287
1125,87,9.8395,81940.7076,256901.7938,60.0,9,1,0,941.8472,2952.8942
1126,85,9.7857,65567.5517,205567.1868,68.0,8,0,2,771.383,2418.4375
1127,85,9.8986,76979.5759,241347.9166,76.0,8,0,0,905.6421,2839.3873
1128,86,9.7821,74618.7254,233946.314,84.0,9,1,0,867.6596,2720.306
1129,85,9.8605,80851.9855,253489.0823,47.0,5,0,1,951.1998,2982.2245
1130,85,10.2568,91909.7288,288158.0576,52.0,5,0,0,1081.2909,3390.0948
1131,86,10.1687,68297.9918,214128.5316,57.0,6,1,0,794.1627,2489.8666
1132,86,10.169,70195.5146,220078.2698,62.0,5,0,0,816.2269,2559.0496
1133,86,10.1126,68354.2685,214305.3272,67.0,5,0,0,794.8171,2491.9224
1134,87,10.0747,79175.3939,248231.9645,72.0,6,1,0,910.062,2853.241
1135,87,10.0093,71035.922,222713.2002,77.0,5,0,0,816.5049,2559.9218
1136,87,10.1998,73599.873,230751.0408,82.0,5,0,0,845.9756,2652.3108
1137,87,10.144,70639.8817,221471.3675,32.0,3,1,1,811.9527,2545.6479
1138,87,10.3168,78374.4222,245721.236,18.0,1,0,0,900.8554,2824.382
1139,87,10.5481,83303.6063,261176.2018,19.0,1,0,0,957.5127,3002.0253
1140,88,10.4274,76660.4054,240347.6014,20.0,2,1,0,871.141,2731.2227
1141,88,10.2706,66482.5356,208437.7123,21.0,1,0,0,755.4834,2368.6104
1142,88,10.0982,70943.4021,222423.4815,23.0,2,0,0,806.175,2527.5396
1143,88,9.8334,66605.0075,208821.1399,3.0,3,1,1,756.8751,2372.9675
1144,88,9.8173,74946.8614,234975.0997,7.0,4,0,0,851.6689,2670.1716
1145,88,9.8926,77563.0509,243176.8739,10.0,4,0,0,881.3983,2763.3736
1146,88,9.6892,71640.4701,224608.4688,13.0,5,1,1,814.0963,2552.369
1147,88,9.8775,78749.0236,246895.3243,17.0,4,0,0,894.8753,2805.6287
1148,88,10.1573,91300.8524,286248.7767,23.0,6,0,0,1037.5097,3252.827
1149,89,10.0098,75903.2297,237973.4819,29.0,7,1,0,852.8453,2673.8593
1150,89,10.2534,87490.7183,274302.9231,29.0,4,0,0,983.0418,3082.0553
1151,89,10.2683,73881.5847,231635.3791,33.0,4,0,0,830.1302,2602.6447
1152,89,10.1504,69677.0941,218453.4207,38.0,6,1,1,782.8887,2454.5328
1153,89,10.3113,90525.3063,283818.0473,31.0,4,0,0,1017.1383,3188.9668
1154,89,10.3842,75047.027,235288.5345,37.0,6,0,0,843.225,2643.6914
1155,90,10.4959,83848.5988,262883.3407,31.0,5,1,0,931.6511,2920.926
1156,89,10.6561,72643.0718,227752.0005,32.0,3,0,1,816.2143,2559.0112
1157,89,10.7139,75151.816,235617.2084,35.0,3,0,0,844.4024,2647.3844
1158,90,10.6669,71229.5075,223319.6062,38.0,4,1,0,791.439,2481.329
1159,90,10.7154,77369.1008,242569.235,41.0,3,0,0,859.6567,2695.2137
1160,90,10.651,76699.8855,240471.0493,27.0,3,0,0,852.221,2671.9005
1161,91,10.4946,68478.3918,214693.921,13.0,4,1,0,752.5098,2359.2739
1162,91,10.5761,80955.1517,253812.3858,16.0,3,0,0,889.6171,2789.1471
1163,89,10.6332,79488.4629,249214.2194,21.0,5,0,2,893.1288,2800.1598
1164,90,10.6748,76657.1217,240337.1839,26.0,6,1,0,851.7458,2670.4132
1165,90,10.8095,73695.6246,231051.495,31.0,5,0,0,818.8403,2567.2388
1166,90,10.8262,67196.6655,210676.1128,36.0,5,0,0,746.6296,2340.8457
1167,91,10.644,71305.5483,223558.2736,41.0,6,1,0,783.5775,2456.6843
1168,90,10.7188,84779.4476,265802.0334,46.0,5,0,1,941.9939,2953.3559
1169,90,10.6393,73067.9489,229084.0798,33.0,4,0,0,811.8661,2545.3787
1170,91,10.6099,86694.3284,271806.6127,38.0,6,1,0,952.6849,2986.8859
1171,91,10.5705,74654.9819,234059.7434,43.0,5,0,0,820.3844,2572.0851
1172,91,10.4407,61670.2406,193349.3134,48.0,5,0,0,677.695,2124.7177
1173,91,10.2515,76675.0431,240392.762,41.0,6,1,1,842.5829,2641.6787
1174,90,10.21,68338.4365,214255.5504,47.0,6,0,1,759.316,2380.6172
1175,90,10.2305,73527.2473,230523.7431,54.0,7,0,0,816.9694,2561.3749
1176,91,10.2579,75307.0004,236103.356,59.0,7,1,0,827.5495,2594.5424
1177,91,10.1985,63873.6942,200257.0089,32.0,4,0,0,701.9087,2200.6265
1178,91,10.3507,77799.247,243917.5536,20.0,3,0,0,854.9368,2680.4127
1179,91,10.2858,78454.5898,245972.3862,23.0,4,1,1,862.1383,2702.9933
1180,91,10.3116,73144.0131,229322.7546,8.0,2,0,0,803.7804,2520.0303
1181,91,10.415,78880.2327,247307.7203,10.0,2,0,0,866.8157,2717.6673
1182,92,10.4064,84286.0952,264256.726,12.0,3,1,0,916.1532,2872.3557
1183,92,10.5671,90194.0233,282778.9936,14.0,2,0,0,980.3698,3073.6847
1184,92,10.6898,85654.8102,268547.8829,18.0,4,0,0,931.0305,2918.9987
1185,93,10.7297,96130.5257,301391.2437,11.0,5,1,0,1033.6616,3240.7661
1186,93,10.9639,99643.1362,312404.6626,13.0,3,0,0,1071.4316,3359.1899
1187,93,10.8592,68359.9355,214323.1506,16.0,3,0,0,735.0531,2304.55
1188,93,10.6205,72135.4338,226160.2316,20.0,5,1,1,775.6498,2431.8304
1189,93,10.3039,77018.2013,241468.9262,18.0,3,0,0,828.1527,2596.4401
1190,92,10.0456,65415.4346,205090.9823,23.0,5,0,1,711.0373,2229.2498
1191,93,10.0389,86265.4381,270460.8269,28.0,6,1,0,927.5854,2908.1809
1192,91,10.1789,75488.6584,236673.5763,20.0,4,0,2,829.5457,2600.8085
1193,90,10.5424,93532.9558,293247.1848,25.0,5,0,1,1039.2551,3258.3021
1194,91,10.4644,81809.6932,256491.7211,31.0,7,1,0,899.0076,2818.5903
1195,91,10.5132,78066.4016,244755.338,31.0,5,0,0,857.8725,2689.6191
1196,91,10.6629,84597.7168,265232.2952,33.0,5,0,0,929.6452,2914.6406
1197,92,10.6314,77683.7262,243555.3131,15.0,3,1,0,844.3883,2647.3404
1198,92,10.4882,71669.6516,224700.059,18.0,3,0,0,779.018,2442.3919
1199,92,10.2755,67730.4411,212349.6616,21.0,3,0,0,736.2004,2308.1485
1200,93,10.0183,68651.6971,215237.854,25.0,5,1,0,738.1903,2314.3855
1201,93,10.1876,84159.9762,263859.9559,12.0,4,0,0,904.946,2837.2038
1202,93,10.4203,89929.4735,281949.7498,16.0,4,0,0,966.9836,3031.7177
1203,93,10.3446,78529.1445,246206.9376,20.0,5,1,1,844.3994,2647.3864
1204,93,10.4633,86433.3607,270988.1479,24.0,4,0,0,929.391,2913.8511
1205,93,10.3461,69090.4844,216613.9721,13.0,2,0,0,742.9084,2329.1825
1206,94,10.4073,88181.4465,276468.4427,15.0,3,1,0,938.1005,2941.1536
1207,94,10.356,68042.8529,213328.6762,19.0,4,0,0,723.8601,2269.454
1208,93,10.3963,77046.3236,241557.247,12.0,3,0,1,828.4551,2597.3898
1209,94,10.3781,74321.7905,233014.7692,16.0,5,1,0,790.6573,2478.8805
1210,94,10.4716,78236.5051,245287.871,21.0,5,0,0,832.3032,2609.4454
1211,93,10.3487,61953.2506,194236.4207,15.0,4,0,1,666.164,2088.5637
1212,92,10.241,76673.4623,240388.1574,16.0,5,1,2,833.4072,2612.9148
1213,92,10.0994,67141.9195,210504.0363,18.0,3,0,0,729.8035,2288.0874
1214,92,10.1597,74168.8051,232534.8523,21.0,3,0,0,806.1827,2527.5527
1215,93,10.1772,76757.5476,240650.992,24.0,4,1,0,825.35,2587.6451
1216,93,10.309,75469.6184,236613.4554,28.0,4,0,0,811.5013,2544.2307
1217,92,10.2231,75083.2673,235402.7684,10.0,2,0,1,816.1225,2558.7257
1218,92,10.1666,77958.6905,244417.8843,12.0,3,1,1,847.3771,2656.7161
1219,92,10.2615,82919.3697,259971.3401,14.0,2,0,0,901.2975,2825.7754
1220,92,10.5031,86724.2325,271899.3821,5.0,1,0,0,942.6547,2955.4281
1221,92,10.5326,84545.5124,265069.6068,6.0,2,1,1,918.973,2881.1914
1222,92,10.6447,86056.5415,269806.5873,7.0,1,0,0,935.3972,2932.6803
1223,91,10.5113,67414.3914,211358.7312,9.0,2,0,1,740.8175,2322.6234
1224,92,10.2954,64907.4921,203498.755,11.0,3,1,0,705.5162,2211.943
1225,92,10.4898,82464.1344,258543.5483,4.0,2,0,0,896.3493,2810.256
1226,91,10.7968,86574.9072,271432.2942,7.0,3,0,1,951.3726,2982.7725
1227,91,10.7263,69169.1322,216860.6459,10.0,4,1,1,760.1004,2383.084
1228,90,10.8636,75951.6166,238125.696,13.0,3,0,1,843.9069,2645.8411
1229,89,10.8979,75734.6024,237445.5637,16.0,3,0,1,850.9506,2667.9277
1230,90,10.6762,67083.8674,210321.9519,13.0,3,1,0,745.3763,2336.9106
1231,89,10.4537,61926.0599,194151.6531,15.0,2,0,1,695.7984,2181.4792
1232,88,10.424,71946.9477,225569.424,17.0,2,0,1,817.579,2563.2889
1233,89,10.088,64687.4594,202809.3061,19.0,3,1,0,726.8254,2278.7562
1234,89,10.2664,76038.546,238397.2503,21.0,2,0,0,854.3657,2678.6208
1235,89,10.338,82754.1369,259453.4972,23.0,2,0,0,929.8218,2915.2078
1236,89,10.0322,73015.9569,228921.6293,26.0,4,1,1,820.404,2572.1531
1237,89,9.9618,65764.8623,206186.9937,14.0,2,0,0,738.931,2316.7078
1238,89,10.0326,71099.2457,222911.5602,4.0,2,0,0,798.8679,2504.6243
1239,90,10.061,72863.0388,228441.6672,2.0,2,1,0,809.5893,2538.2407
1240,90,10.1378,74608.473,233914.4255,3.0,1,0,0,828.983,2599.0492
1241,90,10.183,70668.2247,221560.7224,4.0,1,0,0,785.2025,2461.7858
1242,91,10.1231,78077.3356,244789.7549,5.0,2,1,0,857.9927,2689.9973
1243,88,10.2416,74424.2823,233336.321,7.0,2,0,3,845.7305,2651.5491
1244,87,10.1504,63758.8811,199897.9967,10.0,3,0,1,732.8607,2297.6781
1245,86,10.0434,70730.9077,221756.6999,11.0,3,1,2,822.4524,2578.5663
1246,83,10.0097,65666.6437,205879.2995,9.0,1,0,3,791.1644,2480.4735
1247,83,10.2112,72390.6109,226960.1324,10.0,1,0,0,872.176,2734.4594
1248,84,10.0453,63648.3015,199550.9598,11.0,2,1,0,757.7179,2375.6067
1249,84,10.1719,70903.9581,222299.5379,0.0,0,0,0,844.0947,2646.4231
1250,84,10.3538,74065.2565,232211.7106,0.0,0,0,0,881.7292,2764.4251
1251,85,10.121,70250.0022,220249.7255,0.0,1,1,0,826.4706,2591.1732
1252,85,10.221,70815.6886,222023.141,0.0,0,0,0,833.1257,2612.037
1253,85,10.4991,88639.2354,277904.8368,0.0,0,0,0,1042.8145,3269.4687
1254,86,10.4629,74184.2277,232584.1022,0.0,1,1,0,862.6073,2704.4663
1255,86,10.5434,71718.0775,224852.3957,2.0,2,0,0,833.9311,2614.5627
1256,86,10.6765,72051.8291,225898.8976,3.0,2,0,0,837.812,2626.7314
1257,87,10.4957,64447.5876,202057.1739,5.0,3,1,0,740.7769,2322.4963
1258,87,10.5653,59873.0182,187714.7901,3.0,1,0,0,688.1956,2157.6413
1259,87,10.5657,59988.6619,188077.5112,5.0,2,0,0,689.5248,2161.8105
1260,88,10.4638,67463.4468,211512.4597,7.0,3,1,0,766.6301,2403.5507
1261,88,10.5069,59917.6766,187854.0966,6.0,1,0,0,680.8827,2134.7056
1262,88,10.4754,68856.5267,215880.1873,7.0,1,0,0,782.4605,2453.1839
1263,89,10.5306,75243.7611,235905.8884,8.0,2,1,0,845.4355,2650.628
1264,89,10.6377,73383.2557,230072.4495,9.0,1,0,0,824.531,2585.0837
1265,87,10.732,65050.1277,203946.4991,0.0,0,0,2,747.7026,2344.2126
1266,88,10.8278,76548.2137,239995.9368,0.0,1,1,0,869.8661,2727.2266
1267,87,11.0618,74166.2503,232527.9095,0.0,0,0,1,852.4856,2672.7346
1268,87,11.0218,68126.9918,213593.3435,0.0,0,0,0,783.0689,2455.0959
1269,88,10.7618,61616.0465,193179.7896,0.0,1,1,0,700.1823,2195.2249
1270,88,10.6111,58937.5699,184782.1103,0.0,0,0,0,669.7451,2099.7967
1271,88,10.4567,67753.8584,212422.6983,1.0,1,0,0,769.9302,2413.8943
1272,85,10.2969,68136.3413,213622.6793,2.0,2,1,4,801.604,2513.208
1273,85,10.0679,57079.5095,178956.0602,5.0,3,0,0,671.5236,2105.3654
1274,85,9.9185,62344.1461,195462.9171,8.0,3,0,0,733.4605,2299.5637
1275,85,9.5592,56703.0657,177775.7795,11.0,4,1,1,667.0949,2091.4798
1276,84,9.5695,72445.4897,227131.8515,15.0,4,0,1,862.4463,2703.9506
1277,84,9.5532,65297.5226,204721.6913,20.0,5,0,0,777.3515,2437.163
1278,84,9.5153,72160.5851,226238.5115,26.0,7,1,1,859.0546,2693.3156
1279,84,9.6311,71087.1083,222873.0443,21.0,4,0,0,846.2751,2653.2505
1280,84,9.5501,62539.7245,196075.3256,18.0,2,0,0,744.5205,2334.2301
1281,84,9.6344,79279.7983,248559.7065,11.0,2,1,1,943.8071,2959.0441
1282,84,9.8302,77654.1474,243462.6253,13.0,2,0,0,924.4541,2898.3646
1283,83,10.02,72628.7729,227707.0924,16.0,3,0,1,875.0455,2743.4589
1284,84,10.0142,72325.7504,226757.3956,19.0,4,1,0,861.0208,2699.4928
1285,84,10.3333,83976.0044,263283.555,20.0,3,0,0,999.7143,3134.328
1286,84,10.4663,75462.9183,236593.1597,23.0,3,0,0,898.3681,2816.5852
1287,84,10.311,63572.8975,199314.1402,26.0,4,1,1,756.8202,2372.7874
1288,84,10.4895,76787.5487,240745.839,30.0,4,0,0,914.1375,2866.0219
1289,84,10.4998,67572.6588,211855.458,27.0,2,0,0,804.4364,2522.0888
1290,85,10.4975,73891.5065,231665.8442,29.0,3,1,0,869.3118,2725.4805
1291,85,10.5053,63056.4054,197696.2821,0.0,0,0,0,741.8401,2325.8386
1292,84,10.7766,77036.6194,241527.2908,0.0,0,0,1,917.1026,2875.3249
1293,84,10.6812,67704.8542,212270.0447,0.0,1,1,1,806.0102,2527.0243
1294,84,10.5441,66914.1787,209791.1238,0.0,0,0,0,796.5974,2497.5134
1295,84,10.906,83912.8614,263086.8081,0.0,0,0,0,998.9626,3131.9858
1296,84,11.131,87955.2536,275761.1885,0.0,1,1,1,1047.0864,3282.8713
1297,84,11.4291,83538.8607,261914.3778,0.0,0,0,0,994.5102,3118.0283
1298,84,11.6615,77313.7535,242397.238,0.0,0,0,0,920.4018,2885.6814
1299,84,11.4753,62491.1892,195924.3645,0.0,1,1,1,743.9427,2332.4329
1300,84,11.469,73645.8768,230897.3763,0.0,0,0,0,876.7366,2748.7783
1301,84,11.6073,74359.1558,233133.7795,0.0,0,0,0,885.228,2775.4021
1302,85,11.6968,90259.9859,282986.7556,0.0,1,1,0,1061.8822,3329.2559
1303,85,11.6676,67216.2408,210738.784,0.0,0,0,0,790.7793,2479.2798
1304,84,11.5814,64441.6689,202039.9565,0.0,0,0,1,767.1627,2405.2376
1305,85,11.1705,62486.7282,195910.3035,0.0,1,1,0,735.138,2304.8271
1306,85,10.7777,57776.7245,181142.8993,0.0,0,0,0,679.7262,2131.0929
1307,85,10.6443,67229.36,210779.2391,1.0,1,0,0,790.9336,2479.7558
1308,86,10.5252,75231.8407,235868.9221,3.0,3,1,0,874.7888,2742.6619
1309,86,10.486,72220.164,226426.0793,7.0,4,0,0,839.7693,2632.8614
1310,86,10.4436,77187.4486,241999.6708,8.0,3,0,0,897.5285,2813.9497
1311,87,10.4434,73557.6559,230618.9136,12.0,5,1,0,845.4903,2650.7921
1312,87,10.7245,77962.0845,244428.2573,11.0,4,0,0,896.1159,2809.5202
1313,85,11.2149,84510.6606,264960.0014,10.0,3,0,2,994.2431,3117.1765
1314,84,11.1626,74720.3731,234264.8955,9.0,3,1,2,889.5283,2788.8678
1315,84,11.2422,77791.0262,243892.8334,12.0,3,0,0,926.0836,2903.4861
1316,84,11.193,60388.0034,189330.1648,13.0,2,0,0,718.9048,2253.9305
1317,85,11.3519,90811.9385,284716.8804,15.0,3,1,0,1068.3757,3349.6104
1318,85,11.3232,60347.5689,189202.7439,17.0,2,0,0,709.9714,2225.9146
1319,85,11.3644,75367.3342,236293.4563,19.0,2,0,0,886.6745,2779.923
1320,86,11.0906,63004.1482,197531.9603,22.0,4,1,0,732.6064,2296.8833
1321,86,11.0854,67783.7009,212516.6971,25.0,3,0,0,788.1826,2471.1244
1322,86,11.0321,71154.9482,223086.9585,28.0,3,0,0,827.3831,2594.0344
1323,87,10.7698,74609.2078,233917.2293,32.0,5,1,0,857.5771,2688.7038
1324,87,10.5909,73920.031,231755.419,36.0,4,0,0,849.6555,2663.8554
1325,87,10.6429,77232.5188,242141.0065,26.0,3,0,0,887.7301,2783.23
1326,88,10.4714,65682.075,205926.6574,31.0,6,1,0,746.3872,2340.0757
1327,88,10.6015,74872.1597,234740.7767,36.0,5,0,0,850.82,2667.5088
1328,86,10.5616,65814.6092,206343.0404,43.0,7,0,2,765.2862,2399.3377
1329,87,10.5746,73879.6324,231629.1787,35.0,4,1,0,849.1912,2662.4044
1330,86,10.6547,72079.238,225984.2628,38.0,3,0,1,838.1307,2627.724
1331,86,10.8235,77598.62,243288.9218,41.0,3,0,0,902.3095,2828.941
1332,87,10.7514,66257.5899,207732.2283,1.0,2,1,0,761.5815,2387.7268
1333,87,10.6985,69219.9111,217020.1297,2.0,1,0,0,795.6312,2494.4842
1334,87,10.628,68681.5152,215331.4886,3.0,1,0,0,789.4427,2475.0746
1335,88,10.4876,72468.504,227204.4054,4.0,2,1,0,823.5057,2581.8682
1336,88,10.4103,72195.9428,226350.3499,7.0,3,0,0,820.4084,2572.1631
1337,87,10.2271,68678.3055,215321.3561,11.0,4,0,1,789.4058,2474.9581
1338,88,10.1042,73566.7808,230647.7708,17.0,7,1,0,835.9861,2620.9974
1339,87,10.3394,89571.2387,280825.617,23.0,6,0,1,1029.5545,3227.8807
1340,87,10.3539,78409.4017,245830.8582,29.0,6,0,0,901.2575,2825.642
1341,88,10.3072,75074.0919,235373.6452,35.0,7,1,0,853.1147,2674.7005
1342,87,10.3575,78814.3921,247100.491,41.0,6,0,1,905.9126,2840.2355
1343,85,10.3157,68423.487,214522.9179,47.0,6,0,2,804.9822,2523.799
1344,86,10.2418,70535.6268,221144.2852,46.0,7,1,0,820.1817,2571.4452
1345,86,10.4481,83988.4573,263322.5694,24.0,3,0,0,976.61,3061.8903
1346,86,10.5196,71099.8753,222913.7875,27.0,3,0,0,826.7427,2592.0208
1347,87,10.3342,67197.7612,210679.5379,26.0,3,1,0,772.3881,2421.6039
1348,86,10.5405,80500.0542,252386.3585,28.0,2,0,1,936.0471,2934.7251
1349,86,10.6678,83076.2154,260463.1588,30.0,2,0,0,966.0025,3028.6414
1350,87,10.8584,94069.5583,294930.314,33.0,4,1,0,1081.2593,3390.0036
1351,87,10.8658,70847.6901,222123.668,36.0,3,0,0,814.3413,2553.1456
1352,86,10.9212,77019.5069,241474.3999,36.0,2,0,1,895.5757,2807.8419
1353,86,10.9434,81664.7159,256037.3436,16.0,2,1,1,949.5897,2977.1784
1354,86,10.9335,61165.3092,191766.6937,0.0,0,0,0,711.2245,2229.8453
1355,86,11.2414,87026.3971,272848.7505,1.0,1,0,0,1011.9349,3172.6599
1356,86,11.1808,79628.738,249654.4704,2.0,2,1,1,925.9156,2902.959
1357,86,11.3007,84369.19,264517.3975,3.0,1,0,0,981.0371,3075.7837
1358,85,11.4485,81038.6428,254075.4545,0.0,0,0,1,953.3958,2989.123
1359,84,11.3435,73214.0184,229542.1722,0.0,1,1,2,871.5955,2732.6449
1360,84,11.3755,72626.3792,227700.6732,0.0,0,0,0,864.5998,2710.7223
1361,84,11.4304,71398.5835,223851.0151,0.0,0,0,0,849.9831,2664.893
1362,85,11.3065,71559.9946,224356.5721,0.0,1,1,0,841.8823,2639.4891
1363,84,11.4226,76837.0697,240901.9935,0.0,0,0,1,914.727,2867.8809
1364,84,11.287,62075.6816,194621.4232,1.0,1,0,0,738.9962,2316.9217
1365,84,11.2926,77715.0419,243654.6881,2.0,2,1,1,925.1791,2900.651
1366,84,11.1552,69731.2091,218623.4716,3.0,1,0,0,830.1334,2602.6604
1367,84,11.0182,72487.3762,227265.1804,4.0,1,0,0,862.945,2705.5379
1368,85,10.9,83824.0942,262807.9091,5.0,2,1,0,986.1658,3091.8578
1369,85,10.8072,68195.3243,213807.7933,8.0,3,0,0,802.2979,2515.3858
1370,85,10.7882,74929.0769,234919.7128,11.0,3,0,0,881.5186,2763.7613
1371,85,10.5978,83518.2276,261849.0385,14.0,4,1,1,982.5674,3080.5769
1372,84,10.6551,79393.6182,248916.6749,17.0,3,0,1,945.1621,2963.2937
1373,84,10.7685,70541.08,221162.2726,13.0,5,0,0,839.7748,2632.8842
1374,85,10.6615,70932.3266,222387.955,18.0,6,1,0,834.498,2616.3289
1375,84,10.6709,69037.0082,216446.1613,25.0,7,0,1,821.8691,2576.74
1376,84,10.7146,65143.8443,204239.4463,24.0,6,0,0,775.522,2431.422
1377,85,10.5694,68141.3836,213638.0378,30.0,7,1,0,801.6633,2513.3887
1378,84,10.6572,71113.3327,222956.0772,36.0,6,0,1,846.5873,2654.239
1379,84,10.8793,83827.0133,262817.0144,31.0,5,0,0,997.9406,3128.774
1380,85,10.7101,70427.1107,220804.0602,36.0,6,1,0,828.5542,2597.6948
1381,85,10.7717,78840.1679,247181.7134,41.0,5,0,0,927.5314,2908.0202
1382,85,10.7827,67824.9605,212645.9549,46.0,5,0,0,797.9407,2501.7171
1383,86,10.9124,91745.4767,287643.1186,51.0,6,1,0,1066.8079,3344.6874
1384,86,10.8989,67741.6015,212384.5529,56.0,5,0,0,787.693,2469.5878
1385,85,10.9804,71011.5855,222636.968,61.0,5,0,1,835.4304,2619.2584
1386,86,10.798,73576.5322,230678.5872,66.0,6,1,0,855.5411,2682.3092
1387,86,10.7867,69571.9477,218123.8797,58.0,4,0,0,808.9761,2536.3242
1388,86,10.5695,62857.1437,197070.9021,62.0,4,0,0,730.897,2291.5221
1389,85,10.5497,78087.5383,244822.1742,66.0,5,1,2,918.6769,2880.2609
1390,85,10.7972,79536.1724,249363.8373,52.0,3,0,0,935.7197,2933.6922
1391,84,10.814,64825.144,203240.727,39.0,3,0,1,771.7279,2419.5325
1392,85,10.9187,84536.1438,265040.3011,42.0,4,1,0,994.5429,3118.1212
1393,85,10.8491,68251.0117,213982.4132,45.0,3,0,0,802.9531,2517.4402
1394,84,10.8093,70634.435,221454.5111,48.0,3,0,1,840.8861,2636.3632
1395,84,10.5036,64206.0605,201300.949,5.0,2,1,1,764.3579,2396.4399
1396,83,10.4833,70813.1708,222014.7686,0.0,0,0,1,853.1707,2674.8767
1397,83,10.5793,70503.751,221045.0607,3.0,3,0,0,849.4428,2663.1935
1398,84,10.536,74344.2642,233086.1931,2.0,2,1,0,885.0508,2774.8356
1399,84,10.5296,72928.8865,228648.844,3.0,1,0,0,868.201,2722.01
1400,84,10.5068,76684.0324,240422.1918,5.0,2,0,0,912.9051,2862.1689
1401,85,10.381,77754.4394,243778.0307,8.0,4,1,0,914.7581,2867.9768
1402,84,10.5946,75732.3162,237438.1654,12.0,4,0,1,901.5752,2826.6448
1403,83,10.7751,74656.1236,234063.2016,18.0,6,0,1,899.4714,2820.0386
1404,84,10.7898,86791.4955,272111.1508,25.0,8,1,0,1033.2321,3239.4185
1405,84,11.0895,89584.4939,280867.588,32.0,7,0,0,1066.4821,3343.6618
1406,84,11.1578,73610.3636,230784.8171,36.0,6,0,0,876.3139,2747.4383
1407,85,11.0684,73517.7763,230494.8128,42.0,7,1,0,864.915,2711.7037
1408,84,11.1583,75360.2642,236271.1641,41.0,5,0,1,897.146,2812.752
1409,84,11.123,66725.9088,209200.2967,46.0,5,0,0,794.3561,2490.4797
1410,85,11.0724,82966.3114,260118.3787,52.0,7,1,0,976.0743,3060.2162
1411,85,11.1643,71035.4056,222711.4308,58.0,6,0,0,835.7107,2620.1345
1412,84,11.1149,67047.7686,210209.5128,64.0,6,0,1,798.1877,2502.4942
1413,85,10.8733,60867.9815,190834.1707,26.0,4,1,0,716.0939,2245.1079
1414,85,11.1591,81636.2896,255948.622,5.0,1,0,0,960.4269,3011.1603
1415,84,11.2213,77195.0572,242024.1888,6.0,1,0,1,918.9888,2881.2403
1416,85,11.1032,76477.5513,239775.3298,7.0,2,1,0,899.7359,2820.8862
1417,84,11.1739,74419.1471,233321.1613,9.0,2,0,1,885.9422,2777.6329
1418,84,11.3307,82321.9415,258098.9427,11.0,2,0,0,980.0231,3072.6065
1419,84,11.1317,60093.503,188406.0488,14.0,4,1,1,715.3988,2242.9292
1420,84,11.0639,69530.0231,217991.9795,17.0,3,0,0,827.7384,2595.1426
1421,83,11.0537,73288.9794,229777.991,9.0,3,0,1,882.9998,2768.4095
1422,83,10.9049,64711.6795,202885.4814,6.0,2,1,1,779.6588,2444.4034
1423,83,11.1459,79963.939,250705.629,7.0,1,0,0,963.421,3020.5497
1424,83,11.3727,76980.217,241350.879,8.0,1,0,0,927.4725,2907.8419
1425,84,11.4404,74616.9964,233941.2629,0.0,1,1,0,888.2976,2785.015
1426,84,11.6079,80560.0285,252575.4198,0.0,0,0,0,959.048,3006.8502
1427,84,11.7151,76628.6238,240248.6135,0.0,0,0,0,912.2455,2860.1025
1428,85,11.4703,74741.7511,234333.1037,0.0,1,1,0,879.3147,2756.86
1429,85,11.5191,73850.5285,231538.6445,0.0,0,0,0,868.8297,2723.9841
1430,84,11.4563,57941.9061,181660.4412,0.0,0,0,1,689.7846,2162.6243
1431,85,11.4053,73365.3537,230017.4963,0.0,1,1,0,863.1218,2706.0882
1432,85,11.3614,65292.2412,204705.89,1.0,1,0,0,768.144,2408.3046
1433,85,11.4886,76729.8191,240566.2119,2.0,1,0,0,902.7038,2830.1907
1434,86,11.3756,65547.198,205504.5538,3.0,2,1,0,762.1767,2389.5878
1435,86,11.5067,76222.5989,238975.6539,4.0,1,0,0,886.3093,2778.7867
1436,86,11.4044,64734.5858,202957.6168,5.0,1,0,0,752.7277,2359.9723
1437,87,10.8302,55213.0427,173104.9402,6.0,2,1,0,634.6327,1989.712
1438,87,10.8497,75940.2824,238090.2312,7.0,1,0,0,872.8768,2736.6693
1439,87,10.9502,76563.9639,240045.0459,1.0,1,0,0,880.0456,2759.1385
1440,87,10.786,66794.877,209416.5046,1.0,2,1,1,767.7572,2407.0863
1441,85,10.8185,73499.4051,230437.2944,3.0,2,0,2,864.6989,2711.027
1442,85,10.6921,68609.2883,215106.5418,3.0,2,0,0,807.1681,2530.6652
1443,86,10.652,80196.7293,251435.5802,5.0,3,1,0,932.5201,2923.6695
1444,86,10.6915,79301.8613,248629.8282,7.0,2,0,0,922.1147,2891.0445
1445,86,10.7221,82073.378,257319.696,10.0,3,0,0,954.3416,2992.0895
1446,87,10.4725,73072.2438,229098.1489,14.0,5,1,0,839.9108,2633.3121
1447,87,10.4591,79758.8149,250062.0928,15.0,3,0,0,916.768,2874.2769
1448,87,10.4881,76597.371,240150.1568,18.0,3,0,0,880.4296,2760.3466
1449,87,10.5091,74095.464,232305.7204,22.0,4,0,0,851.672,2670.1807
1450,88,10.203,67018.0597,210116.3993,26.0,5,1,0,761.5689,2387.6864
1451,88,10.2775,77165.0203,241928.5631,31.0,5,0,0,876.8752,2749.1882
1452,89,10.2019,83063.2239,260421.8541,37.0,7,1,0,933.2947,2926.0882
1453,89,10.4927,90256.3736,282974.0921,46.0,9,0,0,1014.1166,3179.4842
1454,88,10.7362,81743.8333,256284.8896,51.0,8,0,1,928.9072,2912.3283
1455,89,10.5492,68798.3316,215697.5054,53.0,7,1,0,773.015,2423.5675
1456,88,10.5138,64064.8183,200856.314,59.0,6,0,1,728.0093,2282.4581
1457,88,10.5966,81362.0018,255088.0211,66.0,7,0,0,924.5682,2898.7275
1458,89,10.7659,87508.8574,274359.9834,36.0,5,1,0,983.2456,3082.6964
1459,89,10.9883,78099.2459,244858.7709,26.0,3,0,0,877.5196,2751.2221
1460,89,11.2883,82925.8374,259991.3472,21.0,2,0,0,931.751,2921.2511
1461,89,11.2805,75396.2038,236384.0147,23.0,3,1,1,847.1484,2656.0002
1462,88,11.3744,77151.1241,241886.5966,25.0,2,0,1,876.7173,2748.7113
1463,88,11.3375,67557.7492,211808.3287,12.0,1,0,0,767.7017,2406.9128
1464,89,11.2127,65809.4455,206327.2241,13.0,2,1,0,739.432,2318.2834
1465,89,11.1682,66225.7682,207632.6419,14.0,1,0,0,744.1098,2332.951
1466,89,11.0588,71004.1127,222614.3243,15.0,1,0,0,797.799,2501.2845
1467,90,10.7467,66703.9551,209131.5438,16.0,2,1,0,741.1551,2323.6838
1468,90,10.5968,68219.8396,213884.6147,18.0,2,0,0,757.9982,2376.4957
1469,90,10.8021,81641.7364,255965.1648,19.0,2,0,0,907.1304,2844.0574
1470,91,10.837,81848.0301,256612.3516,21.0,3,1,0,899.4289,2819.916
1471,91,11.041,81781.8086,256404.5951,3.0,1,0,0,898.7012,2817.6329
1472,91,11.2054,81513.9659,255564.9992,5.0,2,0,0,895.7579,2808.4066
1473,91,11.3079,84373.8304,264531.2282,7.0,3,1,1,927.1849,2906.9366
1474,91,11.1715,75150.7424,235614.9459,9.0,2,0,0,825.8323,2589.1752
1475,91,11.2447,77346.5121,242497.9521,11.0,2,0,0,849.9617,2664.8127
1476,92,11.186,80446.5849,252217.9644,14.0,4,1,0,874.4194,2741.4996
1477,92,11.1904,74769.4578,234419.0406,17.0,3,0,0,812.7115,2548.0331
1478,92,11.0268,65733.3762,206088.5715,21.0,4,0,0,714.4932,2240.0932
1479,92,11.084,86869.9431,272357.242,2.0,2,1,1,944.2385,2960.4048
1480,92,11.0706,72256.5436,226540.5694,4.0,2,0,0,785.3972,2462.3975
1481,92,11.3053,90606.2904,284072.0121,6.0,2,0,0,984.851,3087.7393
1482,93,11.4012,93162.5615,292086.6875,8.0,3,1,0,1001.748,3140.7171
1483,93,11.4046,70928.7838,222377.9326,6.0,1,0,0,762.6751,2391.1606
1484,90,11.4973,71365.8644,223748.335,7.0,1,0,3,792.954,2486.0926
1485,91,11.5983,90623.9605,284127.3061,8.0,2,1,0,995.8677,3122.2781
1486,91,11.5624,63741.1336,199842.5133,9.0,1,0,0,700.452,2196.0716
1487,90,11.6126,77650.5468,243452.5208,0.0,0,0,1,862.7839,2705.028
1488,91,11.5421,74768.9459,234418.4196,0.0,1,1,0,821.6368,2576.0266
1489,90,11.4097,74593.4463,233867.4833,1.0,1,0,1,828.8161,2598.5276
1490,90,11.176,64238.7837,201402.9467,0.0,0,0,0,713.7643,2237.8105
1491,91,11.1619,83334.422,261272.2275,0.0,1,1,0,915.7629,2871.1234
1492,91,11.1542,70678.8401,221593.8422,0.0,0,0,0,776.6906,2435.0972
1493,90,11.2211,66088.1702,207201.0132,2.0,2,0,1,734.313,2302.2335
1494,91,11.0842,71201.1502,223230.934,5.0,4,1,0,782.4302,2453.0872
1495,91,10.9866,64607.51,202558.125,3.0,2,0,0,709.9726,2225.9135
1496,90,11.0881,80756.2585,253189.4254,3.0,1,0,1,897.2918,2813.2158
1497,91,10.8602,65756.7676,206161.8625,0.0,1,1,0,722.6018,2265.515
1498,91,10.9992,79781.687,250133.7101,1.0,1,0,0,876.7218,2748.7221
1499,91,10.9288,66381.0803,208119.38,2.0,1,0,0,729.4624,2287.0262
1500,91,10.6879,73659.3633,230938.405,4.0,3,1,1,809.4436,2537.7847
1501,91,10.4865,68673.7507,215307.7399,7.0,3,0,0,754.6566,2366.0191
1502,91,10.5831,74774.4644,234434.096,7.0,2,0,0,821.6974,2576.1989
1503,92,10.6036,85384.9793,267701.1984,10.0,4,1,0,928.0976,2909.7956
1504,91,10.5992,75531.1618,236807.0305,13.0,3,0,1,830.0128,2602.2751
1505,91,10.1694,51598.3795,161771.8107,16.0,3,0,0,567.0152,1777.7122
1506,92,9.9546,78506.7654,246135.7729,19.0,4,1,0,853.3344,2675.3888
1507,92,9.916,77223.9296,242113.9624,23.0,4,0,0,839.3905,2631.6735
1508,91,9.8179,77683.8189,243555.2956,30.0,7,0,1,853.6683,2676.4318
1509,91,9.7746,84288.5556,264262.9841,35.0,7,1,1,926.2479,2903.9888
1510,91,9.9636,76660.5796,240347.0032,27.0,4,0,0,842.424,2641.1759
1511,91,10.4807,95350.553,298945.6385,29.0,3,0,0,1047.8083,3285.1169
1512,92,10.6569,86012.5122,269668.5675,17.0,3,1,0,934.9186,2931.1801
1513,91,10.8233,77304.147,242365.599,19.0,2,0,1,849.4961,2663.3582
1514,91,10.9714,86369.0882,270787.272,21.0,2,0,0,949.1109,2975.6843
1515,91,11.0648,84889.4688,266148.0278,23.0,3,1,1,932.8513,2924.7036
1516,91,11.298,83424.4239,261555.1396,25.0,2,0,0,916.7519,2874.2323
1517,91,11.5226,89170.5399,279570.9351,10.0,1,0,0,979.896,3072.2081
1518,91,11.5579,88570.4776,277689.435,0.0,1,1,1,973.302,3051.5323
1519,90,11.6229,66196.1234,207540.3415,0.0,0,0,1,735.5125,2306.0038
1520,90,11.742,77497.3523,242972.4681,0.0,0,0,0,861.0817,2699.6941
1521,91,11.7847,88111.5079,276250.4797,0.0,1,1,0,968.2583,3035.7196
1522,91,11.5194,69582.0409,218156.0216,0.0,0,0,0,764.6378,2397.3189
1523,91,11.2881,74664.0635,234089.8588,0.0,0,0,0,820.4842,2572.416
1524,92,11.0426,66754.3817,209289.8878,0.0,1,1,0,725.5911,2274.8901
1525,92,10.9709,71788.1176,225071.9665,0.0,0,0,0,780.3056,2446.4344
1526,92,10.9969,83650.5911,262263.8982,0.0,0,0,0,909.2456,2850.6945
1527,93,10.9235,80850.5523,253485.395,0.0,1,1,0,869.3608,2725.6494
1528,93,11.267,96213.0853,301650.8111,1.0,1,0,0,1034.5493,3243.5571
1529,92,11.4767,92782.4438,290895.222,2.0,1,0,1,1008.5048,3161.9046
1530,93,11.4965,86410.5658,270917.2674,3.0,2,1,0,929.1459,2913.0889
1531,92,11.5762,78239.9836,245300.4915,4.0,1,0,1,850.4346,2666.3097
1532,91,11.6836,77988.0826,244510.8978,5.0,1,0,1,857.0119,2686.9329
1533,92,11.6585,82420.1082,258406.4106,6.0,2,1,0,895.8707,2808.7653
1534,92,11.5883,63174.0693,198065.3848,7.0,1,0,0,686.6747,2152.8846
1535,91,11.6775,80429.5538,252165.5389,8.0,1,0,1,883.8413,2771.0499
1536,92,11.3023,68397.4589,214441.7356,9.0,2,1,0,743.4506,2330.8884
1537,92,11.1539,63525.4895,199166.1633,10.0,1,0,0,690.4945,2164.8496
1538,92,11.1006,73114.9089,229231.4769,11.0,1,0,0,794.7273,2491.6465
1539,93,10.8627,77232.7237,242141.8926,12.0,2,1,0,830.4594,2603.6763
1540,93,10.822,66667.0953,209015.0052,14.0,2,0,0,716.8505,2247.4732
1541,92,10.9924,82319.6232,258090.2655,16.0,2,0,1,894.7785,2805.329
1542,93,10.8864,74781.2266,234456.3905,18.0,3,1,0,804.0992,2521.0365
1543,92,11.0267,83086.0381,260493.8705,20.0,2,0,1,903.1091,2831.4551
1544,92,11.1305,79105.4595,248013.4715,22.0,2,0,0,859.842,2695.7986
1545,91,11.0647,76915.6837,241148.3945,24.0,3,1,2,845.2273,2649.9824
1546,90,11.2516,90134.412,282592.1613,26.0,2,0,1,1001.4935,3139.9129
1547,89,11.2274,67004.2723,210073.6253,28.0,2,0,1,752.857,2360.3778
1548,90,11.2366,82570.0749,258875.6552,31.0,4,1,0,917.4453,2876.3962
1549,90,10.9505,57842.19,181347.4639,34.0,3,0,0,642.691,2014.9718
1550,90,10.7505,58720.7128,184101.5413,37.0,3,0,0,652.4524,2045.5727
1551,91,10.3967,64126.7395,201051.108,4.0,2,1,0,704.6894,2209.3528
1552,91,10.4336,78475.0282,246036.4766,5.0,1,0,0,862.3629,2703.6975
1553,91,10.3644,64609.3537,202564.6059,0.0,0,0,0,709.9929,2225.9847
1554,92,10.3399,83775.0243,262653.415,0.0,1,1,0,910.5981,2854.9284
1555,92,10.338,69289.6836,217238.7341,1.0,1,0,0,753.1487,2361.2906
1556,92,10.5307,84129.8871,263766.602,1.0,1,0,0,914.4553,2867.0283
1557,92,10.499,81534.9341,255630.6031,2.0,2,1,1,886.2493,2778.5935
1558,92,10.489,79480.1393,249188.6459,3.0,1,0,0,863.9146,2708.5722
1559,89,10.5312,75759.5595,237523.1574,4.0,1,0,3,851.231,2668.7995
1560,89,10.4101,73651.1961,230913.0102,6.0,3,1,1,827.5415,2594.5282
1561,89,10.5628,75575.1047,236944.5717,8.0,2,0,0,849.1585,2662.2986
1562,89,10.615,69933.6866,219257.5401,7.0,1,0,0,785.7718,2463.5679
1563,90,10.5166,76439.4108,239655.0155,1.0,2,1,0,849.3268,2662.8335
1564,90,10.4032,68854.7449,215874.9692,0.0,0,0,0,765.0527,2398.6108
1565,90,10.3356,78869.015,247272.387,0.0,0,0,0,876.3224,2747.471
1566,90,10.2631,79016.8639,247736.0166,0.0,1,1,1,877.9652,2752.6224
1567,89,10.2927,74109.9041,232351.5937,1.0,1,0,1,832.6956,2610.6921
1568,89,10.5003,79659.7934,249752.0733,3.0,2,0,0,895.0539,2806.2031
1569,90,10.4369,78162.9778,245058.6185,5.0,3,1,0,868.4775,2722.8735
1570,89,10.7776,93523.2308,293217.4571,7.0,2,0,1,1050.8228,3294.5782
1571,89,10.742,73884.2731,231643.818,10.0,3,0,0,830.1604,2602.7395
1572,89,10.6585,80156.6655,251309.6941,13.0,4,1,1,900.6367,2823.7044
1573,89,10.5968,72857.4254,228424.2158,16.0,3,0,0,818.6228,2566.5642
1574,88,10.3121,64934.9843,203584.9106,20.0,4,0,1,737.8975,2313.4649
1575,88,10.0431,60828.4637,190710.0065,24.0,5,1,1,691.2325,2167.1592
1576,88,10.2007,83692.1647,262393.3846,26.0,4,0,0,951.0473,2981.743
1577,88,10.0914,63813.4841,200068.1378,30.0,4,0,0,725.1532,2273.5016
1578,89,10.0697,76585.1209,240111.495,8.0,2,1,0,860.507,2697.882
1579,89,10.4714,83841.9122,262863.34,9.0,1,0,0,942.044,2953.5207
1580,89,10.7738,87363.9164,273906.1941,10.0,1,0,0,981.617,3077.5977
1581,90,10.6837,78667.9869,246642.2079,11.0,2,1,0,874.0887,2740.469
1582,90,10.7737,80472.8553,252300.9141,13.0,2,0,0,894.1428,2803.3435
1583,90,10.8023,79918.1544,250561.8364,15.0,2,0,0,887.9795,2784.0204
1584,91,10.6174,72615.0091,227664.4723,18.0,4,1,0,797.9671,2501.8074
1585,90,10.5514,76299.1111,239214.8872,6.0,2,0,1,847.7679,2657.9432
1586,90,10.4374,71683.0224,224743.2002,8.0,2,0,0,796.478,2497.1467
1587,91,10.3812,81163.572,254465.8129,5.0,3,1,0,891.9074,2796.3276
1588,91,10.4251,71401.3893,223858.781,8.0,3,0,0,784.6307,2459.9866
1589,91,10.477,77500.0741,242980.175,11.0,3,0,0,851.6492,2670.1118
1590,91,10.3264,65300.8971,204731.6272,15.0,5,1,1,717.5923,2249.7981
1591,91,10.4455,77368.7135,242567.4399,19.0,4,0,0,850.2056,2665.5763
1592,91,10.3924,78115.5618,244909.8389,23.0,4,0,0,858.4128,2691.3169
1593,92,10.2693,72879.0718,228492.1105,28.0,6,1,0,792.1638,2483.6099
1594,92,10.4374,80548.912,252537.9853,23.0,5,0,0,875.5317,2744.9781
1595,92,10.5607,78075.4858,244783.6479,26.0,4,0,0,848.6466,2660.6918
1596,91,10.4319,64595.2666,202520.216,23.0,3,0,1,709.8381,2225.4969
1597,91,10.4366,74357.2082,233126.7982,5.0,1,0,0,817.1122,2561.8329
1598,90,10.5519,74703.9304,234213.1309,6.0,1,0,1,830.0437,2602.3681
1599,91,10.4426,65852.6045,206462.0331,8.0,3,1,0,723.655,2268.8136
1600,91,10.3624,76989.8237,241379.4186,8.0,2,1,1,846.042,2652.5211
1601,90,10.2753,68092.8962,213486.3612,9.0,1,0,1,756.5877,2372.0707
1602,91,10.3707,86669.6302,271728.9953,0.0,1,1,0,952.4135,2986.0329
1603,91,10.5752,80181.3809,251386.8647,1.0,1,0,0,881.1141,2762.493
1604,91,10.7952,84069.8269,263578.1804,2.0,1,0,0,923.8443,2896.4635
1605,91,10.723,67024.0652,210135.407,3.0,2,1,1,736.5282,2309.1803
1606,91,10.8899,88741.1519,278224.434,4.0,1,0,0,975.1775,3057.4114
1607,91,11.041,87309.3786,273735.496,5.0,1,0,0,959.4437,3008.0824
1608,92,10.8413,75392.4267,236372.8218,7.0,3,1,0,819.4829,2569.2698
1609,92,10.8966,80480.6897,252325.6269,9.0,2,0,0,874.7901,2742.6699
1610,92,10.8189,71058.1324,222783.7632,3.0,1,0,0,772.371,2421.5626
1611,93,10.7368,83519.5883,261852.7288,0.0,1,1,0,898.0601,2815.6207
1612,93,10.7087,68338.6794,214256.4598,1.0,1,0,0,734.8245,2303.8329
1613,93,10.674,71630.1983,224576.6501,2.0,1,0,0,770.2172,2414.8027
1614,94,10.6469,80478.0136,252316.8911,3.0,2,1,0,856.1491,2684.2222
1615,94,10.5564,73104.1138,229197.2089,4.0,1,0,0,777.7033,2438.2682
1616,94,10.7436,83530.8497,261888.3772,5.0,1,0,0,888.6261,2786.0466
1617,95,10.7402,85451.2701,267909.2776,0.0,1,1,0,899.4871,2820.0977
1618,93,10.7151,78020.9557,244613.665,0.0,0,0,2,838.935,2630.2545
1619,92,10.7859,71419.4039,223916.141,0.0,0,0,1,776.2979,2433.8711
1620,93,10.8792,92869.5108,291167.3042,0.0,1,1,0,998.5969,3130.8312
1621,93,10.9812,82714.9906,259330.7043,0.0,0,0,0,889.4085,2788.5022
1622,93,11.0773,86850.6223,272296.8516,0.0,0,0,0,933.8777,2927.9231
1623,93,11.0038,79952.0482,250668.0292,0.0,1,1,1,859.6994,2695.3552
1624,93,10.9934,65829.4185,206390.0944,0.0,0,0,0,707.8432,2219.2483
1625,93,10.9968,83311.3583,261200.3875,0.0,0,0,0,895.8211,2808.6063
1626,94,11.0015,83571.4375,262016.2905,0.0,1,1,0,889.0578,2787.4073
1627,94,11.0821,77921.9945,244302.8796,0.0,0,0,0,828.9574,2598.9668
1628,94,11.2681,86037.2476,269747.2441,0.0,0,0,0,915.2899,2869.6515
1629,95,11.2184,80189.6287,251413.4898,0.0,1,1,0,844.1014,2646.4578
1630,95,11.409,85107.89,266833.0314,0.0,0,0,0,895.8725,2808.7688
1631,95,11.3815,77832.8053,244024.6614,0.0,0,0,0,819.2927,2568.6806
1632,95,11.0999,76758.7841,240656.6107,0.0,1,1,1,807.9872,2533.2275
1633,94,11.0984,76640.2699,240285.3665,0.0,0,0,1,815.322,2556.2273
1634,93,11.2739,85182.3816,267066.4343,1.0,1,0,1,915.9396,2871.6821
1635,94,11.088,68060.6257,213384.7615,2.0,2,1,0,724.0492,2270.0507
1636,94,10.8768,67722.079,212323.4486,3.0,1,0,0,720.4476,2258.7601
1637,93,10.6619,67042.5904,210193.0766,4.0,1,0,1,720.8881,2260.1406
1638,94,10.3631,70601.8176,221352.0829,6.0,3,1,0,751.0832,2354.8094
1639,93,10.3913,73024.3077,228947.6049,8.0,2,0,1,785.2076,2461.8022
1640,92,10.3974,71959.7056,225609.5274,10.0,2,0,1,782.1707,2452.2775
1641,93,10.3187,82137.769,257520.5631,12.0,3,1,0,883.2018,2769.0383
1642,91,10.4873,79466.1818,249143.9883,15.0,3,0,2,873.2547,2737.846
1643,90,10.6195,84745.2996,265696.0805,18.0,3,0,1,941.6144,2952.1787
1644,91,10.574,81569.904,255740.3553,10.0,3,1,0,896.3726,2810.3336
1645,91,10.5216,73867.8465,231592.3823,12.0,2,0,0,811.7346,2544.9712
1646,90,10.5516,78246.0591,245319.4798,14.0,2,0,1,869.4007,2725.772
1647,90,10.4257,68784.7616,215655.7715,16.0,3,1,1,764.2751,2396.1752
1648,89,10.6164,91382.6523,286505.6874,19.0,3,0,1,1026.7714,3219.165
1649,87,10.5688,70509.8702,221064.1608,22.0,3,0,2,810.4583,2540.9674
1650,88,10.2448,62784.2908,196842.6726,17.0,4,1,0,713.4579,2236.8486
1651,88,10.3242,77264.8943,242242.85,18.0,2,0,0,878.0102,2752.7597
1652,88,10.3092,69609.2764,218240.2766,20.0,2,0,0,791.0145,2480.0031
1653,86,10.2964,74018.8644,232065.5045,23.0,4,1,3,860.6845,2698.4361
1654,86,10.4165,70423.0906,220791.5297,26.0,3,0,0,818.8731,2567.3434
1655,86,10.5065,68691.1641,215362.3629,29.0,3,0,0,798.7345,2504.2135
1656,87,10.5342,74216.6575,232684.919,33.0,5,1,0,853.065,2674.5393
1657,87,10.7221,78476.2733,246040.4158,7.0,2,0,0,902.0261,2828.0508
1658,86,10.9422,78334.117,245595.4346,3.0,1,0,1,910.8618,2855.7609
1659,87,11.0064,77423.1892,242739.1624,4.0,2,1,0,889.9217,2790.1053
1660,87,11.123,73008.307,228897.3741,5.0,1,0,0,839.1759,2631.0043
1661,86,11.0464,62552.7325,196116.5398,6.0,1,0,1,727.3574,2280.4249
1662,87,10.9182,73454.9314,230298.3129,7.0,2,1,0,844.3096,2647.107
1663,87,11.1037,78692.572,246719.5806,8.0,1,0,0,904.5123,2835.8572
1664,86,11.2514,83215.6159,260900.6326,10.0,2,0,1,967.6234,3033.7283
1665,87,11.0413,71328.4127,223631.3715,2.0,2,1,0,819.8668,2570.4755
1666,86,11.1558,87462.5146,274215.3921,3.0,1,0,1,1017.006,3188.5511
1667,86,11.1319,76459.5539,239718.3082,4.0,1,0,0,889.0646,2787.4222
1668,87,10.7575,65896.1716,206599.7968,7.0,4,1,0,757.4273,2374.7103
1669,86,10.6318,75524.9356,236787.9908,9.0,3,0,1,878.1969,2753.3487
1670,86,10.4833,72657.866,227798.4702,12.0,3,0,0,844.8589,2648.8194
1671,87,10.4678,75982.2963,238220.8456,16.0,5,1,0,873.3597,2738.1706
1672,87,10.4795,68200.4478,213822.9393,20.0,4,0,0,783.9132,2457.7349
1673,87,10.6111,77179.7989,241975.6907,25.0,5,0,0,887.1241,2781.3298
1674,88,10.3312,66175.1897,207473.9784,13.0,3,1,0,751.9908,2357.6588
1675,88,10.4464,95489.4556,299381.7471,15.0,2,0,0,1085.1074,3402.0653
1676,87,10.3579,70186.4089,220049.6343,18.0,3,0,1,806.7403,2529.3061
1677,87,10.6017,78343.1495,245622.7433,19.0,2,0,0,900.496,2823.2499
1678,88,10.6956,82049.3985,257243.0762,13.0,4,1,0,932.3795,2923.2168
1679,88,10.8949,83057.4506,260404.7721,14.0,2,0,0,943.8347,2959.1451
1680,88,10.8007,75264.8495,235972.3952,16.0,3,1,1,855.2824,2681.5045
1681,87,10.8089,77960.3445,244423.9015,18.0,2,0,1,896.0959,2809.4701
1682,87,10.8204,76988.0309,241375.112,21.0,3,0,0,884.9199,2774.4266
1683,87,10.8615,84547.7785,265077.0118,22.0,3,1,1,971.8135,3046.8622
1684,87,10.9485,74437.5163,233378.5175,24.0,2,0,0,855.6036,2682.5117
1685,87,11.2807,87892.2976,275563.2063,26.0,2,0,0,1010.2563,3167.3932
1686,88,11.2342,79237.9154,248429.0394,28.0,3,1,0,900.4309,2823.0573
1687,88,11.2914,83002.0728,260231.0229,30.0,2,0,0,943.2054,2957.1707
1688,88,11.4754,85100.5342,266810.1782,32.0,2,0,0,967.0515,3031.9338
1689,89,11.5789,93930.1116,294492.9048,34.0,3,1,0,1055.3945,3308.909
1690,89,11.62,67654.9301,212113.6567,36.0,2,0,0,760.1678,2383.2995
1691,88,11.5442,72533.4024,227408.456,0.0,0,0,1,824.2432,2584.187
1692,89,11.1608,58307.8036,182807.6099,1.0,2,1,0,655.1439,2054.0181
1693,89,11.1932,73297.2201,229802.8441,2.0,1,0,0,823.5643,2582.0544
1694,88,11.218,62318.0885,195381.176,4.0,2,0,1,708.1601,2220.2406
1695,89,10.9738,60736.5467,190422.0335,6.0,3,1,0,682.4331,2139.5734
1696,88,11.0905,75908.3528,237989.4661,9.0,3,0,1,862.5949,2704.4258
1697,88,11.0413,68601.5452,215081.2842,12.0,3,0,0,779.563,2444.1055
1698,89,10.7936,62859.2548,197077.6592,3.0,2,1,0,706.2838,2214.3557
1699,88,10.7148,75079.1786,235390.8227,0.0,0,0,1,853.1725,2674.8957
1700,86,10.6669,80022.2741,250887.9062,0.0,0,0,2,930.4916,2917.3012
1701,87,10.5973,66685.1133,209072.617,0.0,1,1,0,766.4956,2403.1335
1702,87,10.7418,77434.618,242774.9585,1.0,1,0,0,890.0531,2790.5168
1703,87,10.726,70812.5281,222013.4607,0.0,0,0,0,813.9371,2551.8789
1704,88,10.7152,78807.2303,247078.1455,0.0,1,1,0,895.5367,2807.7062
1705,88,10.7871,71073.0292,222829.6631,1.0,1,0,0,807.6481,2532.1553
1706,88,10.8715,75584.218,236973.8985,1.0,1,0,0,858.9116,2692.8852
1707,89,10.7544,66454.1899,208348.6127,2.0,2,1,0,746.6763,2340.9956
1708,89,10.5578,63403.2101,198782.7255,4.0,2,0,0,712.3956,2233.5138
1709,89,10.1439,56923.9949,178468.7622,7.0,3,0,0,639.5954,2005.267
1710,90,10.113,80462.8169,252268.1338,10.0,4,1,0,894.0313,2802.9793
1711,90,10.2686,77344.5893,242492.3428,13.0,3,0,0,859.3843,2694.3594
1712,90,10.1882,70467.0757,220929.1612,17.0,4,0,0,782.9675,2454.7685
1713,89,10.048,70701.798,221665.2272,22.0,6,1,2,794.4022,2490.6205
1714,89,10.2122,83493.1868,261769.2804,25.0,5,0,0,938.1257,2941.2279
1715,89,10.0879,67185.282,210640.1601,31.0,6,0,0,754.8908,2366.7434
1716,90,9.9795,70470.3484,220938.9941,39.0,9,1,0,783.0039,2454.8777
1717,90,10.1571,79569.0978,249465.8077,45.0,7,0,0,884.1011,2771.8423
1718,90,10.1912,77392.5575,242642.4048,49.0,6,0,0,859.9173,2696.0267
1719,91,10.0885,70757.2867,221838.6181,55.0,7,1,0,777.5526,2437.787
1720,91,10.1898,76381.1822,239470.8669,61.0,6,0,0,839.3537,2631.548
1721,91,10.2875,75913.8709,238006.0222,67.0,6,0,0,834.2184,2615.4508
1722,92,10.3674,83116.7715,260589.3546,49.0,5,1,0,903.4432,2832.493
1723,92,10.4258,75534.9712,236818.3239,54.0,5,0,0,821.0323,2574.1122
1724,91,10.6486,80295.4286,251744.1592,59.0,5,0,1,882.3673,2766.4193
1725,92,10.4548,62195.9596,194997.3227,64.0,6,1,0,676.043,2119.5361
1726,91,10.3993,70714.5663,221704.7833,69.0,5,0,1,777.0831,2436.3163
1727,91,10.2163,62125.5999,194776.1772,75.0,6,0,0,682.6989,2140.3976
1728,92,10.0354,67210.3633,210717.9241,59.0,7,1,0,730.5474,2290.4122
1729,92,10.1009,69422.6515,217654.1907,48.0,5,0,0,754.594,2365.8064
1730,92,10.2722,78546.0591,246258.9083,53.0,5,0,0,853.7615,2676.7273
1731,93,10.288,77391.6561,242639.7061,41.0,5,1,0,832.1683,2609.0291
1732,93,10.3588,79860.9251,250381.8162,35.0,3,0,0,858.7196,2692.2776
1733,92,10.505,81203.9207,254592.3809,38.0,3,0,1,882.6513,2767.3085
1734,92,10.5134,76179.9412,238840.4274,41.0,4,1,1,828.0428,2596.0916
1735,91,10.6107,79392.1623,248912.1182,17.0,2,0,1,872.4413,2735.298
1736,91,10.6346,74137.0421,232436.8785,20.0,3,0,0,814.6928,2554.2514
1737,92,10.7142,93055.366,291750.1806,24.0,5,1,0,1011.4714,3171.1976
1738,92,10.6762,71885.1538,225375.9262,4.0,2,0,0,781.3604,2449.7383
1739,92,10.7526,89937.4503,281974.4646,6.0,2,0,0,977.581,3064.9398
1740,92,10.6563,78983.3942,247630.6579,8.0,3,1,1,858.5152,2691.6376
1741,92,10.662,78413.1333,245843.1377,10.0,2,0,0,852.3167,2672.208
1742,92,10.8638,89806.3765,281563.5585,15.0,5,0,0,976.1563,3060.4735
1743,93,10.8862,83842.421,262865.2774,12.0,5,1,0,901.5314,2826.5084
1744,92,11.2612,97818.7569,306684.5943,16.0,4,0,1,1063.2474,3333.5282
1745,92,11.4593,84633.0659,265343.9114,20.0,4,0,0,919.9246,2884.173
1746,93,11.3943,80586.3463,252656.5389,5.0,2,1,0,866.5199,2716.737
1747,92,11.4104,68539.2987,214886.0853,6.0,1,0,1,744.9924,2335.7183
1748,92,11.2486,67214.8842,210733.7329,8.0,2,0,0,730.5966,2290.5841
1749,92,11.1501,75703.4908,237347.297,10.0,3,1,1,822.864,2579.8619
1750,92,11.1096,75047.3383,235290.0471,13.0,3,0,0,815.7319,2557.5005
1751,92,11.0472,77031.4793,241511.5231,14.0,2,0,0,837.2987,2625.1253
1752,92,10.9646,80769.8174,253231.7529,11.0,2,1,1,877.9328,2752.5191
1753,92,11.1766,96738.6055,303298.0208,14.0,3,0,0,1051.5066,3296.7176
1754,92,11.1571,77035.5464,241523.7797,13.0,1,0,0,837.3429,2625.2585
1755,93,10.9501,68377.9664,214380.3148,14.0,2,1,0,735.247,2305.1647
1756,92,10.9572,83616.9921,262158.4951,15.0,1,0,1,908.8803,2849.5489
1757,92,10.7377,70375.7494,220643.4752,17.0,2,0,0,764.9538,2398.2986
1758,93,10.4272,67028.5163,210148.3946,20.0,4,1,0,720.7367,2259.6602
1759,93,10.4158,74630.4741,233982.0807,23.0,3,0,0,802.4782,2515.9364
1760,93,10.4331,75653.0124,237188.8874,28.0,5,0,0,813.4733,2550.4181
1761,94,10.3134,80313.2118,251799.8616,31.0,5,1,0,854.3959,2678.7219
1762,94,10.443,89411.7066,280326.8743,29.0,3,0,0,951.1884,2982.2008
1763,93,10.7108,89830.1904,281638.3536,32.0,3,0,1,965.916,3028.3694
1764,93,10.7872,91131.5892,285718.645,37.0,6,1,1,979.9096,3072.2435
1765,91,10.8363,80576.2836,252625.0119,40.0,4,0,2,885.4537,2776.099
1766,91,10.907,83247.2992,260999.0301,45.0,5,0,0,914.8055,2868.1212
1767,91,10.757,61413.2224,192543.6188,50.0,6,1,1,674.8706,2115.8639
1768,91,10.8339,85962.0288,269510.4618,28.0,4,0,0,944.6377,2961.6534
1769,90,10.6715,66592.8852,208782.8747,32.0,4,0,1,739.9209,2319.8097
1770,90,10.613,85728.6832,268778.5726,13.0,4,1,1,952.5409,2986.4286
1771,90,10.6248,74371.8819,233172.0826,16.0,3,0,0,826.3542,2590.8009
1772,90,10.4199,71183.7942,223177.034,19.0,3,0,0,790.931,2479.7448
1773,91,10.2966,84313.0887,264340.86,23.0,5,1,0,926.5175,2904.8446
1774,91,10.3173,72149.4225,226203.8059,27.0,4,0,0,792.8508,2485.7561
1775,91,10.4795,80843.8409,253462.8993,32.0,5,0,0,888.3939,2785.3066
1776,91,10.526,84084.4985,263623.0032,38.0,7,1,1,924.0055,2896.9561
1777,91,10.684,83806.2252,262751.1858,46.0,8,0,0,920.9475,2887.3757
1778,91,10.9404,75401.4191,236399.9533,14.0,4,0,0,828.587,2597.8017
1779,92,11.0626,87052.0529,272927.757,11.0,4,1,0,946.218,2966.6061
1780,91,11.3338,77761.3986,243799.0578,4.0,1,0,1,854.5209,2679.1105
1781,91,11.5103,76954.4196,241269.0876,0.0,0,0,0,845.653,2651.3087
1782,92,11.4321,73210.5377,229530.87,0.0,1,1,0,795.7667,2494.9008
1783,91,11.4138,72567.0703,227514.415,0.0,0,0,1,797.4403,2500.1584
1784,91,11.4054,83157.9036,260719.4096,0.0,0,0,0,913.8231,2865.0485
1785,92,11.1841,76163.809,238791.3919,0.0,1,1,0,827.8675,2595.5586
1786,92,11.1567,76487.0512,239804.3751,0.0,0,0,0,831.381,2606.5693
1787,91,11.1465,70763.4384,221859.5207,0.0,0,0,1,777.6202,2438.0167
1788,92,11.0926,76169.1525,238807.8068,1.0,2,1,0,827.9256,2595.737
1789,92,11.0816,74484.9505,233527.8294,2.0,1,0,0,809.619,2538.346
1790,92,11.0061,69005.6627,216348.6757,3.0,1,0,0,750.0616,2351.616
1791,93,10.8237,90695.3791,284351.8393,4.0,2,1,0,975.2191,3057.5467
1792,93,10.643,66304.7757,207879.9332,5.0,1,0,0,712.9546,2235.2681
1793,93,10.5222,72687.4174,227891.4542,7.0,2,0,0,781.5851,2450.4457
1794,94,10.45,77258.4367,242222.6959,9.0,3,1,0,821.8983,2576.8372
1795,94,10.4229,71811.9806,225146.1384,11.0,2,0,0,763.9572,2395.1717
1796,94,10.5077,82933.1289,260014.2089,14.0,3,0,0,882.2673,2766.1086
1797,95,10.525,83424.8884,261555.13,17.0,4,1,0,878.1567,2753.2119
1798,95,10.3747,62622.775,196335.806,17.0,2,0,0,659.1871,2066.6927
1799,95,10.3451,74060.2109,232194.6667,20.0,3,0,0,779.5812,2444.1544
1800,96,10.29,81207.3793,254603.0471,15.0,3,1,0,845.9102,2652.1151
1801,96,10.3263,80774.7414,253246.8679,18.0,3,0,0,841.4036,2637.9882
1802,95,10.5355,89738.8937,281352.2225,21.0,3,0,1,944.6199,2961.6023
1803,95,10.6006,85842.295,269136.0767,24.0,4,1,1,903.6031,2833.0113
1804,95,10.6989,84865.5512,266072.8529,27.0,3,0,0,893.3216,2800.7669
1805,95,10.9162,90425.33,283504.3661,30.0,3,0,0,951.8456,2984.2565
1806,96,10.7981,79298.6451,248618.7956,33.0,4,1,0,826.0276,2589.7791
1807,95,10.8695,86624.3616,271586.3118,36.0,3,0,1,911.8354,2858.8033
1808,95,10.6366,64847.6468,203311.3724,29.0,2,0,0,682.6068,2140.1197
1809,96,10.4662,77550.7513,243139.0319,32.0,4,1,0,807.8203,2532.6982
1810,96,10.4504,86245.7029,270399.7907,12.0,2,0,0,898.3927,2816.6645
1811,96,10.4508,76461.5161,239723.9619,14.0,2,0,0,796.4741,2497.1246
1812,95,10.3799,80185.0175,251397.5197,12.0,2,1,2,844.0528,2646.2897
1813,95,10.4607,76535.5552,239955.2771,16.0,4,0,0,805.6374,2525.845
1814,95,10.417,71823.7356,225183.142,7.0,4,0,0,756.0393,2370.3489
1815,96,10.3455,79490.7091,249220.7264,8.0,4,1,0,828.0282,2596.0492
1816,96,10.4012,78648.4615,246579.9895,11.0,3,0,0,819.2548,2568.5416
1817,96,10.5082,83234.1829,260957.324,14.0,3,0,0,867.0227,2718.3055
1818,97,10.309,77439.3298,242790.0123,11.0,3,1,0,798.3436,2502.9898
1819,96,10.3295,89590.0809,280885.5128,13.0,2,0,1,933.23,2925.8908
1820,96,9.95,56317.611,176568.1108,15.0,2,0,0,586.6418,1839.2512
1821,97,9.6266,74994.4545,235123.5458,18.0,4,1,0,773.1387,2423.9541
1822,97,9.8066,91619.0707,287246.1829,23.0,5,0,0,944.5265,2961.3009
1823,97,10.0051,96766.0483,303383.25,26.0,5,0,0,997.5881,3127.6624
1824,97,9.9918,91207.1577,285954.4062,8.0,4,1,1,940.28,2947.9836
1825,97,10.0788,82436.4398,258456.8151,12.0,4,0,0,849.8602,2664.5032
1826,96,10.1002,76548.9635,239997.9013,9.0,2,0,1,797.385,2499.9781
1827,96,10.1762,89477.4431,280532.047,11.0,3,1,1,932.0567,2922.2088
1828,96,10.0775,75683.7763,237284.5964,13.0,2,0,0,788.3727,2471.7145
1829,95,10.0585,69962.6018,219348.0439,15.0,2,0,1,736.4484,2308.9268
1830,95,10.1442,87584.0001,274595.239,17.0,2,0,0,921.9368,2890.4762
1831,95,10.2573,77831.4719,244018.9494,21.0,4,0,0,819.2787,2568.6205
1832,96,10.2457,86363.8478,270770.2287,26.0,6,1,0,899.6234,2820.5232
1833,96,10.3781,92312.9805,289421.6997,30.0,6,1,1,961.5935,3014.8094
1834,95,10.2989,81966.6667,256983.6716,35.0,5,0,1,862.807,2705.0913
1835,94,10.2653,78493.3812,246093.457,38.0,5,0,1,835.036,2618.0155
1836,95,10.2964,78565.8459,246321.1828,17.0,3,1,0,827.0089,2592.8546
1837,95,10.3339,70555.9619,221206.9374,19.0,2,0,0,742.6943,2328.4941
1838,95,10.4852,83257.4946,261030.6693,21.0,2,0,0,876.3947,2747.6913
1839,96,10.4113,81998.5863,257084.2509,23.0,3,1,0,854.1519,2677.9609
1840,96,10.3031,68653.1071,215241.9106,25.0,2,0,0,715.1365,2242.1032
1841,96,10.4175,86741.9772,271954.957,27.0,2,0,0,903.5623,2832.8641
1842,96,10.3213,76149.5667,238745.2412,10.0,4,1,1,793.2247,2486.9296
1843,96,10.4168,83246.8405,260997.9249,4.0,2,0,0,867.1546,2718.7284
1844,96,10.5489,87585.781,274601.0882,0.0,0,0,0,912.3519,2860.428
1845,97,10.2836,71375.7857,223779.3612,0.0,1,1,0,735.8328,2307.0037
1846,97,10.4731,87436.7313,274133.935,0.0,0,0,0,901.4096,2826.123
1847,96,10.5647,80889.3898,253607.0605,1.0,1,0,1,842.5978,2641.7402
1848,97,10.5883,87647.5373,274794.5768,2.0,2,1,0,903.5829,2832.9338
1849,95,10.5461,83204.3796,260864.9055,3.0,1,0,2,875.8356,2745.9464
1850,94,10.693,84236.5591,264100.896,4.0,1,0,1,896.1336,2809.584
1851,94,10.5007,72421.4269,227057.6358,5.0,2,1,1,770.4407,2415.5068
1852,94,10.4678,72090.1411,226018.5455,6.0,1,0,0,766.9164,2404.4526
1853,93,10.638,86136.3272,270057.874,8.0,2,0,1,926.1971,2903.8481
1854,94,10.6239,84102.8451,263681.3854,10.0,3,1,0,894.7111,2805.1211
1855,93,10.6253,71627.1002,224565.7768,3.0,1,0,1,770.1839,2414.6858
1856,93,10.4797,67709.0404,212282.3797,5.0,2,0,0,728.0542,2282.6062
1857,94,10.2421,71047.8108,222750.2585,7.0,3,1,0,755.8278,2369.6836
1858,94,10.2025,74743.528,234337.0783,6.0,1,0,0,795.1439,2492.9476
1859,94,10.3043,72292.627,226652.4153,9.0,3,0,0,769.0705,2411.1959
1860,93,10.2661,68507.7968,214786.9969,10.0,3,1,2,736.643,2309.5376
1861,93,10.2783,69136.1109,216756.3594,12.0,2,0,0,743.399,2330.7135
1862,92,10.0909,64868.3452,203376.5794,14.0,2,0,1,705.0907,2210.615
1863,92,10.155,88363.9687,277040.1533,18.0,5,1,1,960.4779,3011.306
1864,90,10.5633,85952.2662,269479.4978,20.0,3,0,2,955.0252,2994.2166
1865,90,10.6375,79444.1248,249075.9497,23.0,3,0,0,882.7125,2767.5106
1866,90,10.7973,87704.6541,274974.9692,26.0,4,1,1,974.4962,3055.2774
1867,88,10.7324,72622.5114,227687.7496,29.0,3,0,2,825.2558,2587.3608
1868,88,10.4961,64303.3585,201604.7692,33.0,4,0,0,730.72,2290.9633
1869,89,10.4028,70820.1032,222035.5716,37.0,5,1,0,795.7315,2494.7817
1870,87,10.5979,72492.7016,227280.2652,41.0,4,0,2,833.2494,2612.4168
1871,87,10.6982,74932.9938,234931.5667,45.0,4,0,0,861.2988,2700.3628
1872,88,10.7365,80081.7063,251073.8617,49.0,5,1,0,910.0194,2853.1121
1873,87,10.8875,70217.1131,220145.5769,32.0,3,0,1,807.0933,2530.4089
1874,86,10.8603,66823.2831,209505.9596,8.0,2,0,1,777.0149,2436.1158
1875,87,10.7956,75642.5389,237156.756,2.0,2,1,0,869.4545,2725.9397
1876,87,10.8985,81305.4051,254911.1163,3.0,1,0,0,934.5449,2930.0128
1877,85,11.198,84727.0447,265639.6928,4.0,1,0,2,996.7888,3125.1729
1878,86,11.2199,77712.9417,243648.145,6.0,3,1,0,903.6389,2833.118
1879,84,11.3732,67588.5535,211904.921,6.0,1,0,2,804.6256,2522.6776
1880,83,11.5831,70411.5244,220756.6061,8.0,2,0,1,848.3316,2659.7181
1881,84,11.4981,67211.1211,210721.8426,8.0,2,1,0,800.1324,2508.5934
1882,83,11.5086,69417.2825,217638.9041,9.0,1,0,1,836.3528,2622.1555
1883,82,11.7562,84562.5411,265123.8909,10.0,1,0,1,1031.2505,3233.2182
1884,83,11.7447,71849.4018,225264.1752,12.0,3,1,0,865.6554,2714.0262
1885,83,11.8685,70843.7917,222111.8246,0.0,0,0,0,853.5397,2676.0461
1886,83,11.9005,68327.771,214223.1879,0.0,0,0,0,823.2262,2581.0023
1887,84,11.7202,67379.6787,211250.7294,0.0,1,1,0,802.139,2514.8896
1888,84,11.6214,61172.8466,191790.3112,0.0,0,0,0,728.2482,2283.218
1889,84,11.3288,61177.9753,191806.3102,1.0,1,0,0,728.3092,2283.4085
1890,84,11.2318,70033.6656,219571.109,3.0,3,1,1,833.7341,2613.9418
1891,84,11.2964,76178.8364,238838.5267,2.0,1,0,0,906.8909,2843.3158
1892,84,11.3448,69042.5492,216464.0232,4.0,2,0,0,821.9351,2576.9527
1893,85,11.3765,80745.4545,253155.771,7.0,4,1,0,949.9465,2978.3032
1894,84,11.3723,66485.9368,208448.5177,10.0,3,0,1,791.4992,2481.53
1895,83,11.4239,74650.4488,234046.1228,14.0,4,0,1,899.403,2819.8328
1896,83,11.4292,74026.8287,232090.4414,18.0,5,1,1,891.8895,2796.2704
1897,82,11.4216,67902.3401,212889.4308,22.0,4,0,1,828.0773,2596.2126
1898,81,11.2284,69322.4574,217341.8677,26.0,4,0,1,855.8328,2683.2329
1899,82,10.9024,60417.2432,189421.2412,30.0,5,1,0,736.7956,2310.0151
1900,82,10.901,66107.7797,207261.6032,35.0,5,0,0,806.1924,2527.5805
1901,82,10.9029,63933.2967,200444.1004,42.0,7,0,0,779.6743,2444.4402
1902,83,10.8506,67227.5453,210772.8719,49.0,8,1,0,809.9704,2539.4322
1903,83,10.8366,67253.7449,210855.0545,56.0,7,0,0,810.2861,2540.4223
1904,83,10.5588,62874.3313,197124.63,64.0,8,0,0,757.5221,2374.9955
1905,84,10.2441,64355.4102,201767.551,45.0,7,1,0,766.1358,2401.9947
1906,84,10.2519,70509.0772,221061.1986,35.0,5,0,0,839.3938,2631.6809
1907,84,10.3076,72853.6618,228411.7369,40.0,5,0,0,867.3055,2719.1873
1908,85,10.0585,56108.5538,175911.4163,45.0,6,1,0,660.1006,2069.5461
1909,85,10.18,70007.7139,219489.0183,22.0,3,0,0,823.6202,2582.2237
1910,85,10.4987,85754.8328,268860.7099,25.0,3,0,0,1008.8804,3163.0672
1911,86,10.4841,73080.8904,229124.599,29.0,5,1,0,849.7778,2664.2395
1912,84,10.5429,75217.7711,235824.449,33.0,4,0,2,895.4497,2807.4339
1913,83,10.6229,68462.4602,214645.1888,37.0,4,0,1,824.8489,2586.0866
1914,84,10.6184,79824.2006,250266.7337,41.0,5,1,0,950.2881,2979.3659
1915,84,10.4813,63894.9186,200324.8504,35.0,3,0,0,760.6538,2384.8196
1916,83,10.6106,74575.102,233809.3862,38.0,3,0,1,898.4952,2816.9806
1917,84,10.6817,76998.5155,241408.0674,24.0,3,1,0,916.649,2873.9056
1918,84,10.918,72238.5833,226484.3575,26.0,2,0,0,859.9831,2696.2424
1919,84,11.2098,78852.2933,247220.3551,19.0,1,0,0,938.7178,2943.0995
1920,85,11.2888,76046.7,238424.0272,20.0,2,1,0,894.6671,2804.9886
1921,84,11.3249,74296.3042,232936.3847,21.0,1,0,1,884.4798,2773.0522
1922,82,11.1745,67514.1212,211672.2075,22.0,1,0,2,823.3429,2581.3684
1923,82,11.0183,72498.1203,227299.007,24.0,3,1,1,884.1234,2771.9391
1924,82,10.9796,63795.4457,200012.4582,26.0,2,0,0,777.9932,2439.1763
1925,82,10.9953,60412.3146,189406.045,3.0,1,0,0,736.7355,2309.8298
1926,83,10.9165,75356.9797,236260.6064,4.0,2,1,0,907.9154,2846.5133
1927,83,11.0544,73394.5589,230108.707,7.0,3,0,0,884.2718,2772.3941
1928,83,11.1559,72799.3859,228242.862,8.0,2,0,0,877.101,2749.914
1929,84,11.1605,74828.4175,234604.1196,10.0,3,1,0,890.8145,2792.9062
1930,84,11.1321,72370.2936,226897.1017,12.0,2,0,0,861.5511,2701.156
1931,84,11.1342,69273.2501,217187.3465,14.0,2,0,0,824.6815,2585.5636
1932,84,11.0828,70677.7055,221590.4753,16.0,3,1,1,841.4013,2637.9818
1933,83,11.2885,73375.0627,230047.3822,8.0,2,0,1,884.0369,2771.6552
1934,83,11.348,67134.8521,210482.6172,10.0,2,0,0,808.8536,2535.9351
1935,83,11.3953,74410.5835,233294.4078,12.0,3,1,1,896.5131,2810.776
1936,83,11.4095,66550.7089,208650.9635,14.0,2,0,0,801.8158,2513.867
1937,83,11.1595,57599.5171,180587.3645,16.0,2,0,0,693.9701,2175.7514
1938,84,10.8692,64783.6523,203110.918,18.0,3,1,0,771.234,2417.9871
1939,83,10.7933,64862.7542,203359.0829,21.0,3,0,1,781.479,2450.1094
1940,83,10.8924,72342.8896,226811.0589,25.0,4,0,0,871.6011,2732.6634
1941,83,10.899,67156.2039,210549.2006,26.0,4,1,1,809.1109,2536.7374
1942,83,11.0423,81376.8343,255134.9112,29.0,3,0,0,980.4438,3073.9146
1943,83,11.0087,71414.988,223902.4665,11.0,1,0,0,860.4215,2697.6201
1944,84,11.1069,80576.0456,252624.9528,12.0,2,1,0,959.2386,3007.4399
1945,84,11.2877,71619.3442,224542.9907,13.0,1,0,0,852.6112,2673.1308
1946,83,11.694,87750.3191,275117.6948,14.0,1,0,1,1057.2328,3314.671
1947,84,11.4489,55239.3898,173188.089,15.0,2,1,0,657.6118,2061.763
1948,84,11.5666,77135.4369,241836.7384,16.0,1,0,0,918.279,2879.0088
1949,83,11.6326,65553.3784,205525.3351,0.0,0,0,1,789.7997,2476.2089
1950,84,11.4259,64646.5156,202681.2466,0.0,1,1,0,769.6014,2412.872
1951,84,11.558,73552.7049,230605.2011,0.0,0,0,0,875.6274,2745.3
1952,84,11.4713,64104.794,200983.4455,0.0,0,0,0,763.1523,2392.6601
1953,85,11.2793,65626.822,205755.2874,0.0,1,1,0,772.0803,2420.6504
1954,84,11.5217,80199.2996,251443.7538,1.0,1,0,1,954.7536,2993.378
1955,84,11.6345,71671.8288,224707.6109,3.0,2,0,0,853.2361,2675.0906
1956,85,11.4649,65279.4368,204665.2334,5.0,3,1,0,767.9934,2407.8263
1957,84,11.5325,78297.4999,245480.6038,7.0,2,0,1,932.1131,2922.3881
1958,83,11.3674,73069.2828,229089.3304,4.0,1,0,1,880.3528,2760.1124
1959,84,11.0592,60070.1721,188333.6146,5.0,2,1,0,715.1211,2242.0668
1960,84,11.0797,69662.046,218406.719,7.0,2,0,0,829.3101,2600.08
1961,84,10.8871,56022.0341,175641.4295,8.0,2,0,0,666.929,2090.9694
1962,83,10.9834,68846.9209,215850.9052,8.0,1,0,1,829.481,2600.6133
1963,84,11.0554,82082.1639,257346.0707,9.0,2,1,0,977.1686,3063.6437
1964,84,11.1118,72099.3956,226048.6027,10.0,1,0,0,858.3261,2691.0548
1965,85,11.1675,79711.6175,249914.4909,0.0,1,1,0,937.7837,2940.1705
1966,85,11.2338,79137.3852,248114.4737,1.0,1,0,0,931.0281,2918.9938
1967,85,11.179,68742.2035,215523.0191,2.0,1,0,0,808.7318,2535.5649
1968,86,11.1647,80774.0305,253245.4087,3.0,2,1,0,939.2329,2944.7141
1969,86,11.3614,77111.37,241761.6764,4.0,1,0,0,896.6438,2811.1823
1970,86,11.5298,73256.1556,229674.9016,5.0,1,0,0,851.8158,2670.6384
1971,87,11.5741,81497.9849,255514.9884,7.0,3,1,0,936.7584,2936.9539
1972,86,11.599,65760.8759,206174.6383,9.0,2,0,1,764.6613,2397.3795
1973,86,11.7484,74769.2939,234418.9588,3.0,1,0,0,869.4104,2725.8018
1974,87,11.6017,64244.7654,201422.0014,0.0,1,1,0,738.4456,2315.1954
1975,86,11.5948,69844.9246,218980.3402,0.0,0,0,1,812.1503,2546.283
1976,86,11.4565,58431.57,183195.9644,1.0,1,0,0,679.4369,2130.1856
1977,87,11.286,67506.4532,211647.6407,2.0,2,1,0,775.9362,2432.7315
1978,87,11.1389,66717.1437,209172.9873,4.0,2,0,0,766.8637,2404.2872
1979,86,11.1996,77764.049,243807.9064,6.0,2,0,1,904.2331,2834.9757
1980,86,11.0177,60871.5579,190845.2115,8.0,3,1,1,707.8088,2219.1304
1981,86,11.2614,81321.2629,254960.4864,11.0,3,0,0,945.5961,2964.6568
1982,85,11.3525,70799.9448,221973.8249,9.0,2,0,1,832.9405,2611.4568
1983,86,11.2989,72038.7376,225857.6335,11.0,3,1,0,837.6597,2626.2516
1984,86,11.3129,64950.6614,203634.6081,13.0,2,0,0,755.2402,2367.8443
1985,86,11.3184,71279.6776,223478.0733,10.0,1,0,0,828.8335,2598.5822
1986,87,11.1369,72198.5961,226359.2159,11.0,2,1,0,829.8689,2601.8301
1987,87,11.0409,68192.5629,213799.0681,13.0,2,0,0,783.8226,2457.4606
1988,87,10.9943,70337.7071,220524.4763,15.0,2,0,0,808.4794,2534.7641
1989,88,10.8788,75254.6891,235940.4121,3.0,2,1,0,855.1669,2681.141
1990,88,11.0588,73347.314,229959.8373,1.0,1,0,0,833.4922,2613.18
1991,88,10.9815,73911.6938,231730.3556,2.0,1,0,0,839.9056,2633.2995
1992,89,10.7449,72565.6344,227509.4246,3.0,2,1,0,815.3442,2556.2857
1993,89,10.6609,64535.289,202331.7703,6.0,3,0,0,725.1156,2273.3907
1994,88,10.8518,81435.9218,255320.3513,10.0,4,0,1,925.4082,2901.3676
1995,89,10.5996,71979.8824,225672.8638,14.0,5,1,0,808.7627,2535.6502
1996,87,10.7732,83335.8534,261276.7191,15.0,4,0,2,957.8834,3003.1807
1997,87,10.6989,66890.8581,209717.521,19.0,4,0,0,768.8604,2410.5462
1998,88,10.7473,81045.0786,254094.7254,14.0,4,1,0,920.9668,2887.4401
1999,88,10.6945,61190.8236,191845.9696,10.0,2,0,0,695.3503,2180.0678
2000,88,10.7535,76704.345,240485.088,7.0,1,0,0,871.6403,2732.7851
2001,88,10.7986,83420.4348,261542.7737,8.0,2,1,1,947.9595,2972.077
2002,88,11.0197,86333.0812,270674.635,10.0,2,0,0,981.0577,3075.8481
2003,87,11.0516,82207.2508,257739.2928,13.0,3,0,1,944.9109,2962.5206
2004,86,10.941,75930.8006,238060.1578,16.0,4,1,2,882.9163,2768.1414
2005,86,11.0616,78982.0522,247626.7927,20.0,4,0,0,918.396,2879.3813
2006,86,11.1181,72327.9763,226764.5498,20.0,3,0,0,841.023,2636.7971
2007,87,10.8693,64191.8134,201255.4299,24.0,5,1,0,737.8369,2313.2808
2008,87,10.8618,70226.9666,220177.1187,28.0,4,0,0,807.2065,2530.7715
2009,87,10.8503,68806.1823,215722.6332,25.0,4,0,0,790.8757,2479.5705
2010,87,10.9693,84547.8662,265076.3998,27.0,4,1,1,971.8146,3046.8552
2011,84,11.2424,74775.5428,234437.9311,12.0,2,0,3,890.185,2790.9278
2012,84,11.5217,83239.6326,260975.7264,14.0,2,0,0,990.948,3106.8539
2013,85,11.44,76872.2638,241012.3784,16.0,3,1,0,904.3796,2835.4397
2014,85,11.5728,74881.6477,234771.4711,10.0,1,0,0,880.9606,2762.0173
2015,84,11.5826,66793.6606,209413.2592,12.0,2,0,1,795.1626,2493.015
2016,85,11.5245,81336.8449,255010.7215,14.0,3,1,0,956.9041,3000.1261
2017,85,11.4706,58648.2395,183874.8429,16.0,2,0,0,689.9793,2163.2334
2018,85,11.7406,77366.327,242560.7549,18.0,2,0,0,910.1921,2853.6559
2019,86,11.7394,76436.9984,239647.8356,20.0,3,1,0,888.8023,2786.6027
2020,85,11.6933,65933.8652,206717.1042,22.0,2,0,1,775.6925,2431.9659
2021,85,11.6838,71114.3543,222960.2084,24.0,2,0,0,836.6395,2623.0613
2022,86,11.4392,74488.6931,233539.5144,18.0,2,1,0,866.1476,2715.5757
2023,85,11.3504,66639.1033,208928.7217,19.0,1,0,1,783.9895,2457.985
2024,85,11.3157,69611.7971,218248.791,20.0,1,0,0,818.9623,2567.6328
2025,85,11.2812,76202.0372,238911.3939,0.0,1,1,1,896.4946,2810.7223
2026,84,11.3829,82300.449,258031.6297,0.0,0,0,1,979.7672,3071.8051
2027,84,11.6697,92531.5388,290109.4501,0.0,0,0,0,1101.5659,3453.6839
2028,85,11.6517,82224.5216,257793.8339,0.0,1,1,0,967.3473,3032.8686
2029,84,11.822,84458.7276,264798.3545,1.0,1,0,1,1005.461,3152.3614
2030,83,12.1585,83945.187,263188.4052,1.0,1,0,1,1011.3878,3170.9446
2031,83,11.8384,68301.9756,214143.0872,2.0,2,1,1,822.9154,2580.0372
2032,83,11.8215,75554.1978,236879.9874,3.0,1,0,0,910.2915,2853.9758
2033,83,11.8229,79395.7831,248925.1197,4.0,1,0,0,956.5757,2999.0978
2034,84,11.8024,77373.6431,242584.6461,5.0,2,1,0,921.1148,2887.9125
2035,82,11.7636,67509.2412,211657.0795,6.0,1,0,2,823.2834,2581.1839
2036,82,11.7829,69128.5868,216733.966,7.0,1,0,0,843.0315,2643.0971
2037,83,11.7541,70335.6406,220517.602,9.0,3,1,0,847.4174,2656.8386
2038,83,11.834,67619.8608,212003.4949,2.0,1,0,0,814.6971,2554.259
2039,83,11.8528,67171.3904,210598.3149,3.0,1,0,0,809.2939,2537.3291
2040,83,11.667,75533.7247,236815.4193,4.0,2,1,1,910.0449,2853.1978
2041,83,11.617,73855.8965,231555.5784,0.0,0,0,0,889.8301,2789.8262
2042,83,11.4913,59081.0154,185232.0811,1.0,1,0,0,711.8195,2231.7118
2043,84,11.3098,71224.5904,223306.0085,3.0,3,1,0,847.9118,2658.4049
2044,84,11.1814,62684.5805,196530.1155,5.0,2,0,0,746.245,2339.6442
2045,84,11.1164,71155.0326,223087.0039,7.0,2,0,0,847.0837,2655.7977
2046,85,10.8522,68351.3476,214297.0854,10.0,4,1,0,804.1335,2521.1422
2047,84,10.6906,65860.5828,206487.4017,13.0,3,0,1,784.0546,2458.1834
2048,84,10.5984,72145.2735,226192.1105,17.0,4,0,0,858.8723,2692.7632
2049,84,10.5867,72609.6525,227647.1592,19.0,4,1,1,864.4006,2710.0852
2050,84,10.7236,72019.4282,225796.7644,22.0,3,0,0,857.3741,2688.0567
2051,84,10.7988,69976.1264,219391.0184,26.0,4,0,0,833.0491,2611.7978
2052,85,10.6659,79831.6575,250290.0341,31.0,6,1,0,939.196,2944.5886
2053,85,10.7223,72795.1975,228229.2963,36.0,5,0,0,856.4141,2685.0505
2054,85,10.8812,67511.5179,211663.4058,41.0,5,0,0,794.2532,2490.1577
2055,85,10.8447,70464.704,220922.4616,37.0,6,1,1,828.9965,2599.0878
2056,85,11.1232,83079.1053,260472.2791,42.0,5,0,0,977.4012,3064.3798
2057,85,11.2112,72173.3103,226279.8645,3.0,1,0,0,849.0978,2662.1161
2058,85,11.1182,67859.6577,212755.4649,4.0,2,1,1,798.3489,2503.0055
2059,85,11.1171,65092.046,204077.9703,6.0,2,0,0,765.7888,2400.9173
2060,85,11.1972,71497.2039,224159.9639,8.0,2,0,0,841.1436,2637.176
2061,86,11.0117,65229.6843,204509.3895,10.0,3,1,0,758.4847,2378.0162
2062,86,11.1377,80157.1385,251310.992,13.0,3,0,0,932.0598,2922.2208
2063,85,11.1349,74729.9483,234295.8942,17.0,4,0,1,879.1759,2756.4223
2064,86,11.1116,73754.8339,231238.1732,18.0,4,1,0,857.6143,2688.816
2065,86,11.1598,77397.3864,242658.7756,10.0,2,0,0,899.9696,2821.6137
2066,86,11.2765,76918.7067,241157.9628,12.0,2,0,0,894.4036,2804.1624
2067,87,11.1411,68719.2919,215449.9853,14.0,3,1,0,789.8769,2476.4366
2068,87,11.4344,88490.9153,277439.7129,16.0,2,0,0,1017.137,3188.9622
2069,87,11.3882,67022.5625,210130.7313,18.0,2,0,0,770.3743,2415.2958
2070,88,11.0486,66809.0325,209460.8895,21.0,4,1,0,759.1936,2380.2374
2071,88,10.8498,59401.6119,186236.8042,24.0,3,0,0,675.0183,2116.3273
2072,88,10.8183,74719.0143,234260.7339,27.0,3,0,0,849.0797,2662.0538
2073,88,10.7695,72178.5723,226296.2517,4.0,2,1,1,820.211,2571.5483
2074,87,10.9682,78015.2997,244595.3608,5.0,1,0,1,896.7276,2811.4409
2075,87,11.0683,78040.1305,244673.7143,6.0,1,0,0,897.013,2812.3415
2076,87,11.056,73172.4833,229412.8521,7.0,1,0,0,841.063,2636.9293
2077,87,10.919,66324.8037,207943.5556,8.0,1,0,0,762.3541,2390.1558
2078,87,10.9864,75165.7309,235662.4187,9.0,1,0,0,863.9739,2708.7634
2079,89,10.9054,86155.9617,270118.8825,10.0,3,2,0,968.0445,3035.0436
2080,89,11.0852,81770.1993,256368.4875,11.0,1,0,0,918.7663,2880.5448
2081,88,11.2409,75796.0706,237638.3368,12.0,1,0,1,861.319,2700.4356
2082,89,11.4202,85890.4515,269286.7533,0.0,1,1,0,965.0613,3025.6939
2083,89,11.5613,82448.0747,258494.1978,0.0,0,0,0,926.3829,2904.4292
2084,89,11.6131,74575.6026,233812.0542,0.0,0,0,0,837.9281,2627.1017
2085,88,11.4088,69025.1317,216409.6842,0.0,1,1,2,784.3765,2459.201
2086,88,11.1902,62359.1222,195509.1822,0.0,0,0,0,708.6264,2221.6953
2087,88,10.9235,66411.5955,208215.3972,1.0,1,0,0,754.6772,2366.0841
2088,89,10.5309,69101.8306,216649.5075,2.0,2,1,0,776.4251,2434.2641
2089,88,10.5643,71787.7954,225070.552,4.0,2,0,1,815.7704,2557.6199
2090,87,10.4677,74215.6734,232682.6561,7.0,3,0,1,853.0537,2674.5133
2091,88,10.2497,67422.9076,211385.4953,5.0,2,1,0,766.1694,2402.1079
2092,88,10.4334,78054.1531,244717.5888,7.0,2,0,0,886.979,2780.8817
2093,87,10.6065,77946.1314,244378.8541,9.0,2,0,1,895.9325,2808.9523
2094,88,10.6849,88457.3509,277334.3489,11.0,3,1,0,1005.1972,3151.5267
2095,87,10.7902,76693.51,240451.4292,13.0,2,0,1,881.5346,2763.8095
2096,87,10.7953,74049.0109,232160.7201,15.0,2,0,0,851.1381,2668.514
2097,88,10.7928,83525.9123,261873.0347,18.0,4,1,0,949.1581,2975.8299
2098,88,10.6265,67910.8342,212915.2503,20.0,3,0,0,771.714,2419.4915
2099,88,10.7052,86122.202,270013.7797,23.0,3,0,0,978.6614,3068.3384
2100,88,10.5909,76471.3367,239754.4805,27.0,5,1,1,868.9925,2724.4827
2101,88,10.2982,63590.7163,199370.3531,31.0,4,0,0,722.6218,2265.5722
2102,88,10.6652,91730.082,287594.6948,32.0,3,0,0,1042.3873,3268.1215
2103,88,10.6144,70716.4123,221711.371,35.0,4,1,1,803.5956,2519.4474
2104,88,10.7534,73813.4228,231421.792,20.0,2,0,0,838.7889,2629.7931
2105,88,10.8498,71717.2834,224850.0847,8.0,1,0,0,814.9691,2555.1146
2106,89,10.9767,82762.8418,259480.1793,9.0,2,1,0,929.9196,2915.5076
2107,89,11.2813,91609.635,287218.5746,10.0,1,0,0,1029.3217,3227.175
2108,89,11.3437,82801.7442,259603.5395,11.0,1,0,0,930.3567,2916.8937
2109,90,11.1159,81114.3938,254313.1641,12.0,2,1,0,901.271,2825.7018
2110,90,11.1816,84583.5442,265189.7057,13.0,1,0,0,939.8172,2946.5523
2111,90,11.0937,78255.4794,245349.4873,14.0,1,0,0,869.5053,2726.1054
2112,91,11.0428,77353.5454,242520.7576,16.0,3,1,0,850.039,2665.0633
2113,91,11.165,82516.5345,258708.6189,0.0,0,0,0,906.7751,2842.9519
2114,91,11.2852,85069.6039,266713.4494,1.0,1,0,0,934.8308,2930.917
2115,92,11.3597,91295.8966,286234.2763,0.0,1,1,0,992.3467,3111.2421
2116,92,11.4464,89220.0827,279726.0253,1.0,1,0,0,969.7835,3040.5003
2117,90,11.6052,82689.365,259251.0213,2.0,1,0,2,918.7707,2880.5669
2118,91,11.5485,87048.0959,272916.7226,0.0,1,1,0,956.5725,2999.0849
2119,90,11.5818,81663.1238,256033.2272,0.0,0,0,1,907.368,2844.8136
2120,90,11.8669,92436.3082,289809.696,0.0,0,0,0,1027.0701,3220.1077
2121,88,11.7084,69318.1673,217328.5061,1.0,2,1,3,787.7064,2469.6421
2122,88,11.6339,66450.9182,208338.9039,2.0,1,0,0,755.1241,2367.4875
2123,88,11.5405,71983.8164,225686.1335,3.0,1,0,0,817.9979,2564.6152
2124,89,11.3228,79288.3093,248586.9365,0.0,1,1,0,890.8799,2793.1116
2125,88,11.0516,64919.7417,203538.0421,0.0,0,0,1,737.7243,2312.9323
2126,87,11.1415,76607.1001,240180.1644,1.0,1,0,1,880.5414,2760.6915
2127,88,10.9866,71598.3221,224476.3838,3.0,3,1,0,813.6173,2550.868
2128,88,10.9331,69552.1367,218061.4377,5.0,2,0,0,790.3652,2477.9709
2129,87,11.0389,75048.9744,235295.9357,9.0,4,0,1,862.6319,2704.551
2130,88,11.0181,83104.5271,260551.4027,13.0,5,1,0,944.3696,2960.8114
2131,87,11.1853,80266.5744,251653.934,17.0,4,0,1,922.6043,2892.574
2132,87,11.1763,74698.5305,234197.2919,21.0,4,0,0,858.6038,2691.9229
2133,88,11.1033,83897.5151,263037.8312,26.0,6,1,0,953.3809,2989.0663
2134,88,11.0034,61963.3781,194268.0775,31.0,5,0,0,704.1293,2207.5918
2135,88,11.0583,70850.866,222133.2447,36.0,5,0,0,805.1235,2524.2414
2136,87,10.8554,74152.9771,232486.0528,41.0,6,1,2,852.3331,2672.2535
2137,87,10.8129,82053.7357,257257.4974,42.0,5,0,0,943.1464,2956.9827
2138,86,10.6938,69554.4374,218068.7657,34.0,4,0,1,808.7725,2535.6833
2139,87,10.7275,71046.6518,222746.8737,37.0,6,1,0,816.6282,2560.3089
2140,87,10.7912,79772.4873,250104.4317,42.0,5,0,0,916.9251,2874.7636
2141,86,10.8696,71608.0615,224506.8179,47.0,5,0,1,832.6519,2610.5444
2142,86,10.9848,91705.7933,287518.9462,53.0,7,1,1,1066.3464,3343.2436
2143,86,10.9387,69569.2694,218115.2575,59.0,6,0,0,808.945,2536.2239
2144,86,10.923,78014.5937,244593.535,65.0,6,0,0,907.1464,2844.1109
2145,86,11.0789,76416.632,239582.6367,36.0,5,0,0,888.5655,2785.8446
2146,86,11.1183,70715.4413,221708.5784,28.0,3,0,0,822.2726,2578.0067
2147,87,11.281,84654.5591,265411.207,10.0,3,1,0,973.0409,3050.7035
2148,88,11.1443,68179.2053,213757.4291,2.0,2,1,0,774.7637,2429.0617
2149,88,11.0683,65719.5556,206045.2916,3.0,1,0,0,746.8131,2341.4238
2150,88,10.9735,74805.0021,234530.9608,4.0,1,0,0,850.0568,2665.1246
2151,89,10.7701,65821.0144,206363.094,6.0,3,1,0,739.562,2318.6864
2152,88,11.0457,91995.9771,288428.7281,9.0,3,0,1,1045.4088,3277.5992
2153,87,11.2686,81820.9998,256527.5838,13.0,4,0,1,940.4713,2948.5929
2154,88,11.3703,86098.2349,269938.3084,17.0,5,1,0,978.389,3067.4808
2155,87,11.4592,80868.7812,253542.5178,21.0,4,0,1,929.5262,2914.2818
2156,87,11.5946,77875.5469,244157.658,21.0,3,0,0,895.1212,2806.4099
2157,88,11.4733,73416.7374,230177.6221,13.0,3,1,0,834.2811,2615.6548
2158,88,11.3955,73361.23,230004.131,15.0,2,0,0,833.6503,2613.6833
2159,88,11.3552,74906.0242,234847.222,18.0,3,0,0,851.2048,2668.7184
2160,89,11.2149,78892.0227,247344.514,21.0,4,1,0,886.4272,2779.1518
2161,88,10.9586,53356.764,167285.0131,3.0,1,0,1,606.3269,1900.9661
2162,87,10.9116,72024.4758,225812.5443,4.0,1,0,1,827.8675,2595.5465
2163,88,10.8331,85582.8442,268321.9765,5.0,2,1,0,972.5323,3049.1134
2164,87,10.977,79049.7429,247838.8286,8.0,3,0,1,908.6177,2848.7222
2165,87,11.2069,90934.0792,285100.382,11.0,3,0,0,1045.2193,3277.0159
2166,88,11.1172,80419.1164,252132.6252,14.0,4,1,0,913.8536,2865.1435
2167,88,11.0517,78621.4242,246496.3259,18.0,4,0,0,893.4253,2801.0946
2168,88,11.132,80332.2939,251860.0086,18.0,4,0,0,912.867,2862.0456
2169,89,11.0263,72115.9667,226099.143,21.0,5,1,0,810.2918,2540.4398
2170,89,11.0264,73746.9179,231213.7591,6.0,2,0,0,828.6171,2597.9074
2171,89,10.9747,80461.6138,252265.7425,8.0,2,0,0,904.0631,2834.4465
2172,89,10.9879,84379.1498,264547.673,10.0,3,1,1,948.0803,2972.4458
2173,89,11.195,80962.2766,253835.1287,12.0,2,0,0,909.6885,2852.0801
2174,89,11.3227,82296.5781,258018.7597,16.0,4,0,0,924.6807,2899.0872
2175,88,11.1306,64929.6165,203568.9822,20.0,5,1,2,737.8366,2313.2839
2176,87,11.1134,75073.9546,235374.0166,16.0,3,0,1,862.919,2705.4485
2177,86,11.1384,75949.2583,238118.0868,4.0,1,0,1,883.1309,2768.815
2178,85,11.2091,73547.6265,230588.4518,6.0,3,1,2,865.2662,2712.8053
2179,85,11.1814,65362.3635,204925.287,8.0,3,0,0,768.969,2410.8857
2180,85,11.3016,76116.8056,238643.6987,12.0,4,0,0,895.4918,2807.5729
2181,86,11.2005,67572.553,211854.698,5.0,3,1,0,785.7274,2463.4267
2182,86,11.3784,76133.897,238696.5473,9.0,4,0,0,885.2779,2775.5412
2183,86,11.3412,68629.5533,215168.7983,14.0,5,0,0,798.0181,2501.9628
2184,86,11.1267,70892.6556,222264.3387,16.0,5,1,1,824.3332,2584.4691
2185,86,11.038,70690.2902,221629.7548,20.0,4,0,0,821.9801,2577.0902
2186,86,11.112,75931.464,238062.3476,17.0,3,0,0,882.924,2768.1668
2187,87,10.9595,77194.665,242023.1776,21.0,5,1,0,887.295,2781.8756
2188,87,11.0547,84497.6289,264919.8031,25.0,4,0,0,971.2371,3045.0552
2189,87,10.9659,77335.7307,242464.9373,29.0,4,0,0,888.9164,2786.9533
2190,88,10.7488,76573.8916,240076.5936,26.0,5,1,0,870.1579,2728.1431
2191,88,10.518,65247.642,204565.258,28.0,3,0,0,741.4505,2324.6052
2192,88,10.6771,78907.7965,247392.8236,32.0,4,0,0,896.6795,2811.2821
2193,87,10.8122,76867.4261,240996.0075,1.0,2,1,2,883.5336,2770.0691
2194,87,10.9166,63683.3069,199660.7343,2.0,1,0,0,731.992,2294.951
2195,87,11.1165,84631.7374,265340.0202,3.0,1,0,0,972.7786,3049.8853
2196,87,11.1752,70945.0054,222428.3662,5.0,3,1,1,815.4598,2556.6479
2197,87,11.3055,84352.4936,264465.1376,7.0,2,0,0,969.5689,3039.8292
2198,87,11.3127,76222.4536,238975.3627,6.0,1,0,0,876.1202,2746.8432
2199,87,11.1696,74066.196,232214.2938,8.0,3,1,1,851.3356,2669.1298
2200,87,11.1981,83505.5671,261809.281,10.0,2,0,0,959.8341,3009.3021
2201,87,11.3201,90657.4176,284232.4005,9.0,1,0,0,1042.0393,3267.0391
2202,88,11.169,68386.9093,214408.5456,10.0,2,1,0,777.124,2436.4607
2203,88,11.4425,81918.6728,256833.7279,11.0,1,0,0,930.894,2918.5651
2204,88,11.5042,75735.3539,237448.0739,12.0,1,0,0,860.629,2698.2736
2205,89,11.5065,83898.2006,263040.3508,13.0,2,1,0,942.6764,2955.5096
2206,87,11.6546,74068.163,232221.5796,14.0,1,0,2,851.3582,2669.2136
2207,86,11.6953,77344.6705,242494.3433,15.0,1,0,1,899.3566,2819.7017
2208,87,11.6086,72502.133,227310.7588,0.0,1,1,0,833.3579,2612.7673
2209,87,11.6689,79540.1164,249376.6138,0.0,0,0,0,914.2542,2866.3979
2210,87,11.6418,68878.0791,215949.0256,0.0,0,0,0,791.7021,2482.1727
2211,88,11.3885,66412.1101,208216.6639,0.0,1,1,0,754.6831,2366.0985
2212,87,11.164,59012.5038,185017.2979,0.0,0,0,1,678.3046,2126.6356
2213,87,11.132,78013.5284,244590.6489,0.0,0,0,0,896.7072,2811.3868
2214,88,11.0173,81187.8654,254542.4064,0.0,1,1,0,922.5894,2892.5273
2215,88,10.9818,69250.2422,217115.8955,0.0,0,0,0,786.9346,2467.2261
2216,88,11.1431,88161.9899,276409.5708,0.0,0,0,0,1001.8408,3141.0178
2217,89,11.2249,86223.7029,270331.8005,0.0,1,1,0,968.8057,3037.436
2218,87,11.5714,89601.3721,280921.2912,0.0,0,0,2,1029.9008,3228.9804
2219,87,11.7376,72812.5538,228284.4345,0.0,0,0,0,836.9259,2623.959
2220,87,11.9075,91483.3902,286822.2968,0.0,1,1,1,1051.5332,3296.808
2221,87,12.0352,77686.1921,243564.6136,0.0,0,0,0,892.9447,2799.5933
2222,87,11.9615,71045.1301,222743.5593,0.0,0,0,0,816.6107,2560.2708
2223,87,11.8081,64528.0979,202310.4976,0.0,0,0,0,741.7023,2325.408
2224,88,11.5827,76115.2308,238638.6493,0.0,1,1,0,864.9458,2711.8028
2225,88,11.5095,71932.2777,225524.5656,0.0,0,0,0,817.4122,2562.7792
2226,89,11.2714,71555.5614,224342.3833,0.0,1,1,0,803.9951,2520.7009
2227,89,11.1106,73343.9611,229949.9348,2.0,2,0,0,824.0895,2583.7071
2228,89,11.1567,84926.9445,266265.3538,4.0,2,0,0,954.2353,2991.7455
2229,90,11.2453,88219.5441,276588.7714,6.0,3,1,0,980.2172,3073.2086
2230,89,11.6016,91427.5121,286646.3919,5.0,2,0,1,1027.2754,3220.746
2231,88,11.7358,84599.3569,265239.1948,7.0,2,0,1,961.3563,3014.0818
2232,89,11.6282,78606.8887,246450.9567,10.0,4,1,0,883.2235,2769.1119
2233,89,11.8304,85577.7766,268306.5153,4.0,1,0,0,961.5481,3014.6799
2234,89,11.9233,77823.7603,243996.0612,0.0,0,0,0,874.4243,2741.5288
2235,90,11.9929,82254.5895,257887.6405,0.0,1,1,0,913.9399,2865.4182
2236,89,12.1635,77104.0822,241738.9933,2.0,2,0,1,866.338,2716.1685
2237,89,12.1277,63106.0474,197851.7639,4.0,2,0,0,709.0567,2223.0535
2238,90,12.1093,85616.4487,268427.5227,3.0,2,1,0,951.2939,2982.528
2239,90,11.937,71898.5162,225418.6544,5.0,2,0,0,798.8724,2504.6517
2240,90,11.693,65586.0536,205627.32,7.0,2,0,0,728.7339,2284.748
2241,91,11.4089,67104.9594,210388.6753,9.0,3,1,0,737.4171,2311.9635
2242,90,11.4074,74431.0703,233358.4713,11.0,2,0,1,827.0119,2592.8719
2243,90,11.3658,76474.405,239764.561,17.0,6,0,0,849.7156,2664.0507
2244,91,11.0235,67775.2388,212490.2187,23.0,7,1,0,744.7828,2335.0573
2245,91,10.7679,64839.7745,203286.3221,29.0,6,0,0,712.525,2233.9156
2246,91,10.6002,69802.9689,218847.6244,31.0,5,0,0,767.0656,2404.9189
2247,92,10.4516,74066.6519,232214.8697,32.0,6,1,0,805.0723,2524.0747
2248,92,10.5524,78250.2329,245331.3231,37.0,5,0,0,850.546,2666.6448
2249,89,10.4568,75012.4764,235180.1601,42.0,5,0,3,842.8368,2642.4737
2250,89,10.4354,80162.8736,251328.5275,47.0,6,1,1,900.7064,2823.916
2251,89,10.7164,94339.7414,295777.1085,43.0,4,0,0,1059.9971,3323.3383
2252,89,10.812,82108.634,257428.9243,17.0,3,0,0,922.5689,2892.4598
2253,90,10.7106,80230.3555,251540.4188,18.0,3,1,0,891.4484,2794.8935
2254,90,10.8165,77092.7053,241703.0429,20.0,2,0,0,856.5856,2685.5894
2255,89,10.7729,76081.0243,238531.6236,23.0,3,0,1,854.843,2680.1306
2256,90,10.977,96975.64,304041.2977,27.0,5,1,0,1077.5071,3378.2366
2257,90,11.2316,84719.5309,265615.0374,31.0,4,0,0,941.3281,2951.2782
2258,90,11.3827,86000.6013,269632.068,23.0,3,0,0,955.5622,2995.9119
2259,91,11.3382,82712.6306,259323.1721,26.0,4,1,0,908.93,2849.7052
2260,91,11.5035,85090.2465,266777.597,29.0,3,0,0,935.0577,2931.6219
2261,91,11.5108,76302.699,239226.376,32.0,3,0,0,838.4912,2628.8613
2262,92,11.2638,78927.5898,247455.9791,35.0,4,1,0,857.9086,2689.7389
2263,92,11.0918,75062.5521,235338.1511,38.0,3,0,0,815.8973,2558.0234
2264,92,11.0112,65712.797,206023.6822,41.0,3,0,0,714.2695,2239.3879
2265,91,11.1588,91131.4774,285717.989,11.0,3,1,2,1001.4448,3139.7581
2266,91,11.2679,80363.8829,251959.3089,2.0,1,0,0,883.1196,2768.7836
2267,91,11.3796,81274.8464,254815.0932,0.0,0,0,0,893.1302,2800.1659
2268,92,11.3791,79671.7895,249789.6363,0.0,1,1,0,865.9977,2715.1047
2269,90,11.4004,67535.4288,211738.8915,1.0,1,0,2,750.3937,2352.6544
2270,88,11.3952,72257.5492,226543.2673,2.0,1,0,2,821.1085,2574.3553
2271,88,11.138,63991.2461,200626.3109,4.0,3,1,1,727.1733,2279.8444
2272,88,11.208,72092.127,226024.1765,6.0,2,0,0,819.2287,2568.4566
2273,88,10.9635,59362.9508,186115.1695,8.0,2,0,0,674.579,2114.9451
2274,88,10.9838,74798.1114,234508.8385,10.0,3,1,1,849.9785,2664.8732
2275,88,11.0729,76904.7834,241114.1016,12.0,2,0,0,873.918,2739.933
2276,88,11.0761,76111.9942,238628.0154,14.0,2,0,0,864.909,2711.682
2277,88,10.8869,75488.7955,236674.2631,17.0,4,1,1,857.8272,2689.4803
2278,87,11.0207,76856.1886,240961.1607,20.0,3,0,1,883.4045,2769.6685
2279,87,10.8703,61780.2648,193694.5429,23.0,3,0,0,710.118,2226.3741
2280,88,10.6848,71678.3103,224727.4064,12.0,2,1,0,814.5263,2553.7205
2281,88,10.3814,61838.994,193878.3556,13.0,1,0,0,702.7158,2203.1631
2282,87,10.3293,72653.9904,227786.3153,0.0,0,0,1,835.1033,2618.2335
2283,88,10.0027,60223.519,188813.8654,1.0,2,1,0,684.3582,2145.6121
2284,87,10.0848,68556.0269,214937.6612,3.0,2,0,1,788.0003,2470.5478
2285,87,10.1021,71347.5934,223690.2232,8.0,5,0,0,820.0873,2571.152
2286,88,10.0548,70788.512,221936.7642,14.0,7,1,0,804.4149,2522.0087
2287,87,10.185,80511.4205,252421.0768,20.0,6,0,1,925.4186,2901.3917
2288,87,10.2907,86164.5153,270144.8258,22.0,5,0,0,990.3967,3105.1129
2289,88,10.0918,70979.5784,222536.626,23.0,5,1,0,806.5861,2528.8253
2290,88,10.1768,81234.8197,254689.83,21.0,3,0,0,923.123,2894.2026
2291,88,10.3111,75087.9993,235417.616,24.0,3,0,0,853.2727,2675.2002
2292,89,10.1081,75059.9191,235330.0259,8.0,2,1,0,843.3699,2644.1576
2293,88,10.1157,76797.8386,240778.1574,9.0,1,0,1,872.7027,2736.1154
2294,87,10.2941,85984.4533,269581.0728,10.0,1,0,1,988.327,3098.633
2295,87,10.5121,89805.088,281559.9723,11.0,2,1,1,1032.2424,3236.3215
2296,87,10.8356,91696.2554,287489.7151,13.0,2,0,0,1053.9799,3304.4795
2297,85,11.0587,90750.0818,284523.7222,15.0,2,0,2,1067.648,3347.3379
2298,86,11.1145,86270.4756,270478.2876,3.0,2,1,0,1003.1451,3145.0964
2299,86,11.1533,76466.4528,239740.3128,0.0,0,0,0,889.1448,2787.6781
2300,86,11.3033,72226.1815,226445.5232,0.0,0,0,0,839.8393,2633.0875
2301,86,11.1632,72077.4448,225979.9486,0.0,1,1,1,838.1098,2627.6738
2302,86,11.3682,79365.6014,248829.6459,1.0,1,0,0,922.8558,2893.368
2303,85,11.681,83483.6199,261741.0007,2.0,1,0,1,982.1602,3079.3059
2304,86,11.7581,83864.899,262935.9976,3.0,2,1,0,975.1732,3057.3953
2305,85,11.8742,75684.1279,237287.3857,4.0,1,0,1,890.4015,2791.6163
2306,85,11.9467,73894.2752,231675.7493,5.0,1,0,0,869.3444,2725.5971
2307,86,11.7019,71017.0525,222655.0782,6.0,2,1,0,825.7797,2589.0125
2308,86,11.6156,65187.9781,204379.3875,7.0,1,0,0,757.9997,2376.5045
2309,85,11.7534,72081.6214,225992.4493,8.0,1,0,1,848.0191,2658.7347
2310,86,11.7595,74506.6542,233595.2276,9.0,2,1,0,866.3564,2716.2236
2311,86,11.7131,54902.864,172132.1498,10.0,1,0,0,638.4054,2001.5366
2312,85,11.7254,79320.8799,248689.7773,11.0,1,0,1,933.1868,2925.7621
2313,86,11.4959,66931.9578,209847.3528,12.0,2,1,0,778.2786,2440.0855
2314,85,11.2582,70152.2885,219943.7025,13.0,1,0,1,825.321,2587.573
2315,85,11.0872,66334.7042,207974.519,14.0,1,0,0,780.4083,2446.759
2316,85,10.9883,74819.0836,234574.0516,15.0,2,1,1,880.2245,2759.6947
2317,84,11.1551,68737.4879,215507.1367,18.0,3,0,1,818.3034,2565.5612
2318,84,11.2868,71838.1089,225228.6789,19.0,2,0,0,855.2156,2681.2938
2319,85,11.2819,78850.7693,247214.7891,21.0,3,1,0,927.6561,2908.4093
2320,85,11.3271,75514.3051,236755.0304,4.0,1,0,0,888.4036,2785.3533
2321,83,11.1951,62575.421,196188.8524,5.0,1,0,2,753.9207,2363.7211
2322,84,11.0852,72809.6072,228274.6826,6.0,2,1,0,866.781,2717.5557
2323,84,11.0405,64114.9262,201014.6152,8.0,2,0,0,763.2729,2393.0311
2324,84,11.0378,58930.8189,184760.5765,0.0,0,0,0,701.5574,2199.5307
2325,85,11.1909,84395.4532,264599.4476,0.0,1,1,0,992.8877,3112.9347
2326,85,11.2251,67028.13,210148.2637,0.0,0,0,0,788.5662,2472.3325
2327,85,11.2762,77685.8757,243563.0185,0.0,0,0,0,913.9515,2865.4473
2328,86,10.9797,60358.1237,189236.2265,0.0,1,1,0,701.8386,2200.4212
2329,86,10.9591,69685.0428,218478.6607,0.0,0,0,0,810.2912,2540.4495
2330,86,10.8774,72453.4906,227158.398,0.0,0,0,0,842.4824,2641.3767
2331,86,10.8659,74313.4339,232989.6268,0.0,1,1,1,864.1097,2709.1817
2332,85,10.8724,68710.6961,215423.8732,0.0,0,0,1,808.3611,2534.3985
2333,83,10.8107,63694.8784,199697.0689,0.0,0,0,2,767.4082,2405.9888
2334,84,10.6761,78346.2403,245633.9767,0.0,1,1,0,932.6933,2924.214
2335,83,10.835,74184.783,232586.9115,1.0,1,0,1,893.7926,2802.2519
2336,82,10.8167,67754.2307,212425.214,2.0,1,0,1,826.2711,2590.5514
2337,83,10.5693,66452.5174,208344.1357,3.0,2,1,0,800.6327,2510.1703
2338,82,10.508,63678.4496,199646.8361,4.0,1,0,1,776.5665,2434.7175
2339,81,10.896,84043.4994,263496.6092,5.0,1,0,1,1037.5741,3253.0446
2340,82,10.961,72549.4108,227459.1099,6.0,2,1,0,884.7489,2773.8916
2341,82,11.1537,76189.4994,238871.7488,7.0,1,0,0,929.1402,2913.0701
2342,81,11.0431,53114.0409,166524.0218,0.0,0,0,1,655.7289,2055.8521
2343,82,11.0267,63952.2063,200503.8183,0.0,1,1,0,779.905,2445.1685
2344,81,11.1154,66447.4151,208327.4184,0.0,0,0,1,820.3385,2571.9434
2345,81,11.0741,57890.8854,181500.7725,0.0,0,0,0,714.7023,2240.7503
2346,82,10.9841,68510.6998,214797.0526,0.0,1,1,0,835.4963,2619.4763
2347,82,10.9918,63986.4619,200612.0133,0.0,0,0,0,780.3227,2446.488
2348,82,11.0252,66963.0944,209944.5262,0.0,0,0,0,816.6231,2560.2991
2349,83,11.0042,71113.8779,222958.1712,0.0,1,1,0,856.7937,2686.243
2350,83,11.0724,67759.8523,212442.767,0.0,0,0,0,816.3838,2559.5514
2351,83,10.9722,72612.071,227655.7865,0.0,0,0,0,874.8442,2742.8408
2352,83,10.7526,64811.7445,203199.191,0.0,1,1,1,780.8644,2448.183
2353,83,10.5916,60532.9016,189784.2479,0.0,0,0,0,729.3121,2286.5572
2354,83,10.3445,51588.1927,161739.9165,0.0,0,0,0,621.5445,1948.6737
2355,83,10.2497,68891.4473,215990.2293,1.0,2,1,1,830.0174,2602.2919
2356,83,10.4485,70026.7228,219549.3431,2.0,1,0,0,843.6955,2645.1728
2357,83,10.7459,79480.5652,249190.2939,3.0,1,0,0,957.5972,3002.2927
2358,84,10.7022,77173.4769,241957.1042,4.0,2,1,0,918.7319,2880.4417
2359,83,10.5304,63580.8335,199340.0171,5.0,1,0,1,766.0341,2401.687
2360,83,10.5059,69705.3325,218542.0109,7.0,2,0,0,839.8233,2633.0363
2361,83,10.2218,51826.6264,162487.4294,9.0,3,1,1,624.4172,1957.6799
2362,82,10.1138,69075.4929,216566.5457,11.0,2,0,1,842.3841,2641.0554
2363,82,9.9232,59917.6677,187854.6419,13.0,2,0,0,730.7033,2290.9103
2364,82,9.802,65902.5129,206618.215,16.0,4,1,1,803.6892,2519.7343
2365,81,9.806,63158.5259,198015.3661,20.0,4,0,1,779.7349,2444.6341
2366,81,9.761,63713.1196,199754.1,13.0,4,0,0,786.5817,2466.1
2367,81,9.7449,66678.6304,209051.8095,14.0,5,1,1,823.193,2580.8865
2368,81,9.859,69420.9721,217649.4999,6.0,2,0,0,857.049,2687.0309
2369,81,9.8636,63190.832,198116.8287,8.0,2,0,0,780.1337,2445.8868
2370,82,9.6863,65942.8293,206745.0437,11.0,4,1,0,804.1808,2521.281
2371,82,9.7689,70855.5058,222147.8914,14.0,3,0,0,864.0915,2709.1206
2372,82,9.7935,75625.679,237103.5773,18.0,4,0,0,922.2644,2891.507
2373,83,9.587,65282.5493,204674.7331,20.0,4,1,0,786.5367,2465.9606
2374,82,9.6442,65442.0638,205174.2259,24.0,4,0,1,798.0739,2502.1247
2375,82,9.7034,66323.9198,207939.3301,30.0,6,0,0,808.8283,2535.8455
2376,82,9.6306,70116.2199,219829.2187,37.0,8,1,1,855.0759,2680.8441
2377,82,9.4775,61504.3499,192828.567,42.0,6,0,0,750.053,2351.5679
2378,82,9.3133,55994.0312,175552.4222,40.0,6,0,0,682.854,2140.8832
2379,83,9.147,63956.0926,200514.7597,33.0,6,1,0,770.5553,2415.8405
2380,83,9.1436,67579.3687,211875.4449,38.0,5,0,0,814.2093,2552.7162
2381,83,9.2141,75462.3659,236590.3906,45.0,7,0,0,909.1851,2850.4866
2382,84,9.3813,82441.4148,258471.4287,48.0,8,1,0,981.4454,3077.0408
2383,84,9.6021,75648.357,237174.2321,53.0,7,0,0,900.5757,2823.5028
2384,84,9.7742,75905.3678,237979.4361,60.0,7,0,0,903.6353,2833.0885
2385,85,9.5689,64253.4865,201447.5769,67.0,8,1,0,755.9234,2369.9715
2386,85,9.7057,69262.5366,217152.0205,62.0,6,0,0,814.8534,2554.7297
2387,85,9.7368,63698.3246,199707.3685,55.0,5,0,0,749.3921,2349.4985
2388,86,9.8661,85065.744,266700.2547,29.0,4,1,0,989.1366,3101.1658
2389,86,9.9277,77481.9509,242923.8836,32.0,3,0,0,900.9529,2824.6963
2390,86,10.1381,81549.2708,255675.6224,36.0,4,0,0,948.2473,2972.9724
2391,86,10.3694,89687.8605,281191.96,31.0,4,1,1,1042.8821,3269.674
2392,86,10.3479,60680.475,190246.6473,34.0,3,0,0,705.5869,2212.1703
2393,86,10.5447,74280.7271,232886.132,33.0,2,0,0,863.7294,2707.9783
2394,87,10.7092,83032.2927,260324.9369,35.0,3,1,0,954.3942,2992.2407
2395,87,10.8404,69534.8436,218006.9022,15.0,1,0,0,799.2511,2505.8265
2396,86,11.0342,72380.5943,226929.824,16.0,1,0,1,841.6348,2638.7189
2397,86,10.8672,66884.5666,209697.9176,17.0,2,1,1,777.7275,2438.3479
2398,85,10.788,64488.7081,202186.597,18.0,1,0,1,758.6907,2378.6658
2399,84,10.7527,73173.7465,229416.2296,19.0,1,0,1,871.116,2731.1456
2400,85,10.7756,81742.9342,256282.9752,21.0,3,1,0,961.6816,3015.0938
2401,84,10.6915,69485.7699,217853.0481,23.0,2,0,1,827.2115,2593.4887
2402,84,10.7545,72111.9609,226086.6866,25.0,2,0,0,858.4757,2691.5082
2403,85,10.7006,64332.7214,201696.9107,0.0,1,1,0,756.8555,2372.9048
2404,85,10.7375,60323.8503,189127.9992,0.0,0,0,0,709.6924,2225.0353
2405,84,11.0531,81084.052,254217.3555,0.0,0,0,1,965.2863,3026.3971
2406,85,10.919,64865.1882,203366.4496,1.0,2,1,0,763.1199,2392.5465
2407,85,10.8077,61955.6222,194244.6191,2.0,1,0,0,728.8897,2285.2308
2408,84,10.8448,63043.5465,197654.6409,3.0,1,0,1,750.5184,2353.0314
2409,84,10.8126,79385.6751,248892.3788,5.0,3,1,1,945.0676,2963.0045
2410,84,10.8857,75752.9538,237502.5323,8.0,3,0,0,901.8209,2827.4111
2411,83,10.7195,58118.7855,182214.9544,11.0,3,0,1,700.2263,2195.3609
2412,84,10.4383,60284.3099,189003.8188,7.0,3,1,0,717.6704,2250.0455
2413,83,10.3539,62079.4407,194632.3784,9.0,2,0,1,747.9451,2344.9684
2414,83,10.38,67862.5418,212763.6858,12.0,3,0,0,817.621,2563.4179
2415,84,10.4153,77061.5581,241605.1382,15.0,4,1,0,917.3995,2876.2516
2416,84,10.3903,63464.9478,198976.2542,18.0,3,0,0,755.5351,2368.7649
2417,84,10.5878,74978.5934,235074.7862,21.0,3,0,0,892.6023,2798.5094
2418,85,10.5835,78851.6903,247217.6154,24.0,4,1,0,927.6669,2908.4425
2419,84,10.8917,74917.9171,234883.9165,6.0,1,0,1,891.88,2796.2371
2420,84,11.0392,72730.6199,228027.3256,7.0,1,0,0,865.8407,2714.611
2421,85,11.0013,71807.4263,225132.4206,8.0,2,1,0,844.7933,2648.6167
2422,85,11.1092,67453.6951,211482.6945,0.0,0,0,0,793.5729,2488.0317
2423,85,11.3207,80270.5304,251666.979,0.0,0,0,0,944.3592,2960.788
2424,86,11.2625,67220.7081,210751.9802,0.0,1,1,0,781.6361,2450.6044
2425,86,11.148,65443.6099,205180.5464,0.0,0,0,0,760.9722,2385.8203
2426,85,10.9144,61637.1145,193246.3416,0.0,0,0,1,725.1425,2273.4864
2427,86,10.6541,71638.4271,224602.6752,0.0,1,1,0,833.005,2611.659
2428,86,10.6741,69934.5761,219260.8739,0.0,0,0,0,813.1927,2549.545
2429,85,10.8304,71236.8655,223344.2521,0.0,0,0,1,838.0808,2627.5794
2430,86,10.7591,75430.9464,236492.6269,1.0,2,1,0,877.104,2749.9143
2431,86,10.7849,71443.1543,223990.1802,2.0,1,0,0,830.7344,2604.537
2432,86,10.7526,73150.4882,229343.6124,3.0,1,0,0,850.5871,2666.7862
2433,87,10.6285,77891.9994,244209.1061,4.0,2,1,0,895.3103,2807.0012
2434,87,10.7355,69333.8831,217377.6936,0.0,0,0,0,796.9412,2498.5942
2435,87,10.764,71359.2953,223727.4281,0.0,0,0,0,820.2218,2571.5796
2436,88,10.7952,78224.1195,245250.6885,0.0,1,1,0,888.9104,2786.9396
2437,87,10.9767,72284.5313,226628.1778,1.0,1,0,1,830.8567,2604.9216
2438,87,10.9553,66439.4494,208302.2974,2.0,1,0,0,763.6718,2394.2793
2439,87,10.9341,83629.4009,262197.6308,3.0,2,1,1,961.2575,3013.7659
2440,87,10.9643,74756.0981,234377.4229,4.0,1,0,0,859.2655,2693.9934
2441,87,11.0219,85102.642,266816.31,5.0,1,0,0,978.1913,3066.8541
2442,88,10.8625,72640.1273,227742.8633,6.0,2,1,0,825.456,2587.9871
2443,88,10.7664,60639.9047,190119.2805,9.0,3,0,0,689.0898,2160.4464
2444,88,10.5884,64316.7645,201646.555,12.0,3,0,0,730.8723,2291.4381
2445,89,10.2835,68536.2903,214875.6516,7.0,4,1,0,770.0707,2414.3332
2446,89,10.2956,71297.5189,223532.696,10.0,3,0,0,801.0957,2511.6033
2447,89,10.3065,72044.8334,225876.253,8.0,2,0,0,809.4925,2537.9354
2448,90,10.2132,75289.3597,236049.2198,8.0,4,1,0,836.5484,2622.7691
2449,89,10.3746,82019.0547,257148.6003,11.0,3,0,1,921.5624,2889.3101
2450,89,10.673,92539.541,290132.6489,7.0,3,0,0,1039.7701,3259.9174
2451,89,10.6422,74848.6129,234667.3418,6.0,3,1,1,840.9957,2636.7117
2452,89,10.7907,92776.4373,290875.5413,8.0,2,0,0,1042.4319,3268.2645
2453,89,10.7894,72429.1881,227082.0652,10.0,2,0,0,813.8111,2551.4839
2454,90,10.907,86803.5803,272149.4104,12.0,3,1,0,964.4842,3023.8823
2455,90,10.8653,74485.2911,233528.13,14.0,2,0,0,827.6143,2594.757
2456,90,10.858,81171.7008,254491.8774,10.0,2,0,0,901.9078,2827.6875
2457,90,10.8625,81036.0778,254066.6003,2.0,2,1,1,900.4009,2822.9622
2458,90,11.2327,96318.5395,301981.2619,2.0,2,0,0,1070.206,3355.3474
2459,90,11.2617,77813.5052,243963.701,4.0,2,0,0,864.5945,2710.7078
2460,91,11.2703,79447.7827,249087.1228,3.0,2,1,0,873.0526,2737.2211
2461,91,11.4106,83915.6332,263095.4009,5.0,2,0,0,922.1498,2891.1583
2462,90,11.3501,73641.447,230883.2719,7.0,2,0,1,818.2383,2565.3697
2463,91,11.2296,74110.6111,232353.1958,9.0,3,1,0,814.4023,2553.3318
2464,90,11.1686,74422.2419,233331.0072,11.0,2,0,1,826.9138,2592.5667
2465,89,11.2015,74007.2165,232029.4952,13.0,2,0,1,831.5418,2607.073
2466,90,10.9863,67197.6971,210679.7959,15.0,3,1,0,746.6411,2340.8866
2467,90,10.7841,65356.0693,204905.5996,18.0,3,0,0,726.1785,2276.7289
2468,90,10.763,68264.3864,214023.9101,13.0,2,0,0,758.4932,2378.0434
2469,91,10.5916,75650.1074,237179.6495,16.0,4,1,0,831.3199,2606.3698
2470,91,10.7525,82463.2397,258541.2294,6.0,2,0,0,906.1894,2841.1124
2471,91,10.9372,80464.7362,252274.3731,8.0,2,0,0,884.2279,2772.2459
2472,92,10.6715,68099.6945,213507.3703,10.0,3,1,0,740.2141,2320.7323
2473,92,10.6083,78391.1302,245773.8156,13.0,3,0,0,852.0775,2671.4545
2474,92,10.4245,68793.5741,215683.0384,16.0,3,0,0,747.7562,2344.3809
2475,92,10.159,69117.1536,216696.9721,19.0,4,1,1,751.2734,2355.4019
2476,92,10.1103,78743.1635,246877.1498,19.0,3,0,0,855.904,2683.4473
2477,92,10.1089,76107.222,238613.1123,23.0,4,0,0,827.2524,2593.6208
2478,93,10.2684,83229.8182,260944.1747,17.0,4,1,0,894.9443,2805.8513
2479,93,10.4692,84735.986,265665.8858,21.0,4,0,0,911.1396,2856.6224
2480,92,10.6271,85511.6,268098.4936,25.0,4,0,1,929.4739,2914.1141
2481,93,10.5165,76804.1523,240798.0157,29.0,5,1,0,825.8511,2589.226
2482,92,10.4416,65382.896,204989.6572,33.0,4,0,1,710.6837,2228.1484
2483,92,10.5479,76354.5811,239388.7831,37.0,4,0,0,829.9411,2602.052
2484,93,10.3525,67835.7114,212679.5772,41.0,5,1,0,729.4163,2286.8772
2485,93,10.2933,73627.167,230836.551,45.0,4,0,0,791.69,2482.1135
2486,93,10.3856,80979.293,253888.0734,30.0,2,0,0,870.7451,2729.9793
2487,94,10.5002,91759.6514,287687.3591,34.0,5,1,0,976.1665,3060.5038
2488,94,10.6126,85044.9125,266635.1947,36.0,3,0,0,904.7331,2836.5446
2489,93,10.9217,100336.5315,314578.1703,39.0,3,0,1,1078.8874,3382.561
2490,93,10.8977,79674.8367,249798.1938,42.0,4,1,1,856.7187,2686.0021
2491,93,11.0427,85508.3647,268087.9795,45.0,3,0,0,919.4448,2882.6664
2492,93,11.1518,82838.9583,259719.4289,27.0,2,0,0,890.7415,2792.682
2493,94,11.0821,81865.3044,256666.6477,29.0,3,1,0,870.9075,2730.4963
2494,93,11.1845,83202.1374,260857.2221,32.0,3,0,1,894.6466,2804.9164
2495,93,11.1498,73877.5611,231622.6088,35.0,3,0,0,794.3824,2490.5657
2496,94,11.0335,69062.7701,216526.777,35.0,3,1,0,734.7103,2303.4764
2497,93,11.3024,91129.3757,285711.4249,37.0,2,0,1,979.8858,3072.1659
2498,92,11.4068,79174.5477,248230.2871,40.0,3,0,1,860.5929,2698.1553
2499,93,11.3518,84873.1877,266097.6371,41.0,3,1,0,912.6149,2861.2649
2500,93,11.5981,89899.9476,281857.4511,34.0,1,0,0,966.6661,3030.7253
2501,93,11.7297,78403.3289,245811.7533,35.0,1,0,0,843.0465,2643.1371
2502,93,11.6317,66852.0526,209596.1681,36.0,2,1,1,718.8393,2253.7222
2503,93,11.6678,75559.5648,236896.0003,37.0,1,0,0,812.4684,2547.2688
2504,92,11.8044,84810.5841,265900.6993,38.0,1,0,1,921.8542,2890.225
2505,93,11.7185,74601.2133,233891.6087,39.0,2,1,0,802.1636,2514.9635
2506,91,11.7552,71829.7918,225202.6992,40.0,1,0,2,789.3384,2474.7549
2507,91,11.8295,87765.149,275164.8718,41.0,1,0,0,964.4522,3023.7898
2508,92,11.6229,74539.2493,233697.338,42.0,2,1,0,810.2092,2540.1885
2509,92,11.7099,82775.263,259520.0563,43.0,1,0,0,899.7311,2820.8702
2510,92,11.5515,66801.8568,209439.3595,45.0,2,0,0,726.1071,2276.5148
2511,93,11.4737,85185.3758,267075.6863,47.0,3,1,0,915.9718,2871.7816
2512,93,11.3654,79859.7631,250378.789,49.0,2,0,0,858.7071,2692.245
2513,93,11.2773,77527.4269,243065.4967,53.0,4,0,0,833.6282,2613.6075
2514,93,11.1128,72055.8973,225910.7322,9.0,4,1,1,774.7946,2429.1477
2515,93,11.0849,76820.8731,240850.1843,13.0,4,0,0,826.0309,2589.7869
2516,93,11.1058,81620.8569,255899.9049,13.0,3,0,0,877.6436,2751.6119
2517,93,11.0317,79264.9757,248512.9584,12.0,4,1,1,852.3116,2672.1823
2518,93,11.2024,76815.0569,240832.6308,16.0,4,0,0,825.9684,2589.5982
2519,93,11.3701,85737.4693,268806.627,20.0,4,0,0,921.9083,2890.3938
2520,94,11.2725,78878.6888,247302.2423,24.0,5,1,0,839.135,2630.8749
2521,94,11.3482,84164.2486,263874.5302,28.0,4,0,0,895.3643,2807.1759
2522,93,11.4337,82140.0889,257527.0311,32.0,4,0,1,883.2268,2769.1079
2523,94,11.0636,64192.0438,201255.6183,36.0,5,1,0,682.8941,2141.0172
2524,94,11.0726,78773.5124,246972.9352,32.0,3,0,0,838.0161,2627.3717
2525,93,11.1105,78415.7384,245851.0804,35.0,3,0,1,843.18,2643.56
2526,93,11.08,79312.3355,248662.1118,21.0,3,1,1,852.8208,2673.7861
2527,92,10.8596,64964.1479,203676.0629,25.0,4,0,1,706.132,2213.8702
2528,92,10.7208,68677.7916,215319.5883,29.0,4,0,0,746.4977,2340.4303
2529,93,10.6894,77311.0193,242386.4823,33.0,5,1,0,831.3013,2606.3063
2530,93,10.913,85242.4533,267254.3106,17.0,2,0,0,916.5855,2873.7023
2531,92,10.8393,82971.9919,260136.4889,20.0,3,0,1,901.8695,2827.5705
2532,93,10.9207,99602.4561,312277.2635,6.0,2,1,0,1070.9942,3357.82
2533,92,10.9494,77562.2682,243175.6965,8.0,2,0,1,843.0681,2643.2141
2534,91,11.0952,88664.7462,277984.5219,10.0,2,0,1,974.3379,3054.775
2535,91,10.9199,77849.9978,244077.524,13.0,4,1,1,855.4945,2682.1706
2536,91,11.1352,91423.7993,286634.3223,2.0,1,0,0,1004.6571,3149.8277
2537,91,11.2642,83143.5844,260673.8355,1.0,1,0,0,913.6658,2864.5476
2538,90,11.3385,80400.8382,252074.9219,3.0,2,0,1,893.3426,2800.8325
2539,89,11.2298,69292.527,217247.4977,6.0,3,0,1,778.5677,2440.9831
2540,89,11.2652,75642.6736,237156.1518,10.0,4,0,0,849.9177,2664.6759
2541,90,11.144,71833.0448,225212.4665,15.0,6,1,0,798.1449,2502.3607
2542,90,11.2897,79802.8262,250199.3647,14.0,4,0,0,886.6981,2779.9929
2543,90,11.4646,77863.1107,244118.2474,14.0,3,0,0,865.1457,2712.425
2544,90,11.4948,83438.9461,261600.0229,17.0,4,1,1,927.0994,2906.6669
2545,90,11.3651,68598.6245,215071.7114,20.0,3,0,0,762.2069,2389.6857
2546,89,11.0862,62287.9083,195285.9799,23.0,3,0,1,699.8641,2194.2245
2547,90,11.0997,81871.1725,256684.4775,26.0,4,1,0,909.6797,2852.0498
2548,90,11.0721,70512.865,221072.9044,9.0,3,1,1,783.4763,2456.3656
2549,89,11.1499,65589.2109,205636.4811,11.0,2,0,1,736.9574,2310.5223
2550,90,11.0419,78217.0793,245228.3882,10.0,2,1,0,869.0787,2724.7599
2551,89,11.0798,66906.5769,209766.8203,11.0,1,0,1,751.7593,2356.9306
2552,89,11.1593,71259.9327,223416.0993,12.0,1,0,0,800.6734,2510.2933
2553,89,11.1977,80334.6375,251867.6458,13.0,2,1,1,902.6364,2829.9735
2554,89,11.2592,71282.577,223486.947,14.0,1,0,0,800.9278,2511.0893
2555,89,11.2899,74731.794,234300.7247,17.0,3,0,0,839.6831,2632.5924
2556,89,11.2795,70736.1093,221773.4324,20.0,3,0,0,794.7877,2491.8363
2557,90,10.8853,65710.0087,206015.2325,23.0,4,1,0,730.1112,2289.0581
2558,90,10.735,66148.3536,207389.0319,26.0,3,0,0,734.9817,2304.3226
2559,91,10.6204,75482.3674,236653.6222,30.0,5,1,0,829.4766,2600.5893
2560,91,10.638,72035.7227,225847.1675,34.0,4,0,0,791.6013,2481.837
2561,91,10.5992,67607.6693,211963.4533,40.0,6,0,0,742.9414,2329.2687
2562,92,10.374,63562.9125,199282.4781,46.0,7,1,0,690.9012,2166.1139
2563,92,10.5686,84284.8056,264251.0476,52.0,6,0,0,916.1392,2872.294
2564,92,10.7004,75299.3774,236080.218,19.0,4,0,0,818.4715,2566.0893
2565,93,10.6093,75319.4362,236143.175,8.0,4,1,0,809.8864,2539.1739
2566,92,10.7397,91619.0136,287246.6467,8.0,2,0,1,995.8588,3122.2462
2567,92,10.5643,62653.7647,196432.9872,10.0,2,0,0,681.0192,2135.1412
2568,91,10.479,72657.8794,227798.2391,0.0,1,1,2,798.4382,2503.2774
2569,90,10.5523,79492.5409,249226.6078,1.0,1,0,1,883.2505,2769.1845
2570,90,10.7239,84452.727,264778.6438,4.0,3,0,0,938.3636,2941.9849
2571,89,10.8604,86734.2315,271931.5939,9.0,6,1,2,974.5419,3055.4112
2572,89,10.9213,83222.2812,260921.034,9.0,3,0,0,935.0818,2931.697
2573,89,10.8657,72513.1249,227344.4678,12.0,3,0,0,814.7542,2554.4322
2574,90,10.8868,81117.5586,254321.8273,15.0,4,1,0,901.3062,2825.7981
2575,90,10.9095,80264.1732,251647.0902,21.0,6,0,0,891.8241,2796.0788
2576,90,10.8121,70344.6675,220545.6776,27.0,6,0,0,781.6074,2450.5075
2577,91,10.6029,69176.1675,216881.8194,31.0,7,1,0,760.1777,2383.3167
2578,91,10.5778,79174.2667,248229.1526,37.0,6,0,0,870.0469,2727.7929
2579,91,10.3752,70762.3286,221855.494,39.0,6,0,0,777.608,2437.9725
2580,92,10.2669,74836.9162,234629.5821,18.0,4,1,0,813.4447,2550.3215
2581,92,10.2681,82329.2744,258119.9419,8.0,2,0,0,894.8834,2805.6515
2582,92,10.3286,75639.4538,237146.247,10.0,3,0,0,822.168,2577.6766
2583,93,10.1752,74345.7323,233089.8107,14.0,5,1,0,799.4165,2506.3421
2584,92,10.2927,85415.649,267796.9484,19.0,5,0,1,928.431,2910.8364
2585,92,10.2748,76605.2771,240174.6299,24.0,5,0,0,832.6661,2610.5938
2586,92,10.1082,72335.9988,226789.4889,29.0,5,0,0,786.2609,2465.1031
2587,92,10.0846,85052.429,266658.4076,34.0,5,0,0,924.4829,2898.461
2588,91,9.9846,69478.7585,217830.7175,40.0,6,0,1,763.5028,2393.7441
2589,93,9.8498,89485.7107,280557.5586,47.0,9,2,0,962.2119,3016.7479
2590,93,10.1805,98771.5825,309671.1829,54.0,7,0,0,1062.06,3329.7977
2591,92,10.3472,85191.1361,267093.1128,53.0,6,0,1,925.9906,2903.186
2592,93,10.4532,90500.9042,283740.2635,60.0,8,1,0,973.128,3050.9706
2593,93,10.5598,81948.7217,256927.2474,49.0,5,0,0,881.1691,2762.6586
2594,93,10.8261,98105.9647,307584.5327,29.0,3,0,0,1054.9028,3307.3606
2595,93,11.0264,92719.1778,290696.3528,25.0,3,1,1,996.9804,3125.7672
2596,93,11.2357,85216.1972,267172.4039,5.0,1,0,0,916.3032,2872.8215
2597,92,11.3946,93724.3187,293848.3637,6.0,1,0,1,1018.7426,3194.004
2598,93,11.2932,83253.0892,261017.8858,7.0,2,1,0,895.1945,2806.6439
2599,93,11.4432,88185.861,276483.0339,8.0,1,0,0,948.2351,2972.9358
2600,93,11.5265,82969.4675,260128.8655,1.0,1,0,0,892.1448,2797.0846
2601,93,11.6858,91592.4254,287164.2318,2.0,1,0,0,984.8648,3087.7874
2602,92,11.6432,77027.8101,241500.4032,3.0,1,0,1,837.2588,2625.0044
2603,93,11.3709,77582.8915,243240.6629,5.0,3,1,0,834.2246,2615.491
2604,94,11.2285,74225.8727,232714.271,2.0,2,1,0,789.6369,2475.6837
2605,94,11.2575,81661.2347,256026.8378,4.0,2,0,0,868.7365,2723.6898
2606,93,11.408,81214.5578,254626.6025,6.0,2,0,1,873.2748,2737.9205
2607,94,11.526,95531.0738,299512.145,8.0,3,1,0,1016.288,3186.2994
2608,94,11.6216,92410.0557,289727.7569,10.0,2,0,0,983.0857,3082.2102
2609,94,11.6691,90833.166,284783.8111,12.0,2,0,0,966.3103,3029.615
2610,95,11.6574,95559.5893,299601.727,14.0,3,1,0,1005.8904,3153.7024
2611,94,11.9011,88419.0826,277214.7072,16.0,2,0,1,940.6285,2949.0926
2612,94,11.9684,79958.5058,250688.9111,0.0,0,0,0,850.6224,2666.9033
2613,95,11.9046,86038.4943,269750.5985,0.0,1,1,0,905.6684,2839.48
2614,95,11.7394,72321.9424,226746.1614,1.0,1,0,0,761.2836,2386.8017
2615,94,11.7462,82701.765,259289.7476,3.0,2,0,1,879.806,2758.4016
2616,94,11.4766,65990.3908,206893.5085,5.0,3,1,1,702.0254,2200.9948
2617,94,11.5601,80844.3555,253465.444,3.0,1,0,0,860.0463,2696.4409
2618,94,11.4979,69899.706,219151.0042,5.0,2,0,0,743.6139,2331.3937
2619,95,11.3954,78622.774,246499.6642,7.0,3,1,0,827.6081,2594.7333
2620,95,11.137,70524.3124,221109.2264,3.0,1,0,0,742.3612,2327.4655
2621,94,11.234,82937.1744,260026.7124,4.0,1,0,1,882.3104,2766.2416
2622,95,11.2065,79673.1848,249793.1748,7.0,4,1,0,838.6651,2629.4018
2623,95,11.3371,83638.8143,262226.3248,11.0,4,0,0,880.4086,2760.2771
2624,95,11.2419,71676.155,224720.8585,15.0,4,0,0,754.4858,2365.4827
2625,96,11.0861,81928.1158,256862.9152,19.0,5,1,0,853.4179,2675.6554
2626,96,11.1669,87148.1898,273229.623,23.0,4,0,0,907.7936,2846.1419
2627,95,11.1725,84162.5296,263868.9359,22.0,3,0,1,885.9214,2777.5677
2628,96,11.0391,74718.7447,234259.8985,7.0,2,1,0,778.3203,2440.2073
2629,94,11.1253,72180.2044,226300.9627,8.0,1,0,2,767.8745,2407.4571
2630,94,11.1096,82174.3086,257635.2295,9.0,1,0,0,874.1948,2740.8003
2631,95,10.7666,72115.8766,226100.0678,10.0,2,1,0,759.1145,2380.0007
2632,95,10.9638,87342.0351,273837.3684,11.0,1,0,0,919.3898,2882.4986
2633,95,11.0063,89122.4822,279419.7673,13.0,2,0,0,938.1314,2941.2607
2634,94,10.9775,83048.6726,260377.1396,15.0,2,0,1,883.4965,2769.9696
2635,94,10.9265,85028.0675,266582.893,18.0,3,0,0,904.5539,2835.9882
2636,95,10.9367,94719.0567,296965.7879,21.0,4,1,0,997.0427,3125.9557
2637,95,10.6048,71020.2659,222663.9505,26.0,6,1,1,747.5817,2343.8311
2638,95,10.3735,74952.6324,234992.7562,32.0,6,0,0,788.9751,2473.608
2639,95,10.402,88738.4085,278215.3678,31.0,5,0,0,934.0885,2928.5828
2640,96,10.5379,98435.3996,308617.4063,17.0,5,1,0,1025.3687,3214.7646
2641,96,10.51,74301.8621,232952.6223,12.0,2,0,0,773.9777,2426.5898
2642,95,10.719,98829.7241,309853.8687,15.0,3,0,1,1040.3129,3261.6197
2643,96,10.5445,72821.7668,228312.511,17.0,4,1,0,758.5601,2378.2553
2644,95,10.4454,72592.0857,227592.0375,10.0,2,0,1,764.1272,2395.7057
2645,95,10.6902,98703.2994,309457.8568,12.0,2,0,0,1038.9821,3257.4511
2646,95,10.5586,74386.6292,233219.6214,14.0,3,1,1,783.0171,2454.9434
2647,95,10.5178,87575.3428,274569.3238,16.0,2,0,0,921.8457,2890.2034
2648,94,10.6084,90310.7312,283145.4833,12.0,1,0,1,960.7525,3012.186
2649,94,10.584,87125.594,273158.5243,14.0,3,1,1,926.868,2905.9417
2650,94,10.8002,87311.4385,273741.1929,18.0,4,0,0,928.8451,2912.1404
2651,93,10.8104,80914.5482,253685.4933,20.0,3,0,1,870.0489,2727.801
2652,94,10.6357,73851.0528,231539.3367,23.0,4,1,0,785.6495,2463.1844
2653,93,10.7187,83845.5629,262875.429,21.0,2,0,1,901.5652,2826.6175
2654,93,10.8828,86966.6963,272660.9318,18.0,1,0,0,935.1258,2931.838
2655,93,10.7405,79696.2349,249866.0924,19.0,2,1,1,856.9488,2686.7322
2656,93,10.8778,80523.0065,252457.7985,21.0,2,0,0,865.8388,2714.6
2657,93,11.2396,95555.2897,299588.3747,0.0,0,0,0,1027.4762,3221.3804
2658,94,11.1182,77188.6778,242004.261,0.0,1,1,0,821.1561,2574.5134
2659,94,11.195,81324.3745,254971.2573,0.0,0,0,0,865.1529,2712.4602
2660,93,11.203,80765.1336,253217.7033,0.0,0,0,1,868.4423,2722.771
2661,93,11.0649,76810.3078,240818.4727,0.0,1,1,1,825.9173,2589.4459
2662,93,11.1044,84396.396,264602.279,0.0,0,0,0,907.4881,2845.1858
2663,93,11.0882,78053.1749,244714.5027,0.0,0,0,0,839.2815,2631.3387
2664,94,10.8591,75621.802,237091.2794,2.0,3,1,0,804.4873,2522.2477
2665,93,10.7165,76146.6318,238736.9058,4.0,2,0,1,818.781,2567.0635
2666,93,10.5728,67094.394,210355.1306,4.0,2,0,0,721.4451,2261.8831
2667,93,10.5232,76853.5928,240953.2198,5.0,3,1,1,826.3827,2590.8948
2668,92,10.4572,71604.686,224496.6034,8.0,3,0,1,778.3118,2440.1805
2669,91,10.6952,86933.4975,272556.2709,12.0,4,0,1,955.3132,2995.1239
2670,92,10.7733,84329.4997,264392.1259,16.0,5,1,0,916.625,2873.8275
2671,92,10.9892,87757.7393,275140.3563,12.0,3,0,0,953.8885,2990.656
2672,92,11.0395,78724.326,246818.1766,9.0,2,0,0,855.6992,2682.8063
2673,93,10.8898,77306.967,242374.4298,11.0,3,1,0,831.2577,2606.1767
2674,92,10.7645,63658.1026,199582.08,6.0,1,0,1,691.9359,2169.3704
2675,92,10.9414,88141.2352,276342.7079,7.0,1,0,0,958.0569,3003.7251
2676,92,10.7274,69575.1653,218133.443,8.0,2,1,1,756.2518,2371.0157
2677,92,10.6247,69829.4096,218930.5651,10.0,2,0,0,759.0153,2379.6801
2678,92,10.4581,67324.5365,211077.7511,12.0,2,0,0,731.7884,2294.3234
2679,93,10.1802,73895.6909,231679.559,15.0,4,1,0,794.5773,2491.1781
2680,93,10.0131,77659.9853,243481.4913,16.0,2,0,0,835.0536,2618.0806
2681,93,10.0321,73415.6845,230173.7048,19.0,3,0,0,789.416,2474.9861
2682,94,9.8739,73711.6367,231102.0131,20.0,3,1,0,784.1663,2458.5321
2683,93,10.0793,89881.7667,281799.5923,22.0,2,0,1,966.4706,3030.1031
2684,92,10.3041,87287.6281,273666.1535,9.0,2,0,1,948.7786,2974.6321
2685,93,10.2962,92383.4508,289643.6734,3.0,3,1,0,993.3704,3114.4481
2686,92,10.3893,86628.7508,271601.6588,5.0,2,0,1,941.6169,2952.1919
2687,92,10.5819,86954.6819,272622.8211,2.0,2,0,0,945.1596,2963.2915
2688,92,10.4328,82308.4124,258055.5917,4.0,3,1,1,894.6567,2804.9521
2689,92,10.3697,80103.4493,251142.5247,7.0,3,0,0,870.6897,2729.8101
2690,91,10.5776,91315.956,286296.5473,10.0,3,0,1,1003.472,3146.1159
2691,91,10.5878,77363.3491,242551.8761,13.0,3,0,0,850.1467,2665.4052
2692,90,10.6983,80402.9888,252081.7018,10.0,2,0,1,893.3665,2800.9078
2693,90,10.6712,71042.5269,222734.5977,7.0,1,0,0,789.3614,2474.8289
2694,91,10.635,88029.2441,275991.8943,8.0,2,1,0,967.3543,3032.878
2695,91,10.6757,80369.5131,251976.6003,11.0,3,0,0,883.1815,2768.9736
2696,92,10.64,83716.306,262469.6142,12.0,3,1,0,909.9598,2852.9306
2697,93,10.5054,67081.5806,210315.3931,15.0,4,1,0,721.3073,2261.4558
2698,93,10.7322,87391.407,273991.7611,18.0,3,0,0,939.6925,2946.148
2699,92,10.8757,76369.7456,239435.5539,21.0,3,0,1,830.1059,2602.5604
2700,93,10.6824,80478.4064,252318.4592,25.0,5,1,0,865.3592,2713.1017
2701,93,10.4432,67816.7709,212620.2544,29.0,4,0,0,729.2126,2286.2393
2702,92,10.4489,74620.9307,233952.9146,33.0,4,0,1,811.0971,2542.9665
2703,93,10.3039,77259.0406,242224.7116,38.0,6,1,0,830.7424,2604.5668
2704,92,10.3707,79899.554,250502.4705,43.0,5,0,1,868.4734,2722.8529
2705,92,10.4365,76228.764,238993.615,48.0,5,0,0,828.5735,2597.7567
2706,93,10.4293,81247.2993,254727.5641,43.0,7,1,0,873.6269,2739.0061
2707,93,10.5439,80333.0554,251861.8383,49.0,6,0,0,863.7963,2708.1918
2708,93,10.6845,77324.6397,242429.7383,12.0,3,0,0,831.4477,2606.7714
2709,94,10.6878,78414.8232,245848.0125,15.0,4,1,0,834.2002,2615.4044
2710,94,10.7967,79275.0035,248545.2022,19.0,4,0,0,843.3511,2644.0979
2711,92,10.9331,76459.8825,239718.2042,23.0,4,0,2,831.0857,2605.6327
2712,93,10.7312,69244.4949,217095.884,17.0,4,1,0,744.5645,2334.3643
2713,93,10.7845,71371.8076,223766.1484,8.0,1,0,0,767.4388,2406.0876
2714,93,10.7486,71301.8611,223547.3322,9.0,1,0,0,766.6867,2403.7348
2715,93,10.6118,81420.1826,255270.8268,11.0,3,1,1,875.4858,2744.8476
2716,93,10.5345,81666.366,256042.8847,13.0,2,0,0,878.133,2753.1493
2717,93,10.2904,71465.0166,224058.7179,16.0,3,0,0,768.441,2409.2335
2718,94,10.0857,75636.7737,237137.8963,19.0,4,1,0,804.6465,2522.7436
2719,94,10.1659,79747.4207,250025.8248,22.0,3,0,0,848.3768,2659.8492
2720,94,10.3706,81705.0472,256164.0559,25.0,3,0,0,869.2026,2725.1495
2721,93,10.5118,84293.2025,264278.1802,28.0,4,1,2,906.3785,2841.7009
2722,93,10.7249,84087.2608,263632.0368,31.0,3,0,0,904.1641,2834.7531
2723,93,10.6616,76552.0957,240008.1451,34.0,3,0,0,823.1408,2580.7327
2724,94,10.6139,86076.4567,269868.9949,18.0,3,1,0,915.707,2870.9468
2725,94,10.7983,87928.1103,275674.7312,21.0,3,0,0,935.4054,2932.7099
2726,94,10.7086,78841.7266,247186.5118,22.0,2,0,0,838.7418,2629.6437
2727,94,10.393,71736.6868,224910.4862,24.0,3,1,1,763.1562,2392.6647
2728,94,10.4311,85181.4793,267063.2597,26.0,2,0,0,906.1859,2841.0985
2729,94,10.4064,70519.7018,221094.0661,30.0,4,0,0,750.2096,2352.0645
2730,95,10.34,74889.6716,234794.7871,4.0,3,1,0,788.3123,2471.5241
2731,95,10.2953,75536.6689,236824.2232,8.0,4,0,0,795.1228,2492.8866
2732,95,10.2989,81119.8348,254328.032,12.0,4,0,0,853.893,2677.1372
2733,95,10.3822,81019.7645,254014.4526,14.0,5,1,1,852.8396,2673.8363
2734,94,10.6541,91582.5936,287132.1283,19.0,5,0,1,974.2829,3054.5971
2735,89,11.0304,88157.6815,276394.8349,21.0,4,0,5,990.5357,3105.5599
2736,89,10.9937,79867.3106,250401.7094,25.0,5,1,1,897.3855,2813.5024
2737,89,11.0112,77556.4195,243157.272,20.0,3,0,0,871.4204,2732.1042
2738,89,11.1429,82369.7244,258248.3755,23.0,3,0,0,925.5025,2901.6671
2739,90,11.1881,83550.8361,261951.6331,26.0,4,1,0,928.3426,2910.5737
2740,89,10.9804,71529.5309,224261.8872,19.0,2,0,1,803.7026,2519.7965
2741,89,10.9537,85467.1256,267959.45,22.0,3,0,0,960.3048,3010.7803
2742,90,10.8827,81631.288,255933.0631,23.0,3,1,0,907.0143,2843.7007
2743,89,10.9,72531.2896,227402.077,25.0,2,0,1,814.9583,2555.0795
2744,89,10.9581,77374.4276,242585.9832,29.0,4,0,0,869.3756,2725.6852
2745,90,10.9751,83554.8944,261963.4284,31.0,4,1,0,928.3877,2910.7048
2746,90,10.9464,71311.8311,223578.4583,21.0,2,0,0,792.3537,2484.2051
2747,90,10.9664,79481.7886,249194.1416,4.0,1,0,0,883.131,2768.8238
2748,90,10.9129,72664.538,227819.3077,5.0,2,1,1,807.3838,2531.3256
2749,90,11.0524,84115.9104,263722.7469,6.0,1,0,0,934.6212,2930.2527
2750,90,10.8731,63645.6907,199542.8195,8.0,2,0,0,707.1743,2217.1424
2751,91,10.7215,75574.579,236942.7948,10.0,3,1,0,830.4899,2603.767
2752,89,10.8925,82243.4269,257852.2985,13.0,3,0,2,924.0834,2897.2168
2753,88,11.0713,84351.9399,264462.9565,16.0,3,0,1,958.5448,3005.2609
2754,88,11.0413,80416.3648,252123.7477,19.0,4,1,1,913.8223,2865.0426
2755,87,11.1455,77637.7555,243412.1577,22.0,3,0,1,892.388,2797.8409
2756,87,11.1434,73359.7166,229999.3004,20.0,2,0,0,843.2151,2643.6701
2757,88,10.9221,68923.1337,216089.4323,22.0,3,1,0,783.2174,2455.5617
2758,88,10.9329,76264.8986,239107.8014,25.0,3,0,0,866.6466,2717.1341
2759,86,11.0317,73054.7962,229042.8045,30.0,5,0,2,849.4744,2663.2884
2760,87,10.9977,73343.4779,229947.4705,36.0,7,1,0,843.0285,2643.0744
2761,87,11.0705,69797.4186,218830.0609,42.0,6,0,0,802.2692,2515.2881
2762,87,11.2333,78971.2799,247592.2705,31.0,4,0,0,907.7159,2845.8882
2763,88,11.0351,65955.2226,206784.297,35.0,5,1,0,749.4912,2349.8216
2764,87,11.0126,62196.0212,194997.2975,39.0,4,0,1,714.8968,2241.3482
2765,87,11.0402,67617.5376,211995.609,43.0,4,0,0,777.2131,2436.7311
2766,87,10.7011,63107.6027,197855.4194,24.0,4,1,1,725.3747,2274.2002
2767,86,10.5765,64392.298,201883.6757,8.0,1,0,1,748.7477,2347.4846
2768,86,10.5508,64986.0952,203745.4995,9.0,1,0,0,755.6523,2369.1337
2769,85,10.6127,76593.5608,240137.8176,10.0,2,1,2,901.1007,2825.1508
2770,85,10.7723,81178.1612,254512.274,12.0,2,0,0,955.0372,2994.262
2771,85,10.7672,68598.9013,215072.8545,12.0,1,0,0,807.0459,2530.2689
2772,86,10.513,65013.4429,203831.5173,0.0,1,1,0,755.9703,2370.1339
2773,84,10.6764,81163.2922,254465.5509,1.0,1,0,2,966.2297,3029.3518
2774,83,10.7844,71883.5662,225371.1471,2.0,1,0,1,866.0671,2715.315
2775,84,10.9788,87872.9098,275502.2568,0.0,1,1,0,1046.1061,3279.7888
2776,84,11.0199,70927.0334,222372.877,1.0,1,0,0,844.3694,2647.2962
2777,83,10.9727,59541.4665,186675.5291,2.0,1,0,1,717.3671,2249.1028
2778,83,11.1437,80094.1796,251113.4007,3.0,2,1,1,964.9901,3025.4627
2779,83,11.2163,69360.1512,217459.8663,4.0,1,0,0,835.6645,2619.9984
2780,83,11.2257,61790.2012,193726.5654,5.0,1,0,0,744.4603,2334.055
2781,84,11.1088,71308.7815,223568.6551,6.0,2,1,0,848.9141,2661.5316
2782,82,11.1257,70836.9357,222090.461,7.0,1,0,2,863.8651,2708.4203
2783,81,11.1082,66448.5022,208331.0846,8.0,1,0,1,820.3519,2571.9887
2784,81,11.1912,72906.6036,228578.9121,9.0,2,1,1,900.0815,2821.9619
2785,81,11.1111,66106.6132,207259.2575,11.0,2,0,0,816.131,2558.7563
2786,80,11.1519,78060.4746,244737.7115,13.0,2,0,1,975.7559,3059.2214
2787,80,11.1638,77696.6087,243597.0882,15.0,3,1,1,971.2076,3044.9636
2788,80,11.255,61569.7736,193035.5283,4.0,1,0,0,769.6222,2412.9441
2789,80,11.4677,70758.0591,221842.9429,0.0,0,0,0,884.4757,2773.0368
2790,81,11.4807,72461.4214,227183.1039,0.0,1,1,0,894.5854,2804.7297
2791,81,11.6906,77344.7896,242494.0968,0.0,0,0,0,954.8739,2993.7543
2792,81,11.7633,65555.0479,205530.214,0.0,0,0,0,809.3216,2537.41
2793,82,11.6684,72161.8489,226244.2081,1.0,2,1,0,880.0225,2759.0757
2794,82,11.4928,56266.1731,176406.5438,2.0,1,0,0,686.1728,2151.2993
2795,82,11.3961,63741.533,199844.6562,3.0,1,0,0,777.3358,2437.13
2796,83,11.2923,67234.9912,210796.7539,4.0,2,1,0,810.0601,2539.7199
2797,83,11.4537,73889.0934,231659.7314,5.0,1,0,0,890.23,2791.0811
2798,83,11.4645,75349.1381,236237.0476,6.0,1,0,0,907.8209,2846.2295
2799,84,11.2759,69039.9376,216456.2022,7.0,2,1,0,821.904,2576.8595
2800,84,11.0746,58596.7483,183713.8957,9.0,2,0,0,697.5803,2187.0702
2801,84,10.8626,60754.8633,190479.9228,11.0,2,0,0,723.2722,2267.6181
2802,85,10.6705,65637.142,205786.7473,13.0,3,1,0,772.2017,2421.0206
2803,84,10.6351,62042.7066,194516.7302,16.0,3,0,1,738.6036,2315.6754
2804,83,10.8856,79079.2988,247931.4751,7.0,2,0,1,952.7626,2987.1262
2805,84,10.8973,72549.2101,227457.9346,10.0,4,1,0,863.6811,2707.8326
2806,83,10.9996,75735.1068,237446.9757,7.0,3,0,1,912.4712,2860.8069
2807,83,11.0422,70981.6087,222542.9846,10.0,3,0,0,855.2001,2681.2408
2808,84,11.0241,73392.2401,230101.1309,13.0,4,1,0,873.7171,2739.2992
2809,84,10.9439,67078.1055,210304.8118,16.0,3,0,0,798.5489,2503.6287
2810,83,10.957,67614.5706,211986.6784,19.0,3,0,1,814.6334,2554.0564
2811,84,10.9283,73243.8268,229636.18,22.0,4,1,0,871.9503,2733.764
2812,83,11.0954,74829.0986,234606.4435,0.0,0,0,1,901.5554,2826.5837
2813,83,11.2096,74624.0429,233964.1172,0.0,0,0,0,899.0849,2818.8448
2814,83,11.0664,70012.421,219504.3411,1.0,2,1,1,843.5231,2644.6306
2815,83,11.1406,79897.6358,250498.1073,3.0,2,0,0,962.6221,3018.0495
2816,81,11.235,68721.9599,215459.4671,5.0,2,0,2,848.4193,2659.9934
2817,82,11.364,78130.6261,244957.3755,5.0,3,1,0,952.8125,2987.2851
2818,82,11.4515,71294.487,223524.2469,7.0,2,0,0,869.445,2725.9055
2819,82,11.5981,76254.9715,239076.9731,9.0,2,0,0,929.9387,2915.5728
2820,82,11.4745,66757.9152,209300.9082,11.0,3,1,1,814.1209,2552.4501
2821,82,11.5772,70993.028,222579.3569,13.0,2,0,0,865.7686,2714.3824
2822,82,11.3236,55291.174,173349.8326,16.0,3,0,0,674.2826,2114.0223
2823,82,10.9453,63586.6807,199358.0982,19.0,4,1,1,775.4473,2431.1963
2824,82,10.9353,69630.1808,218306.5251,22.0,3,0,0,849.1485,2662.2747
2825,82,11.0229,66560.3944,208681.5848,16.0,2,0,0,811.7121,2544.8974
2826,83,11.0573,86365.2887,270775.7567,14.0,3,1,0,1040.5456,3262.3585
2827,83,11.1145,79737.8615,249997.3426,16.0,2,0,0,960.6971,3012.0162
2828,83,11.2835,74450.8078,233420.292,18.0,2,0,0,896.9977,2812.2927
2829,84,11.352,78926.4775,247453.2635,20.0,3,1,0,939.6009,2945.8722
2830,84,11.3353,64384.79,201860.6168,22.0,2,0,0,766.4856,2403.1026
2831,84,11.0939,59569.7206,186763.4448,24.0,2,0,0,709.1633,2223.3743
2832,85,11.0518,74795.4513,234500.6912,26.0,3,1,0,879.9465,2758.8317
2833,85,11.1424,77763.8966,243807.5422,28.0,2,0,0,914.8694,2868.324
2834,85,11.0096,65776.2581,206223.7444,9.0,1,0,0,773.8383,2426.1617
2835,86,10.8239,68478.2595,214694.8944,10.0,2,1,0,796.2588,2496.4523
2836,86,10.7976,67009.7697,210090.4967,1.0,1,0,0,779.1834,2442.9128
2837,86,10.7447,75389.5801,236363.7175,4.0,3,0,0,876.623,2748.4153
2838,87,10.6618,78165.87,245067.4753,6.0,4,1,0,898.4583,2816.8675
2839,87,10.7733,79670.5816,249785.6012,10.0,4,0,0,915.7538,2871.0989
2840,87,10.9899,80868.8585,253542.0936,14.0,4,0,0,929.5271,2914.2769
2841,88,10.8888,71703.1857,224804.8156,18.0,5,1,0,814.8089,2554.6002
2842,88,10.8535,69981.9995,219408.5037,22.0,4,0,0,795.25,2493.2785
2843,88,11.0035,78185.5595,245129.1372,26.0,4,0,0,888.4723,2785.5584
2844,89,10.9652,74170.3889,232540.667,17.0,3,1,0,833.3752,2612.8165
2845,89,10.9529,67469.1279,211530.7157,19.0,2,0,0,758.0801,2376.7496
2846,89,10.9462,78442.0396,245933.8633,0.0,0,0,0,881.3712,2763.3018
2847,90,10.813,75994.4635,238259.293,0.0,1,1,0,844.3829,2647.3255
2848,89,10.8812,73475.1432,230360.4361,1.0,1,0,1,825.5634,2588.3195
2849,89,11.008,73546.9681,230586.1586,2.0,1,0,0,826.3704,2590.8557
2850,90,10.9249,72083.1263,225996.8364,3.0,2,1,0,800.9236,2511.076
2851,90,11.1138,80043.6994,250955.0218,4.0,1,0,0,889.3744,2788.3891
2852,90,11.2019,73386.7565,230083.7414,5.0,1,0,0,815.4084,2556.486
2853,91,11.0768,74524.8456,233652.6354,6.0,2,1,0,818.9543,2567.6114
2854,91,11.0835,72007.6173,225760.0031,7.0,1,0,0,791.2925,2480.8792
2855,90,11.1367,68701.4473,215394.7761,8.0,1,0,1,763.3494,2393.2753
2856,91,11.0644,79695.5546,249863.7985,0.0,1,1,0,875.7753,2745.756
2857,91,11.0909,79463.2449,249135.4896,1.0,1,0,0,873.2225,2737.7526
2858,91,11.0797,81858.5321,256645.7118,3.0,2,0,0,899.5443,2820.2825
2859,92,10.9123,70633.6899,221452.4887,3.0,3,1,0,767.7575,2407.0923
2860,92,10.8519,75262.5692,235964.9098,5.0,2,0,0,818.0714,2564.836
2861,91,10.9888,81922.771,256846.2358,7.0,2,0,1,900.2502,2822.4861
2862,92,10.9849,77850.662,244079.0081,5.0,2,1,0,846.2028,2653.0327
2863,92,11.1206,81373.3836,255124.5107,6.0,1,0,0,884.4933,2773.0925
2864,91,11.1409,70167.0964,219989.5013,7.0,1,0,1,771.067,2417.467
2865,92,10.8679,68530.8645,214859.6426,8.0,2,1,0,744.9007,2335.4309
2866,92,10.7147,71050.2051,222758.1229,9.0,1,0,0,772.2848,2421.2839
2867,90,10.5805,79170.5323,248217.9925,10.0,1,0,2,879.6726,2757.9777
2868,91,10.223,69695.5086,218510.9211,11.0,2,1,0,765.8847,2401.2189
2869,91,10.0631,70923.3864,222360.6439,14.0,3,0,0,779.3779,2443.5236
2870,91,10.0524,81416.3623,255258.1159,19.0,5,0,0,894.6853,2805.0342
2871,92,9.8941,75579.1199,236956.895,21.0,5,1,0,821.5122,2575.6184
2872,91,9.9237,76409.3239,239559.6085,26.0,5,0,1,839.6629,2632.5232
2873,91,10.0124,81255.4596,254753.2705,33.0,7,0,0,892.9171,2799.4865
2874,92,9.9831,83273.4198,261080.6594,38.0,7,1,0,905.1459,2837.8333
2875,92,10.0493,73847.8848,231528.6903,40.0,5,0,0,802.6944,2516.6162
2876,91,10.0918,73253.3799,229665.4526,45.0,5,0,1,804.9822,2523.7962
2877,92,10.0742,74129.0877,232410.5969,50.0,6,1,0,805.751,2526.2021
2878,91,10.1089,70691.4192,221632.5491,39.0,5,0,1,776.8288,2435.5225
2879,90,10.3068,85861.3349,269194.3995,37.0,4,0,1,954.0148,2991.0489
2880,91,10.3345,77632.8364,243395.835,18.0,4,1,0,853.1081,2674.6795
2881,91,10.4609,74910.3042,234861.2257,8.0,2,0,0,823.1902,2580.8926
2882,90,10.6605,80857.9705,253507.9032,5.0,1,0,1,898.4219,2816.7545
2883,90,10.7607,81572.4026,255748.0742,6.0,2,1,1,906.36,2841.6453
2884,90,10.8959,79496.5541,249239.7848,0.0,0,0,0,883.295,2769.3309
2885,90,11.102,85171.0961,267031.2876,0.0,0,0,0,946.3455,2967.0143
2886,91,11.07,81607.6087,255858.4041,0.0,1,1,0,896.7869,2811.6308
2887,91,11.0904,76693.1754,240450.6807,1.0,1,0,0,842.7821,2642.3152
2888,91,11.031,76200.1575,238905.4723,0.0,0,0,0,837.3644,2625.3349
2889,91,10.9321,76658.228,240340.642,1.0,2,1,1,842.3981,2641.106
2890,90,11.0112,71237.2267,223344.6901,2.0,2,0,1,791.5247,2481.6077
2891,90,11.0913,74787.6661,234475.9447,4.0,2,0,0,830.9741,2605.2883
2892,90,11.1489,84989.6929,266462.4928,6.0,3,1,1,944.3299,2960.6944
2893,89,11.1431,70023.5432,219539.7446,8.0,2,0,1,786.7814,2466.7387
2894,89,11.3084,76483.7244,239793.7441,11.0,3,0,0,859.3677,2694.3117
2895,87,11.106,72122.8697,226120.9912,14.0,4,1,3,828.9985,2599.0919
2896,86,11.0261,67625.3781,212020.4885,17.0,3,0,1,786.3416,2465.3545
2897,84,11.1337,69874.436,219071.7332,20.0,3,0,2,831.8385,2607.9968
2898,84,10.9798,67254.7089,210858.3797,23.0,4,1,1,800.6513,2510.2188
2899,84,10.9368,67993.556,213175.3113,26.0,3,0,0,809.4471,2537.8013
2900,84,10.853,62652.9809,196430.6338,0.0,0,0,0,745.8688,2338.4599
2901,85,10.6891,63136.1271,197945.06,2.0,3,1,0,742.778,2328.7654
2902,84,10.7557,70498.859,221029.4014,2.0,1,0,1,839.2721,2631.3024
2903,84,10.519,67171.4812,210597.8274,3.0,1,0,0,799.6605,2507.117
2904,85,10.5883,80932.7931,253743.2252,0.0,1,1,0,952.1505,2985.2144
2905,85,10.7517,79222.8991,248382.3695,0.0,0,0,0,932.0341,2922.1455
2906,85,10.8855,78721.71,246811.5168,0.0,0,0,0,926.1378,2903.6649
2907,85,10.9325,82860.6487,259787.5988,1.0,2,1,1,974.8312,3056.3247
2908,85,11.1136,85806.3553,269023.0772,3.0,2,0,0,1009.4865,3164.9774
2909,83,11.3891,81262.6062,254777.9277,5.0,2,0,2,979.0675,3069.6136
2910,84,11.3996,81366.0729,255101.6115,7.0,3,1,0,968.6437,3036.9239
2911,82,11.2183,59564.2219,186746.7639,5.0,2,0,2,726.3929,2277.3996
2912,81,11.2676,69999.3432,219463.876,5.0,1,0,1,864.1894,2709.4306
2913,82,11.1654,72340.1412,226802.7819,6.0,2,1,0,882.1968,2765.8876
2914,81,11.0488,65029.3629,203881.9104,0.0,0,0,1,802.8316,2517.0606
2915,81,11.1287,70515.3543,221081.698,0.0,0,0,0,870.5599,2729.4037
2916,82,11.0508,68431.6446,214548.955,0.0,1,1,0,834.5323,2616.4507
2917,81,11.2132,74926.6472,234912.2669,1.0,1,0,1,925.0203,2900.1514
2918,81,11.2018,63737.9779,199833.1372,2.0,1,0,0,786.8886,2467.0758
2919,81,11.1673,67242.383,210820.0679,0.0,1,1,1,830.1529,2602.7169
2920,81,11.3546,79148.1532,248147.7542,0.0,0,0,0,977.1377,3063.5525
2921,81,11.3001,68667.4578,215288.6818,0.0,0,0,0,847.7464,2657.885
2922,82,11.2049,70115.437,219828.0029,1.0,2,1,0,855.0663,2680.8293
2923,82,11.2484,73782.5775,231325.1787,3.0,2,0,0,899.7875,2821.0388
2924,82,11.1434,58627.9851,183811.6329,6.0,3,0,0,714.9754,2241.6053
2925,83,10.7912,61397.3589,192493.9381,9.0,4,1,0,739.7272,2319.2041
2926,83,10.6069,60419.0311,189426.4931,12.0,3,0,0,727.9401,2282.2469
2927,83,10.7227,72303.4551,226686.6553,10.0,3,0,0,871.126,2731.1645
2928,84,10.6052,58921.3579,184730.1976,8.0,3,1,0,701.4447,2199.169
2929,84,10.8566,73075.1487,229106.4409,7.0,1,0,0,869.9422,2727.4576
2930,84,10.9644,71035.6163,222712.4846,8.0,1,0,0,845.6621,2651.3391
2931,84,10.8487,66856.1752,209609.208,9.0,2,1,1,795.9068,2495.3477
2932,84,11.0425,76420.8036,239597.0961,10.0,1,0,0,909.7715,2852.3464
2933,84,11.1831,84496.4247,264916.0039,11.0,1,0,0,1005.9098,3153.762
2934,85,11.0714,71619.0413,224542.2777,12.0,2,1,0,842.577,2641.6739
2935,85,11.0528,64156.1339,201143.7808,13.0,1,0,0,754.778,2366.3974
2936,85,11.1708,76830.1745,240880.1104,14.0,1,0,0,903.8844,2833.8837
2937,85,10.888,63025.5878,197598.9889,16.0,3,1,1,741.4775,2324.694
2938,84,10.8516,65934.0652,206717.8761,19.0,3,0,1,784.9293,2460.9271
2939,84,10.9013,67008.4387,210086.0783,19.0,2,0,0,797.7195,2501.0247
2940,84,10.532,64785.5103,203116.8849,3.0,2,1,1,771.2561,2418.0582
2941,84,10.3738,61449.5779,192657.5022,4.0,1,0,0,731.5426,2293.5417
2942,84,10.3769,67383.2515,211261.6504,5.0,1,0,0,802.1816,2515.0196
2943,85,10.3987,71061.9289,222794.5073,6.0,2,1,0,836.0227,2621.1119
2944,84,10.511,65578.9202,205604.1061,2.0,2,0,1,780.7014,2447.6679
2945,83,10.817,84170.0321,263892.2837,2.0,1,0,1,1014.0968,3179.4251
2946,84,10.6787,68892.9154,215994.7394,3.0,2,1,0,820.1538,2571.3659
2947,83,10.6126,66197.1019,207542.9423,4.0,1,0,1,797.5554,2500.5174
2948,83,10.6908,69857.9736,219020.4769,5.0,1,0,0,841.6623,2638.8009
2949,83,10.6789,65738.36,206103.8061,7.0,3,1,1,792.0284,2483.1784
2950,83,10.8593,73192.6276,229475.1388,10.0,3,0,0,881.8389,2764.7607
2951,83,10.7519,61921.3423,194136.754,13.0,3,0,0,746.0403,2338.997
2952,84,10.3986,60328.6273,189142.8918,16.0,4,1,0,718.1979,2251.7011
2953,84,10.3876,63231.5972,198244.7392,19.0,3,0,0,752.7571,2360.0564
2954,84,10.4674,65267.182,204626.5853,22.0,3,0,0,776.9903,2436.0308
2955,85,10.3623,69808.6138,218865.0771,18.0,3,1,0,821.2778,2574.8833
2956,85,10.5791,74549.6185,233729.1432,20.0,2,0,0,877.0543,2749.7546
2957,84,10.729,78473.1278,246031.0997,23.0,3,0,1,934.2039,2928.9417
2958,84,10.4644,68951.6707,216179.1681,26.0,4,1,1,820.8532,2573.5615
2959,84,10.5061,72642.2398,227749.9264,29.0,3,0,0,864.7886,2711.3086
2960,84,10.539,67721.7518,212322.4987,33.0,4,0,0,806.2113,2527.6488
2961,85,10.2961,63158.0654,198014.1709,14.0,3,1,0,743.0361,2329.5785
2962,85,10.3627,70757.1754,221839.2574,14.0,2,0,0,832.4374,2609.8736
2963,85,10.3901,70216.2981,220143.9932,16.0,2,0,0,826.0741,2589.9293
2964,85,10.3642,80382.287,252016.3336,18.0,3,1,1,945.674,2964.898
2965,85,10.1706,56444.1888,176964.311,20.0,2,0,0,664.0493,2081.9331
2966,85,10.3147,77736.774,243721.9598,22.0,2,0,0,914.5503,2867.3172
2967,86,10.415,79191.9607,248284.5992,25.0,4,1,0,920.8368,2887.0302
2968,83,10.6959,70237.8774,220211.5251,28.0,3,0,3,846.2395,2653.1509
2969,83,10.8758,77369.7995,242571.9388,31.0,3,0,0,932.1663,2922.5535
2970,82,10.7876,59254.7645,185776.4953,9.0,2,1,2,722.6191,2265.567
2971,81,11.0953,81507.4848,255545.0537,0.0,0,0,1,1006.2652,3154.8772
2972,81,11.2209,68146.4035,213654.4324,0.0,0,0,0,841.3136,2637.709
2973,82,10.8228,59019.4208,185039.4445,0.0,1,1,0,719.749,2256.5786
2974,82,10.5716,63605.6701,199418.0768,0.0,0,0,0,775.6789,2431.9278
2975,82,10.2862,59806.2367,187505.7983,1.0,1,0,0,729.3444,2286.6561
2976,82,9.9652,67819.1471,212628.3932,4.0,4,1,1,827.0628,2593.0292
2977,82,9.8786,61582.4981,193074.4782,8.0,4,0,0,751.0061,2354.5668
2978,82,9.9567,72404.173,227003.0961,12.0,4,0,0,882.9777,2768.3304
2979,83,9.6553,63428.9422,198863.2148,16.0,5,1,0,764.2041,2395.9423
2980,83,9.9287,78068.1834,244761.2477,11.0,2,0,0,940.5805,2948.9307
2981,83,10.0866,75300.2169,236082.7794,13.0,2,0,0,907.2315,2844.3708
2982,84,10.0161,65622.0208,205739.1796,10.0,4,1,0,781.2145,2449.2759
2983,84,10.1056,70007.9791,219490.4285,13.0,3,0,0,833.4283,2612.9813
2984,84,10.1771,75648.3271,237174.566,17.0,4,0,0,900.5753,2823.5067
2985,85,10.1259,74746.5572,234346.4575,21.0,5,1,0,879.3713,2757.0171
2986,85,10.1031,67151.4781,210534.2315,13.0,3,0,0,790.0174,2476.8733
2987,84,9.9905,66824.5882,209509.3465,12.0,4,0,1,795.5308,2494.1589
2988,85,10.0221,76149.4443,238744.9934,16.0,5,1,0,895.8758,2808.7646
2989,85,10.2434,72851.0057,228403.1624,20.0,4,0,0,857.0707,2687.096
2990,85,10.5922,81077.0167,254194.4891,8.0,2,0,0,953.8473,2990.5234
2991,85,10.7008,66071.1798,207147.0255,10.0,2,0,0,777.308,2437.0238
2992,85,10.5451,75592.8403,237000.5746,12.0,3,1,1,889.3275,2788.2421
2993,85,10.796,84991.7066,266469.0803,14.0,2,0,0,999.9024,3134.9304
2994,86,10.8077,76638.9295,240280.4483,16.0,3,1,0,891.1503,2793.9587
2995,86,11.0262,75540.7294,236836.9802,19.0,3,0,0,878.3806,2753.9184
2996,86,11.1221,71297.523,223533.9395,12.0,2,0,0,829.041,2599.2319
2997,86,11.0271,66815.1284,209480.0805,14.0,3,1,1,776.9201,2435.8149
2998,86,10.8639,58014.8684,181889.5262,16.0,2,0,0,674.5915,2114.9945
2999,85,10.886,69242.148,217089.6847,18.0,2,0,1,814.6135,2553.9963
3000,86,10.9695,79355.6625,248797.7569,20.0,3,1,0,922.7403,2892.9972
3001,86,11.0568,68079.6262,213444.4512,22.0,2,0,0,791.6236,2481.9122
3002,86,11.08,70007.5531,219489.521,24.0,2,0,0,814.0413,2552.2037
3003,87,10.8664,67592.773,211918.2516,26.0,3,1,0,776.9284,2435.842
3004,87,10.8496,68598.8305,215072.8713,0.0,0,0,0,788.4923,2472.102
3005,86,10.8992,74088.276,232283.7344,0.0,0,0,1,861.4916,2700.9737
3006,87,10.7114,68564.081,214963.4289,1.0,2,1,0,788.0929,2470.844
3007,86,10.6788,63676.2806,199639.3666,3.0,2,0,1,740.4219,2321.388
3008,86,10.7901,68481.2748,214704.1293,5.0,2,0,0,796.2939,2496.5596
3009,87,10.7465,72694.15,227911.8684,4.0,2,1,0,835.5649,2619.6766
3010,87,10.8691,71476.3874,224094.7582,6.0,2,0,0,821.5677,2575.8018
3011,87,10.946,73549.2687,230593.7305,0.0,0,0,0,845.3939,2650.5026
3012,88,10.7694,58154.6095,182326.8898,0.0,1,1,0,660.8478,2071.8965
3013,88,10.695,67104.3763,210387.0989,0.0,0,0,0,762.5497,2390.7625
3014,87,10.6789,70339.4935,220529.9857,1.0,1,0,1,808.4999,2534.8274
3015,88,10.4568,63545.3222,199228.7199,2.0,2,1,0,722.1059,2263.9627
3016,87,10.5626,74274.1215,232866.1196,3.0,1,0,1,853.7255,2676.6221
3017,87,10.685,73188.8912,229463.496,0.0,0,0,0,841.2516,2637.5114
3018,88,10.7975,85741.8962,268820.7497,1.0,2,1,0,974.3397,3054.7812
3019,88,10.8404,72760.4392,228120.3341,2.0,1,0,0,826.8232,2592.2765
3020,88,10.6659,69022.6608,216402.1955,3.0,1,0,0,784.3484,2459.1159
3021,89,10.3493,62586.9436,196223.6346,4.0,2,1,0,703.2241,2204.7599
3022,88,10.4289,75205.9833,235787.5921,5.0,1,0,1,854.6134,2679.4045
3023,87,10.4291,69706.0597,218543.5193,6.0,1,0,1,801.2191,2511.9945
3024,87,10.5999,73714.6176,231111.9077,7.0,1,0,0,847.2945,2656.4587
3025,87,10.6022,67314.8946,211047.1873,8.0,2,1,1,773.7344,2425.8297
3026,86,10.7893,72573.1748,227533.563,0.0,0,0,1,843.8741,2645.7391
3027,86,10.8357,78788.7625,247021.3123,0.0,1,1,1,916.1484,2872.3408
3028,86,10.6539,65625.8605,205751.751,0.0,0,0,0,763.0914,2392.4622
3029,86,10.6142,67735.1876,212365.2728,0.0,0,0,0,787.6185,2469.3636
3030,87,10.6941,79293.1121,248601.7116,0.0,1,1,0,911.4151,2857.4909
3031,87,10.7973,73754.3583,231236.8079,0.0,0,0,0,847.7512,2657.8943
3032,87,10.9141,86195.8915,270244.2202,0.0,0,0,0,990.7574,3106.2554
3033,86,11.1027,78701.7286,246748.1779,1.0,1,0,1,915.1364,2869.1649
3034,86,11.0931,69262.811,217154.8207,2.0,1,0,0,805.3815,2525.0561
3035,87,11.0035,64849.1458,203316.1417,3.0,2,1,0,745.3925,2336.9671
3036,88,10.9124,75411.1086,236430.0869,5.0,3,1,0,856.9444,2686.7055
3037,88,10.8035,59252.7676,185769.5385,7.0,2,0,0,673.3269,2111.0175
3038,88,10.9216,73227.8727,229585.9264,9.0,2,0,0,832.1349,2608.931
3039,89,10.9299,76689.69,240439.291,11.0,3,1,0,861.6819,2701.5651
3040,88,11.0783,72172.7878,226278.3616,13.0,2,0,1,820.1453,2571.345
3041,88,10.8992,61823.6003,193830.7992,6.0,1,0,0,702.5409,2202.6227
3042,89,10.7371,77930.3948,244329.6319,7.0,2,1,0,875.6224,2745.2768
3043,89,10.8637,72943.4263,228693.7129,8.0,1,0,0,819.5891,2569.5923
3044,89,10.9879,79385.2778,248890.933,9.0,1,0,0,891.9694,2796.5273
3045,90,10.9255,76867.4667,240997.1001,11.0,3,1,0,854.083,2677.7456
3046,90,11.0579,76940.0699,241224.2145,13.0,2,0,0,854.8897,2680.2691
3047,89,11.1756,72786.8243,228202.7255,15.0,2,0,1,817.8295,2564.0756
3048,90,11.1074,64883.2786,203422.9222,13.0,2,1,0,720.9253,2260.2547
3049,89,11.2872,67605.5881,211958.1056,14.0,1,0,1,759.6133,2381.5517
3050,88,11.4014,73776.9125,231307.3758,16.0,2,0,1,838.374,2628.4929
3051,88,11.1174,58734.428,184144.8885,18.0,3,1,1,667.4367,2092.5556
3052,87,10.9035,55632.2554,174419.0499,20.0,2,0,1,639.4512,2004.8167
3053,87,10.8314,72116.4439,226101.5416,0.0,0,0,0,828.9246,2598.8683
3054,87,10.663,65178.014,204347.3052,0.0,1,1,1,749.1726,2348.8196
3055,87,10.7042,78456.2286,245977.5461,1.0,1,0,0,901.7957,2827.3281
3056,87,10.6739,68584.5466,215028.4332,3.0,2,0,0,788.3281,2471.5912
3057,88,10.7914,85854.9356,269175.2411,4.0,3,1,0,975.6243,3058.8096
3058,88,10.9916,78681.7749,246685.7231,6.0,2,0,0,894.1111,2803.2469
3059,88,11.116,79870.3086,250412.3213,8.0,2,0,0,907.6171,2845.5946
3060,89,10.9602,80390.9222,252044.3889,10.0,3,1,0,903.2688,2831.9594
3061,89,10.7399,68443.9297,214587.5002,13.0,3,0,0,769.0329,2411.0955
3062,89,10.5989,70217.6692,220147.6588,14.0,2,0,0,788.9626,2473.5692
3063,88,10.4378,73249.812,229654.509,16.0,3,1,2,832.3842,2609.7103
3064,88,10.4326,70676.3534,221585.9835,20.0,4,0,0,803.1404,2518.0225
3065,87,10.4451,74573.9143,233806.0918,24.0,4,0,1,857.1714,2687.4263
3066,88,10.5568,84387.8451,264575.1294,16.0,4,1,0,958.9528,3006.5356
3067,87,10.6323,68831.1956,215801.844,8.0,2,0,1,791.1632,2480.481
3068,87,10.9425,84004.8299,263374.2047,6.0,2,0,0,965.5728,3027.2897
3069,88,10.6498,62876.6672,197132.2974,8.0,3,1,0,714.5076,2240.1397
3070,88,10.6467,79120.9823,248061.9404,10.0,2,0,0,899.1021,2818.8857
3071,88,10.4233,60691.4377,190281.4258,13.0,3,0,0,689.6754,2162.2889
3072,88,10.4916,73924.4464,231769.1387,9.0,5,1,1,840.0505,2633.7402
3073,88,10.783,88835.8659,278520.7685,14.0,5,0,0,1009.4985,3165.0087
3074,88,10.8671,72148.0393,226199.8308,15.0,4,0,0,819.8641,2570.4526
3075,88,10.8511,81374.7205,255128.5495,7.0,2,0,0,924.7127,2899.1881
3076,88,10.9,79919.2128,250565.2922,9.0,2,0,0,908.1729,2847.3329
3077,87,11.0749,79770.0156,250097.5475,12.0,3,0,1,916.8967,2874.6845
3078,89,10.8009,73439.1978,230248.0099,16.0,6,2,0,825.1595,2587.0563
3079,89,10.7543,71573.5439,224399.0157,20.0,4,0,0,804.1971,2521.3373
3080,89,10.8386,78253.8043,245343.5518,24.0,4,0,0,879.2562,2756.6691
3081,90,10.7601,73216.3118,229549.3568,29.0,6,1,0,813.5146,2550.5484
3082,90,10.8724,81098.5494,254262.1382,34.0,5,0,0,901.095,2825.1349
3083,89,10.8955,70370.5051,220627.4192,37.0,5,0,1,790.6798,2478.9598
3084,89,10.8869,73660.4213,230941.6655,41.0,5,0,0,827.6452,2594.8502
3085,89,10.6957,70366.2151,220613.327,19.0,4,1,1,790.6316,2478.8014
3086,88,10.5514,63268.4945,198360.087,12.0,2,0,1,718.9602,2254.0919
3087,89,10.4571,76620.2153,240221.6206,0.0,1,1,0,860.9013,2699.1193
3088,89,10.5472,77905.4078,244250.7506,1.0,1,0,0,875.3417,2744.3905
3089,88,10.5762,67208.1833,210712.007,4.0,3,0,1,763.7294,2394.4546
3090,88,10.8139,97427.2844,305457.2944,5.0,3,1,1,1107.1282,3471.1056
3091,88,10.9418,82401.7415,258348.6386,7.0,2,0,0,936.3834,2935.78
3092,88,11.0078,78352.4105,245653.6145,5.0,1,0,0,890.3683,2791.5183
3093,88,11.0864,84501.7042,264932.1954,6.0,2,1,1,960.2466,3010.5931
3094,88,11.1938,82030.2723,257185.0776,7.0,1,0,0,932.1622,2922.5577
3095,86,11.3691,80441.3281,252202.6915,0.0,0,0,2,935.3643,2932.5894
3096,87,11.1423,72931.843,228658.3967,0.0,1,1,0,838.297,2628.2574
3097,87,11.0678,69278.0686,217203.0598,0.0,0,0,0,796.2996,2496.5869
3098,87,10.8109,59357.3871,186098.3925,2.0,2,0,0,682.2688,2139.062
3099,88,10.8044,76993.7695,241392.6609,2.0,2,1,0,874.9292,2743.0984
3100,88,10.9409,77094.1656,241708.2456,4.0,2,0,0,876.0701,2746.6846
3101,88,11.1362,83178.0646,260782.6758,6.0,2,0,0,945.2053,2963.4395
3102,89,11.0837,71546.1296,224313.7811,8.0,3,1,0,803.8891,2520.3796
3103,89,11.2459,82088.2079,257365.2677,10.0,2,0,0,922.3394,2891.7446
3104,89,11.162,62530.0722,196045.0082,12.0,2,0,0,702.5851,2202.7529
3105,90,11.0166,65042.4055,203922.0714,14.0,3,1,0,722.6934,2265.8008
3106,89,11.1843,73282.0356,229755.5697,16.0,2,0,1,823.3937,2581.5233
3107,89,11.3614,77626.8403,243378.1203,18.0,2,0,0,872.2117,2734.5856
3108,90,11.2676,76072.6129,238504.6726,20.0,3,1,0,845.2513,2650.0519
3109,90,11.1886,68129.4537,213600.9423,0.0,0,0,0,756.9939,2373.3438
3110,90,11.3098,74920.723,234893.2836,0.0,0,0,0,832.4525,2609.9254
3111,91,11.1368,79457.1128,249117.2803,0.0,1,1,0,873.1551,2737.5525
3112,91,10.9239,69410.6192,217618.4388,0.0,0,0,0,762.7541,2391.4114
3113,91,10.8848,80716.8041,253065.5235,0.0,0,0,0,886.9978,2780.9398
3114,92,10.5566,65382.7652,204989.182,1.0,2,1,0,710.6822,2228.1433
3115,92,10.3974,64454.7492,202079.5715,5.0,4,0,0,700.5951,2196.5171
3116,92,10.3709,72942.0646,228688.581,10.0,5,0,0,792.8485,2485.7454
3117,93,10.3262,77009.8433,241442.6719,16.0,7,1,0,828.0628,2596.1578
3118,93,10.2914,73533.6738,230543.4554,20.0,5,0,0,790.6847,2478.9619
3119,93,10.3165,73843.3159,231514.6765,25.0,5,0,0,794.0141,2489.4051
3120,94,10.4018,82491.1177,258627.9992,24.0,5,1,0,877.5651,2751.3617
3121,94,10.6681,91920.6048,288192.2151,28.0,4,0,0,977.8788,3065.8746
3122,93,10.7086,78953.4232,247536.5538,33.0,5,0,1,848.9615,2661.6834
3123,94,10.7449,88643.7161,277917.9533,38.0,6,1,0,943.0183,2956.574
3124,93,10.6514,77937.5174,244351.7386,43.0,5,0,1,838.0378,2627.438
3125,93,10.7285,82470.2769,258562.7119,26.0,4,0,0,886.7772,2780.2442
3126,94,10.5591,67409.2255,211342.6256,11.0,2,1,0,717.1194,2248.3258
3127,94,10.4673,75202.9942,235778.1955,13.0,2,0,0,800.0319,2508.2787
3128,93,10.1248,67874.5785,212802.0642,15.0,2,0,1,729.8342,2288.1942
3129,94,9.7068,71477.2002,224096.9089,18.0,4,1,0,760.3957,2384.0097
3130,93,9.8547,89623.0235,280988.1267,8.0,4,0,1,963.6884,3021.3777
3131,93,10.0734,82924.3679,259985.6439,11.0,4,0,0,891.6599,2795.5446
3132,94,10.3194,96270.4149,301829.5217,12.0,7,1,0,1024.1533,3210.9524
3133,93,10.7499,100108.9089,313864.521,7.0,3,0,1,1076.4399,3374.8873
3134,93,11.0537,89239.468,279786.3511,6.0,2,0,0,959.5642,3008.4554
3135,94,11.0006,76251.2918,239065.3129,4.0,2,1,0,811.184,2543.248
3136,94,11.1961,90637.6849,284170.2932,5.0,1,0,0,964.2307,3023.0882
3137,94,11.3742,83322.1142,261234.2381,6.0,1,0,0,886.4055,2779.0876
3138,95,11.4215,91695.0285,287485.5875,7.0,2,1,0,965.2108,3026.1641
3139,95,11.4175,76303.9644,239230.5294,1.0,1,0,0,803.1996,2518.2161
3140,95,11.4451,82546.2445,258801.6274,3.0,2,0,0,868.9078,2724.2277
3141,96,11.2116,81264.8055,254784.3744,5.0,3,1,0,846.5084,2654.0039
3142,95,11.0406,68410.4506,214481.6116,3.0,1,0,1,720.11,2257.7012
3143,94,11.1316,76926.8488,241182.9977,1.0,1,0,1,818.3707,2565.7766
3144,95,11.0847,75250.9514,235928.3953,2.0,2,1,0,792.1153,2483.4568
3145,94,11.1324,80677.1898,252941.5884,4.0,2,0,1,858.268,2690.868
3146,93,11.1824,84375.8608,264538.1876,6.0,2,0,1,907.2673,2844.4966
3147,94,11.1958,85426.6396,267832.1401,5.0,2,1,0,908.794,2849.2781
3148,94,11.2722,81633.9829,255942.0061,6.0,1,0,0,868.4466,2722.7873
3149,94,11.4277,80134.1992,251238.9599,0.0,0,0,0,852.4915,2672.7549
3150,95,11.374,76036.2228,238391.0077,0.0,1,1,0,800.3813,2509.379
3151,95,11.3131,68848.0096,215854.0577,1.0,1,0,0,724.7159,2272.148
3152,94,11.2139,74602.4806,233895.7195,2.0,1,0,1,793.6434,2488.2523
3153,95,11.0085,70091.9913,219754.1194,3.0,2,1,0,737.8104,2313.2013
3154,95,10.8504,66481.629,208434.9381,4.0,1,0,0,699.8066,2194.052
3155,94,10.5907,78406.2969,245821.6773,5.0,1,0,1,834.1095,2615.1242
3156,95,10.2507,72555.9854,227479.1927,6.0,2,1,0,763.7472,2394.5178
3157,95,10.2639,77986.075,244504.2863,7.0,1,0,0,820.9061,2573.7293
3158,95,10.3024,76021.2972,238343.3733,9.0,2,0,0,800.2242,2508.8776
3159,95,10.4197,87486.1797,274289.7628,13.0,5,1,1,920.9072,2887.2607
3160,95,10.5803,91123.0974,285692.0989,15.0,3,0,0,959.1905,3007.2853
3161,95,10.727,79277.3876,248552.2726,18.0,3,0,0,834.4988,2616.3397
3162,94,10.9196,92678.0939,290567.2745,18.0,4,1,2,985.9372,3091.1412
3163,94,11.0512,83849.1555,262886.3253,15.0,2,0,0,892.0123,2796.663
3164,94,11.2281,91534.2635,286980.7095,0.0,0,0,0,973.7688,3052.9863
3165,95,10.9468,71011.4181,222637.1343,0.0,1,1,0,747.4886,2343.5488
3166,95,11.0932,90682.7041,284311.4587,0.0,0,0,0,954.5548,2992.7522
3167,94,10.962,74762.1509,234396.0654,0.0,0,0,1,795.342,2493.5752
3168,95,10.9557,81937.02,256891.5779,1.0,2,1,0,862.4949,2704.1219
3169,95,10.9601,76365.4247,239422.4555,2.0,1,0,0,803.8466,2520.2364
3170,95,10.9467,69342.6967,217404.5396,3.0,1,0,0,729.9231,2288.4688
3171,96,10.9199,91029.3888,285398.3965,4.0,2,1,0,948.2228,2972.9
3172,95,11.0408,81700.3451,256149.0867,5.0,1,0,1,860.0036,2696.3062
3173,95,11.0011,67154.3285,210543.3071,6.0,1,0,0,706.8877,2216.2453
3174,96,10.9237,81290.214,254863.1314,7.0,2,1,0,846.7731,2654.8243
3175,96,10.8988,72169.384,226266.8209,8.0,1,0,0,751.7644,2356.9461
3176,96,10.6742,72050.6489,225895.1333,9.0,1,0,0,750.5276,2353.0743
3177,97,10.5976,85116.4982,266859.6076,10.0,2,1,0,877.4897,2751.13
3178,97,10.4952,75506.1568,236728.0449,11.0,1,0,0,778.414,2440.4953
3179,95,10.3736,71933.2576,225525.9574,1.0,1,0,2,757.1922,2373.9574
3180,96,10.3665,87646.2718,274790.9257,3.0,3,1,0,912.982,2862.4055
3181,96,10.5848,87616.2611,274696.9821,5.0,2,0,0,912.6694,2861.4269
3182,96,10.5994,65960.206,206799.5692,7.0,2,0,0,687.0855,2154.1622
3183,97,10.6875,91115.6472,285668.0347,10.0,4,1,0,939.3366,2945.0313
3184,97,10.8273,85247.8227,267272.1231,2.0,1,0,0,878.8435,2755.3827
3185,97,10.9214,86794.9476,272122.3616,0.0,0,0,0,894.7933,2805.3852
3186,98,10.7885,73698.7009,231062.1297,0.0,1,1,0,752.0276,2357.7768
3187,97,11.0298,87766.6361,275168.5584,0.0,0,0,1,904.8107,2836.7893
3188,97,11.0651,75813.4294,237692.7625,0.0,0,0,0,781.5817,2450.4409
3189,98,11.0947,87608.0037,274670.7717,0.0,1,1,0,893.9592,2802.763
3190,98,11.1412,84428.3418,264703.0319,0.0,0,0,0,861.5137,2701.0513
3191,98,11.1199,81345.7018,255037.3371,0.0,0,0,0,830.0582,2602.4218
3192,98,11.0855,79283.2488,248571.0362,0.0,1,1,1,809.0127,2536.4391
3193,97,11.2134,89599.3335,280914.5457,0.0,0,0,1,923.7045,2896.0262
3194,95,11.1915,68393.7056,214429.8966,0.0,0,0,2,719.9337,2257.1568
3195,96,11.0595,71684.7098,224747.0986,1.0,2,1,0,746.7157,2341.1156
3196,96,11.1063,76651.4507,240319.1935,2.0,1,0,0,798.4526,2503.3249
3197,96,11.0532,71076.3785,222840.2455,4.0,2,0,0,740.3789,2321.2526
3198,97,10.9414,81174.1847,254499.1574,6.0,3,1,0,836.8473,2623.7027
3199,97,10.85,77627.0709,243377.8417,8.0,2,0,0,800.2791,2509.0499
3200,97,10.8516,75417.2671,236449.5743,10.0,2,0,0,777.4976,2437.6245
3201,98,10.6193,72712.0036,227968.2335,12.0,3,1,0,741.9592,2326.2065
3202,98,10.5447,73434.1586,230231.9823,15.0,3,0,0,749.3281,2349.3059
3203,98,10.6641,86458.4666,271066.6287,18.0,3,0,0,882.2293,2765.986
3204,98,10.6593,80849.9458,253481.9787,21.0,4,1,1,824.9994,2586.5508
3205,98,10.6477,70967.8039,222498.9513,11.0,1,0,0,724.1613,2270.3975
3206,98,10.6413,75799.0116,237646.0497,12.0,1,0,0,773.4593,2424.9597
3207,98,10.5362,88123.1091,276286.1638,13.0,2,1,1,899.2154,2819.2466
3208,98,10.7899,87808.0043,275298.1673,14.0,1,0,0,896.0,2809.165
3209,98,11.0153,94581.0004,296533.4855,15.0,1,0,0,965.1122,3025.8519
3210,99,10.8766,83244.7536,260991.2678,17.0,3,1,0,840.8561,2636.2754
3211,99,10.856,81150.5784,254425.5934,19.0,2,0,0,819.7028,2569.9555
3212,99,10.7604,75762.3747,237532.1424,21.0,2,0,0,765.2765,2399.3146
3213,100,10.4696,79517.2472,249303.7026,24.0,4,1,0,795.1725,2493.037
3214,100,10.5252,89018.5307,279093.6306,27.0,3,0,0,890.1853,2790.9363
3215,98,10.5101,67315.6093,211048.794,9.0,2,0,2,686.894,2153.5591
3216,99,10.4721,82844.5121,259736.2867,4.0,2,1,0,836.8133,2623.5989
3217,98,10.7239,86350.1923,270727.0956,5.0,1,0,1,881.1244,2762.5214
3218,97,10.8248,77941.7315,244364.7558,6.0,1,0,1,803.523,2519.2243
3219,98,10.786,82165.8907,257608.1438,7.0,2,1,0,838.4275,2628.6545
3220,97,10.7747,74506.9718,233595.7779,8.0,1,0,1,768.1131,2408.2039
3221,97,10.9548,94058.205,294894.6455,10.0,2,0,0,969.6722,3040.151
3222,98,10.7828,81411.5211,255243.5425,11.0,3,1,0,830.7298,2604.5259
3223,98,10.6296,79479.5982,249186.5409,14.0,3,0,0,811.0163,2542.7198
3224,98,10.5728,76755.2191,240644.6488,5.0,2,0,0,783.2165,2455.5576
3225,96,10.5122,74999.5456,235139.7496,4.0,3,1,3,781.2453,2449.3724
3226,95,10.6914,86368.1465,270782.8155,3.0,2,0,1,909.1384,2850.3454
3227,95,10.8772,87851.3766,275434.3465,3.0,2,0,0,924.7513,2899.3089
3228,96,10.8602,82874.2709,259829.4028,5.0,3,1,0,863.2737,2706.5563
3229,95,10.7911,72542.036,227435.4344,5.0,2,0,1,763.6004,2394.0572
3230,95,10.7389,73863.4553,231578.8547,7.0,2,0,0,777.5101,2437.6722
3231,96,10.5416,71348.5349,223692.7741,9.0,3,1,0,743.2139,2330.1331
3232,95,10.389,63527.7693,199173.7099,11.0,2,0,1,668.7134,2096.5654
3233,95,10.4709,87109.5478,273107.9325,13.0,2,0,0,916.9426,2874.8203
3234,95,10.4337,70196.8654,220082.0344,16.0,4,1,1,738.9144,2316.653
3235,95,10.5493,87326.9325,273789.8404,19.0,3,0,0,919.2309,2881.9983
3236,95,10.6174,81856.42,256638.9055,23.0,4,0,0,861.6465,2701.4622
3237,96,10.5356,76413.7754,239573.2602,19.0,5,1,0,795.9768,2495.5548
3238,94,10.451,79318.6614,248681.1111,18.0,3,0,2,843.8155,2645.5437
3239,94,10.3969,76179.4372,238839.5703,17.0,2,0,0,810.4195,2540.8465
3240,94,10.4709,82656.2166,259145.1015,19.0,3,1,1,879.3215,2756.8628
3241,92,10.6962,81168.5885,254482.1153,21.0,2,0,2,882.2673,2766.1099
3242,91,10.8811,90615.9292,284102.5492,23.0,2,0,1,995.7794,3122.006
3243,92,11.0456,92343.8299,289519.2416,26.0,4,1,0,1003.7373,3146.9483
3244,91,11.086,76619.6593,240219.6859,29.0,3,0,1,841.9743,2639.7768
3245,90,11.4153,87378.2433,273951.1141,32.0,3,0,1,970.8694,3043.9013
3246,91,11.1763,65182.6933,204361.5106,36.0,5,1,0,716.2933,2245.7309
3247,91,11.0493,66154.2374,207408.211,24.0,2,0,0,726.9696,2279.2111
3248,91,11.0954,77311.1196,242388.2018,23.0,1,0,0,849.5727,2663.6066
3249,92,10.8619,68163.2428,213706.7723,0.0,1,1,0,740.9048,2322.8997
3250,92,10.9727,83027.8134,260310.9321,2.0,2,0,0,902.4762,2829.4667
3251,92,11.3774,102322.4376,320805.3777,4.0,2,0,0,1112.2004,3487.015
3252,93,11.2242,77163.9992,241926.9617,6.0,3,1,0,829.7204,2601.3652
3253,93,11.2012,85477.8704,267993.8611,4.0,1,0,0,919.1169,2881.6544
3254,92,11.1978,80152.1986,251295.5078,0.0,0,0,1,871.2195,2731.4729
3255,93,11.169,80291.8137,251733.6624,0.0,1,1,0,863.3528,2706.8136
3256,93,11.3815,83373.9537,261396.3409,0.0,0,0,0,896.4941,2810.7133
3257,93,11.5903,83863.7767,262932.7399,0.0,0,0,0,901.761,2827.2338
3258,93,11.6909,96613.6235,302907.8712,0.0,1,1,1,1038.8562,3257.0739
3259,92,11.6825,76320.5568,239283.0164,0.0,0,0,1,829.5713,2600.9024
3260,92,11.6066,68926.2979,216099.9315,0.0,0,0,0,749.1989,2348.9123
3261,93,11.537,82668.9123,259186.2486,0.0,1,1,0,888.913,2786.9489
3262,92,11.5415,78161.0352,245052.0782,1.0,1,0,1,849.5765,2663.6095
3263,92,11.2762,60521.1571,189747.2514,3.0,2,0,0,657.8387,2062.4701
3264,93,11.2813,79622.293,249633.9974,2.0,2,1,0,856.1537,2684.2365
3265,93,11.3071,72109.3479,226078.8983,3.0,1,0,0,775.3693,2430.9559
3266,92,11.4286,70707.0622,221682.3992,4.0,1,0,1,768.555,2409.5913
3267,93,11.495,84943.1331,266315.8056,5.0,2,1,0,913.367,2863.6108
3268,93,11.2667,62193.3809,194989.866,6.0,1,0,0,668.746,2096.6652
3269,93,11.2568,78717.9519,246799.468,0.0,0,0,0,846.4296,2653.7577
3270,93,11.3129,80765.5185,253218.319,0.0,1,1,1,868.4464,2722.7776
3271,92,11.3884,83537.3204,261908.9456,0.0,0,0,1,908.0144,2846.8364
3272,91,11.1919,72246.0611,226508.0353,0.0,0,0,1,793.9128,2489.0993
3273,92,10.7891,66995.7657,210047.1764,0.0,1,1,0,728.2148,2283.1215
3274,92,10.9441,92379.861,289632.1461,1.0,1,0,0,1004.1289,3148.1755
3275,92,10.8985,72296.0857,226664.7779,3.0,2,0,0,785.827,2463.7476
3276,93,10.7137,76381.5227,239474.3801,5.0,3,1,0,821.3067,2574.9933
3277,92,10.6876,79634.1355,249670.3401,9.0,4,0,1,865.5884,2713.808
3278,92,11.0341,84878.9542,266114.8134,4.0,1,0,0,922.5973,2892.5523
3279,92,11.259,87394.2862,274001.4936,5.0,2,1,1,949.9379,2978.2771
3280,92,11.2632,68001.8729,213201.1087,6.0,1,0,0,739.1508,2317.4034
3281,92,11.5467,88588.4241,277745.1758,7.0,1,0,0,962.9177,3018.9693
3282,92,11.3773,71360.5625,223731.464,0.0,1,1,1,775.6583,2431.8637
3283,92,11.2866,71148.889,223067.6523,0.0,0,0,0,773.3575,2424.6484
3284,91,11.3406,72699.8282,227930.4345,1.0,1,0,1,798.8992,2504.73
3285,92,11.2286,74967.9665,235041.4537,2.0,2,1,0,814.8692,2554.7984
3286,91,11.144,73111.4336,229221.1198,0.0,0,0,1,803.4223,2518.9134
3287,91,11.0621,73630.5771,230848.6036,0.0,0,0,0,809.1272,2536.7978
3288,91,10.9558,84129.7712,263766.3475,0.0,1,1,1,924.503,2898.5313
3289,91,10.7283,64365.1122,201798.1971,3.0,3,0,0,707.3089,2217.5626
3290,91,10.393,62665.2788,196468.6398,6.0,3,0,0,688.6294,2158.996
3291,92,10.0513,59815.4836,187533.8794,9.0,6,1,0,650.1683,2038.4117
3292,92,9.8469,65522.3118,205426.4035,12.0,4,0,0,712.199,2232.8957
3293,92,9.7789,74061.977,232198.9687,13.0,5,0,0,805.0215,2523.9018
3294,93,9.6785,69387.2595,217543.3131,16.0,5,1,0,746.0996,2339.1754
3295,93,10.0087,89498.5802,280597.5664,14.0,4,0,0,962.3503,3017.1781
3296,93,10.2818,83112.2481,260575.6057,12.0,3,0,0,893.6801,2801.8882
3297,92,10.2649,79497.8646,249243.5311,10.0,3,1,2,864.1072,2709.1688
3298,92,10.3818,84734.5919,265662.2104,12.0,2,0,0,921.0282,2887.6327
3299,91,10.2576,68649.0621,215229.9394,14.0,2,0,1,754.3853,2365.1642
3300,92,10.4417,91947.0353,288275.7278,7.0,3,1,0,999.4243,3133.4318
3301,92,10.6526,83940.0122,263170.9984,10.0,3,0,0,912.3914,2860.5543
3302,92,10.8498,86116.6037,269995.5218,13.0,3,0,0,936.05,2934.7339
3303,93,10.8451,83828.5649,262821.1645,16.0,4,1,0,901.3824,2826.034
3304,93,10.8041,72971.4654,228781.0637,15.0,3,0,0,784.6394,2460.0114
3305,93,10.6467,63142.7652,197966.5584,18.0,3,0,0,678.9545,2128.6727
3306,93,10.657,77297.3357,242344.3024,9.0,3,1,1,831.1541,2605.8527
3307,93,10.7105,74968.1579,235042.2561,11.0,2,0,0,806.1092,2527.3361
3308,92,10.8061,79210.6545,248343.0032,13.0,2,0,1,860.9854,2699.3805
3309,92,10.6944,68610.2415,215107.8897,16.0,4,1,1,745.7635,2338.1292
3310,92,10.8358,78258.3316,245356.4193,19.0,3,0,0,850.634,2666.9176
3311,92,10.7888,66039.4321,207047.8489,22.0,3,0,0,717.8199,2250.5201
3312,93,10.8268,82049.7961,257244.0878,16.0,3,1,0,882.2559,2766.0655
3313,92,10.9361,82045.1464,257230.2162,19.0,3,0,1,891.7951,2795.9806
3314,92,10.8275,66221.1395,207617.4637,22.0,3,0,0,719.795,2256.7116
3315,92,10.5147,71705.195,224811.6268,25.0,4,1,1,779.4043,2443.6046
3316,92,10.4514,78542.5331,246248.5684,28.0,3,0,0,853.7232,2676.6149
3317,92,10.4421,81134.7417,254376.0534,32.0,4,0,0,881.8994,2764.9571
3318,93,10.4079,78000.1502,244547.8348,18.0,4,1,0,838.7113,2629.5466
3319,93,10.4998,79198.9554,248305.9954,22.0,4,0,0,851.6017,2669.9569
3320,92,10.5388,72490.1904,227272.7846,10.0,2,0,1,787.9369,2470.3564
3321,93,10.515,82164.1679,257602.6347,12.0,3,1,0,883.4857,2769.9208
3322,92,10.4884,77193.7505,242019.5463,1.0,1,0,1,839.0625,2630.6472
3323,92,10.725,88400.5508,277156.0816,0.0,0,0,0,960.8756,3012.5661
3324,93,10.7351,79770.9119,250099.6181,0.0,1,1,0,857.7517,2689.2432
3325,93,10.9194,84322.8098,264371.7414,0.0,0,0,0,906.6969,2842.7069
3326,93,10.9909,87309.9513,273737.0335,0.0,0,0,0,938.8167,2943.409
3327,93,10.8221,78589.0879,246395.0981,0.0,1,1,1,845.044,2649.4097
3328,93,10.8133,78194.4497,245157.9486,1.0,1,0,0,840.8005,2636.107
3329,93,10.895,81635.1675,255944.4204,0.0,0,0,0,877.7975,2752.0905
3330,94,10.8707,79164.7151,248199.3127,0.0,1,1,0,842.1778,2640.4182
3331,94,10.8955,78805.9031,247073.9658,0.0,0,0,0,838.3607,2628.4464
3332,94,11.0222,88013.3691,275942.4685,0.0,0,0,0,936.3124,2935.5582
3333,94,10.9551,70338.527,220526.4924,0.0,1,1,1,748.2822,2346.0265
3334,93,10.9283,71980.7555,225675.9513,1.0,1,0,1,773.9866,2426.6231
3335,93,11.0266,84499.4551,264925.0092,2.0,1,0,0,908.5963,2848.656
3336,94,10.9233,76744.8387,240612.117,3.0,2,1,0,816.4345,2559.7034
3337,93,10.8175,74007.2292,232029.2448,0.0,0,0,1,795.7767,2494.9381
3338,93,10.6668,69406.7445,217605.557,0.0,0,0,0,746.3091,2339.8447
3339,93,10.4398,67589.5812,211907.9147,1.0,2,1,1,726.7697,2278.5797
3340,93,10.7041,92464.5897,289897.2155,3.0,2,0,0,994.2429,3117.1744
3341,93,10.8738,76740.8579,240599.8265,2.0,1,0,0,825.1705,2587.0949
3342,94,10.6982,71635.2207,224592.6044,0.0,1,1,0,762.0768,2389.283
3343,94,10.817,91434.2162,286667.8618,0.0,0,0,0,972.7044,3049.6581
3344,93,10.8464,78580.4207,246367.4669,0.0,0,0,1,844.9508,2649.1125
3345,94,10.8546,85167.257,267018.4051,0.0,1,1,0,906.0346,2840.6213
3346,92,10.8322,72181.0006,226303.8122,1.0,1,0,2,784.5761,2459.824
3347,92,10.7824,73889.7441,231661.2212,2.0,1,0,0,803.1494,2518.0568
3348,92,10.8468,80290.1268,251727.3358,0.0,1,1,1,872.7188,2736.1667
3349,91,11.0101,84896.4491,266170.4909,0.0,0,0,1,932.928,2924.9504
3350,91,10.682,69568.8242,218114.4619,0.0,0,0,0,764.4926,2396.8622
3351,91,10.2355,64651.6548,202697.1927,0.0,1,1,1,710.4577,2227.4417
3352,91,10.1915,84476.3888,264853.635,0.0,0,0,0,928.312,2910.4795
3353,91,10.3225,86556.4593,271374.5279,0.0,0,0,0,951.1699,2982.1377
3354,90,10.4394,84462.6541,264809.6309,0.0,1,1,2,938.4739,2942.3292
3355,90,10.4796,70949.5808,222443.4505,0.0,0,0,0,788.3287,2471.5939
3356,90,10.4385,74112.2712,232358.5944,1.0,1,0,0,823.4697,2581.7622
3357,91,10.1425,64085.5665,200922.5425,2.0,2,1,0,704.237,2207.94
3358,90,10.4121,84758.1539,265736.2719,0.0,0,0,1,941.7573,2952.6252
3359,90,10.687,85827.9454,269090.3465,0.0,0,0,0,953.6438,2989.8927
3360,90,10.6796,76955.0241,241271.4596,1.0,2,1,1,855.0558,2680.794
3361,90,10.5573,70456.2336,220895.9329,2.0,1,0,0,782.847,2454.3993
3362,90,10.297,63715.4153,199762.1139,3.0,1,0,0,707.9491,2219.579
3363,91,10.1016,74044.2715,232144.9027,2.0,3,1,0,813.6733,2551.0429
3364,91,10.2912,84760.5357,265742.6697,6.0,4,0,0,931.4345,2920.2491
3365,91,10.4419,74487.4611,233534.8002,8.0,4,0,0,818.5435,2566.3165
3366,92,10.3836,77466.8066,242875.3635,10.0,4,1,0,842.0305,2639.9496
3367,91,10.4478,80382.9455,252018.6337,13.0,3,0,1,883.3291,2769.4355
3368,91,10.3174,66396.0905,208166.178,10.0,2,0,0,729.6274,2287.5404
3369,92,10.1766,80024.7309,250895.4545,7.0,3,1,0,869.834,2727.1245
3370,90,10.3962,82040.2208,257214.9677,9.0,2,0,2,911.558,2857.9441
3371,90,10.5357,77264.312,242240.6848,11.0,2,0,0,858.4924,2691.5632
3372,90,10.567,83448.2566,261629.0217,13.0,3,1,1,927.2029,2906.9891
3373,90,10.46,68827.5278,215789.7047,15.0,2,0,0,764.7503,2397.6634
3374,90,10.5742,78463.5983,246000.5192,12.0,2,0,0,871.8178,2733.3391
3375,91,10.5794,80707.3485,253035.1111,14.0,3,1,0,886.8939,2780.6056
3376,91,10.5638,72012.5429,225774.8783,16.0,2,0,0,791.3466,2481.0426
3377,91,10.5634,71771.3242,225019.3749,14.0,1,0,0,788.6959,2472.7404
3378,91,10.5326,78177.1427,245103.0283,15.0,2,1,1,859.0895,2693.4399
3379,91,10.7609,82682.0528,259226.7021,16.0,1,0,0,908.594,2848.6451
3380,91,10.8546,79525.3355,249330.5289,17.0,1,0,0,873.9048,2739.8959
3381,92,10.7579,79845.0084,250332.6604,18.0,2,1,0,867.8805,2721.0072
3382,91,10.6842,75355.7331,236257.5012,19.0,1,0,1,828.085,2596.2363
3383,89,10.7071,70681.4636,221602.2716,20.0,1,0,2,794.1737,2489.9132
3384,90,10.4708,70194.3198,220074.9001,21.0,2,1,0,779.9369,2445.2767
3385,90,10.1888,56846.6022,178225.706,22.0,1,0,0,631.6289,1980.2856
3386,90,10.1887,73653.8904,230921.4273,2.0,2,0,0,818.3766,2565.7936
3387,91,10.3841,92398.3285,289689.4986,4.0,3,1,0,1015.3662,3183.4011
3388,91,10.5512,82012.9562,257129.1511,6.0,2,0,0,901.2413,2825.5951
3389,91,10.6065,77697.48,243598.9637,9.0,3,0,0,853.8185,2676.9117
3390,91,10.4603,75940.2662,238089.4736,7.0,3,1,1,834.5084,2616.3678
3391,89,10.2047,55606.3189,174337.7215,4.0,2,0,2,624.7901,1958.8508
3392,89,10.2301,79532.0379,249350.1633,7.0,3,0,0,893.6184,2801.6872
3393,89,10.2978,86176.196,270181.6541,6.0,4,1,1,968.2719,3035.7489
3394,89,10.3994,74579.026,233821.5205,6.0,3,0,0,837.9666,2627.2081
3395,88,10.5313,78602.4325,246436.2221,4.0,1,0,1,893.2095,2800.4116
3396,87,10.5192,68396.4254,214437.8253,1.0,2,1,2,786.1658,2464.8026
3397,86,10.5516,69722.0425,218593.819,2.0,1,0,1,810.7214,2541.7886
3398,86,10.2279,62889.5775,197173.2414,3.0,1,0,0,731.2742,2292.7121
3399,86,10.1767,73366.2656,230019.0075,4.0,2,1,1,853.0961,2674.6396
3400,86,10.3919,81726.5986,256231.8002,0.0,0,0,0,950.3093,2979.4395
3401,83,10.687,85260.495,267312.1941,1.0,1,0,3,1027.2349,3220.6288
3402,84,10.6904,78300.8333,245491.453,2.0,2,1,0,932.1528,2922.5173
3403,84,10.84,77850.1761,244078.3662,4.0,2,0,0,926.7878,2905.6948
3404,84,10.6175,62071.0439,194606.4074,6.0,2,0,0,738.941,2316.7429
3405,85,10.5761,75626.1795,237104.541,9.0,4,1,0,889.7198,2789.4652
3406,84,10.7715,75349.7745,236238.155,13.0,4,0,1,897.0211,2812.359
3407,83,10.9988,82127.2341,257488.0909,17.0,4,0,1,989.4847,3102.2662
3408,84,10.7629,69716.9818,218577.8199,22.0,6,1,0,829.9641,2602.1169
3409,84,10.842,74223.0085,232705.8314,25.0,4,0,0,883.6072,2770.3075
3410,84,10.7851,66879.8338,209682.8057,29.0,4,0,0,796.1885,2496.2239
3411,85,10.789,78402.3487,245808.6622,35.0,7,1,0,922.3806,2891.8666
3412,85,10.8357,63660.2763,199588.527,39.0,5,0,0,748.9444,2348.1003
3413,84,10.9407,67432.542,211415.2354,44.0,5,0,1,802.7684,2516.848
3414,84,10.8328,70873.6251,222204.1709,49.0,6,1,1,843.7336,2645.2877
3415,83,10.9159,74854.1327,234684.2991,54.0,5,0,1,901.857,2827.5217
3416,81,10.9845,63928.0201,200428.1505,59.0,5,0,2,789.2348,2474.4216
3417,82,10.6543,64646.8796,202681.6046,53.0,6,1,0,788.3766,2471.7269
3418,81,10.5706,62135.9018,194809.8377,58.0,5,0,1,767.1099,2405.0597
3419,81,10.5453,67197.808,210679.6154,63.0,5,0,0,829.6026,2600.9829
3420,82,10.7052,84171.948,263898.3985,20.0,3,1,0,1026.4872,3218.2732
3421,82,10.9298,80232.6153,251548.0492,5.0,1,0,0,978.4465,3067.6591
3422,81,10.9847,75540.0683,236835.6713,6.0,1,0,1,932.5934,2923.8972
3423,82,10.8288,68396.7523,214439.3819,7.0,2,1,0,834.1067,2615.1144
3424,82,10.9184,76513.8431,239888.0668,10.0,3,0,0,933.0956,2925.4642
3425,81,11.1387,78358.699,245672.2261,4.0,2,0,1,967.3913,3032.9904
3426,82,10.9703,70637.6334,221465.1553,6.0,3,1,0,861.4346,2700.7946
3427,82,11.0126,71753.7728,224964.2285,5.0,2,0,0,875.046,2743.4662
3428,82,11.1998,78716.5398,246794.4829,8.0,3,0,0,959.9578,3009.6888
3429,83,10.9874,66325.2064,207944.6031,12.0,5,1,0,799.0989,2505.3567
3430,83,10.8258,73562.8169,230635.8467,17.0,5,0,0,886.299,2778.7451
3431,83,10.7065,62510.1876,195983.3942,23.0,6,0,0,753.1348,2361.2457
3432,84,10.5836,69844.8171,218978.2994,14.0,5,1,0,831.4859,2606.8845
3433,84,10.5279,65065.8268,203995.4929,9.0,2,0,0,774.5932,2428.5178
3434,84,10.639,70433.6368,220824.502,7.0,1,0,0,838.4957,2628.8631
3435,84,10.6417,65750.0273,206140.9063,9.0,2,0,0,782.7384,2454.0584
3436,85,10.469,70173.7864,220010.2334,11.0,3,1,0,825.574,2588.3557
3437,84,10.6329,83635.0185,262215.1687,13.0,2,0,1,995.655,3121.6092
3438,84,10.6796,76730.0618,240566.016,15.0,3,1,1,913.4531,2863.8811
3439,84,10.9345,81622.7892,255906.1434,19.0,4,0,0,971.6999,3046.5017
3440,83,11.1809,87939.4788,275711.6959,23.0,4,0,1,1059.5118,3321.8277
3441,84,11.3155,85391.6035,267722.7349,24.0,4,1,0,1016.5667,3187.1754
3442,84,11.4775,77716.0085,243657.91,27.0,3,0,0,925.1906,2900.6894
3443,84,11.5386,73387.2402,230085.9592,30.0,3,0,0,873.6576,2739.1186
3444,85,11.4451,77648.2865,243445.307,33.0,4,1,0,913.5093,2864.0624
3445,85,11.6963,83958.6555,263229.4247,25.0,2,0,0,987.7489,3096.8168
3446,84,11.6106,59746.1884,187317.5149,27.0,2,0,1,711.2641,2229.9704
3447,85,11.5699,78225.9839,245255.9874,30.0,4,1,0,920.3057,2885.3646
3448,84,11.5409,69115.0426,216691.3664,32.0,3,0,1,822.7981,2579.6591
3449,84,11.5169,75810.7249,237683.6856,35.0,3,0,0,902.5086,2829.5677
3450,85,11.1813,59435.2976,186342.15,38.0,4,1,0,699.2388,2192.2606
3451,85,11.0901,68575.6992,214999.8153,42.0,4,0,0,806.7729,2529.4096
3452,85,11.1396,77177.4509,241968.4108,44.0,3,0,0,907.97,2846.6872
3453,86,11.1327,83079.5969,260473.6421,48.0,5,1,0,966.0418,3028.7633
3454,86,11.0508,64998.0415,203783.2041,8.0,2,0,0,755.7912,2369.5721
3455,85,11.1906,81405.2602,255224.1317,10.0,2,0,1,957.7089,3002.6368
3456,86,11.2177,75743.4268,237472.274,12.0,3,1,0,880.7375,2761.3055
3457,86,11.2103,68604.031,215089.2427,15.0,3,0,0,797.7213,2501.0377
3458,86,11.2059,68755.8827,215564.7896,18.0,3,0,0,799.487,2506.5673
3459,87,11.1899,73167.3174,229395.6072,9.0,3,1,0,841.0036,2636.7311
3460,87,11.2618,69557.8661,218079.5413,11.0,2,0,0,799.5157,2506.6614
3461,87,11.5449,88236.7033,276642.8808,13.0,2,0,0,1014.215,3179.8032
3462,88,11.4555,77642.652,243427.5797,15.0,3,1,0,882.3029,2766.2225
3463,88,11.4131,73837.6765,231498.4541,17.0,2,0,0,839.0645,2630.6643
3464,87,11.3033,73055.6805,229046.5154,19.0,2,0,1,839.7205,2632.7186
3465,87,11.0639,67608.0988,211965.979,10.0,3,1,1,777.1046,2436.3906
3466,87,11.0547,67598.7157,211936.9236,2.0,1,0,0,776.9967,2436.0566
3467,87,11.0783,70161.4787,219972.1634,3.0,1,0,0,806.4538,2528.4157
3468,87,10.927,68539.9371,214888.2999,5.0,3,1,1,787.8154,2469.9805
3469,87,10.8591,82485.6794,258611.7995,7.0,2,0,0,948.1113,2972.5494
3470,87,10.8317,75534.2297,236817.2421,9.0,2,0,0,868.2095,2722.0373
3471,88,10.9702,94318.8565,295712.1986,4.0,2,1,0,1071.8052,3360.3659
3472,88,11.1277,81718.5945,256206.3862,6.0,2,0,0,928.6204,2911.4362
3473,88,11.1609,83642.5501,262239.678,8.0,2,0,0,950.4835,2979.9963
3474,89,11.2006,87742.5567,275094.0897,10.0,3,1,0,985.8714,3090.9448
3475,89,11.2243,79295.3486,248609.3358,12.0,2,0,0,890.959,2793.3633
3476,89,11.3488,80563.5978,252584.8501,14.0,2,0,0,905.209,2838.032
3477,90,11.3845,85704.5504,268703.6977,6.0,2,1,0,952.2728,2985.5966
3478,87,11.516,80110.403,251165.0744,7.0,1,0,3,920.8092,2886.9549
3479,87,11.5017,75106.0601,235475.4114,8.0,1,0,0,863.288,2706.6139
3480,88,11.2896,69036.8968,216446.353,9.0,2,1,0,784.5102,2459.6176
3481,88,11.3002,81175.4104,254503.5993,1.0,1,0,0,922.4478,2892.0864
3482,88,11.158,69541.8699,218029.8907,1.0,1,0,0,790.2485,2477.6124
3483,89,10.7457,69130.036,216737.7354,2.0,2,1,0,776.742,2435.2555
3484,88,10.7867,79480.0234,249188.1178,3.0,1,0,1,903.1821,2831.6832
3485,87,10.7354,69559.7274,218084.9809,5.0,2,0,1,799.5371,2506.7239
3486,87,10.6756,72397.6155,226982.3939,3.0,3,1,1,832.1565,2608.993
3487,87,10.8309,77073.3598,241642.6476,3.0,1,0,0,885.9007,2777.5017
3488,87,11.0042,81151.6868,254429.3857,4.0,1,0,0,932.778,2924.4757
3489,88,10.9953,79438.9818,249059.0496,0.0,1,1,0,902.7157,2830.2165
3490,88,11.1376,76460.461,239721.6604,0.0,0,0,0,868.8689,2724.1098
3491,88,11.3634,77465.5681,242872.5394,0.0,0,0,0,880.2905,2759.9152
3492,89,11.5234,85605.9586,268394.5732,0.0,1,1,0,961.8647,3015.6694
3493,89,11.6014,69811.5845,218875.5604,0.0,0,0,0,784.3998,2459.276
3494,89,11.6464,81908.4624,256802.1888,1.0,1,0,0,920.3198,2885.4179
3495,90,11.6872,86955.6189,272626.2606,2.0,2,1,0,966.1735,3029.1807
3496,90,11.7115,71695.9777,224783.8311,3.0,1,0,0,796.622,2497.5981
3497,89,11.9403,86487.332,271158.2712,0.0,0,0,1,971.7678,3046.7221
3498,89,12.0813,88310.8612,276875.145,0.0,1,1,1,992.2569,3110.9567
3499,89,12.0266,67298.2532,210995.8462,1.0,1,0,0,756.1601,2370.7398
3500,89,11.8139,65398.9099,205039.6959,2.0,1,0,0,734.8192,2303.8168
3501,90,11.5304,64709.6966,202879.0303,3.0,2,1,0,718.9966,2254.2114
3502,90,11.6315,75348.6143,236234.8946,4.0,1,0,0,837.2068,2624.8322
3503,90,11.4777,56838.6967,178201.5479,5.0,1,0,0,631.5411,1980.0172
3504,91,11.4555,81512.8188,255561.4803,6.0,2,1,0,895.7453,2808.3679
3505,91,11.4637,78433.3736,245906.8115,7.0,1,0,0,861.9052,2702.2727
3506,91,11.1629,61573.4525,193045.8929,8.0,1,0,0,676.6313,2121.3834
3507,91,10.9323,66371.7602,208090.7798,0.0,1,1,1,729.36,2286.7119
3508,90,10.8498,60444.7111,189507.3268,0.0,0,0,1,671.6079,2105.637
3509,90,10.9967,88829.5303,278501.5271,1.0,1,0,0,986.9948,3094.4614
3510,91,10.8247,72839.0135,228366.6945,2.0,2,1,0,800.4287,2509.5241
3511,91,10.8691,82365.361,258234.6961,4.0,2,0,0,905.1139,2837.7439
3512,91,10.8669,78333.5756,245593.7978,6.0,2,0,0,860.8085,2698.8329
3513,92,10.7762,79001.8724,247689.0084,5.0,2,1,0,858.716,2692.2718
3514,90,11.0094,80604.4451,252713.3209,6.0,1,0,2,895.6049,2807.9258
3515,89,11.127,81677.5671,256078.273,8.0,2,0,1,917.7255,2877.284
3516,90,10.9052,65412.3698,205081.8711,10.0,3,1,0,726.8041,2278.6875
3517,90,11.0483,90463.8186,283625.3847,3.0,1,0,0,1005.1535,3151.3932
3518,90,10.9794,73851.245,231540.4214,0.0,0,0,0,820.5694,2572.6713
3519,91,10.8506,73690.3747,231035.8942,2.0,3,1,0,809.7843,2538.856
3520,90,10.7429,87427.0368,274104.3882,4.0,2,0,1,971.4115,3045.6043
3521,90,10.7232,74114.9965,232367.1871,4.0,2,0,0,823.5,2581.8576
3522,91,10.675,82770.9935,259506.5838,5.0,3,1,0,909.5714,2851.7207
3523,91,10.8851,94387.8063,295927.426,5.0,1,0,0,1037.2286,3251.9497
3524,91,10.9784,82543.3188,258792.5512,6.0,1,0,0,907.0694,2843.8742
3525,91,10.9803,80978.8731,253887.046,7.0,2,1,1,889.8777,2789.9675
3526,91,11.1158,82603.5707,258980.9679,8.0,1,0,0,907.7315,2845.9447
3527,91,11.0366,72768.0291,228144.615,10.0,2,0,0,799.6487,2507.0837
3528,92,10.9441,83313.7918,261208.5296,13.0,4,1,0,905.5847,2839.2231
3529,92,10.9396,79232.8087,248412.9528,14.0,2,0,0,861.2262,2700.1408
3530,91,11.0604,94923.1556,297606.8863,18.0,4,0,1,1043.1116,3270.4053
3531,92,11.0242,81355.8614,255069.5359,22.0,5,1,0,884.3028,2772.495
3532,92,11.1477,83055.8002,260399.1263,26.0,4,0,0,902.7804,2830.4253
3533,91,11.1883,81809.5304,256492.1555,30.0,4,0,1,899.0058,2818.5951
3534,92,10.9891,83625.6139,262186.1402,29.0,4,1,0,908.9741,2849.8494
3535,90,11.2062,78652.8428,246594.4248,26.0,2,0,2,873.9205,2739.9381
3536,89,11.1199,70735.5299,221771.8778,28.0,2,0,1,794.7812,2491.8189
3537,88,10.9469,65596.3236,205658.5241,30.0,3,1,2,745.4128,2337.0287
3538,87,11.2106,83364.9385,261368.0586,33.0,3,0,1,958.2177,3004.2306
3539,86,11.2977,81105.4629,254284.7209,36.0,3,0,1,943.0868,2956.7991
3540,86,11.0793,68607.0103,215097.9917,36.0,3,1,1,797.7559,2501.1394
3541,86,11.2422,79419.3243,248998.3648,38.0,2,0,0,923.4805,2895.3298
3542,86,11.2873,71392.3071,223831.3151,41.0,3,0,0,830.1431,2602.6897
3543,86,11.2301,78399.3402,245799.8649,44.0,4,1,1,911.6202,2858.138
3544,86,11.3822,80457.2114,252252.0403,48.0,4,0,0,935.549,2933.1633
3545,86,11.4053,70008.8248,219493.3151,25.0,3,0,0,814.0561,2552.2479
3546,87,11.3347,74270.5972,232854.9536,8.0,3,1,0,853.685,2676.4937
3547,87,11.4378,78046.3559,244693.6132,10.0,2,0,0,897.0846,2812.5703
3548,86,11.5478,80216.5259,251497.7961,12.0,2,0,1,932.7503,2924.393
3549,85,11.2971,60053.2771,188280.4939,14.0,3,1,2,706.5091,2215.0646
3550,85,11.3833,75312.6671,236122.3201,16.0,2,0,0,886.0314,2777.9096
3551,85,11.482,74440.1871,233387.3702,10.0,1,0,0,875.7669,2745.7338
3552,86,11.497,74841.4094,234645.1254,11.0,2,1,0,870.2489,2728.4317
3553,86,11.5693,65952.5643,206776.1206,0.0,0,0,0,766.8903,2404.3735
3554,85,11.852,88431.8043,277254.8873,2.0,2,0,1,1040.3742,3261.8222
3555,86,11.7808,72430.6714,227087.1872,4.0,3,1,0,842.2171,2640.5487
3556,86,11.7685,68794.3864,215685.7981,6.0,2,0,0,799.9347,2507.9744
3557,86,11.748,72499.4461,227302.4472,8.0,2,0,0,843.0168,2643.0517
3558,87,11.4437,58768.8569,184252.6559,10.0,3,1,0,675.5041,2117.8466
3559,87,11.4424,71916.7934,225475.136,12.0,2,0,0,826.6298,2591.6682
3560,87,11.3979,69745.2504,218666.762,16.0,4,0,0,801.6695,2513.4111
3561,88,11.3239,67640.1709,212066.7889,12.0,4,1,0,768.6383,2409.8499
3562,88,11.4996,75108.1205,235480.729,6.0,2,0,0,853.5014,2675.9174
3563,88,11.4866,69326.7043,217354.8934,8.0,2,0,0,787.8035,2469.942
3564,89,11.3192,75488.0868,236671.7331,5.0,2,1,0,848.1808,2659.233
3565,89,11.2795,66547.6417,208641.6594,1.0,1,0,0,747.7263,2344.2883
3566,88,11.3259,72877.8119,228488.8994,3.0,2,0,1,828.157,2596.4648
3567,89,11.5167,90064.4076,282372.9458,5.0,3,1,0,1011.9596,3172.7297
3568,89,11.4464,70612.4888,221386.3039,7.0,2,0,0,793.3988,2487.4866
3569,89,11.7285,90335.4493,283223.0401,9.0,2,0,0,1015.005,3182.2813
3570,89,11.749,76895.2596,241084.162,6.0,3,1,1,863.9917,2708.8108
3571,89,11.586,68601.399,215081.2244,8.0,2,0,0,770.8022,2416.643
3572,89,11.3102,63984.1482,200604.6009,7.0,1,0,0,718.923,2253.9843
3573,89,11.1055,68621.2952,215143.1323,8.0,2,1,1,771.0258,2417.3386
3574,89,11.0816,68323.1639,214208.7836,9.0,1,0,0,767.676,2406.8403
3575,89,11.2956,86019.0269,269689.9146,10.0,1,0,0,966.5059,3030.2238
3576,89,11.116,75036.627,235256.9678,14.0,5,1,1,843.1082,2643.3367
3577,87,11.2095,74077.6645,232250.3075,4.0,2,0,2,851.4674,2669.5438
3578,87,11.4825,85709.3584,268719.037,6.0,2,0,0,985.165,3088.7246
3579,87,11.4728,75444.3649,236534.5023,8.0,3,1,1,867.1766,2718.7874
3580,87,11.6979,85158.0245,266991.2333,10.0,2,0,0,978.8279,3068.8648
3581,87,11.9228,90278.2677,283044.2913,12.0,2,0,0,1037.6812,3253.3827
3582,88,11.7886,75939.2289,238086.4412,14.0,3,1,0,862.9458,2705.5277
3583,88,11.7703,68855.7053,215877.5852,16.0,2,0,0,782.4512,2453.1544
3584,88,11.667,59699.4732,187170.9911,19.0,3,0,0,678.4031,2126.9431
3585,89,11.4998,75421.6957,236464.058,2.0,2,1,0,847.4348,2656.8995
3586,88,11.5495,70992.9846,222579.6225,1.0,1,0,1,806.7385,2529.3139
3587,87,11.6686,76307.5728,239241.9769,2.0,1,0,1,877.0985,2749.9078
3588,88,11.5845,71580.8919,224421.9582,3.0,2,1,0,813.4192,2550.2495
3589,88,11.4014,69744.9749,218665.9924,4.0,1,0,0,792.5565,2484.8408
3590,87,11.1421,61189.8504,191844.0667,5.0,1,0,1,703.3316,2205.1042
3591,86,10.9354,73656.6791,230930.7894,6.0,2,1,2,856.473,2685.2417
3592,85,10.8297,64227.9235,201369.0221,7.0,1,0,1,755.6226,2369.0473
3593,85,10.9697,80474.3882,252305.5612,8.0,1,0,0,946.7575,2968.3007
3594,86,10.8479,70351.7313,220568.5826,10.0,3,1,0,818.0434,2564.751
3595,86,10.9466,73743.9862,231204.3061,2.0,1,0,0,857.4882,2688.4222
3596,86,11.1104,79098.3919,247991.5686,3.0,1,0,0,919.7487,2883.6229
3597,87,10.9506,70873.7453,222205.488,4.0,2,1,0,814.6408,2554.0861
3598,87,10.7774,63728.8547,199804.4738,6.0,2,0,0,732.5156,2296.6031
3599,87,10.8109,70762.3704,221855.5334,8.0,2,0,0,813.3606,2550.0636
