step,vehicle_count,mean_speed,total_fuel_ml_s,total_co2_mg_s,total_waiting_s,halting_count,departed_count,arrived_count,mean_fuel_per_veh,mean_co2_per_veh
0,1,0.0,837.2222,2624.7222,0.0,1,1,0,837.2222,2624.7222
1,1,1.9592,1084.873,3401.2176,0.0,0,0,0,1084.873,3401.2176
2,1,4.4435,1620.5108,5080.6464,0.0,0,0,0,1620.5108,5080.6464
3,2,2.9127,2187.559,6858.3045,0.0,1,1,0,1093.7795,3429.1522
4,2,5.0955,3384.886,10612.3601,0.0,0,0,0,1692.443,5306.1801
5,2,6.9195,3303.5794,10357.4819,0.0,0,0,0,1651.7897,5178.741
6,3,5.3673,3632.1668,11387.4972,0.0,1,1,0,1210.7223,3795.8324
7,3,6.6184,3943.2006,12362.7328,0.0,0,0,0,1314.4002,4120.9109
8,3,7.6703,3702.8037,11609.0504,0.0,0,0,0,1234.2679,3869.6835
9,4,6.6113,5230.3512,16398.1961,0.0,1,1,0,1307.5878,4099.549
10,4,8.2935,6744.1402,21144.4808,0.0,0,0,0,1686.0351,5286.1202
11,4,8.0593,3870.7481,12135.7368,0.0,0,0,0,967.687,3033.9342
12,5,7.2813,6904.9841,21648.7365,0.0,1,1,0,1380.9968,4329.7473
13,5,7.8812,5322.49,16687.2442,0.0,0,0,0,1064.498,3337.4488
14,5,9.6441,10684.2102,33497.7632,0.0,0,0,0,2136.842,6699.5526
15,6,8.301,4241.3806,13297.4779,0.0,1,1,0,706.8968,2216.2463
16,6,8.8718,5484.1235,17193.9108,0.0,0,0,0,914.0206,2865.6518
17,6,9.7215,7341.2551,23016.437,0.0,0,0,0,1223.5425,3836.0728
18,7,8.259,4353.2193,13648.0292,0.0,1,1,0,621.8885,1949.7185
19,7,8.3472,7039.5341,22070.4837,0.0,0,0,0,1005.6477,3152.9262
20,7,8.9518,6584.1704,20642.66,0.0,0,0,0,940.5958,2948.9514
21,8,7.7387,6215.7623,19487.5714,0.0,1,1,0,776.9703,2435.9464
22,8,8.5852,9729.1502,30503.0218,0.0,0,0,0,1216.1438,3812.8777
23,8,8.7542,7859.1959,24640.267,0.0,0,0,0,982.3995,3080.0334
24,9,8.2413,12715.7124,39866.8803,0.0,1,1,0,1412.8569,4429.6534
25,9,9.0838,11401.7242,35747.2168,0.0,0,0,0,1266.8582,3971.913
26,9,9.1082,7003.3342,21956.9106,0.0,0,0,0,778.1482,2439.6567
27,10,8.0472,6645.7125,20835.6698,0.0,1,1,0,664.5712,2083.567
28,10,8.48,10305.7104,32310.7891,0.0,0,0,0,1030.571,3231.0789
29,10,9.0918,11018.1795,34544.557,0.0,0,0,0,1101.818,3454.4557
30,11,9.0965,15865.858,49743.3186,0.0,1,1,0,1442.3507,4522.1199
31,11,9.8898,14041.3545,44022.8527,0.0,0,0,0,1276.4868,4002.0775
32,11,10.1455,9574.6547,30018.8298,0.0,0,0,0,870.4232,2728.9845
33,12,9.115,5797.7985,18177.2355,0.0,1,1,0,483.1499,1514.7696
34,12,9.5869,11256.015,35289.8689,0.0,0,0,0,938.0013,2940.8224
35,12,9.599,8887.8538,27865.1957,0.0,0,0,0,740.6545,2322.0996
36,13,8.6968,9119.992,28592.9888,0.0,1,1,0,701.5378,2199.4607
37,13,9.0342,11998.3163,37617.2419,0.0,0,0,0,922.9474,2893.634
38,13,9.0412,7369.7668,23105.8468,0.0,0,0,0,566.9051,1777.3728
39,14,8.8447,14705.8478,46105.895,0.0,1,1,0,1050.4177,3293.2782
40,14,8.994,9438.5966,29591.8593,0.0,0,0,0,674.1855,2113.7042
41,14,9.333,12734.4816,39925.2879,0.0,0,0,0,909.6058,2851.8063
42,15,8.7288,11138.2366,34920.5775,0.0,1,1,0,742.5491,2328.0385
43,15,9.1641,13206.8908,41406.2813,0.0,0,0,0,880.4594,2760.4188
44,15,9.4089,10613.7026,33276.2149,0.0,0,0,0,707.5802,2218.4143
45,16,8.9982,12211.8942,38286.7909,0.0,1,1,0,763.2434,2392.9244
46,16,8.9675,8907.9143,27927.9606,0.0,0,0,0,556.7446,1745.4975
47,16,9.1217,15644.5463,49048.8974,0.0,0,0,0,977.7841,3065.5561
48,17,8.5164,9793.3222,30704.1237,0.0,1,1,0,576.0778,1806.1249
49,17,8.9354,17168.818,53827.9668,0.0,0,0,0,1009.9305,3166.351
50,17,9.2596,17336.5917,54354.3016,0.0,0,0,0,1019.7995,3197.3119
51,18,9.1775,16600.8765,52047.3622,0.0,1,1,0,922.2709,2891.5201
52,18,9.8853,21053.5098,66007.5915,0.0,0,0,0,1169.6394,3667.0884
53,18,10.0009,16535.4721,51842.5023,0.0,0,0,0,918.6373,2880.139
54,19,9.5929,13542.987,42460.0769,0.0,1,1,0,712.7888,2234.7409
55,19,9.977,16557.8781,51912.4953,0.0,0,0,0,871.4673,2732.2366
56,19,9.7176,10640.4068,33360.1999,0.0,0,0,0,560.0214,1755.8
57,20,9.2421,15704.5577,49237.0391,0.0,1,1,0,785.2279,2461.852
58,20,8.9921,13955.13,43752.5032,0.0,0,0,0,697.7565,2187.6252
59,20,9.2001,18516.9155,58054.6138,0.0,0,0,0,925.8458,2902.7307
60,21,8.5931,14252.3014,44683.672,0.0,1,1,0,678.681,2127.7939
61,21,8.6856,17871.1265,56030.0222,0.0,0,0,0,851.006,2668.0963
62,21,8.99,20229.6452,63424.5336,0.0,0,0,0,963.3164,3020.2159
63,22,8.8859,21788.14,68310.7168,1.0,2,1,0,990.37,3105.0326
64,22,9.243,21691.1956,68006.8206,2.0,1,0,0,985.9634,3091.2191
65,22,9.6421,20759.8519,65086.9081,0.0,0,0,0,943.6296,2958.4958
66,23,9.9446,30661.9594,96132.8386,0.0,1,1,0,1333.1287,4179.6886
67,23,9.9037,16793.7983,52652.2537,0.0,0,0,0,730.1651,2289.2284
68,23,9.9271,18404.691,57702.743,0.0,0,0,0,800.204,2508.8149
69,24,9.4816,18424.2774,57764.3591,0.0,1,1,0,767.6782,2406.8483
70,24,9.2927,16934.1424,53092.0098,1.0,1,0,0,705.5893,2212.1671
71,24,8.8348,16757.0091,52536.8607,2.0,1,0,0,698.2087,2189.0359
72,25,9.0963,28470.2069,89260.3204,0.0,1,1,0,1138.8083,3570.4128
73,25,9.4295,21264.568,66669.0726,0.0,0,0,0,850.5827,2666.7629
74,25,9.5186,20087.9108,62980.3827,0.0,0,0,0,803.5164,2519.2153
75,26,9.2168,22458.4725,70411.8176,0.0,1,1,0,863.7874,2708.1468
76,26,9.5864,24043.153,75380.7027,0.0,0,0,0,924.7367,2899.2578
77,26,9.912,26230.4338,82237.9603,1.0,1,0,0,1008.8628,3162.9985
78,27,9.6628,26456.2306,82946.1493,2.0,2,1,0,979.8604,3072.0796
79,27,9.8652,24456.5422,76676.5963,3.0,1,0,0,905.7979,2839.8739
80,27,10.1689,25770.4916,80796.2617,0.0,0,0,0,954.4627,2992.4541
81,28,9.6646,20695.6007,64885.2124,0.0,1,1,0,739.1286,2317.329
82,28,9.9774,25121.1982,78760.3824,0.0,0,0,0,897.1857,2812.8708
83,28,9.9275,23800.3083,74619.1732,0.0,0,0,0,850.011,2664.9705
84,29,9.6552,23971.6733,75156.7283,0.0,1,1,0,826.6094,2591.6113
85,29,9.7045,25822.3544,80958.524,1.0,1,0,0,890.426,2791.6732
86,29,9.9806,27518.4376,86276.4895,2.0,1,0,0,948.9116,2975.0514
87,30,9.928,31700.5838,99388.2187,3.0,2,1,0,1056.6861,3312.9406
88,30,10.4351,31957.7863,100194.8567,4.0,1,0,0,1065.2595,3339.8286
89,30,10.8718,32069.9809,100547.0408,5.0,1,0,0,1068.9994,3351.568
90,31,10.8797,31976.0371,100252.3267,0.0,1,1,0,1031.4851,3233.946
91,31,11.1474,33054.6317,103634.3235,0.0,0,0,0,1066.2784,3343.0427
92,31,10.8575,17114.8025,53658.5603,0.0,0,0,0,552.0904,1730.9213
93,32,10.632,28786.4361,90251.6536,0.0,1,1,0,899.5761,2820.3642
94,32,11.0719,34307.3647,107561.4957,0.0,0,0,0,1072.1051,3361.2967
95,32,11.1243,21115.407,66201.3646,0.0,0,0,0,659.8565,2068.7926
96,33,10.5979,24036.7505,75360.5466,0.0,1,1,0,728.3864,2283.6529
97,33,10.8555,29829.2,93521.2914,0.0,0,0,0,903.9152,2833.9785
98,33,11.1102,30773.81,96482.6191,0.0,0,0,0,932.5397,2923.7157
99,34,11.0371,28645.1475,89808.6352,0.0,1,1,0,842.5043,2641.4304
100,34,11.1629,28077.0887,88028.2479,0.0,0,0,0,825.7967,2589.0661
101,34,11.3486,34853.2041,109273.2327,0.0,0,0,0,1025.0942,3213.9186
102,35,11.0142,30095.7715,94357.205,0.0,1,1,0,859.8792,2695.9201
103,35,11.0107,33900.7055,106286.7701,0.0,0,0,0,968.5916,3036.7649
104,35,11.0341,31353.7247,98301.3377,0.0,0,0,0,895.8207,2808.6096
105,36,10.8096,30206.6886,94704.7952,0.0,1,1,0,839.0747,2630.6888
106,36,11.2094,39929.8883,125189.4295,1.0,1,0,0,1109.1636,3477.4842
107,36,11.2633,28679.9756,89918.306,2.0,1,0,0,796.666,2497.7307
108,37,11.2282,35374.5197,110907.1144,3.0,2,1,0,956.0681,2997.4896
109,37,11.4529,35565.4362,111506.1108,4.0,1,0,0,961.228,3013.6787
110,37,11.7692,39270.538,123122.2043,5.0,1,0,0,1061.3659,3327.6271
111,38,11.5272,31500.7162,98761.6442,6.0,2,1,0,828.9662,2598.9906
112,37,11.4605,27784.9996,87112.3456,7.0,1,0,1,750.9459,2354.3877
113,37,11.3994,33069.0803,103679.239,8.0,1,0,0,893.7589,2802.1416
114,38,11.0008,28556.2022,89529.7409,9.0,2,1,0,751.479,2356.0458
115,38,11.2256,34463.8022,108052.212,10.0,1,0,0,906.9422,2843.4793
116,38,11.4126,34013.1051,106639.0437,11.0,1,0,0,895.0817,2806.2906
117,39,11.5189,42936.8743,134617.0571,12.0,2,1,0,1100.9455,3451.7194
118,38,11.6851,32279.7567,101204.5746,13.0,1,0,1,849.4673,2663.2783
119,38,11.7278,36501.2875,114440.1164,14.0,1,0,0,960.5602,3011.582
120,39,11.334,32104.5938,100654.994,15.0,2,1,0,823.1947,2580.8973
121,39,11.269,27969.1198,87689.5306,16.0,1,0,0,717.1569,2248.4495
122,39,10.9792,30549.7086,95780.2417,17.0,1,0,0,783.3259,2455.9036
123,39,10.9961,37468.5263,117472.7778,18.0,1,0,0,960.7314,3012.1225
124,40,10.8093,37173.3786,116547.3753,0.0,1,1,0,929.3345,2913.6844
125,40,11.0692,46781.236,146670.6203,0.0,0,0,0,1169.5309,3666.7655
126,41,10.8928,41754.1782,130909.3477,0.0,1,1,0,1018.3946,3192.9109
127,41,11.0112,37119.6196,116378.5867,0.0,0,0,0,905.3566,2838.5021
128,41,11.3632,42434.3841,133042.0942,0.0,0,0,0,1034.985,3244.9291
129,42,11.4881,49246.4807,154399.3983,0.0,1,1,0,1172.5353,3676.1762
130,41,11.5987,38531.3405,120804.8414,0.0,0,0,1,939.7888,2946.4595
131,41,11.769,39950.7276,125255.2754,0.0,0,0,0,974.408,3055.0067
132,42,11.4981,35147.0199,110193.9097,0.0,1,1,0,836.8338,2623.6645
133,42,11.4195,32558.1022,102077.2233,0.0,0,0,0,775.1929,2430.4101
134,42,11.5133,39331.4892,123313.6444,0.0,0,0,0,936.464,2936.0392
135,43,11.4498,39529.4757,123934.1147,0.0,1,1,0,919.2901,2882.1887
136,43,11.565,34374.8025,107772.7605,0.0,0,0,0,799.414,2506.3433
137,43,11.6694,41170.8921,129080.2101,1.0,1,0,0,957.4626,3001.8654
138,44,11.0776,30485.7635,95579.6954,2.0,2,1,0,692.8583,2172.2658
139,44,11.1214,36317.8461,113865.013,3.0,1,0,0,825.4056,2587.8412
140,44,11.2025,41316.1506,129535.6038,0.0,0,0,0,939.0034,2943.991
141,45,10.8223,32860.5055,103025.3306,0.0,1,1,0,730.2335,2289.4518
142,45,11.021,45645.2253,143108.3698,0.0,0,0,0,1014.3383,3180.186
143,45,11.1028,37049.2841,116158.1151,0.0,0,0,0,823.3174,2581.2914
144,46,10.8807,35561.4823,111493.1,0.0,1,1,0,773.0757,2423.763
145,46,10.8209,37687.648,118159.3106,1.0,1,0,0,819.2967,2568.6807
146,46,10.6992,40124.2445,125799.1413,2.0,1,0,0,872.2662,2734.7639
147,47,10.2075,37919.7564,118887.0042,3.0,2,1,0,806.8033,2529.5107
148,47,10.1164,36016.5,112919.9132,5.0,2,0,0,766.3085,2402.5513
149,46,10.1939,44472.0354,139430.2038,7.0,2,0,1,966.7834,3031.0914
150,47,10.1446,45660.655,143156.4693,9.0,3,1,0,971.5033,3045.8823
151,47,10.4816,43929.9339,137730.2715,7.0,1,0,0,934.6794,2930.4313
152,47,10.8439,50304.1569,157715.4284,8.0,1,0,0,1070.3012,3355.6474
153,48,10.8045,45252.4797,141876.5993,0.0,1,1,0,942.76,2955.7625
154,48,10.8329,44772.93,140373.8585,0.0,0,0,0,932.7694,2924.4554
155,48,10.8937,40520.1452,127039.7247,0.0,0,0,0,844.1697,2646.6609
156,49,11.021,48069.4005,150708.5851,0.0,1,1,0,981.0082,3075.6854
157,49,11.3033,47800.12,149864.7962,1.0,1,0,0,975.5127,3058.4652
158,49,11.4508,47699.6901,149549.7011,2.0,1,0,0,973.4631,3052.0347
159,50,11.1175,40693.4986,127583.5602,3.0,2,1,0,813.87,2551.6712
160,50,11.1537,46573.0701,146017.2446,4.0,1,0,0,931.4614,2920.3449
161,50,11.153,42321.4733,132687.914,6.0,2,0,0,846.4295,2653.7583
162,51,10.6728,40907.8642,128254.9746,8.0,3,1,0,802.115,2514.8034
163,51,10.4788,42493.335,133225.9042,11.0,3,0,0,833.2026,2612.2726
164,51,10.55,49082.3844,153884.4316,15.0,4,0,0,962.3997,3017.3418
165,52,10.4695,47655.3985,149409.9669,2.0,2,1,0,916.45,2873.2686
166,52,10.4239,48073.987,150723.3404,3.0,1,0,0,924.4998,2898.5258
167,52,10.5242,46038.8761,144342.3095,4.0,1,0,0,885.363,2775.8136
168,53,10.5894,55012.1757,172476.0386,7.0,4,1,0,1037.9656,3254.2649
169,53,10.7345,48096.6192,150793.7454,9.0,3,0,0,907.4834,2845.165
170,53,10.9697,53824.2843,168751.4378,12.0,3,0,0,1015.5525,3183.9894
171,54,10.894,49004.937,153641.3667,15.0,4,1,0,907.4988,2845.2105
172,54,10.8501,41132.1843,128958.4659,18.0,3,0,0,761.7071,2388.1197
173,54,11.0973,48223.9198,151192.5097,21.0,3,0,0,893.0356,2799.8613
174,55,10.9239,48006.0729,150509.8602,24.0,4,1,0,872.8377,2736.5429
175,55,10.6957,45868.8266,143809.1607,27.0,3,0,0,833.9787,2614.712
176,55,10.6561,44928.7462,140861.1782,17.0,2,0,0,816.8863,2561.1123
177,55,10.617,51547.3829,161612.3496,20.0,4,1,1,937.2251,2938.4064
178,55,10.7459,48783.5265,152947.0297,2.0,2,0,0,886.9732,2780.8551
179,55,11.0191,53537.6207,167852.6222,4.0,2,0,0,973.4113,3051.8659
180,56,10.9597,50586.8086,158600.885,6.0,3,1,0,903.3359,2832.1587
181,56,11.1721,49049.0019,153779.3806,8.0,2,0,0,875.875,2746.0604
182,56,11.2972,47499.3169,148921.1241,5.0,1,0,0,848.2021,2659.3058
183,57,11.1577,49235.2392,154363.5245,6.0,2,1,0,863.7761,2708.132
184,57,11.3569,50433.8777,158121.7011,0.0,0,0,0,884.8049,2774.0649
185,57,11.595,58247.0342,182618.3788,0.0,0,0,0,1021.8778,3203.8312
186,58,11.4329,53605.0758,168064.5574,0.0,1,1,0,924.2254,2897.6648
187,58,11.1573,47961.6873,150371.7919,0.0,0,0,0,826.9256,2592.6171
188,58,10.9814,51762.5524,162287.9547,0.0,0,0,0,892.4578,2798.0682
189,59,10.5929,46171.7688,144758.9661,1.0,2,1,0,782.5724,2453.5418
190,59,10.636,55509.7837,174035.763,3.0,2,0,0,940.8438,2949.7587
191,59,10.7228,52547.2653,164747.5124,6.0,3,0,0,890.6316,2792.3307
192,60,10.9438,70039.0386,219588.7792,2.0,2,1,0,1167.3173,3659.813
193,59,11.0247,54487.8467,170832.1228,3.0,1,0,1,923.5228,2895.4597
194,59,11.265,57892.5493,181507.001,0.0,0,0,0,981.2296,3076.3898
195,60,11.6065,75509.5531,236740.9195,0.0,1,1,0,1258.4926,3945.682
196,60,11.9608,63490.5012,199058.0115,0.0,0,0,0,1058.175,3317.6335
197,60,12.182,62955.2458,197379.8624,0.0,0,0,0,1049.2541,3289.6644
198,60,11.6986,49809.6345,156165.3622,0.0,1,1,1,830.1606,2602.756
199,60,11.6317,54548.192,171021.9796,0.0,0,0,0,909.1365,2850.3663
200,60,11.5489,55855.0569,175118.8788,0.0,0,0,0,930.9176,2918.648
201,61,11.4894,57177.0403,179263.8303,1.0,2,1,0,937.3285,2938.7513
202,61,11.418,47900.1826,150177.4574,0.0,0,0,0,785.2489,2461.9255
203,61,11.6499,61527.2867,192902.9764,0.0,0,0,0,1008.644,3162.3439
204,62,11.6003,62103.1933,194707.8209,2.0,3,1,0,1001.6644,3140.4487
205,62,11.7149,57297.6181,179641.4859,4.0,2,0,0,924.1551,2897.4433
206,62,11.6852,54213.9222,169973.4015,6.0,2,0,0,874.4181,2741.5065
207,63,11.2475,39603.5526,124165.8987,8.0,3,1,0,628.6278,1970.8873
208,62,11.404,67269.1123,210904.1844,11.0,3,0,1,1084.9857,3401.6804
209,62,11.4644,51060.2802,160085.0645,14.0,3,0,0,823.5529,2582.0172
210,63,11.5484,66390.2856,208149.1051,17.0,4,1,0,1053.8141,3303.954
211,63,11.7107,54416.1816,170606.9314,20.0,3,0,0,863.7489,2708.0465
212,63,11.8849,59555.8633,186721.263,24.0,4,0,0,945.3312,2963.8296
213,64,11.6351,56403.3211,176836.9666,8.0,3,1,0,881.3019,2763.0776
214,64,11.6095,52262.2915,163854.5183,10.0,2,0,0,816.5983,2560.2268
215,64,11.6705,56143.6472,176023.497,12.0,2,0,0,877.2445,2750.3671
216,65,11.5812,58657.5443,183904.6583,14.0,3,1,0,902.4238,2829.3024
217,64,11.5856,56524.2927,177216.8833,16.0,2,0,1,883.1921,2769.0138
218,64,11.5095,56827.1365,178166.5889,19.0,3,0,0,887.924,2783.853
219,65,11.1464,56501.9436,177146.7586,22.0,4,1,0,869.2607,2725.3347
220,65,11.3593,68533.7245,214869.0812,26.0,4,0,0,1054.365,3305.6782
221,65,11.5228,61146.4421,191708.1335,30.0,4,0,0,940.7145,2949.3559
222,66,11.4913,59417.6918,186287.8972,34.0,5,1,0,900.2681,2822.5439
223,66,11.6935,63606.1643,199420.0597,39.0,5,0,0,963.7298,3021.5161
224,65,11.5616,50155.968,157249.6904,20.0,3,0,1,771.6303,2419.226
225,66,11.4001,57655.8873,180764.1523,23.0,4,1,0,873.5741,2738.8508
226,65,11.5559,61456.1928,192679.4519,15.0,1,0,1,945.4799,2964.2993
227,65,11.617,53904.5429,169003.3152,16.0,1,0,0,829.3007,2600.051
228,66,11.5165,59826.1144,187569.0866,17.0,2,1,0,906.4563,2841.9559
229,66,11.6404,62801.5157,196897.7408,0.0,0,0,0,951.5381,2983.2991
230,66,11.7349,58417.5328,183152.3787,0.0,0,0,0,885.1141,2775.036
231,67,11.4295,55864.8496,175149.0789,1.0,2,1,0,833.8037,2614.1654
232,67,11.4603,59389.4849,186200.1299,2.0,1,0,0,886.4102,2779.1064
233,67,11.3942,58975.083,184900.2529,3.0,1,0,0,880.2251,2759.7053
234,68,11.3479,62117.4323,194751.9922,5.0,3,1,0,913.4917,2863.9999
235,68,11.2414,56296.6948,176502.5669,8.0,3,0,0,827.8926,2595.626
236,67,11.148,58106.3545,182176.8214,11.0,3,0,1,867.259,2719.057
237,68,10.9325,53076.0441,166405.0471,11.0,3,1,0,780.5301,2447.133
238,68,11.1966,70632.5605,221449.7143,9.0,2,0,0,1038.7141,3256.6134
239,68,11.0851,52930.4921,165949.3049,11.0,2,0,0,778.3896,2440.431
240,69,11.138,60626.3809,190077.2496,3.0,2,1,0,878.6432,2754.7427
241,69,11.186,51714.579,162136.7138,4.0,1,0,0,749.4867,2349.8074
242,69,11.4656,66062.0318,207119.5768,5.0,1,0,0,957.4208,3001.733
243,69,11.2983,63554.154,199256.981,6.0,2,1,1,921.0747,2887.7823
244,69,11.6653,72714.1083,227976.2111,7.0,1,0,0,1053.8277,3304.0031
245,67,11.9166,63212.5381,198186.4824,8.0,1,0,2,943.4707,2958.0072
246,68,11.804,60050.1767,188271.9426,9.0,2,1,0,883.0908,2768.705
247,67,11.6366,50228.8792,157479.0794,10.0,1,0,1,749.6848,2350.434
248,67,11.6448,49781.4615,156076.1312,11.0,1,0,0,743.0069,2329.4945
249,67,11.3324,51912.1313,162755.8482,12.0,2,1,1,774.8079,2429.1918
250,66,11.444,56839.9923,178205.9765,1.0,1,0,1,861.212,2700.0906
251,66,11.5192,55494.7738,173988.6765,2.0,1,0,0,840.8299,2636.1921
252,67,11.215,49505.3372,155210.4604,4.0,3,1,0,738.8856,2316.574
253,67,11.1498,55616.6444,174370.9073,6.0,2,0,0,830.0992,2602.5509
254,67,11.1061,52954.0586,166022.8875,8.0,2,0,0,790.3591,2477.9535
255,68,10.8366,56190.7913,176170.7903,10.0,3,1,0,826.3352,2590.7469
256,68,10.9248,59376.863,186160.2988,0.0,0,0,0,873.1892,2737.6515
257,68,11.1594,65359.6358,204917.3698,0.0,0,0,0,961.1711,3013.4907
258,68,11.1124,58838.8601,184473.007,1.0,2,1,1,865.2774,2712.8383
259,68,11.1601,59748.9612,187327.3628,2.0,1,0,0,878.6612,2754.8142
260,68,11.0969,53337.5156,167225.2351,3.0,1,0,0,784.3752,2459.1946
261,69,11.0423,56229.2369,176291.8701,4.0,2,1,0,814.9165,2554.9546
262,69,11.0885,57329.0897,179739.3125,1.0,1,0,0,830.8564,2604.9176
263,69,11.0621,55061.2844,172629.0484,2.0,1,0,0,797.9896,2501.8703
264,69,10.8902,62565.0084,196156.3493,3.0,2,1,1,906.7393,2842.8456
265,69,10.8895,56346.4514,176659.2542,4.0,1,0,0,816.6152,2560.279
266,69,10.7872,59011.0124,185013.3437,5.0,1,0,0,855.2321,2681.3528
267,70,10.6847,64936.6189,203590.7469,7.0,3,1,0,927.666,2908.4392
268,70,10.8622,68649.3031,215231.6017,9.0,2,0,0,980.7043,3074.7372
269,70,10.8206,62188.3063,194973.9495,13.0,4,0,0,888.4044,2785.3421
270,71,10.8598,71283.2684,223489.4279,18.0,6,1,0,1003.9897,3147.7384
271,71,10.618,54798.6949,171805.6627,23.0,5,0,0,771.8126,2419.7981
272,70,10.7455,62150.7275,194856.4193,15.0,4,0,1,887.8675,2783.6631
273,70,10.5688,62271.3135,195234.9955,19.0,5,1,1,889.5902,2789.0714
274,70,10.8229,74983.7833,235091.3468,24.0,5,0,0,1071.1969,3358.4478
275,70,10.9824,62378.7423,195571.2766,27.0,4,0,0,891.1249,2793.8754
276,71,10.7227,54679.7052,171432.7685,23.0,4,1,0,770.1367,2414.546
277,71,10.7841,63462.1246,198968.1418,26.0,3,0,0,893.8327,2802.3682
278,71,10.7936,60154.8822,188599.3659,22.0,2,0,0,847.2519,2656.3291
279,72,10.7776,66603.499,208817.0087,24.0,3,1,0,925.0486,2900.2362
280,72,10.8656,58976.8845,184905.7293,14.0,1,0,0,819.1234,2568.1351
281,72,10.9406,70231.0345,220190.7605,15.0,1,0,0,975.431,3058.205
282,73,10.747,57082.0871,178965.2358,16.0,2,1,0,781.9464,2451.5786
283,73,10.8589,70204.0826,220105.7716,18.0,2,0,0,961.6998,3015.1476
284,73,10.9767,64549.9606,202378.5106,20.0,2,0,0,884.246,2772.3084
285,73,10.7181,56148.1003,176036.4849,23.0,4,1,1,769.1521,2411.4587
286,73,10.6595,51019.6243,159957.4426,26.0,3,0,0,698.899,2191.1978
287,73,10.6976,61395.8499,192488.6802,29.0,3,0,0,841.039,2636.8312
288,73,10.5533,51797.3522,162395.6517,12.0,5,1,1,709.5528,2224.598
289,73,10.6826,68041.1753,213324.125,16.0,4,0,0,932.0709,2922.2483
290,73,10.5816,49491.9775,155167.6377,20.0,4,0,0,677.9723,2125.5841
291,74,10.5293,59416.3273,186282.618,24.0,5,1,0,802.9233,2517.3327
292,74,10.5899,60658.8184,190178.6219,23.0,3,0,0,819.7138,2569.9814
293,73,10.8002,73435.4031,230236.3392,27.0,4,0,1,1005.9644,3153.9225
294,73,10.6244,54397.3572,170547.2158,31.0,5,1,1,745.1693,2336.2632
295,73,10.5606,55077.3378,172679.802,35.0,4,0,0,754.4841,2365.4767
296,73,10.4907,65444.4162,205183.169,25.0,3,0,0,896.4989,2810.7283
297,74,10.5363,71332.088,223642.4742,15.0,3,1,0,963.9471,3022.1956
298,73,10.6858,62589.9125,196233.9361,18.0,3,0,1,857.3961,2688.1361
299,73,10.7957,66180.4646,207491.0213,19.0,2,0,0,906.5817,2842.3428
300,74,10.7937,68332.5536,214238.1476,21.0,3,1,0,923.4129,2895.1101
301,74,10.7955,63670.8312,199622.7745,9.0,1,0,0,860.4166,2697.6051
302,73,10.7106,57653.9506,180757.5945,10.0,1,0,1,789.7801,2476.1314
303,74,10.5899,64027.3408,200740.2763,11.0,2,1,0,865.2343,2712.7064
304,74,10.675,67342.4588,211133.4099,0.0,0,0,0,910.0332,2853.1542
305,74,10.6465,58627.1863,183809.219,0.0,0,0,0,792.2593,2483.9084
306,75,10.6686,70082.4345,219724.7912,1.0,2,1,0,934.4325,2929.6639
307,75,10.6029,62578.8391,196199.3981,2.0,1,0,0,834.3845,2615.992
308,73,10.6221,60868.5773,190837.2189,3.0,1,0,2,833.8161,2614.2085
309,74,10.7005,80103.2211,251142.6295,0.0,1,1,0,1082.476,3393.8193
310,73,10.8956,70782.7496,221920.0302,0.0,0,0,1,969.6267,3040.0004
311,73,10.871,55346.3156,173522.7846,1.0,1,0,0,758.1687,2377.0244
312,74,10.8313,59264.4916,185807.2682,0.0,1,1,0,800.8715,2510.909
313,74,10.9836,63226.9643,198231.0325,0.0,0,0,0,854.4184,2678.7977
314,73,11.1222,65451.8912,205206.626,0.0,0,0,1,896.6012,2811.0497
315,74,11.1636,67126.5086,210456.4904,0.0,1,1,0,907.115,2844.0066
316,74,11.0615,53167.1392,166690.8086,1.0,1,0,0,718.4749,2252.5785
317,74,11.0199,61368.6437,192404.7339,2.0,1,0,0,829.306,2600.064
318,75,10.7349,60943.6428,191071.1915,3.0,2,1,0,812.5819,2547.6159
319,75,10.6519,54825.571,171890.4845,4.0,1,0,0,731.0076,2291.8731
320,75,10.7389,53667.9048,168260.9459,0.0,0,0,0,715.5721,2243.4793
321,76,10.7206,65438.1727,205163.2933,1.0,2,1,0,861.0286,2699.517
322,76,10.7006,62216.7565,195063.1246,2.0,1,0,0,818.6415,2566.6201
323,75,10.7797,60912.8311,190975.9406,0.0,0,0,1,812.1711,2546.3459
324,76,10.6461,61466.023,192709.3475,1.0,2,1,0,808.7635,2535.6493
325,76,10.5638,54683.9634,171446.3814,0.0,0,0,0,719.5258,2255.8734
326,76,10.535,57800.6113,181217.7799,0.0,0,0,0,760.5344,2384.4445
327,77,10.528,72957.4819,228738.6305,0.0,1,1,0,947.4998,2970.6316
328,77,10.7082,68453.6415,214617.9936,0.0,0,0,0,889.0083,2787.2467
329,77,10.7969,70610.099,221379.0002,1.0,1,0,0,917.0143,2875.052
330,77,10.4145,57530.1455,180369.3944,3.0,3,1,1,747.1447,2342.4597
331,76,10.6219,75966.8865,238173.9579,5.0,2,0,1,999.5643,3133.8679
332,76,10.7363,63535.0443,199196.7407,3.0,1,0,0,835.9874,2621.0097
333,76,10.7427,68082.0875,213453.0131,4.0,2,1,1,895.8169,2808.5923
334,76,10.951,73235.044,229608.6874,5.0,1,0,0,963.619,3021.1669
335,76,10.8788,63671.1827,199623.7771,6.0,1,0,0,837.7787,2626.6286
336,77,10.693,61912.7389,194109.9925,7.0,2,1,0,804.0615,2520.909
337,76,10.7468,76667.5945,240370.6745,10.0,3,0,1,1008.7841,3162.772
338,76,10.7681,58325.7275,182864.427,13.0,3,0,0,767.4438,2406.1109
339,77,10.534,62767.2742,196788.968,16.0,4,1,0,815.1594,2555.7009
340,76,10.4836,61419.9838,192565.5102,15.0,2,0,1,808.1577,2533.7567
341,75,10.6447,66120.3981,207302.7143,17.0,2,0,1,881.6053,2764.0362
342,76,10.6112,65627.5822,205757.5676,20.0,4,1,0,863.5208,2707.3364
343,75,10.9277,77342.5825,242487.2951,9.0,2,0,1,1031.2344,3233.1639
344,75,10.7405,54158.4262,169798.7373,3.0,1,0,0,722.1123,2263.9832
345,76,10.6821,74747.5964,234351.0568,4.0,2,1,0,983.521,3083.5665
346,76,10.9373,76799.5612,240784.8755,5.0,1,0,0,1010.5205,3168.222
347,76,10.9455,64122.1774,201038.1326,6.0,1,0,0,843.7129,2645.2386
348,77,10.8662,73306.1237,229832.1646,8.0,3,1,0,952.0276,2984.8333
349,76,10.8661,62053.003,194549.5726,3.0,2,0,1,816.4869,2559.8628
350,76,10.9386,62864.1606,197092.5619,5.0,2,0,0,827.16,2593.3232
351,76,10.5073,47381.4644,148550.7827,9.0,5,1,1,623.4403,1954.6156
352,75,10.5057,70922.7074,222359.0988,11.0,3,0,1,945.6361,2964.788
353,75,10.5134,56640.5862,177580.3828,9.0,2,0,0,755.2078,2367.7384
354,75,10.2905,59973.0342,188028.5996,11.0,3,1,1,799.6405,2507.048
355,74,10.266,68161.8675,213702.6677,13.0,2,0,1,921.1063,2887.8739
356,73,10.063,51561.4946,161656.8335,16.0,3,0,1,706.3218,2214.4772
357,74,10.4057,82289.3132,257996.008,19.0,4,1,0,1112.0177,3486.4325
358,74,10.8823,86384.4529,270836.0876,22.0,3,0,0,1167.3575,3659.9471
359,73,11.0607,64550.1439,202379.6377,25.0,3,0,1,884.2485,2772.3238
360,74,10.9953,63968.5061,200555.6438,28.0,4,1,0,864.4393,2710.2114
361,74,11.0663,62694.7054,196561.705,31.0,3,0,0,847.2257,2656.2393
362,74,11.0317,53552.1913,167897.347,19.0,2,0,0,723.6783,2268.8831
363,75,10.8445,55260.6002,173253.9302,8.0,2,1,0,736.808,2310.0524
364,75,10.9669,66853.8298,209601.9456,9.0,1,0,0,891.3844,2794.6926
365,74,11.1161,62378.5819,195570.9272,10.0,1,0,1,842.9538,2642.8504
366,75,11.0779,63250.5678,198304.2794,11.0,2,1,0,843.3409,2644.0571
367,75,11.2611,69386.4746,217542.6715,12.0,1,0,0,925.153,2900.569
368,75,11.1745,58245.9994,182614.1525,13.0,1,0,0,776.6133,2434.8554
369,75,11.0072,50868.3763,159483.4424,14.0,2,1,1,678.245,2126.4459
370,74,11.1457,66191.0887,207523.7449,16.0,2,0,1,894.4742,2804.3749
371,74,11.2628,63135.9558,197945.1263,18.0,2,0,0,853.1886,2674.9341
372,75,11.3397,73378.1997,230057.3771,20.0,3,1,0,978.376,3067.4317
373,75,11.3872,60327.4341,189140.4017,22.0,2,0,0,804.3658,2521.872
374,75,11.3388,55298.2428,173372.0791,5.0,1,0,0,737.3099,2311.6277
375,75,11.2352,64713.1864,202890.0927,6.0,2,1,1,862.8425,2705.2012
376,74,11.0185,52226.718,163741.8854,7.0,1,0,1,705.7665,2212.7282
377,73,11.1048,61218.3439,191933.0768,8.0,1,0,1,838.6075,2629.2202
378,74,10.7938,53668.9553,168264.0375,9.0,2,1,0,725.2562,2273.8383
379,74,10.8805,65963.7257,206811.7376,10.0,1,0,0,891.4017,2794.7532
380,74,10.9989,64856.3503,203339.2431,11.0,1,0,0,876.4372,2747.8276
381,75,10.796,58184.6344,182422.3621,12.0,2,1,0,775.7951,2432.2982
382,74,10.7757,59046.15,185123.0089,13.0,1,0,1,797.9209,2501.6623
383,74,10.8595,65024.0458,203865.4783,15.0,2,0,0,878.7033,2754.9389
384,74,10.9894,69137.7536,216762.1634,2.0,2,1,1,934.294,2929.2184
385,74,11.0481,63788.4758,199991.1642,4.0,2,0,0,862.0064,2702.5833
386,74,10.9141,55875.2394,175181.788,6.0,2,0,0,755.0708,2367.3215
387,75,10.6641,60277.2089,188982.0498,8.0,3,1,0,803.6961,2519.7607
388,75,10.5652,65006.9541,203810.9514,11.0,3,0,0,866.7594,2717.4794
389,75,10.2689,51690.1678,162059.8407,15.0,4,0,0,689.2022,2160.7979
390,76,10.2033,62217.5092,195065.0937,19.0,5,1,0,818.6514,2566.646
391,75,10.1281,61331.5168,192287.2443,15.0,4,0,1,817.7536,2563.8299
392,74,10.2577,74496.459,233563.5313,19.0,4,0,1,1006.7089,3156.2639
393,75,10.2642,66262.3415,207746.936,23.0,5,1,0,883.4979,2769.9591
394,74,10.5895,71632.0356,224582.2721,28.0,5,0,1,968.0005,3034.8956
395,74,10.5695,58793.6773,184330.8066,33.0,5,0,0,794.5092,2490.9568
396,74,10.4239,55462.7783,173887.3053,12.0,4,1,1,749.497,2349.8285
397,74,10.4219,61419.3156,192562.78,9.0,1,0,0,829.9908,2602.1997
398,74,10.2541,58335.416,182894.369,10.0,1,0,0,788.3164,2471.5455
399,75,10.2526,67274.3732,210920.5799,11.0,2,1,0,896.9916,2812.2744
400,74,10.3909,69716.9984,218578.1741,0.0,0,0,1,942.1216,2953.7591
401,74,10.4179,69433.8783,217692.136,0.0,0,0,0,938.2957,2941.7856
402,75,10.4267,69812.8696,218879.0343,2.0,3,1,0,930.8383,2918.3871
403,75,10.6984,75254.4329,235939.7593,4.0,3,0,0,1003.3924,3145.8635
404,75,10.9421,63565.8341,199292.9585,3.0,1,0,0,847.5445,2657.2394
405,75,10.8117,57419.9861,180024.403,4.0,2,1,1,765.5998,2400.3254
406,75,10.8517,61237.6297,191993.7775,5.0,1,0,0,816.5017,2559.917
407,75,11.0942,71108.1223,222939.9868,6.0,1,0,0,948.1083,2972.5332
408,76,11.0505,69740.0231,218651.0614,0.0,1,1,0,917.6319,2876.9876
409,75,11.0992,63863.7456,200227.581,0.0,0,0,1,851.5166,2669.7011
410,75,11.4273,80206.3555,251466.7661,0.0,0,0,0,1069.4181,3352.8902
411,76,11.3163,70141.805,219911.4952,0.0,1,1,0,922.9185,2893.5723
412,76,11.2545,72063.7132,225936.9435,1.0,1,0,0,948.2068,2972.8545
413,76,11.0603,57997.6717,181835.7865,2.0,1,0,0,763.1273,2392.5761
414,77,10.9211,65955.0786,206784.1302,3.0,2,1,0,856.5595,2685.5082
415,77,11.1414,70265.1371,220297.5249,4.0,1,0,0,912.5342,2861.0068
416,77,11.1948,69423.263,217658.1721,5.0,1,0,0,901.6008,2826.7295
417,76,11.1836,67909.8445,212913.4707,6.0,1,0,1,893.5506,2801.493
418,75,11.0897,61169.6282,191780.9444,7.0,1,0,1,815.595,2557.0793
419,75,10.5853,47728.5953,149639.6191,8.0,1,0,0,636.3813,1995.1949
420,77,10.2821,65707.1138,206006.9155,11.0,5,2,0,853.3391,2675.4145
421,77,10.379,59859.1838,187671.2656,2.0,1,0,0,777.392,2437.2892
422,77,10.6596,78814.5106,247101.6038,3.0,1,0,0,1023.5651,3209.1117
423,78,10.8317,75379.784,236333.2535,4.0,2,1,0,966.4075,3029.9135
424,78,10.8942,69423.5664,217658.9028,5.0,1,0,0,890.0457,2790.4988
425,78,10.8695,70763.5127,221860.1764,6.0,1,0,0,907.2245,2844.3612
426,78,10.7079,81791.5814,256436.0634,7.0,2,1,1,1048.61,3287.6418
427,78,10.5459,53966.018,169195.4052,8.0,1,0,0,691.872,2169.1719
428,78,10.2473,48204.7858,151131.8299,12.0,4,0,0,618.0101,1937.5876
429,79,10.181,77092.5803,241702.2603,18.0,7,1,0,975.8554,3059.5223
430,79,9.9388,52165.2154,163548.3816,25.0,7,0,0,660.3192,2070.2327
431,79,9.8532,59892.8768,187776.7479,32.0,7,0,0,758.1377,2376.9209
432,80,9.9158,68485.559,214716.1046,31.0,6,1,0,856.0695,2683.9513
433,80,9.9976,70512.0069,221070.5218,36.0,5,0,0,881.4001,2763.3815
434,80,9.9818,64509.4663,202250.8303,43.0,7,0,0,806.3683,2528.1354
435,81,9.8537,66446.3399,208323.2774,50.0,8,1,0,820.3252,2571.8923
436,81,9.7554,69986.0484,219420.7973,45.0,5,0,0,864.0253,2708.8987
437,80,9.6837,59887.1176,187758.2217,51.0,6,0,1,748.589,2346.9778
438,81,9.5886,62665.4634,196469.1371,41.0,5,1,0,773.6477,2425.5449
439,81,9.7825,74274.3559,232866.4005,46.0,5,0,0,916.9674,2874.8938
440,81,10.1883,85063.6919,266694.0848,27.0,3,0,0,1050.169,3292.5196
441,81,10.5256,80139.2208,251255.2353,16.0,2,0,0,989.3731,3101.9165
442,81,10.8562,79421.7437,249005.767,4.0,1,0,0,980.5154,3074.1453
443,79,11.1149,74286.6191,232906.0727,5.0,1,0,2,940.337,2948.1781
444,81,10.8778,76486.0992,239801.7389,6.0,3,2,0,944.2728,2960.5153
445,81,10.93,69328.7574,217361.6231,7.0,1,0,0,855.9106,2683.4768
446,80,11.0521,60962.8689,191132.1407,8.0,1,0,1,762.0359,2389.1518
447,81,10.9411,72300.3407,226678.5273,0.0,1,1,0,892.5968,2798.5003
448,81,10.9579,65655.571,205845.4807,1.0,1,0,0,810.5626,2541.3022
449,81,10.9196,64442.3433,202041.1625,2.0,1,0,0,795.5845,2494.3353
450,82,11.0688,82423.6085,258416.8963,3.0,2,1,0,1005.166,3151.4256
451,81,11.1521,67374.2111,211233.6664,4.0,1,0,1,831.7804,2607.823
452,81,11.2486,72486.2161,227260.688,5.0,1,0,0,894.8916,2805.6875
453,81,11.1733,59976.2931,188038.6169,7.0,3,1,1,740.4481,2321.4644
454,80,11.2645,78254.7556,245346.9401,9.0,2,0,1,978.1844,3066.8368
455,79,11.219,64057.8248,200835.7088,11.0,2,0,1,810.8585,2542.2242
456,80,10.9894,61521.962,192885.0443,13.0,3,1,0,769.0245,2411.0631
457,80,10.8059,59105.2718,185307.4292,5.0,1,0,0,738.8159,2316.3429
458,80,10.7007,61294.6742,192171.8117,6.0,1,0,0,766.1834,2402.1476
459,81,10.5099,69698.9748,218521.5863,7.0,2,1,0,860.4812,2697.7974
460,81,10.4213,65118.1164,204159.7505,9.0,2,0,0,803.9274,2520.4907
461,81,10.635,79299.1495,248621.3391,11.0,2,0,0,979.0018,3069.3992
462,82,10.7892,87116.3209,273130.1245,15.0,5,1,0,1062.3942,3330.8552
463,82,10.9092,77991.5655,244521.5581,19.0,4,0,0,951.1167,2981.9702
464,81,10.9463,84536.9024,265043.1253,11.0,3,0,1,1043.6655,3272.1373
465,82,10.5873,54642.9482,171317.1754,8.0,3,1,0,666.3774,2089.2338
466,82,10.5727,64882.5999,203421.0221,6.0,2,0,0,791.2512,2480.7442
467,81,10.8804,79107.5265,248020.1068,8.0,2,0,1,976.6361,3061.9766
468,82,10.8242,63795.3984,200012.6997,11.0,4,1,0,777.9927,2439.1793
469,82,10.9733,71273.2692,223457.4845,10.0,2,0,0,869.1862,2725.0913
470,82,10.9452,67386.4815,211271.767,12.0,2,0,0,821.7864,2576.485
471,83,10.7624,74098.2562,232315.0078,14.0,3,1,0,892.7501,2798.976
472,83,10.8172,72565.4552,227509.7228,11.0,1,0,0,874.2826,2741.081
473,83,10.9753,75914.1496,238008.4257,12.0,1,0,0,914.6283,2867.5714
474,83,11.0924,77042.4229,241545.5397,13.0,2,1,1,928.222,2910.1872
475,82,11.1868,75375.2759,236319.636,14.0,1,0,1,919.2107,2881.9468
476,82,11.4675,86478.904,271132.1961,0.0,0,0,0,1054.6208,3306.4902
477,83,11.6827,94197.5684,295332.6108,0.0,1,1,0,1134.9105,3558.2242
478,82,11.7049,74004.7081,232022.4389,0.0,0,0,1,902.4964,2829.5419
479,82,11.3661,64088.0516,200930.7186,0.0,0,0,0,781.5616,2450.3746
480,83,11.0771,70709.398,221690.1056,1.0,2,1,0,851.9205,2670.9651
481,83,10.8712,67041.3388,210189.4159,3.0,2,0,0,807.727,2532.4026
482,83,10.9354,81021.3227,254020.5445,6.0,3,0,0,976.1605,3060.4885
483,84,10.7646,72403.6423,227001.9165,9.0,4,1,0,861.9481,2702.4038
484,83,10.7611,73635.1955,230863.5965,9.0,2,0,1,887.171,2781.4891
485,83,10.7263,74491.7974,233549.0027,12.0,3,0,0,897.4915,2813.8434
486,83,10.7869,84634.531,265348.8868,7.0,3,1,1,1019.6931,3196.9745
487,83,10.8866,73877.8395,231623.51,9.0,2,0,0,890.0945,2790.6447
488,83,11.0955,76889.9911,241067.8655,11.0,2,0,0,926.3854,2904.4321
489,84,11.1876,78429.6007,245894.6258,13.0,3,1,0,933.6857,2927.317
490,84,11.3878,85007.5886,266519.0082,15.0,2,0,0,1011.9951,3172.8453
491,84,11.3712,69833.1891,218943.4842,17.0,2,0,0,831.3475,2606.47
492,85,11.2443,75971.4413,238188.0941,8.0,3,1,0,893.7817,2802.2129
493,85,11.286,72839.8814,228369.31,10.0,2,0,0,856.9398,2686.6978
494,84,11.4468,83471.3178,261701.9682,12.0,2,0,1,993.7062,3115.4996
495,85,11.2776,73105.7546,229203.379,15.0,4,1,0,860.0677,2696.5103
496,85,11.2859,74775.4027,234437.7463,19.0,4,0,0,879.7106,2758.0911
497,85,11.2148,67849.0201,212721.83,23.0,4,0,0,798.2238,2502.6098
498,86,10.9211,70369.3703,220623.3934,15.0,5,1,0,818.2485,2565.3883
499,86,10.8625,71864.9963,225312.948,17.0,3,0,0,835.6395,2619.918
500,85,11.0764,82432.8263,258445.2903,21.0,4,0,1,969.798,3040.5328
501,85,10.9751,75029.1481,235233.1523,13.0,3,1,1,882.6959,2767.4489
502,85,11.1466,82934.8758,260020.409,7.0,1,0,0,975.7044,3059.0636
503,85,11.2952,81725.7295,256229.4941,8.0,1,0,0,961.4792,3014.4646
504,86,11.1941,73601.5447,230757.5819,10.0,3,1,0,855.8319,2683.2277
505,86,11.2958,81446.764,255354.3457,12.0,2,0,0,947.0554,2969.2366
506,86,11.3464,75630.8828,237120.4214,15.0,3,0,0,879.4289,2757.2142
507,87,11.3908,85269.1512,267338.6346,16.0,3,1,0,980.1052,3072.8579
508,87,11.5306,83156.5466,260715.2053,19.0,3,0,0,955.8224,2996.7265
509,86,11.5493,68454.8888,214621.2626,22.0,3,0,1,795.9871,2495.5961
510,87,11.2286,64767.6849,203060.6466,0.0,1,1,0,744.4561,2334.0304
511,86,11.2862,73670.5818,230973.9342,1.0,1,0,1,856.6347,2685.7434
512,86,11.1706,63708.3715,199739.3814,1.0,1,0,0,740.795,2322.5509
513,86,11.1212,71213.8603,223271.1259,2.0,2,1,1,828.0681,2596.1759
514,86,11.2333,68238.6233,213942.8163,4.0,2,0,0,793.4724,2487.7072
515,86,11.3912,75083.0385,235402.6514,6.0,2,0,0,873.0586,2737.2401
516,86,11.3768,81281.8393,254838.0015,8.0,3,1,1,945.1377,2963.2326
517,86,11.5909,79895.9385,250492.4716,10.0,2,0,0,929.0225,2912.7032
518,86,11.7611,87892.9974,275565.8504,12.0,2,0,0,1022.0116,3204.2541
519,87,11.7224,79767.1203,250088.2729,6.0,2,1,0,916.8635,2874.5778
520,87,11.6454,60543.0183,189815.725,0.0,0,0,0,695.8968,2181.7899
521,87,11.5658,67776.1624,212493.8069,0.0,0,0,0,779.0363,2442.4576
522,88,11.3011,68962.2246,216212.6547,0.0,1,1,0,783.6616,2456.962
523,87,11.4148,81419.0834,255267.843,0.0,0,0,1,935.8515,2934.1131
524,87,11.2545,68283.083,214083.4935,2.0,2,0,0,784.863,2460.7298
525,88,11.0604,72895.6795,228544.7505,2.0,2,1,0,828.36,2597.0994
526,88,11.098,79876.1911,250430.3114,5.0,3,0,0,907.684,2845.799
527,87,11.08,77569.6428,243198.5291,8.0,3,0,1,891.6051,2795.3854
528,88,11.1001,87424.3612,274095.7212,8.0,3,1,0,993.4586,3114.7241
529,88,11.0371,80598.6728,252694.9797,10.0,2,0,0,915.894,2871.5339
530,87,11.1297,82745.7604,259427.5642,12.0,2,0,1,951.1007,2981.926
531,88,10.9462,69906.7459,219173.1794,16.0,5,1,0,794.3948,2490.6043
532,88,11.0438,84706.1242,265572.8071,11.0,3,0,0,962.5696,3017.8728
533,87,11.0387,71649.4703,224637.0471,5.0,3,0,1,823.5571,2582.035
534,88,11.0158,77213.049,242079.8629,9.0,5,1,0,877.421,2750.9075
535,87,11.0662,72709.7561,227962.1039,10.0,3,0,1,835.7443,2620.2541
536,87,11.2332,85126.468,266891.8644,7.0,2,0,0,978.4651,3067.7226
537,88,11.3578,83656.9174,262283.349,9.0,3,1,0,950.6468,2980.4926
538,88,11.3601,78815.9939,247106.0836,12.0,3,0,0,895.6363,2808.0237
539,88,11.4861,83931.8501,263146.278,15.0,3,0,0,953.771,2990.2986
540,89,11.2713,74826.4145,234597.6065,11.0,3,1,0,840.7462,2635.9282
541,89,11.0254,66747.4316,209268.371,13.0,2,0,0,749.9711,2351.33
542,89,10.8725,74533.0029,233677.7592,16.0,3,0,0,837.4495,2625.5928
543,90,10.3668,73554.0893,230608.4122,17.0,3,1,0,817.2677,2562.3157
544,88,10.36,75057.4375,235321.1351,2.0,2,0,2,852.9254,2674.1038
545,88,10.3367,71586.6282,224439.7222,2.0,1,0,0,813.4844,2550.4514
546,89,10.2197,77519.4957,243040.6943,7.0,6,1,0,871.0056,2730.7943
547,89,10.3511,86968.2724,272665.8789,6.0,2,0,0,977.1716,3063.6616
548,89,10.4372,80485.7915,252341.2975,10.0,4,0,0,904.3347,2835.2955
549,89,10.6801,98495.9168,308807.7192,14.0,5,1,1,1106.6957,3469.7497
550,89,10.8745,93352.2467,292681.3386,20.0,6,0,0,1048.9016,3288.5544
551,89,11.056,90654.0031,284221.482,24.0,5,0,0,1018.5843,3193.4998
552,90,11.0402,76254.0392,239072.8764,15.0,4,1,0,847.2671,2656.3653
553,90,11.0419,77044.3431,241551.439,11.0,3,0,0,856.0483,2683.9049
554,90,10.9711,70364.938,220609.8618,14.0,3,0,0,781.8326,2451.2207
555,90,11.0732,88248.4961,276679.3161,17.0,4,1,1,980.5388,3074.2146
556,89,11.0697,78008.8523,244575.6962,21.0,4,0,1,876.504,2748.0415
557,89,11.0062,67022.0561,210129.0257,25.0,4,0,0,753.0568,2361.0003
558,90,10.7775,72471.7734,227215.2838,29.0,5,1,0,805.2419,2524.6143
559,90,10.8055,78436.052,245915.1769,21.0,3,0,0,871.5117,2732.3909
560,90,10.9006,80363.8806,251959.1164,5.0,1,0,0,892.932,2799.5457
561,91,10.8166,87604.6016,274661.6355,6.0,2,1,0,962.6879,3018.2597
562,90,11.0213,93271.0099,292426.8565,7.0,1,0,1,1036.3446,3249.1873
563,90,11.2469,92465.3585,289900.8537,9.0,2,0,0,1027.3929,3221.1206
564,90,11.3955,95254.0989,298644.0923,12.0,4,1,1,1058.3789,3318.2677
565,90,11.734,91499.4772,286872.2299,12.0,2,0,0,1016.6609,3187.4692
566,90,11.7673,69699.9522,218525.2115,15.0,3,0,0,774.4439,2428.0579
567,91,11.5338,61132.9196,191664.866,18.0,4,1,0,671.7903,2106.2073
568,91,11.4606,74146.4999,232465.1895,16.0,2,0,0,814.7967,2554.5625
569,91,11.3235,73759.8336,231253.506,18.0,2,0,0,810.5476,2541.2473
570,92,11.2156,76522.7807,239916.124,15.0,2,1,0,831.7694,2607.784
571,92,11.4441,87501.8658,274338.6756,16.0,1,0,0,951.1072,2981.9421
572,92,11.6124,79774.3088,250110.8857,17.0,1,0,0,867.1121,2718.5966
573,93,11.6277,90294.8592,283095.489,18.0,2,1,0,970.9125,3044.0375
574,93,11.7618,83340.4911,261291.8167,19.0,1,0,0,896.1343,2809.5894
575,93,11.5287,78817.9108,247113.2827,21.0,2,0,0,847.5044,2657.1321
576,94,11.4585,88225.9826,276609.418,21.0,2,1,0,938.5743,2942.6534
577,94,11.5469,79583.1307,249511.7961,22.0,1,0,0,846.629,2654.3808
578,93,11.541,84272.781,264214.8858,0.0,0,0,1,906.1589,2841.0203
579,94,11.3691,85804.4431,269017.0392,0.0,1,1,0,912.8132,2861.8834
580,94,11.2852,76120.2938,238654.7789,0.0,0,0,0,809.7904,2538.8806
581,94,11.1547,77751.0427,243767.8409,1.0,1,0,0,827.1388,2593.2749
582,95,10.9125,76837.4061,240902.4379,4.0,4,1,0,808.8148,2535.8151
583,95,11.0497,85442.7565,267882.5818,8.0,4,0,0,899.3974,2819.8167
584,95,11.0168,76135.3067,238701.3778,12.0,4,0,0,801.4243,2512.6461
585,95,10.8953,83845.981,262876.4408,16.0,5,1,1,882.5893,2767.1204
586,95,10.8447,83375.7044,261401.3343,21.0,5,0,0,877.639,2751.593
587,94,10.9746,88233.1448,276631.0997,27.0,6,0,1,938.6505,2942.884
588,95,10.6678,71160.324,223102.0189,33.0,7,1,0,749.056,2348.4423
589,95,10.7455,85044.2223,266632.6195,39.0,6,0,0,895.2023,2806.6592
590,95,10.7317,73790.2042,231347.9275,45.0,6,0,0,776.739,2435.2413
591,96,10.7241,81224.2072,254656.0023,36.0,5,1,0,846.0855,2652.6667
592,96,10.7036,80255.4369,251618.7537,28.0,3,0,0,835.9941,2621.0287
593,96,10.8147,85038.0109,266613.1053,32.0,4,0,0,885.8126,2777.2198
594,95,10.7774,77897.1961,244225.3921,36.0,5,1,2,819.9705,2570.7936
595,94,10.928,91021.2848,285372.5559,40.0,4,0,1,968.3115,3035.8783
596,94,11.0014,80592.3058,252675.1081,44.0,4,0,0,857.365,2688.0331
597,94,10.96,86911.5675,272487.0836,48.0,5,1,1,924.5911,2898.7988
598,94,11.0145,80202.0249,251451.0746,54.0,6,0,0,853.213,2675.0114
599,94,10.92,76892.8525,241075.8521,60.0,6,0,0,818.0091,2564.6367
600,95,10.8657,79688.0388,249839.374,26.0,5,1,0,838.8215,2629.8881
601,95,11.0271,79161.959,248190.6712,11.0,2,0,0,833.2838,2612.5334
602,95,11.0712,80381.4641,252014.2074,10.0,1,0,0,846.1207,2652.7811
603,95,11.1986,88320.3056,276903.8499,11.0,2,1,1,929.6874,2914.7774
604,94,11.4348,94511.2057,296314.9955,12.0,1,0,1,1005.4384,3152.2872
605,94,11.5827,88592.3571,277758.0796,13.0,1,0,0,942.4719,2954.8732
606,94,11.5535,86665.4454,271716.9331,14.0,2,1,1,921.9728,2890.6057
607,94,11.4476,68742.3198,215522.232,15.0,1,0,0,731.3013,2292.7897
608,93,11.3571,67511.2277,211663.2127,16.0,1,0,1,725.9272,2275.9485
609,94,11.2245,69703.4289,218535.2681,0.0,1,1,0,741.5258,2324.8433
610,94,11.3228,87136.761,273194.5002,0.0,0,0,0,926.9868,2906.3245
611,94,11.4028,85055.5265,266668.6283,0.0,0,0,0,904.846,2836.9003
612,95,11.2185,78617.2006,246483.7114,1.0,2,1,0,827.5495,2594.5654
613,95,11.1573,78506.9444,246137.6584,2.0,1,0,0,826.3889,2590.9227
614,95,11.1428,85529.1422,268153.6022,0.0,0,0,0,900.3068,2822.6695
615,96,10.9875,75699.0716,237333.2122,1.0,2,1,0,788.532,2472.221
616,96,11.0788,80583.6846,252648.2313,0.0,0,0,0,839.4134,2631.7524
617,96,11.2301,85052.4331,266658.9379,0.0,0,0,0,885.9628,2777.6973
618,97,11.0966,72335.6993,226789.0143,0.0,1,1,0,745.7289,2338.0311
619,97,11.1524,81787.4307,256422.6099,0.0,0,0,0,843.1694,2643.5321
620,96,10.9679,76576.2554,240084.8005,0.0,0,0,1,797.6693,2500.8833
621,96,10.7002,82053.4331,257256.811,0.0,1,1,1,854.7233,2679.7584
622,96,10.5484,72950.981,228718.1846,0.0,0,0,0,759.9061,2382.4811
623,96,10.6303,83786.6334,262689.9951,0.0,0,0,0,872.7774,2736.3541
624,97,10.6913,90104.4392,282498.792,1.0,2,1,0,928.9117,2912.3587
625,97,10.8784,90799.5072,284677.1357,2.0,1,0,0,936.0774,2934.8158
626,95,10.9417,74759.2959,234387.1912,3.0,1,0,2,786.94,2467.2336
627,96,10.8631,84036.3047,263472.9525,4.0,2,1,0,875.3782,2744.5099
628,96,10.9425,78317.1594,245542.3534,0.0,0,0,0,815.8037,2557.7328
629,96,11.0394,94737.018,297022.9834,0.0,0,0,0,986.8439,3093.9894
630,97,10.8277,74853.1612,234681.4245,0.0,1,1,0,771.6821,2419.3961
631,97,10.7386,73716.5246,231117.734,2.0,2,0,0,759.9642,2382.6571
632,97,10.7499,73340.7229,229939.0506,4.0,2,0,0,756.0899,2370.5057
633,98,10.5612,75240.1911,235894.2069,7.0,4,1,0,767.7571,2407.0837
634,96,10.6843,79832.5019,250293.0121,10.0,3,0,2,831.5886,2607.2189
635,95,10.6381,70735.4743,221770.8267,8.0,2,0,1,744.5839,2334.4298
636,96,10.6667,76769.1635,240688.8672,0.0,1,1,0,799.6788,2507.1757
637,95,10.7298,85623.6038,268450.2266,0.0,0,0,1,901.3011,2825.7919
638,93,10.7708,74329.5571,233039.7983,0.0,0,0,2,799.2425,2505.8043
639,94,10.5977,74953.9038,234997.395,0.0,1,1,0,797.382,2499.9723
640,94,10.8538,90921.8052,285060.8511,0.0,0,0,0,967.2532,3032.5622
641,93,10.9383,78494.6782,246099.1192,1.0,1,0,1,844.0288,2646.2271
642,94,10.8786,83592.357,262080.8667,3.0,3,1,0,889.2804,2788.0943
643,94,11.009,82095.635,257388.1391,4.0,2,0,0,873.3578,2738.1717
644,92,10.9818,70869.0654,222190.1488,2.0,1,0,2,770.3159,2415.1103
645,92,10.6927,73040.1414,228997.2827,1.0,2,1,1,793.9146,2489.1009
646,92,10.5132,67142.9766,210508.096,0.0,0,0,0,729.815,2288.1315
647,92,10.5216,76140.8497,238718.464,0.0,0,0,0,827.6179,2594.7659
648,92,10.6025,82963.7534,260110.057,1.0,2,1,1,901.7799,2827.2832
649,91,10.8377,90785.0122,284632.0275,2.0,1,0,1,997.6375,3127.8245
650,89,11.0544,83239.3241,260974.8416,3.0,1,0,2,935.2733,2932.3016
651,89,11.0358,80884.5956,253591.8231,5.0,3,1,1,908.8157,2849.3463
652,89,11.0691,79754.6765,250048.9018,7.0,2,0,0,896.12,2809.5382
653,89,11.0,63402.3084,198780.1312,9.0,2,0,0,712.3855,2233.4846
654,89,10.6362,63007.6997,197542.3786,12.0,4,1,1,707.9517,2219.5773
655,89,10.6803,70248.787,220245.1693,16.0,4,0,0,789.3122,2474.6648
656,89,10.4911,62103.4417,194707.4686,11.0,3,0,0,697.7915,2187.7244
657,90,10.3122,74597.824,233880.0743,14.0,4,1,0,828.8647,2598.6675
658,90,10.2477,68247.6883,213971.0652,17.0,3,0,0,758.3076,2377.4563
659,88,10.1261,67210.3916,210719.0059,22.0,5,0,2,763.7545,2394.5342
660,89,10.0734,82418.4352,258399.6441,28.0,8,1,0,926.0498,2903.3668
661,89,9.9431,64497.6723,202213.7649,36.0,8,0,0,724.6929,2272.0648
662,89,10.1962,90790.1617,284647.199,44.0,8,0,0,1020.1142,3198.2831
663,89,10.2595,75195.7495,235754.4361,49.0,9,1,1,844.8961,2648.9262
664,89,10.4962,86703.5615,271834.8204,46.0,6,0,0,974.1973,3054.3238
665,88,10.5395,77674.7955,243527.2359,46.0,5,0,1,882.6681,2767.355
666,89,10.3493,64248.6886,201433.2395,39.0,5,1,0,721.8954,2263.2948
667,89,10.4743,75928.3897,238052.4659,38.0,3,0,0,853.128,2674.7468
668,88,10.6715,81297.2212,254884.9152,23.0,2,0,1,923.8321,2896.4195
669,89,10.631,76046.9566,238424.3258,25.0,3,1,0,854.4602,2678.925
670,89,10.7166,80699.4653,253011.5138,27.0,2,0,0,906.7356,2842.826
671,89,10.6954,76832.4226,240887.1873,29.0,2,0,0,863.2856,2706.5976
672,90,10.6237,70072.8599,219693.8509,12.0,2,1,0,778.5873,2441.0428
673,90,10.7579,78361.0217,245679.4473,14.0,2,0,0,870.678,2729.7716
674,90,10.7624,75771.9439,237561.894,16.0,2,0,0,841.9105,2639.5766
675,91,10.7109,75133.7187,235561.0911,18.0,3,1,0,825.6453,2588.5834
676,91,10.7745,76979.8677,241349.1275,20.0,2,0,0,845.9326,2652.1882
677,91,11.0154,89366.4795,280184.6929,22.0,2,0,0,982.0492,3078.9527
678,91,10.9996,74185.1127,232587.0167,24.0,3,1,1,815.221,2555.9013
679,91,11.1191,79838.429,250311.5573,28.0,4,0,0,877.3454,2750.6765
680,91,11.039,68474.665,214682.7329,24.0,3,0,0,752.4688,2359.1509
681,92,10.76,71822.8495,225180.4617,27.0,4,1,0,780.6831,2447.6137
682,92,10.6756,64126.9504,201051.4934,9.0,3,0,0,697.0321,2185.3423
683,92,10.7768,78450.4534,245959.0201,13.0,4,0,0,852.7223,2673.4676
684,93,10.6949,80575.1877,252621.0595,12.0,5,1,0,866.3999,2716.3555
685,93,10.7495,81709.3216,256177.5732,16.0,4,0,0,878.5949,2754.5976
686,93,10.8591,77954.4923,244404.3822,21.0,5,0,0,838.2203,2628.0041
687,93,10.9143,83279.07,261098.4729,22.0,5,1,1,895.4739,2807.5105
688,93,10.9606,75271.5012,235993.1306,16.0,3,0,0,809.371,2537.5605
689,93,11.0553,82620.9151,259036.2486,19.0,3,0,0,888.3969,2785.336
690,94,11.0444,85900.0119,269316.2227,22.0,4,1,0,913.8299,2865.0662
691,94,10.9736,74042.682,232140.5469,25.0,3,0,0,787.6881,2469.5803
692,94,10.9439,79271.7097,248533.9605,28.0,3,0,0,843.3161,2643.9783
693,94,10.6815,70692.9295,221636.6592,33.0,6,1,1,752.0524,2357.8368
694,93,10.7174,74507.0864,233595.891,38.0,5,0,1,801.1515,2511.7838
695,91,10.9125,77838.304,244039.8352,44.0,6,0,2,855.366,2681.7564
696,92,10.864,79450.8484,249096.7578,30.0,4,1,0,863.5962,2707.5735
697,92,10.6975,64132.9462,201070.4148,33.0,3,0,0,697.0972,2185.548
698,91,10.4339,65387.1727,205003.2486,36.0,3,0,1,718.5404,2252.783
699,92,10.3154,73897.6795,231685.7376,39.0,4,1,0,803.2356,2518.3232
700,92,10.2883,81456.6853,255384.8912,42.0,3,0,0,885.3988,2775.9227
701,91,10.599,88581.1654,277722.1013,46.0,4,0,1,973.4194,3051.8912
702,92,10.6673,90031.5235,282270.1187,51.0,6,1,0,978.6035,3068.1535
703,92,10.7737,91243.0842,286068.5777,56.0,5,0,0,991.7727,3109.4411
704,92,11.0806,98672.4361,309361.4536,12.0,1,0,0,1072.5265,3362.6245
705,93,11.1216,84824.4505,265944.3634,13.0,2,1,0,912.0909,2859.6168
706,91,11.3843,82726.3469,259366.5544,0.0,0,0,2,909.0807,2850.1819
707,89,11.5779,79008.2869,247709.7063,0.0,0,0,2,887.7336,2783.2551
708,89,11.5568,78684.9769,246696.0105,0.0,1,1,1,884.1009,2771.8653
709,89,11.6293,81103.8399,254279.7297,0.0,0,0,0,911.2791,2857.0756
710,89,11.7126,91672.2074,287414.6601,0.0,0,0,0,1030.0248,3229.3782
711,89,11.6468,70120.8484,219845.4302,0.0,1,1,1,787.8747,2470.1734
712,88,11.762,86797.3045,272130.9538,0.0,0,0,1,986.333,3092.3972
713,88,11.9783,89570.7069,280825.3648,1.0,1,0,0,1017.8489,3191.1973
714,89,11.8609,71770.4787,225016.213,2.0,2,1,0,806.4099,2528.2721
715,89,11.9928,81451.8597,255370.0438,0.0,0,0,0,915.1894,2869.3263
716,89,11.877,68264.7749,214025.8253,0.0,0,0,0,767.0199,2404.7846
717,89,11.5124,66521.088,208558.2112,0.0,1,1,1,747.428,2343.3507
718,89,11.2345,72419.0399,227050.4293,1.0,1,0,0,813.6971,2551.1284
719,88,10.9619,65687.4522,205944.8777,3.0,2,0,1,746.4483,2340.2827
720,89,10.6431,72091.8842,226023.8935,6.0,4,1,0,810.0212,2539.5943
721,88,10.6893,77841.0886,244049.0746,9.0,3,0,1,884.5578,2773.2849
722,88,10.7841,88221.5805,276595.3881,12.0,3,0,0,1002.518,3143.1294
723,89,10.8039,77416.3759,242717.9197,9.0,3,1,0,869.8469,2727.1676
724,89,11.0457,87517.6059,274388.0532,6.0,1,0,0,983.3439,3083.0118
725,89,11.2359,82849.8561,259753.3262,8.0,2,0,0,930.8973,2918.5767
726,90,11.1799,76565.8268,240050.9251,12.0,5,1,0,850.7314,2667.2325
727,89,11.319,86513.9053,271241.1658,16.0,4,0,1,972.0664,3047.6535
728,89,11.4031,75770.5696,237557.8559,3.0,1,0,0,851.3547,2669.1894
729,90,11.3148,77927.209,244320.03,0.0,1,1,0,865.8579,2714.667
730,90,11.2392,75577.697,236952.9917,0.0,0,0,0,839.7522,2632.811
731,90,11.2147,66272.9131,207780.4265,0.0,0,0,0,736.3657,2308.6714
732,89,11.0824,72538.8569,227425.0642,0.0,1,1,2,815.0433,2555.3378
733,88,10.9503,73832.6862,231482.5562,2.0,2,0,1,839.0078,2630.4836
734,87,10.8803,73227.2133,229584.0546,5.0,3,0,1,841.6921,2638.8972
735,87,10.6858,72390.1454,226959.4302,8.0,4,1,1,832.0706,2608.7291
736,87,10.7652,78595.2708,246413.7203,8.0,2,0,0,903.3939,2832.3416
737,87,10.7319,70638.648,221467.5558,10.0,2,0,0,811.9385,2545.6041
738,87,10.4913,68320.2177,214198.8848,12.0,3,1,1,785.2899,2462.0561
739,87,10.4894,69732.2142,218625.9996,0.0,0,0,0,801.5197,2512.9425
740,86,10.6986,81994.0191,257070.2328,0.0,0,0,1,953.4188,2989.1888
741,87,10.7239,75990.8418,238249.0501,0.0,1,1,0,873.458,2738.4948
742,87,10.8525,73530.4457,230534.4414,1.0,1,0,0,845.1775,2649.8212
743,87,11.0805,82579.1763,258905.273,2.0,1,0,0,949.1859,2975.9227
744,87,11.2035,83003.052,260234.0215,3.0,2,1,1,954.0581,2991.1956
745,87,11.2513,74347.6839,233097.3321,4.0,1,0,0,854.5711,2679.2797
746,87,11.4045,79867.6574,250403.8182,5.0,1,0,0,918.0191,2878.2048
747,88,11.1153,67441.2865,211443.6981,6.0,2,1,0,766.3783,2402.7693
748,88,11.0389,73083.1,229132.0252,7.0,1,0,0,830.4898,2603.773
749,87,11.0215,66309.9709,207896.3612,8.0,1,0,1,762.1836,2389.6133
750,87,11.1438,81449.3149,255361.7411,10.0,3,1,1,936.199,2935.1924
751,86,11.3642,79616.8816,249616.883,12.0,2,0,1,925.7777,2902.5219
752,86,11.2373,61505.9837,192834.8517,3.0,1,0,0,715.1859,2242.2657
753,87,11.2226,76910.0685,241130.1459,4.0,2,1,0,884.0238,2771.6109
754,87,11.2649,72560.5421,227493.5832,5.0,1,0,0,834.0292,2614.8688
755,87,11.2873,72171.4428,226274.2216,0.0,0,0,0,829.5568,2600.8531
756,88,11.128,68913.6374,216059.9198,0.0,1,1,0,783.1095,2455.2264
757,87,10.9674,65376.431,204970.213,0.0,0,0,1,751.4532,2355.9795
758,87,11.0275,81772.1108,256374.3927,0.0,0,0,0,939.9093,2946.8321
759,88,10.917,73851.0634,231539.8117,2.0,3,1,0,839.2166,2631.1342
760,87,11.0059,74129.8109,232414.1491,5.0,3,0,1,852.0668,2671.427
761,86,11.1386,77482.0455,242924.0565,5.0,2,0,1,900.954,2824.6983
762,87,11.0248,74768.6106,234416.5293,7.0,3,1,0,859.4093,2694.4429
763,86,10.921,62657.59,196445.1767,10.0,3,0,1,728.5766,2284.2462
764,83,10.8696,68247.7359,213972.1375,13.0,3,0,3,822.2619,2577.9776
765,84,10.8632,75222.9881,235840.8597,16.0,4,1,0,895.5118,2807.6293
766,84,10.785,69487.9733,217860.0619,20.0,4,0,0,827.2378,2593.5722
767,84,10.8621,75284.1055,236032.7191,24.0,4,0,0,896.2394,2809.9133
768,85,10.564,64330.1068,201688.7862,29.0,6,1,0,756.8248,2372.8092
769,85,10.6071,68258.0074,214003.5042,34.0,5,0,0,803.0354,2517.6883
770,83,10.7601,69248.0658,217107.6134,39.0,5,0,2,834.314,2615.7544
771,84,10.7915,72470.6432,227211.0547,32.0,5,1,0,862.7458,2704.8935
772,84,11.086,76683.3229,240419.4184,15.0,2,0,0,912.8967,2862.1359
773,83,11.1425,64127.5528,201054.5599,17.0,2,0,1,772.6211,2422.3441
774,84,10.9638,61146.876,191708.7909,19.0,3,1,0,727.939,2282.2475
775,84,11.0378,75056.9787,235321.144,21.0,2,0,0,893.5355,2801.4422
776,83,11.0696,76756.1322,240648.0363,14.0,1,0,1,924.7727,2899.3739
777,84,11.0292,72869.3794,228461.9264,15.0,2,1,0,867.4926,2719.7848
778,84,11.0415,71885.4788,225377.4534,16.0,1,0,0,855.7795,2683.0649
779,84,11.0916,72121.6725,226117.5966,18.0,2,0,0,858.5913,2691.8762
780,85,11.1176,79904.1712,250517.8352,21.0,4,1,0,940.0491,2947.2686
781,84,11.2691,68384.0605,214399.2015,25.0,4,0,1,814.096,2552.3714
782,84,11.114,59907.4022,187822.2227,29.0,4,0,0,713.1834,2235.9788
783,84,11.0625,67675.2758,212176.6544,33.0,5,1,1,805.658,2525.9126
784,83,11.1489,69340.4244,217397.6257,11.0,2,0,1,835.4268,2619.2485
785,83,11.1625,72008.694,225763.5276,13.0,2,0,0,867.5746,2720.0425
786,84,11.0206,68789.3895,215670.1671,16.0,4,1,0,818.9213,2567.502
787,84,11.0172,71688.8382,224760.8675,19.0,3,0,0,853.4386,2675.7246
788,84,10.6342,59322.6123,185989.1081,24.0,5,0,0,706.2216,2214.156
789,84,10.4361,63898.6575,200335.5557,25.0,5,1,1,760.6983,2384.9471
790,84,10.2504,62723.9408,196653.1861,30.0,5,0,0,746.7136,2341.1094
791,83,10.3951,71746.0285,224939.6962,35.0,5,0,1,864.41,2710.1168
792,84,10.3741,75187.1193,235727.5528,30.0,8,1,0,895.0848,2806.2804
793,83,10.5411,81946.6776,256921.1903,37.0,7,0,1,987.3094,3095.436
794,83,10.6953,75637.5024,237140.5414,30.0,5,0,0,911.2952,2857.115
795,84,10.6715,73002.13,228877.5766,35.0,6,1,0,869.073,2724.7331
796,84,10.855,74655.536,234061.8662,28.0,3,0,0,888.7564,2786.4508
797,84,10.8815,69696.3229,218513.2498,26.0,3,0,0,829.7181,2601.3482
798,85,10.9806,74310.4172,232979.763,29.0,4,1,0,874.2402,2740.9384
799,85,11.2124,79444.9262,249077.6236,32.0,3,0,0,934.6462,2930.325
800,83,11.1559,66986.2659,210017.0534,13.0,2,0,2,807.0634,2530.3259
801,84,11.0749,73577.5475,230681.9952,15.0,3,1,0,875.9232,2746.2142
802,82,11.3334,77745.4284,243750.1678,17.0,2,0,2,948.115,2972.563
803,81,11.4017,67251.7648,210849.6626,19.0,2,0,1,830.2687,2603.0823
804,81,11.1446,63722.3946,199784.2604,21.0,3,1,1,786.6962,2466.4724
805,81,11.0883,71421.5656,223923.2326,23.0,2,0,0,881.7477,2764.4844
806,81,11.1235,74136.88,232436.6151,1.0,1,0,0,915.2701,2869.5878
807,82,11.0366,77962.1521,244430.3427,2.0,2,1,0,950.758,2980.8578
808,82,11.2169,77635.2436,243404.6944,3.0,1,0,0,946.7713,2968.3499
809,82,11.3493,75715.1068,237384.9038,4.0,1,0,0,923.355,2894.9379
810,83,11.2444,69674.0254,218443.7472,6.0,3,1,0,839.4461,2631.8524
811,83,11.353,75730.5662,237432.7556,8.0,2,0,0,912.4165,2860.6356
812,83,11.2856,69031.4825,216429.462,10.0,2,0,0,831.7046,2607.5839
813,84,11.0554,69712.6521,218565.2606,13.0,4,1,0,829.9125,2601.9674
814,84,11.0411,78375.288,245724.3229,15.0,3,0,0,933.0391,2925.2896
815,84,10.9237,65488.0094,205319.2525,18.0,3,0,0,779.6192,2444.2768
816,85,10.6888,67758.6308,212438.3595,11.0,4,1,0,797.1604,2499.2748
817,84,10.8934,82247.8617,257865.9468,14.0,3,0,1,979.1412,3069.8327
818,84,10.9594,77974.3032,244467.7039,15.0,3,0,0,928.2655,2910.3298
819,84,10.7855,76266.9161,239114.42,18.0,4,1,1,907.9395,2846.6002
820,84,10.6844,72691.1254,227902.9618,22.0,4,0,0,865.3705,2713.1305
821,84,10.6055,71443.382,223990.5512,27.0,5,0,0,850.5165,2666.5542
822,85,10.5654,76045.6439,238420.5019,34.0,8,1,0,894.6546,2804.9471
823,85,10.6275,75946.4939,238108.9717,23.0,5,0,0,893.4882,2801.282
824,84,10.6263,72772.5137,228158.5953,25.0,4,0,1,866.3394,2716.1738
825,85,10.5207,74173.6683,232550.8671,29.0,5,1,0,872.6314,2735.8926
826,84,10.5502,69359.4617,217457.0814,28.0,3,0,1,825.7079,2588.7748
827,84,10.6046,69224.6023,217034.653,18.0,3,0,0,824.1024,2583.7459
828,85,10.4441,80438.8337,252194.3875,21.0,4,1,0,946.3392,2966.9928
829,85,10.5691,76967.8392,241311.6354,25.0,4,0,0,905.504,2838.9604
830,85,10.8629,89682.2669,281174.9195,29.0,4,0,0,1055.0855,3307.9402
831,86,10.531,60140.4085,188554.0559,33.0,5,1,0,699.3071,2192.489
832,86,10.6618,86155.3222,270116.5118,37.0,4,0,0,1001.8061,3140.8897
833,86,10.8781,82307.9815,258054.6979,41.0,4,0,0,957.0696,3000.636
834,87,10.9299,76123.2631,238663.11,23.0,3,1,0,874.98,2743.2541
835,87,11.1054,84100.9961,263676.2152,25.0,2,0,0,966.6781,3030.7611
836,87,11.1067,71422.4022,223925.6924,27.0,2,0,0,820.9472,2573.8585
837,87,10.9964,73742.7346,231200.1718,29.0,3,1,1,847.6176,2657.4732
838,87,10.9735,73748.772,231219.3395,21.0,1,0,0,847.687,2657.6936
839,87,11.2079,88137.9729,276333.6516,22.0,1,0,0,1013.0801,3176.2489
840,88,10.9714,58753.8107,184205.9746,1.0,2,1,0,667.6569,2093.2497
841,88,10.7703,65960.6106,206800.9523,3.0,2,0,0,749.5524,2350.0108
842,88,10.8735,85720.4988,268754.2508,6.0,3,0,0,974.0966,3054.0256
843,89,10.6415,66096.9294,207228.3665,7.0,3,1,0,742.6621,2328.4086
844,89,10.875,83239.8049,260976.1244,4.0,1,0,0,935.2787,2932.316
845,89,11.2869,96052.4259,301147.0024,5.0,1,0,0,1079.2407,3383.6742
846,90,11.3396,85458.2297,267931.7136,6.0,2,1,0,949.5359,2977.019
847,90,11.3622,85594.3167,268358.6866,7.0,1,0,0,951.048,2981.7632
848,90,11.4932,90610.6716,284085.8515,8.0,1,0,0,1006.7852,3156.5095
849,91,11.3492,74456.6771,233438.6667,9.0,2,1,0,818.2052,2565.2601
850,91,11.3865,84069.1491,263576.1799,1.0,1,0,0,923.8368,2896.4415
851,91,11.4656,79701.3975,249881.839,0.0,0,0,0,875.8395,2745.9543
852,90,11.6794,86966.2988,272659.5134,1.0,2,1,2,966.2922,3029.5501
853,90,11.8659,91118.926,285679.8548,0.0,0,0,0,1012.4325,3174.2206
854,90,12.0593,94250.3203,295497.7683,0.0,0,0,0,1047.2258,3283.3085
855,91,12.0821,83284.3758,261116.6322,1.0,2,1,0,915.2129,2869.4135
856,91,12.2588,86756.0539,272001.2495,2.0,1,0,0,953.3632,2989.0247
857,91,12.1482,70628.9745,221438.2221,3.0,1,0,0,776.1426,2433.3871
858,92,11.9892,80747.0387,253160.7924,0.0,1,1,0,877.6852,2751.7477
859,92,11.9763,81192.7517,254558.6904,0.0,0,0,0,882.5299,2766.9423
860,91,11.7611,71374.7995,223776.4598,0.0,0,0,1,784.3385,2459.082
861,92,11.3676,67263.6351,210886.6136,0.0,1,1,0,731.1265,2292.2458
862,91,11.3146,73657.6135,230933.7793,0.0,0,0,1,809.4243,2537.7338
863,90,11.4074,87011.4779,272801.2827,0.0,0,0,1,966.7942,3031.1254
864,91,11.1876,74324.6388,233024.8462,1.0,2,1,0,816.7543,2560.7126
865,90,11.3132,84463.1196,264811.9114,1.0,1,0,1,938.4791,2942.3546
866,90,11.2555,64220.7892,201346.3589,2.0,1,0,0,713.5643,2237.1818
867,91,11.4241,93051.6554,291739.3323,3.0,2,1,0,1022.5457,3205.9267
868,91,11.4673,83225.7571,260932.9867,0.0,0,0,0,914.5688,2867.3955
869,91,11.5995,91354.267,286417.5921,0.0,0,0,0,1003.893,3147.4461
870,91,11.4863,76875.9399,241023.6759,1.0,2,1,1,844.7905,2648.6118
871,90,11.557,76514.8838,239891.8129,0.0,0,0,1,850.1654,2665.4646
872,90,11.6477,74545.1925,233716.2737,1.0,1,0,0,828.2799,2596.8475
873,91,11.5711,79177.7336,248239.938,2.0,2,1,0,870.085,2727.9114
874,91,11.4484,74948.485,234980.6768,3.0,1,0,0,823.6097,2582.2052
875,90,11.2884,62580.7672,196204.8688,4.0,1,0,1,695.3419,2180.0541
876,91,11.0197,75922.8004,238035.0937,5.0,2,1,0,834.3165,2615.7703
877,91,10.7273,67305.3822,211017.2848,6.0,1,0,0,739.6196,2318.8713
878,91,10.601,63541.5078,199216.5705,8.0,2,0,0,698.2583,2189.1931
879,91,10.5167,81252.0145,254743.395,11.0,4,1,1,892.8793,2799.378
880,91,10.5506,75253.9527,235937.833,14.0,3,0,0,826.9665,2592.7234
881,91,10.4818,78533.5181,246219.8942,19.0,5,0,0,863.0057,2705.7131
882,92,10.4828,73025.9603,228952.5409,20.0,4,1,0,793.7604,2488.6146
883,92,10.5196,70972.6615,222515.0757,23.0,3,0,0,771.442,2418.6421
884,91,10.3788,60160.4312,188615.7939,26.0,3,0,1,661.1036,2072.701
885,92,10.1246,75086.5887,235412.1718,21.0,3,1,0,816.1586,2558.828
886,91,10.083,74780.5152,234453.5903,24.0,3,0,1,821.7639,2576.4131
887,91,10.2854,93265.7219,292409.221,28.0,4,0,0,1024.898,3213.2881
888,90,10.1943,77911.2335,244269.512,30.0,5,1,2,865.6804,2714.1057
889,89,10.3019,85736.0111,268802.3941,31.0,3,0,1,963.326,3020.2516
890,89,10.3547,76499.3566,239842.2556,3.0,1,0,0,859.5433,2694.8568
891,89,10.3163,75087.1702,235414.6132,1.0,2,1,1,843.6761,2645.108
892,88,10.4786,72564.1505,227504.7497,3.0,2,0,1,824.5926,2585.2812
893,88,10.7333,82296.0462,258016.8852,5.0,2,0,0,935.1823,2932.0101
894,89,10.7209,76391.525,239505.0733,7.0,3,1,0,858.3317,2691.0682
895,88,10.774,70435.9275,220832.2428,9.0,2,0,1,800.4083,2509.4573
896,87,10.8162,69070.2856,216550.8908,12.0,3,0,1,793.9113,2489.0907
897,88,10.7236,67861.504,212760.8925,15.0,4,1,0,771.1535,2417.7374
898,88,10.8705,78388.8555,245766.5626,18.0,3,0,0,890.7824,2792.8018
899,88,10.7343,62011.8312,194420.7658,17.0,2,0,0,704.6799,2209.3269
900,89,10.4986,63590.646,199370.2514,19.0,3,1,0,714.5016,2240.1152
901,89,10.3461,69482.1346,217841.5239,21.0,2,0,0,780.6981,2447.6576
902,89,10.3965,75906.9701,237985.0512,23.0,2,0,0,852.8873,2673.9893
903,90,10.4465,84236.2354,264099.8828,27.0,5,1,0,935.9582,2934.4431
904,90,10.5434,77916.0818,244284.198,31.0,4,0,0,865.7342,2714.2689
905,90,10.643,82675.6339,259207.0247,35.0,4,0,0,918.6182,2880.0781
906,91,10.543,77722.5285,243677.2791,20.0,3,1,0,854.0937,2677.7723
907,91,10.5951,78642.4172,246561.737,22.0,2,0,0,864.2024,2709.4696
908,91,10.6287,81943.4292,256911.1672,6.0,1,0,0,900.4772,2823.1996
909,92,10.6496,86308.3277,270596.0699,7.0,2,1,0,938.134,2941.2616
910,91,10.7721,71652.7654,224647.2032,10.0,3,0,1,787.393,2468.6506
911,89,10.7727,72430.8943,227086.3907,14.0,4,0,2,813.8303,2551.5325
912,89,10.8261,78662.1874,246623.5997,18.0,5,1,1,883.8448,2771.0517
913,89,10.8671,73290.9501,229783.7098,22.0,4,0,0,823.4938,2581.8394
914,89,10.8207,69638.8555,218333.1134,26.0,4,0,0,782.4591,2453.181
915,90,10.5484,58233.4363,182574.4738,30.0,5,1,0,647.0382,2028.6053
916,90,10.3749,67927.2982,212966.7601,34.0,4,0,0,754.7478,2366.2973
917,90,10.275,72463.4961,227188.9347,38.0,4,0,0,805.15,2524.3215
918,90,9.7796,57009.5292,178736.4164,43.0,5,0,0,633.4392,1985.9602
919,90,9.5061,75232.8604,235870.6545,49.0,7,1,1,835.9207,2620.7851
920,89,9.565,72982.2386,228814.3565,56.0,7,0,1,820.0252,2570.9478
921,90,9.631,82990.5605,260193.3968,63.0,8,1,0,922.1173,2891.0377
922,90,9.7825,77967.3256,244443.2708,45.0,6,0,0,866.3036,2716.0363
923,89,10.0478,81928.2568,256862.9926,34.0,4,0,1,920.5422,2886.101
924,90,10.1152,77725.789,243687.4376,32.0,4,1,0,863.6199,2707.6382
925,90,10.3846,88905.8342,278740.553,35.0,3,0,0,987.8426,3097.1173
926,89,10.6596,77328.6068,242442.4869,38.0,3,0,1,868.8608,2724.0729
927,90,10.7509,83435.3849,261588.8068,41.0,4,1,0,927.0598,2906.5423
928,90,10.8582,78130.6907,244957.2055,44.0,3,0,0,868.1188,2721.7467
929,89,10.8418,70241.7593,220223.0858,47.0,3,0,1,789.2333,2474.4167
930,90,10.6051,69080.9421,216583.4729,50.0,4,1,0,767.566,2406.483
931,90,10.4764,66752.6336,209284.3123,53.0,3,0,0,741.6959,2325.3812
932,90,10.5229,75094.3669,235437.3597,56.0,3,0,0,834.3819,2615.9707
933,91,10.4814,70985.7678,222555.7725,43.0,3,1,0,780.0634,2445.6678
934,91,10.772,91803.7836,287825.6606,45.0,2,0,0,1008.8328,3162.9193
935,91,10.8071,80479.98,252323.1631,47.0,2,0,0,884.3954,2772.782
936,92,10.7116,73222.5367,229569.0966,49.0,3,1,0,795.8971,2495.3163
937,91,10.6448,72874.2742,228476.659,51.0,2,0,1,800.8162,2510.7325
938,90,10.7887,83562.2318,261986.6985,37.0,2,0,1,928.4692,2910.9633
939,91,10.7471,76395.7035,239517.5545,40.0,4,1,0,839.5132,2632.061
940,88,10.9243,83121.9368,260606.8582,40.0,2,0,3,944.5675,2961.4416
941,88,11.0143,79702.559,249886.0831,42.0,2,0,0,905.7109,2839.6146
942,89,10.8134,81341.0165,255022.5433,45.0,4,1,0,913.944,2865.4218
943,89,10.5417,71529.5706,224261.3997,48.0,3,0,0,803.703,2519.791
944,89,10.427,83255.9679,261026.3008,48.0,2,0,0,935.4603,2932.8798
945,89,10.2193,78144.8274,245000.8436,51.0,4,1,1,878.0318,2752.8185
946,89,10.2098,75553.5902,236876.8494,57.0,6,0,0,848.9167,2661.5376
947,88,10.3206,77522.0369,243048.5884,64.0,7,0,1,880.9322,2761.9158
948,89,10.2223,71528.919,224258.4317,67.0,7,1,0,803.6957,2519.7577
949,89,10.3609,83172.3243,260763.5723,63.0,6,0,0,934.5205,2929.9278
950,89,10.5595,81646.614,255980.1652,69.0,6,0,0,917.3777,2876.1816
951,90,10.4612,72411.2636,227024.9527,71.0,8,1,0,804.5696,2522.4995
952,89,10.5549,84857.656,266046.9811,78.0,7,0,1,953.4568,2989.2919
953,88,10.5582,74422.0794,233329.7535,85.0,7,0,1,845.7054,2651.4745
954,89,10.5567,87454.9146,274191.0611,92.0,8,1,0,982.6395,3080.7984
955,89,10.7833,88142.1479,276345.8393,73.0,4,0,0,990.3612,3105.0094
956,88,10.9408,80259.2524,251631.5762,77.0,4,0,1,912.037,2859.4497
957,87,10.7509,78610.7298,246462.8868,81.0,5,1,2,903.5716,2832.9067
958,86,10.8514,79199.7179,248309.5283,85.0,4,0,1,920.927,2887.3201
959,86,11.035,90332.5153,283213.2549,89.0,4,0,0,1050.3781,3293.1774
960,87,10.7185,57498.6167,180270.0376,94.0,6,1,0,660.9036,2072.0694
961,87,10.6739,73280.1219,229749.1645,100.0,6,0,0,842.3003,2640.795
962,87,10.6488,66861.7175,209625.6896,107.0,7,0,0,768.5255,2409.4907
963,87,10.619,79377.5037,248866.1107,115.0,9,1,1,912.3851,2860.53
964,86,10.486,68668.8955,215291.2814,116.0,6,0,1,798.4755,2503.387
965,86,10.8476,84551.5119,265087.4872,88.0,5,0,0,983.1571,3082.4126
966,87,10.8201,70093.3592,219757.9051,71.0,4,1,0,805.6708,2525.9529
967,85,11.0679,83751.4871,262580.0152,74.0,3,0,2,985.3116,3089.1766
968,84,11.1505,68821.0058,215769.1716,77.0,3,0,1,819.2977,2568.6806
969,85,10.9134,71447.8726,224005.411,80.0,4,1,0,840.5632,2635.3578
970,85,10.8025,67982.2908,213139.6943,84.0,4,0,0,799.7917,2507.5258
971,85,10.8818,78332.9867,245591.4717,90.0,6,0,0,921.5645,2889.3114
972,86,10.9524,75018.9655,235200.1986,89.0,7,1,0,872.3136,2734.886
973,86,10.9801,69438.1096,217703.058,95.0,6,0,0,807.4199,2531.4309
974,86,10.7581,60471.3196,189590.5251,102.0,7,0,0,703.1549,2204.541
975,87,10.4602,65103.5539,204112.939,109.0,8,1,0,748.3167,2346.1257
976,87,10.3998,68085.0764,213461.095,101.0,6,0,0,782.5871,2453.5758
977,87,10.4699,76180.9833,238843.7763,104.0,6,0,0,875.6435,2745.3308
978,88,10.5471,79700.1848,249877.5027,111.0,8,1,0,905.6839,2839.5171
979,87,10.679,73601.989,230758.1441,118.0,7,0,1,845.9999,2652.3925
980,87,10.7712,72981.9478,228814.271,122.0,6,0,0,838.873,2630.0491
981,88,10.4474,72763.6297,228130.3613,128.0,7,1,0,826.8594,2592.3905
982,88,10.4087,74290.9544,232918.2872,109.0,4,0,0,844.2154,2646.7987
983,88,10.3155,70720.3509,221723.9184,101.0,3,0,0,803.6404,2519.59
984,89,10.3764,81111.0249,254300.4011,82.0,2,1,0,911.3598,2857.3079
985,89,10.6501,84892.7742,266158.141,84.0,2,0,0,953.8514,2990.5409
986,88,10.9209,80463.6486,252271.8379,86.0,2,0,1,914.3596,2866.7254
987,88,11.0694,87510.0315,274364.2381,88.0,3,1,1,994.4322,3117.7754
988,88,11.1784,79850.1372,250348.6621,90.0,2,0,0,907.3879,2844.8712
989,87,11.176,79008.7102,247711.216,92.0,2,0,1,908.1461,2847.2554
990,87,10.8148,69083.0589,216590.8621,94.0,3,1,1,794.0581,2489.5501
991,87,10.7661,75266.6733,235978.7309,96.0,2,0,0,865.1342,2712.3992
992,86,10.8252,75388.7238,236360.1684,99.0,3,0,1,876.6131,2748.3741
993,87,10.6661,65695.44,205969.3248,94.0,4,1,0,755.12,2367.4635
994,87,10.8404,86555.1659,271370.0106,97.0,3,0,0,994.887,3119.1955
995,87,10.8326,60986.2372,191204.88,100.0,3,0,0,700.9912,2197.7572
996,88,10.8587,78428.3917,245890.7879,103.0,4,1,0,891.2317,2794.2135
997,88,11.0736,84597.6855,265233.1436,101.0,3,0,0,961.3373,3014.013
998,88,11.0872,73433.2783,230229.886,104.0,3,0,0,834.4691,2616.2487
999,89,11.1526,81566.019,255728.085,107.0,4,1,0,916.4721,2873.3493
1000,89,11.301,83477.4698,261721.8739,110.0,3,0,0,937.9491,2940.6952
1001,89,11.3832,78089.908,244829.7936,113.0,3,0,0,877.4147,2750.8966
1002,90,11.154,64652.4386,202699.9192,100.0,2,1,0,718.3604,2252.2213
1003,90,11.1421,83419.0119,261538.0981,101.0,1,0,0,926.8779,2905.9789
1004,90,11.0676,70308.8704,220434.1868,102.0,1,0,0,781.2097,2449.2687
1005,91,10.9464,77823.0695,243993.301,103.0,2,1,0,855.1986,2681.2451
1006,91,10.8403,77650.8704,243453.299,104.0,1,0,0,853.3063,2675.311
1007,91,10.9231,85197.8912,267115.0163,105.0,1,0,0,936.2406,2935.3298
1008,92,10.823,83474.9077,261713.5865,106.0,2,1,0,907.336,2844.7129
1009,92,10.7833,84497.5702,264919.7549,108.0,2,0,0,918.4518,2879.5626
1010,92,10.8272,84832.9028,265971.1845,110.0,2,0,0,922.0968,2890.9911
1011,93,10.8536,80227.7338,251532.0159,112.0,3,1,0,862.6638,2704.6453
1012,93,11.035,85984.7932,269581.9011,114.0,2,0,0,924.5677,2898.7301
1013,93,11.0087,75909.244,237992.663,116.0,2,0,0,816.2284,2559.0609
1014,94,10.7197,75386.627,236354.3159,118.0,3,1,0,801.9854,2514.4076
1015,94,10.6277,72041.8884,225867.3257,120.0,2,0,0,766.4031,2402.8439
1016,94,10.8287,89294.6151,279959.1325,123.0,3,0,0,949.9427,2978.2886
1017,94,10.7714,80062.4674,251014.2226,117.0,3,1,1,851.7284,2670.3641
1018,94,10.8558,87944.6788,275727.0105,119.0,2,0,0,935.5817,2933.2661
1019,94,10.9517,85486.0668,268018.9864,121.0,2,0,0,909.4262,2851.2658
1020,95,11.0594,91390.851,286531.7665,123.0,3,1,0,962.009,3016.1239
1021,94,11.0051,75119.6708,235517.6172,125.0,2,0,1,799.1454,2505.5066
1022,94,10.9412,74087.9412,232282.5561,127.0,2,0,0,788.1696,2471.091
1023,95,10.9424,76711.4024,240507.2985,8.0,2,1,0,807.4884,2531.6558
1024,94,10.9739,80534.8124,252495.0388,10.0,2,0,1,856.7533,2686.1174
1025,93,10.761,73816.0433,231429.6966,14.0,4,0,1,793.7209,2488.4914
1026,94,10.2205,67448.327,211464.9206,18.0,5,1,0,717.5354,2249.6268
1027,94,10.2071,82725.1297,259361.0071,20.0,4,0,0,880.0546,2759.1597
1028,94,10.2054,70474.8467,220952.8817,20.0,4,0,0,749.7324,2350.5626
1029,94,10.1301,79489.3254,249215.6594,24.0,5,1,1,845.6311,2651.2304
1030,94,9.9684,72186.8328,226321.3521,13.0,3,0,0,767.945,2407.674
1031,93,10.1681,86121.548,270010.1584,13.0,3,0,1,926.0382,2903.335
1032,94,10.3342,94537.3868,296396.55,16.0,4,1,0,1005.7169,3153.1548
1033,94,10.4708,90602.8008,284060.3125,19.0,3,0,0,963.8596,3021.9182
1034,94,10.3494,71109.5662,222944.2516,18.0,2,0,0,756.4847,2371.7474
1035,95,10.0938,81201.4454,254585.2296,20.0,3,1,0,854.7521,2679.8445
1036,95,10.0216,80908.3695,253665.4577,23.0,3,0,0,851.667,2670.1627
1037,94,10.2048,81257.7045,254761.0818,26.0,3,0,1,864.4437,2710.2243
1038,95,10.0641,77882.6734,244179.3397,29.0,4,1,0,819.8176,2570.3088
1039,94,10.3545,89274.6278,279895.9117,34.0,5,0,1,949.7301,2977.6161
1040,94,10.6015,89554.7879,280774.7759,38.0,5,0,0,952.7105,2986.9657
1041,95,10.5932,92519.9401,290071.2652,43.0,6,1,0,973.8941,3053.3817
1042,95,10.7606,83289.9523,261132.8768,45.0,4,0,0,876.7363,2748.7671
1043,94,10.7853,73836.4527,231493.3724,49.0,4,0,1,785.4942,2462.6955
1044,94,10.655,72428.988,227080.1811,47.0,4,1,1,770.5211,2415.7466
1045,94,10.6766,80504.1092,252397.8957,50.0,3,0,0,856.4267,2685.084
1046,94,10.8121,78640.786,246555.9653,42.0,2,0,0,836.6041,2622.9358
1047,95,10.648,72331.0084,226773.3868,44.0,3,1,0,761.379,2387.0883
1048,93,10.8757,85930.4723,269411.6059,46.0,2,0,2,923.9836,2896.899
1049,93,11.142,89993.1299,282148.8644,49.0,3,0,0,967.6681,3033.8588
1050,94,11.1359,81260.1991,254769.7168,52.0,4,1,0,864.4702,2710.3161
1051,92,11.124,72155.7114,226223.7717,52.0,2,0,2,784.3012,2458.954
1052,91,11.0977,68824.5644,215780.8669,54.0,2,0,1,756.3139,2371.2183
1053,92,11.0536,76714.2758,240516.0247,56.0,3,1,0,833.8508,2614.3046
1054,91,11.0505,71506.3744,224188.2682,58.0,2,0,1,785.7843,2463.6073
1055,91,10.8169,57791.7221,181188.6412,29.0,1,0,0,635.0739,1991.084
1056,92,10.592,69989.707,219433.0663,31.0,3,1,0,760.7577,2385.142
1057,91,10.6161,74325.0395,233025.1945,31.0,1,0,1,816.7587,2560.7164
1058,91,10.4397,61128.2559,191650.1507,32.0,1,0,0,671.7391,2106.0456
1059,92,10.2085,76041.6253,238407.5977,34.0,3,1,0,826.5394,2591.3869
1060,92,10.2378,77071.5108,241636.4817,37.0,3,0,0,837.7338,2626.4835
1061,91,10.4866,84722.9098,265625.2723,40.0,3,0,1,931.021,2918.959
1062,91,10.5941,84217.4983,264040.9996,43.0,4,1,1,925.467,2901.5494
1063,91,10.6118,75928.3107,238052.6882,37.0,1,0,0,834.377,2615.9636
1064,91,10.7945,88317.2657,276895.2476,38.0,1,0,0,970.5194,3042.8049
1065,91,10.8622,80852.7842,253491.625,40.0,3,1,1,888.4921,2785.6223
1066,90,11.1487,88778.541,278341.1981,43.0,3,0,1,986.4282,3092.68
1067,88,11.2456,76196.4553,238893.2144,46.0,3,0,2,865.8688,2714.6956
1068,89,11.1611,77529.1169,243071.5239,49.0,4,1,0,871.1137,2731.1407
1069,88,11.3089,71794.2212,225091.2193,52.0,3,0,1,815.8434,2557.8548
1070,88,11.4678,77897.4008,244226.3978,49.0,2,0,0,885.1977,2775.3
1071,89,11.5086,82932.0101,260010.6759,51.0,3,1,0,931.8203,2921.4683
1072,88,11.2738,64442.9401,202042.9122,53.0,2,0,1,732.3061,2295.9422
1073,88,11.2908,72799.4477,228243.0437,55.0,2,0,0,827.2665,2593.671
1074,89,11.2608,84515.8057,264976.7441,57.0,3,1,0,949.6158,2977.2668
1075,89,11.1717,67964.0016,213082.121,59.0,2,0,0,763.6405,2394.1811
1076,88,11.1165,66132.1496,207338.8173,61.0,2,0,1,751.5017,2356.1229
1077,89,11.0425,76798.7496,240780.6077,63.0,3,1,0,862.9073,2705.4001
1078,88,11.111,71273.0234,223457.0027,53.0,2,0,1,809.9207,2539.2841
1079,88,11.073,72307.5402,226699.8278,56.0,3,0,0,821.6766,2576.1344
1080,89,10.8922,75443.701,236533.1952,59.0,4,1,0,847.682,2657.6764
1081,89,10.7223,71199.2268,223225.1799,62.0,3,0,0,799.9913,2508.1481
1082,89,10.7737,75318.434,236141.0028,56.0,1,0,0,846.2745,2653.2697
1083,89,10.821,78202.1468,245181.8132,57.0,2,1,1,878.6758,2754.8518
1084,89,10.8259,76572.6998,240073.2165,59.0,2,0,0,860.3674,2697.4519
1085,89,10.9141,80607.6027,252723.3759,61.0,2,0,0,905.7034,2839.5885
1086,88,10.6328,71039.7455,222726.1921,63.0,3,1,2,807.2698,2530.9795
1087,88,10.5181,76848.8406,240939.0011,66.0,3,0,0,873.2823,2737.9432
1088,88,10.4848,82371.5755,258253.5826,70.0,4,0,0,936.0406,2934.6998
1089,89,10.1512,74669.5418,234106.1904,72.0,4,1,0,838.9836,2630.4066
1090,89,10.1491,79466.2007,249144.1515,64.0,1,0,0,892.8787,2799.3725
1091,88,10.0154,71494.9207,224152.0063,67.0,3,0,1,812.4423,2547.1819
1092,89,9.9675,71919.9928,225484.5523,71.0,5,1,0,808.0898,2533.5343
1093,89,10.1545,85100.2,266807.5405,74.0,4,0,0,956.182,2997.8375
1094,89,10.1185,67156.3113,210549.864,79.0,5,0,0,754.5653,2365.7288
1095,90,10.1661,88495.9793,277454.3512,85.0,7,1,0,983.2887,3082.8261
1096,89,10.3545,84113.3804,263714.253,82.0,4,0,1,945.0942,2963.0815
1097,89,10.6558,92472.6929,289923.0547,86.0,4,0,0,1039.019,3257.5624
1098,90,10.4092,58561.4745,183602.0541,90.0,5,1,0,650.683,2040.0228
1099,90,10.4853,78022.5353,244617.2477,90.0,4,0,0,866.9171,2717.9694
1100,90,10.4609,76807.3845,240808.1391,94.0,4,0,0,853.4154,2675.646
1101,91,10.2176,68185.2196,213775.0372,98.0,5,1,0,749.2881,2349.1762
1102,91,10.2418,73107.5071,229207.9367,90.0,3,0,0,803.3792,2518.7685
1103,91,10.5438,94765.3848,297110.9562,88.0,2,0,0,1041.3779,3264.9556
1104,92,10.5695,80939.3326,253762.8646,91.0,4,1,0,879.7754,2758.292
1105,92,10.5893,73181.3149,229439.5803,94.0,3,0,0,795.4491,2493.9085
1106,90,10.4514,69210.4627,216990.2313,97.0,3,0,2,769.0051,2411.0026
1107,90,10.4651,80051.6115,250979.6499,96.0,3,1,1,889.4623,2788.6628
1108,88,10.6639,77715.2005,243654.3639,98.0,2,0,2,883.1273,2768.7996
1109,88,10.4674,63371.9383,198684.7561,100.0,2,0,0,720.1357,2257.7813
1110,89,10.1997,70420.9218,220785.4327,102.0,3,1,0,791.2463,2480.7352
1111,88,10.2955,80740.5698,253140.7114,104.0,2,0,1,917.5065,2876.599
1112,88,10.3019,74093.908,232300.5343,87.0,2,0,0,841.9762,2639.7788
1113,89,10.1288,73261.353,229690.5996,90.0,4,1,0,823.1613,2580.7933
1114,89,10.0049,71660.198,224671.1778,94.0,4,0,0,805.1708,2524.3953
1115,89,9.8685,71542.9571,224302.4682,99.0,5,0,0,803.8535,2520.2525
1116,90,9.802,73914.9487,231739.3909,104.0,6,1,0,821.2772,2574.8821
1117,89,9.9583,92101.2879,288757.7145,109.0,5,0,1,1034.8459,3244.4687
1118,89,10.0074,69798.522,218833.2652,103.0,3,0,0,784.2531,2458.8007
1119,90,9.9264,65821.5661,206364.0342,107.0,5,1,0,731.3507,2292.9337
1120,89,10.1949,82869.7451,259814.5515,111.0,4,0,1,931.1207,2919.2646
1121,89,10.1498,66090.7789,207208.4568,115.0,4,0,0,742.593,2328.1849
1122,90,10.0721,71532.6889,224270.9777,100.0,3,1,0,794.8077,2491.8998
1123,90,10.1623,71138.8282,223035.3741,102.0,2,0,0,790.4314,2478.1708
1124,90,10.2712,75030.1832,235235.6811,98.0,1,0,0,833.6687,2613.7298
1125,91,10.2724,74371.4918,233171.6085,99.0,2,1,0,817.2691,2562.3254
1126,91,10.4021,82336.7582,258145.075,100.0,1,0,0,904.7995,2836.7591
1127,91,10.3602,80138.7899,251254.0963,101.0,1,0,0,880.646,2761.034
1128,92,10.0691,81339.9985,255020.0505,102.0,2,1,0,884.1304,2771.9571
1129,92,10.0631,73263.1505,229696.7513,105.0,3,0,0,796.3386,2496.7038
1130,92,10.0625,70287.9675,220367.7192,110.0,5,0,0,763.9996,2395.3013
1131,93,9.9567,75679.1585,237269.8823,115.0,6,1,0,813.7544,2551.2891
1132,93,9.9917,72403.8718,227000.8409,122.0,7,0,0,778.5363,2440.8693
1133,93,10.0175,75755.2127,237508.3854,120.0,5,0,0,814.5722,2553.8536
1134,94,10.0236,75841.6183,237778.9939,125.0,6,1,0,806.8257,2529.5638
1135,94,10.0577,76459.8904,239717.4767,130.0,5,0,0,813.4031,2550.1859
1136,94,9.9059,69153.3621,216810.2092,135.0,5,0,0,735.6741,2306.4916
1137,93,9.8309,81305.2881,254909.9434,140.0,6,1,2,874.2504,2740.9671
1138,93,9.9391,80779.2313,253260.3606,145.0,5,0,0,868.5939,2723.2297
1139,93,10.0552,76548.291,239994.7523,150.0,5,0,0,823.0999,2580.5887
1140,93,10.0494,78369.0304,245704.1543,146.0,5,1,1,842.6777,2641.9802
1141,93,10.1016,83237.8618,260969.1028,150.0,4,0,0,895.0308,2806.1194
1142,93,9.9595,64908.587,203502.2626,154.0,4,0,0,697.9418,2188.1964
1143,94,9.8739,79869.0238,250406.6097,158.0,5,1,0,849.6705,2663.9001
1144,94,9.7851,74483.3256,233520.7507,162.0,4,0,0,792.3758,2484.2633
1145,94,9.7627,72541.5142,227432.5032,167.0,5,0,0,771.7182,2419.4947
1146,95,9.7991,84580.2418,265176.5549,158.0,6,1,0,890.3183,2791.3322
1147,95,9.9527,76109.4264,238619.1597,42.0,4,0,0,801.1519,2511.7806
1148,95,9.9161,76656.3532,240333.7901,44.0,4,0,0,806.909,2529.8294
1149,96,9.6208,65121.7189,204170.5179,48.0,5,1,0,678.3512,2126.7762
1150,95,9.7845,89540.0968,280728.0283,30.0,3,0,1,942.5273,2955.0319
1151,95,9.8387,78519.8197,246176.9374,12.0,3,0,0,826.5244,2591.3362
1152,96,9.913,85693.562,268667.8512,7.0,3,1,0,892.6413,2798.6235
1153,96,10.0598,77605.77,243310.8724,9.0,2,0,0,808.3934,2534.4883
1154,94,10.2562,86647.3069,271659.1961,11.0,2,0,2,921.7799,2889.9914
1155,94,9.9695,70811.4016,222008.7002,13.0,3,1,1,753.3128,2361.7947
1156,94,9.887,74051.071,232166.2916,16.0,3,0,0,787.7774,2469.8542
1157,94,9.9549,80351.4897,251919.5228,18.0,3,0,0,854.8031,2679.9949
1158,95,9.8397,71194.4742,223209.4259,10.0,3,1,0,749.4155,2349.5729
1159,95,9.9903,79003.5675,247693.2646,12.0,2,0,0,831.6165,2607.2975
1160,95,9.9633,78299.3449,245485.9224,14.0,2,0,0,824.2036,2584.0623
1161,95,10.015,82494.5381,258638.8646,16.0,3,1,1,868.3636,2722.5144
1162,95,10.2293,89760.1041,281418.2718,19.0,3,0,0,944.8432,2962.2976
1163,95,10.1257,75015.7085,235190.9248,20.0,2,0,0,789.639,2475.6939
1164,96,9.9705,86444.867,271024.6049,22.0,3,1,0,900.4674,2823.173
1165,95,9.8391,80031.5837,250916.8283,24.0,2,0,1,842.4377,2641.2298
1166,95,9.7494,85221.6941,267188.9194,26.0,2,0,0,897.0705,2812.5149
1167,96,9.5124,71517.3634,224222.5138,30.0,5,1,0,744.9725,2335.6512
1168,96,9.6748,87588.1943,274608.2851,35.0,5,0,0,912.377,2860.503
1169,96,9.8402,84283.8359,264248.3543,40.0,5,0,0,877.9566,2752.587
1170,97,9.9309,92386.1047,289650.8602,47.0,8,1,0,952.4341,2986.0913
1171,97,10.0378,85208.4206,267146.4659,49.0,6,0,0,878.4373,2754.0873
1172,97,9.8446,67114.5967,210418.5685,50.0,5,0,0,691.9031,2169.2636
1173,98,9.7768,87516.2115,274381.8703,56.0,7,1,0,893.0226,2799.815
1174,98,9.754,77937.7793,244352.1438,63.0,7,0,0,795.2835,2493.3892
1175,98,9.7807,83980.956,263298.0674,67.0,6,0,0,856.9485,2686.715
1176,99,9.7345,87056.3426,272940.3631,66.0,6,1,0,879.357,2756.9734
1177,99,9.8828,89023.5393,279108.1912,67.0,4,0,0,899.2277,2819.2747
1178,98,10.0585,88472.3983,277380.934,71.0,4,0,1,902.7796,2830.4177
1179,99,9.9241,78771.621,246964.7185,77.0,7,1,0,795.6729,2494.5931
1180,99,10.1306,89521.0605,280667.9062,58.0,4,0,0,904.2531,2835.0294
1181,99,10.2992,93800.1266,294084.5126,62.0,4,0,0,947.476,2970.5506
1182,100,10.2591,88630.5014,277875.8778,40.0,4,1,0,886.305,2778.7588
1183,99,10.2576,70941.8665,222417.2628,39.0,3,0,1,716.5845,2246.639
1184,98,10.1978,81115.6588,254315.3711,42.0,3,0,1,827.7108,2595.0548
1185,99,10.2258,74885.1547,234780.239,43.0,4,1,0,756.4157,2371.5176
1186,99,10.407,91922.4872,288197.8057,46.0,3,0,0,928.51,2911.0889
1187,98,10.4641,75854.8091,237821.5549,49.0,3,0,1,774.0287,2426.7506
1188,99,10.6748,99647.7208,312418.5082,48.0,3,1,0,1006.5426,3155.7425
1189,99,10.7327,77041.8787,241542.5237,50.0,2,0,0,778.2008,2439.8235
1190,98,10.6738,75801.6449,237654.4694,52.0,2,0,1,773.4862,2425.0456
1191,98,10.7407,86044.866,269769.8343,54.0,3,1,1,878.0088,2752.7534
1192,98,10.8082,76376.3166,239456.2078,42.0,1,0,0,779.3502,2443.4307
1193,98,10.8182,82858.8469,259781.4142,43.0,1,0,0,845.4984,2650.8308
1194,99,10.6494,77368.5404,242567.966,45.0,3,1,0,781.5004,2450.1815
1195,99,10.7638,79479.5012,249185.7551,47.0,2,0,0,802.8232,2517.0278
1196,99,10.899,82609.0465,258998.0513,47.0,2,0,0,834.4348,2616.1419
1197,100,10.8705,80766.8422,253221.3828,49.0,3,1,0,807.6684,2532.2138
1198,100,10.8024,80628.6172,252788.7684,51.0,2,0,0,806.2862,2527.8877
1199,100,11.0427,93904.0157,294410.3159,53.0,2,0,0,939.0402,2944.1032
1200,101,10.7552,71707.1212,224818.6211,55.0,3,1,0,709.9715,2225.9269
1201,101,10.6433,74192.5285,232610.3239,57.0,2,0,0,734.5795,2303.0725
1202,101,10.6939,88883.0313,278669.1017,59.0,2,0,0,880.03,2759.1
1203,101,10.5294,81045.823,254096.5005,61.0,3,1,1,802.4339,2515.8069
1204,101,10.5065,86883.5715,272399.7456,64.0,3,0,0,860.2334,2697.0272
1205,101,10.3222,63104.0603,197844.4693,68.0,4,0,0,624.7927,1958.8561
1206,102,10.2443,79561.7607,249443.203,67.0,3,1,0,780.0173,2445.5216
1207,102,10.3161,80962.2674,253834.2728,57.0,1,0,0,793.7477,2488.5713
1208,102,10.4752,82527.3321,258741.0272,60.0,3,0,0,809.0915,2536.6767
1209,103,10.4377,90147.8049,282634.2906,63.0,4,1,0,875.2214,2744.0222
1210,102,10.4738,88128.2338,276302.2024,66.0,3,0,1,864.0023,2708.8451
1211,102,10.6347,101293.4277,317578.411,69.0,3,0,0,993.0728,3113.5138
1212,101,10.5356,80753.204,253179.0702,73.0,5,1,2,799.5367,2506.7235
1213,100,10.4328,76657.5996,240338.6999,77.0,4,0,1,766.576,2403.387
1214,100,10.6053,94834.2714,297326.7391,81.0,4,0,0,948.3427,2973.2674
1215,101,10.6438,89208.1142,279687.1218,85.0,5,1,0,883.2487,2769.1794
1216,101,10.6032,84789.6405,265834.3716,89.0,4,0,0,839.5014,2632.0235
1217,100,10.5302,81449.6726,255362.7749,94.0,5,0,1,814.4967,2553.6277
1218,99,10.5377,88445.2217,277295.5593,100.0,7,1,2,893.3861,2800.9652
1219,99,10.5143,81123.1149,254338.6935,82.0,4,0,0,819.4254,2569.0777
1220,99,10.6533,91566.5917,287082.3263,83.0,3,0,0,924.9151,2899.8215
1221,100,10.6295,90556.7756,283915.3169,87.0,5,1,0,905.5678,2839.1532
1222,99,10.7827,89779.3463,281479.1801,92.0,5,0,1,906.8621,2843.224
1223,99,10.8333,82637.0676,259085.5638,97.0,5,0,0,834.7179,2617.0259
1224,99,10.5351,79077.3331,247924.9769,99.0,5,1,1,798.7609,2504.2927
1225,98,10.5739,87823.2453,275345.5347,89.0,2,0,1,896.1556,2809.6483
1226,98,10.6847,88094.7936,276197.4481,91.0,2,0,0,898.9265,2818.3413
1227,99,10.5607,82706.4935,259303.5008,93.0,3,1,0,835.4191,2619.2273
1228,99,10.4862,85526.9445,268146.4363,96.0,3,0,0,863.9085,2708.5499
1229,99,10.417,86040.1314,269755.2586,82.0,3,0,0,869.0922,2724.8006
1230,100,10.4211,91011.911,285342.1781,87.0,6,1,0,910.1191,2853.4218
1231,100,10.5503,89449.9985,280446.1123,86.0,3,0,0,894.5,2804.4611
1232,98,10.541,70428.3355,220807.8108,90.0,4,0,2,718.6565,2253.1409
1233,99,10.4565,83337.6164,261281.8783,90.0,4,1,0,841.7941,2639.2109
1234,99,10.5609,86135.5729,270054.2033,91.0,3,0,0,870.0563,2727.8202
1235,99,10.6597,91133.3949,285724.1922,95.0,4,0,0,920.5393,2886.103
1236,98,10.6077,92762.2076,290830.4564,100.0,6,1,2,946.5531,2967.6577
1237,97,10.6205,87328.7586,273795.4372,102.0,5,0,1,900.2965,2822.6334
1238,96,10.6938,80522.7852,252456.3864,108.0,6,0,1,838.779,2629.754
1239,97,10.6626,85752.733,268852.9587,95.0,5,1,0,884.0488,2771.68
1240,97,10.5756,68925.6038,216096.6762,99.0,4,0,0,710.5732,2227.8008
1241,97,10.4919,83064.3431,260424.7183,104.0,5,0,0,856.3334,2684.7909
1242,95,10.1448,66076.8159,207164.4098,109.0,6,1,3,695.5454,2180.678
1243,94,10.0613,77136.845,241841.1501,114.0,5,0,1,820.6047,2572.7782
1244,94,10.044,76525.1066,239922.5433,119.0,5,0,0,814.0969,2552.3675
1245,95,10.142,91236.8487,286047.4502,124.0,6,1,0,960.3879,3011.0258
1246,95,10.1202,82380.3628,258281.4437,129.0,5,0,0,867.1617,2718.752
1247,94,10.1601,85922.9496,269387.3703,124.0,4,0,1,914.0739,2865.8231
1248,94,9.8325,61788.5926,193719.0904,129.0,6,1,1,657.3255,2060.8414
1249,93,9.8528,81827.1968,256546.7693,135.0,6,0,1,879.8623,2758.5674
1250,93,9.9952,79355.6683,248797.2509,129.0,4,0,0,853.2868,2675.2393
1251,94,10.0406,85219.2895,267181.3414,105.0,3,1,0,906.5882,2842.3547
1252,93,10.1011,83332.038,261263.8263,102.0,1,0,1,896.0434,2809.2885
1253,93,10.222,79874.828,250425.2589,103.0,1,0,0,858.8691,2692.7447
1254,94,10.2748,82634.3392,259077.0561,104.0,2,1,0,879.0887,2756.1389
1255,94,10.45,82041.0113,257216.9337,106.0,2,0,0,872.7767,2736.3504
1256,94,10.7676,97444.5198,305511.2603,108.0,2,0,0,1036.6438,3250.1198
1257,95,10.6793,80052.5632,250982.9476,112.0,5,1,0,842.6586,2641.9258
1258,95,10.8212,86653.9497,271679.7786,116.0,4,0,0,912.1468,2859.7871
1259,95,10.9001,86444.0096,271022.0155,115.0,3,0,0,909.9369,2852.8633
1260,96,10.7615,76354.9472,239389.4555,118.0,4,1,0,795.364,2493.6402
1261,94,10.905,83157.6502,260718.3031,116.0,2,0,2,884.6559,2773.599
1262,93,10.9527,80989.3344,253920.7318,118.0,2,0,1,870.8531,2730.3304
1263,94,11.1144,96025.6398,301063.044,120.0,3,1,0,1021.5494,3202.7983
1264,94,11.2233,85320.2066,267498.7594,122.0,2,0,0,907.6618,2845.7315
1265,94,11.1729,78502.0586,246121.9673,124.0,2,0,0,835.1283,2618.3188
1266,95,11.0422,80549.5575,252541.4455,127.0,4,1,0,847.8901,2658.331
1267,95,11.1862,85144.4856,266946.899,128.0,2,0,0,896.2577,2809.9674
1268,95,11.2583,86343.6624,270707.0967,130.0,2,0,0,908.8807,2849.5484
1269,95,11.1981,80212.3352,251484.1488,132.0,3,1,1,844.3404,2647.2016
1270,95,11.0964,81843.5097,256597.9061,134.0,2,0,0,861.5106,2701.0306
1271,95,11.1762,76133.7682,238696.4155,15.0,1,0,0,801.4081,2512.5938
1272,96,11.1352,87402.7017,274028.0545,16.0,2,1,0,910.4448,2854.4589
1273,96,11.0898,77719.5468,243667.8233,19.0,3,0,0,809.5786,2538.2065
1274,96,11.0798,83775.1929,262654.2329,22.0,3,0,0,872.6583,2735.9816
1275,97,10.9417,80220.8427,251510.2364,26.0,5,1,0,827.019,2592.889
1276,96,10.8934,72515.1413,227350.4875,26.0,3,0,1,755.3661,2368.2342
1277,96,10.9824,91452.127,286723.0301,25.0,3,0,0,952.6263,2986.6982
1278,97,10.8032,79790.0319,250159.2311,28.0,4,1,0,822.5776,2578.9611
1279,97,10.8172,86018.4989,269688.0423,8.0,2,0,0,886.7886,2780.2891
1280,97,11.0453,98564.6761,309023.0684,10.0,2,0,0,1016.1307,3185.8048
1281,98,11.0761,96148.2024,301447.4234,8.0,3,1,0,981.1041,3075.9941
1282,98,11.2112,88635.6752,277892.8612,10.0,2,0,0,904.4457,2835.6414
1283,98,11.2815,82207.3347,257738.7084,9.0,1,0,0,838.8504,2629.9868
1284,98,11.0731,82615.4501,259018.263,10.0,2,1,1,843.0148,2643.0435
1285,98,11.1198,93145.1837,292032.1053,11.0,1,0,0,950.4611,2979.9194
1286,98,11.0567,85470.834,267971.3778,12.0,1,0,0,872.1514,2734.4018
1287,99,10.7962,83461.7999,261671.877,15.0,4,1,0,843.0485,2643.1503
1288,99,10.7058,87124.5078,273155.3677,16.0,2,0,0,880.0455,2759.1451
1289,99,10.5573,82422.6286,258413.3995,19.0,3,0,0,832.5518,2610.2364
1290,100,10.5356,86311.3433,270605.2866,22.0,4,1,0,863.1134,2706.0529
1291,99,10.6498,78037.3807,244664.1648,25.0,3,0,1,788.2564,2471.3552
1292,99,10.594,79131.3068,248094.1188,28.0,3,0,0,799.3061,2506.0012
1293,100,10.3433,79014.0557,247726.2989,32.0,5,1,0,790.1406,2477.263
1294,99,10.4351,84647.6801,265388.6646,34.0,3,0,1,855.0271,2680.6936
1295,99,10.6196,87714.3223,275003.6481,37.0,3,0,0,886.0033,2777.8146
1296,100,10.5773,86003.4319,269639.6566,41.0,5,1,0,860.0343,2696.3966
1297,100,10.7684,92649.4773,290477.2824,43.0,3,0,0,926.4948,2904.7728
1298,100,10.7621,85034.8957,266603.8241,47.0,4,0,0,850.349,2666.0382
1299,101,10.9354,96282.0491,301866.26,51.0,5,1,0,953.2876,2988.7749
1300,100,11.1907,93607.5734,293481.3721,43.0,3,0,1,936.0757,2934.8137
1301,100,11.3643,90272.0067,283023.1965,46.0,3,0,0,902.7201,2830.232
1302,101,11.4455,87806.7616,275293.9294,49.0,4,1,0,869.3739,2725.6825
1303,100,11.5405,89778.653,281476.7844,52.0,3,0,1,897.7865,2814.7678
1304,100,11.451,76430.5109,239626.7944,48.0,2,0,0,764.3051,2396.2679
1305,100,11.1054,79235.9805,248422.5953,50.0,3,1,1,792.3598,2484.226
1306,100,11.0201,68931.5374,216115.1431,52.0,2,0,0,689.3154,2161.1514
1307,100,10.9197,83886.9951,263004.7187,54.0,2,0,0,838.87,2630.0472
1308,101,10.8067,83083.7181,260485.8427,56.0,3,1,0,822.6111,2579.0677
1309,101,10.737,78623.4355,246501.1487,59.0,3,0,0,778.4499,2440.6054
1310,100,10.8144,89342.5329,280108.8669,62.0,3,0,1,893.4253,2801.0887
1311,100,10.7185,71875.0678,225342.969,67.0,6,1,1,718.7507,2253.4297
1312,99,10.581,72370.4525,226896.8822,72.0,5,0,1,731.0147,2291.8877
1313,99,10.6134,81858.1639,256643.39,74.0,4,0,0,826.8501,2592.3575
1314,99,10.2293,65240.2158,204541.1061,78.0,5,1,1,658.9921,2066.0718
1315,99,10.233,83874.8615,262966.2544,82.0,4,0,0,847.2208,2656.2248
1316,96,10.4713,89371.5912,280199.5327,88.0,6,0,3,930.9541,2918.7451
1317,96,10.4342,81120.6112,254330.7974,92.0,6,1,1,845.0064,2649.2791
1318,95,10.5193,77324.1826,242427.744,98.0,6,0,1,813.9388,2551.871
1319,95,10.6507,87931.4487,275684.9265,80.0,3,0,0,925.5942,2901.9466
1320,96,10.7209,86021.1878,269695.6878,80.0,3,1,0,896.054,2809.3301
1321,96,10.8098,82185.3811,257669.6736,82.0,2,0,0,856.0977,2684.0591
1322,96,10.8712,94594.3482,296575.9835,84.0,2,0,0,985.3578,3089.3332
1323,97,10.791,89196.7668,279652.3781,86.0,3,1,0,919.5543,2883.0142
1324,97,10.8187,82946.2336,260054.8256,88.0,2,0,0,855.1158,2680.9776
1325,97,10.9744,85564.8746,268265.4567,92.0,4,0,0,882.1121,2765.6233
1326,98,10.9695,79012.3245,247721.3662,94.0,4,1,0,806.2482,2527.769
1327,98,11.1071,91533.0458,286976.9584,97.0,3,0,0,934.0107,2928.3363
1328,97,11.2783,85576.7436,268303.0988,100.0,3,0,1,882.2345,2766.0113
1329,98,11.3377,97648.1631,306149.1745,103.0,4,1,0,996.4098,3123.9712
1330,98,11.4379,90195.3901,282783.558,100.0,2,0,0,920.3611,2885.5465
1331,98,11.4893,80388.6994,252036.8875,103.0,3,0,0,820.2929,2571.805
1332,97,11.6078,81037.8417,254072.3231,106.0,3,0,1,835.4417,2619.3023
1333,98,11.4778,85459.8742,267935.5467,109.0,4,1,0,872.0395,2734.0362
1334,98,11.4882,91507.11,286896.0689,112.0,3,0,0,933.746,2927.5109
1335,98,11.2692,84173.436,263902.6616,110.0,3,1,1,858.9126,2692.8843
1336,98,11.2471,82400.1717,258343.4495,113.0,3,0,0,840.8181,2636.1576
1337,97,11.2699,80223.3547,251517.7866,116.0,3,0,1,827.0449,2592.9669
1338,98,11.1338,81236.7419,254695.2443,120.0,5,1,0,828.9463,2598.9311
1339,98,11.0586,80307.5735,251782.0025,124.0,4,0,0,819.465,2569.2041
1340,98,11.191,94235.3346,295449.436,128.0,4,0,0,961.585,3014.7902
1341,99,11.2057,93393.6163,292810.6712,132.0,5,1,0,943.3699,2957.6835
1342,98,11.2029,82491.4347,258628.9895,137.0,5,0,1,841.7493,2639.0713
1343,98,11.131,88050.3426,276057.3689,142.0,5,0,0,898.4729,2816.9119
1344,99,10.8102,71798.8849,225104.4519,147.0,6,1,0,725.2413,2273.7823
1345,98,10.6815,65284.7817,204682.0589,134.0,3,0,1,666.1712,2088.5924
1346,98,10.7962,87726.2183,275041.3588,139.0,5,0,0,895.1655,2806.5445
1347,99,10.7769,85525.0899,268139.9254,144.0,6,1,0,863.8898,2708.4841
1348,98,10.7639,80200.4765,251445.3448,149.0,5,0,1,818.3722,2565.7688
1349,98,10.6189,85292.2385,267409.7981,155.0,6,0,0,870.329,2728.6714
1350,99,10.5824,91085.2315,285572.8416,153.0,7,1,0,920.0528,2884.5742
1351,99,10.7291,89701.2214,281233.44,150.0,4,0,0,906.0729,2840.7418
1352,99,10.8958,87558.3272,274515.0273,155.0,5,0,0,884.4275,2772.8791
1353,100,10.8329,85032.5983,266595.5432,160.0,6,1,0,850.326,2665.9554
1354,98,10.7831,83526.8807,261875.1845,166.0,6,0,2,852.3151,2672.1958
1355,98,10.674,77983.5657,244495.1833,170.0,7,0,0,795.7507,2494.8488
1356,99,10.4235,71902.9307,225430.5197,175.0,8,1,0,726.2922,2277.076
1357,99,10.5031,89494.6132,280584.5706,174.0,6,0,0,903.986,2834.1876
1358,98,10.5356,79382.2758,248880.3917,176.0,5,0,1,810.0232,2539.5958
1359,99,10.3928,83543.4266,261926.839,168.0,6,1,0,843.873,2645.7256
1360,98,10.1864,70971.1931,222509.7216,173.0,5,0,1,724.1958,2270.5074
1361,98,10.1821,82038.085,257207.7065,178.0,5,0,0,837.1233,2624.5684
1362,98,10.3224,99596.9174,312258.3857,184.0,7,1,1,1016.2951,3186.3101
1363,98,10.4481,85825.0389,269080.3461,190.0,6,0,0,875.7657,2745.7178
1364,98,10.6123,97202.014,304750.8391,195.0,7,0,0,991.8573,3109.7024
1365,99,10.5985,90119.9208,282545.9367,202.0,8,1,0,910.3022,2853.9994
1366,99,10.8554,111420.3178,349328.7759,209.0,7,0,0,1125.4578,3528.5735
1367,99,11.1155,94484.0322,296228.9658,175.0,3,0,0,954.3842,2992.2118
1368,100,11.2248,95039.2747,297970.1724,178.0,4,1,0,950.3927,2979.7017
1369,100,11.3154,80076.977,251058.8233,181.0,3,0,0,800.7698,2510.5882
1370,100,11.4436,83457.127,261656.8968,184.0,3,0,0,834.5713,2616.569
1371,101,11.4251,89901.2593,281861.0543,188.0,5,1,0,890.1115,2790.7035
1372,101,11.4652,85862.9637,269199.4647,192.0,4,0,0,850.1284,2665.3412
1373,101,11.5245,83592.3887,262080.7571,196.0,4,0,0,827.6474,2594.859
1374,101,11.5436,97033.4924,304222.8054,200.0,5,1,1,960.7276,3012.107
1375,99,11.5896,79894.1518,250486.3995,204.0,4,0,2,807.0116,2530.1657
1376,98,11.4221,75043.04,235277.0629,208.0,4,0,1,765.7453,2400.7864
1377,99,11.0347,75517.4157,236763.907,213.0,6,1,0,762.8022,2391.5546
1378,99,11.0197,87369.8443,273924.0668,218.0,5,0,0,882.5237,2766.9098
1379,96,10.9422,82458.1822,258524.8575,220.0,4,0,3,858.9394,2692.9673
1380,97,10.7558,70897.7255,222279.5728,224.0,5,1,0,730.9044,2291.542
1381,97,10.8842,92091.2826,288726.7181,229.0,5,0,0,949.3947,2976.5641
1382,96,10.9119,78875.9572,247293.5415,234.0,5,0,1,821.6246,2575.9744
1383,95,10.643,67849.2656,212721.7469,227.0,6,1,2,714.2028,2239.1763
1384,93,10.5146,80458.9734,252256.4459,233.0,6,0,2,865.1503,2712.4349
1385,93,10.5579,80820.8776,253390.7347,240.0,7,0,0,869.0417,2724.6316
1386,94,10.3327,78527.6971,246200.8089,247.0,8,1,0,835.401,2619.1575
1387,94,10.1535,69056.6767,216506.6643,251.0,6,0,0,734.6455,2303.2624
1388,94,9.967,79228.2191,248397.3347,257.0,6,0,0,842.8534,2642.5248
1389,95,9.7455,70604.3039,221358.4636,256.0,8,1,0,743.2032,2330.0891
1390,95,9.8703,78975.31,247604.0974,241.0,8,0,0,831.3191,2606.3589
1391,95,9.9768,82233.7486,257820.2496,237.0,6,0,0,865.6184,2713.8974
1392,96,10.05,87270.4951,273611.6225,231.0,5,1,0,909.0677,2850.1211
1393,93,10.1985,83665.8514,262311.1809,235.0,4,0,3,899.6328,2820.5503
1394,93,10.3587,86061.1624,269820.5045,239.0,4,0,0,925.3888,2901.2957
1395,94,10.4787,90220.9547,282863.2337,122.0,4,1,0,959.7974,3009.1833
1396,94,10.5434,84735.1456,265663.9195,9.0,2,0,0,901.4377,2826.2119
1397,93,10.5795,80356.84,251937.8592,11.0,2,0,1,864.052,2709.0092
1398,93,10.5339,86259.1258,270442.4276,13.0,3,1,1,927.5175,2907.9831
1399,93,10.7381,87913.5332,275628.7015,5.0,2,0,0,945.3068,2963.7495
1400,93,10.7317,71431.9294,223955.3848,7.0,2,0,0,768.0853,2408.1224
1401,94,10.8578,89039.6241,279159.4784,9.0,3,1,0,947.23,2969.7817
1402,94,10.9365,84695.5197,265539.9713,11.0,2,0,0,901.0162,2824.8933
1403,94,10.8231,74227.1089,232719.0507,5.0,1,0,0,789.6501,2475.7346
1404,95,10.7398,75854.6942,237821.3674,6.0,2,1,0,798.4705,2503.3828
1405,95,10.6919,72962.3031,228752.722,8.0,2,0,0,768.0242,2407.9234
1406,95,10.6421,83341.9231,261295.8719,10.0,2,0,0,877.2834,2750.4829
1407,96,10.6147,77452.6116,242830.9717,12.0,3,1,0,806.798,2529.4893
1408,96,10.8886,95227.4288,298559.4707,14.0,2,0,0,991.9524,3109.9945
1409,96,10.9784,84688.5708,265518.4319,17.0,3,0,0,882.1726,2765.817
1410,97,11.0795,98626.2505,309216.1522,21.0,5,1,0,1016.7655,3187.7954
1411,96,10.9908,74875.5432,234751.1842,25.0,4,0,1,779.9536,2445.3248
1412,95,11.1158,82618.9457,259028.5671,18.0,2,0,1,869.6731,2726.6165
1413,96,10.9831,74460.0098,233448.8433,15.0,2,1,0,775.6251,2431.7588
1414,96,11.0713,73880.7841,231632.2263,16.0,1,0,0,769.5915,2412.8357
1415,95,11.0193,71528.7366,224258.2653,17.0,1,0,1,752.9341,2360.6133
1416,94,10.8866,71371.313,223765.63,18.0,1,0,1,759.2693,2380.4854
1417,94,10.7855,80231.8653,251545.2989,19.0,1,0,0,853.5305,2676.0138
1418,94,10.9965,94752.935,297073.0076,20.0,1,0,0,1008.0099,3160.3511
1419,96,10.8569,94714.4108,296951.4218,21.0,3,2,0,986.6084,3093.244
1420,96,10.9796,91503.1495,286883.4072,22.0,1,0,0,953.1578,2988.3688
1421,96,11.0143,80000.5065,250819.7124,24.0,2,0,0,833.3386,2612.7053
1422,96,11.1744,90354.02,283280.7901,26.0,3,1,1,941.1877,2950.8416
1423,96,11.3219,89976.9907,282099.019,28.0,2,0,0,937.2603,2938.5314
1424,96,11.4935,84301.1463,264303.6654,30.0,2,0,0,878.1369,2753.1632
1425,97,11.4428,81095.6979,254252.7234,32.0,3,1,0,836.0381,2621.1621
1426,96,11.4497,77329.0072,242443.6424,34.0,2,0,1,805.5105,2525.4546
1427,94,11.4931,73260.7385,229689.1307,36.0,2,0,2,779.3696,2443.5014
1428,93,11.3061,79597.0801,249555.2389,38.0,3,1,2,855.8826,2683.3897
1429,92,11.3418,69004.3414,216343.9584,41.0,3,0,1,750.0472,2351.5648
1430,92,11.3131,81034.755,254062.5016,44.0,3,0,0,880.8126,2761.5489
1431,92,10.9714,68556.4467,214939.5374,34.0,3,1,1,745.1788,2336.2993
1432,92,10.9852,83803.2288,262742.3462,36.0,2,0,0,910.9047,2855.8951
1433,91,10.9886,76384.7838,239482.7167,38.0,2,0,1,839.3932,2631.6782
1434,92,10.7426,72296.3636,226664.8129,43.0,6,1,0,785.83,2463.748
1435,92,10.6636,79333.1851,248726.9088,50.0,7,0,0,862.3172,2703.5534
1436,91,10.6317,80065.5801,251023.1142,54.0,6,0,1,879.8415,2758.4958
1437,92,10.3255,64898.3541,203470.2765,51.0,6,1,0,705.4169,2211.6334
1438,92,10.4758,91355.2267,286419.5911,56.0,5,0,0,992.9916,3113.2564
1439,92,10.6146,81971.1245,256998.18,57.0,5,0,0,890.9905,2793.4585
1440,93,10.696,85279.2305,267369.0603,60.0,5,1,0,916.981,2874.9361
1441,93,11.0017,95928.4199,300757.5836,56.0,3,0,0,1031.4884,3233.9525
1442,93,11.1577,82076.3087,257327.7587,59.0,3,0,0,882.541,2766.9651
1443,94,11.1163,83296.1522,261151.8295,62.0,4,1,0,886.1293,2778.211
1444,93,11.3198,87588.4751,274610.2444,65.0,3,0,1,941.8116,2952.7983
1445,91,11.2443,81820.5512,256526.198,68.0,3,0,2,899.1269,2818.9692
1446,92,11.0702,66918.6856,209804.365,71.0,4,1,0,727.377,2280.4822
1447,92,11.1924,76018.4328,238334.8231,63.0,2,0,0,826.2873,2590.5959
1448,92,11.4112,90648.4449,284204.3073,65.0,2,0,0,985.3092,3089.1773
1449,93,11.3474,76597.9756,240151.9718,51.0,2,1,0,823.6341,2582.2793
1450,93,11.3905,78809.6115,247086.026,52.0,1,0,0,847.4152,2656.839
1451,93,11.4113,80094.1211,251113.1807,53.0,1,0,0,861.2271,2700.1417
1452,94,11.1052,66379.6674,208114.3224,54.0,2,1,0,706.1667,2213.9822
1453,94,11.223,82816.8533,259649.776,55.0,1,0,0,881.0304,2762.2317
1454,94,11.2102,70215.2124,220139.6886,57.0,2,0,0,746.9703,2341.9116
1455,94,10.8781,67458.6553,211497.3992,59.0,3,1,1,717.6453,2249.9723
1456,94,10.8354,72223.1027,226435.1203,62.0,3,0,0,768.3309,2408.8843
1457,91,10.844,75495.5998,236694.9939,65.0,3,0,3,829.622,2601.0439
1458,91,10.8179,89282.5817,279921.7466,68.0,4,1,1,981.1273,3076.0631
1459,91,10.9789,87185.1661,273345.8989,67.0,2,0,0,958.0787,3003.8011
1460,91,11.1032,90064.6057,282373.6621,70.0,3,0,0,989.7209,3103.0073
1461,92,10.7989,66799.3875,209430.5699,73.0,4,1,0,726.0803,2276.4192
1462,92,10.9595,94213.7744,295381.8194,76.0,3,0,0,1024.0628,3210.6719
1463,91,10.9132,68614.4469,215121.4417,69.0,2,0,1,754.0049,2363.9719
1464,91,10.913,82487.304,258616.4915,71.0,3,1,1,906.4539,2841.9395
1465,91,11.0631,81401.8217,255213.2865,73.0,2,0,0,894.5255,2804.5416
1466,91,11.1471,94450.1824,296123.9097,68.0,1,0,0,1037.9141,3254.1089
1467,92,10.9466,73505.0066,230455.4564,69.0,2,1,0,798.9675,2504.9506
1468,92,11.1526,89542.6723,280736.8943,70.0,1,0,0,973.2899,3051.488
1469,90,11.1868,79047.3243,247831.2817,72.0,2,0,2,878.3036,2753.6809
1470,91,11.1293,80181.2359,251385.732,74.0,3,1,0,881.1125,2762.4806
1471,91,10.994,65562.6713,205553.34,76.0,2,0,0,720.4689,2258.8279
1472,91,10.8086,70984.2809,222551.6988,74.0,1,0,0,780.047,2445.6231
1473,92,10.6375,69407.2126,217606.602,75.0,2,1,0,754.4262,2365.2892
1474,92,10.6642,79285.105,248576.8593,76.0,1,0,0,861.7946,2701.9224
1475,92,10.3804,67897.2263,212873.1822,77.0,1,0,0,738.0133,2313.8389
1476,93,10.0971,71251.8135,223389.5271,78.0,2,1,0,766.1485,2402.0379
1477,93,10.0414,73659.1951,230938.0956,81.0,3,0,0,792.0344,2483.2053
1478,93,10.4151,97564.3001,305886.3725,84.0,3,0,0,1049.0785,3289.1008
1479,94,10.6315,96240.1811,301735.6066,84.0,3,1,0,1023.8317,3209.9533
1480,94,10.8268,94132.1506,295126.7865,83.0,2,0,0,1001.4059,3139.6467
1481,94,11.0185,90674.4131,284285.7697,85.0,2,0,0,964.6214,3024.3167
1482,95,10.9833,85063.8556,266694.1739,87.0,3,1,0,895.409,2807.3071
1483,94,11.1442,89152.37,279513.1514,89.0,2,0,1,948.4295,2973.5442
1484,93,11.0413,77043.2976,241547.9662,91.0,2,0,1,828.4226,2597.29
1485,94,10.7932,73839.4783,231503.0019,93.0,3,1,0,785.5264,2462.7979
1486,94,10.7668,78016.8786,244600.2692,95.0,2,0,0,829.9668,2602.1305
1487,93,10.7608,73864.3714,231580.5568,97.0,2,0,1,794.2406,2490.1135
1488,94,10.7363,78289.3618,245454.3958,100.0,4,1,0,832.8656,2611.217
1489,94,10.614,66734.2786,209226.787,101.0,2,0,0,709.9391,2225.8169
1490,93,10.64,87001.7502,272770.4708,103.0,2,0,1,935.5027,2933.0158
1491,94,10.4447,71746.7136,224941.6519,106.0,4,1,0,763.2629,2392.9963
1492,94,10.6474,92151.9097,288917.2763,107.0,2,0,0,980.3395,3073.588
1493,93,10.8315,85758.9868,268873.7517,110.0,3,0,1,922.1396,2891.1156
1494,94,10.7233,78065.0814,244751.7939,114.0,5,1,0,830.4796,2603.7425
1495,94,10.936,88305.7425,276858.7787,119.0,5,0,0,939.4228,2945.3062
1496,94,10.9739,73911.9495,231730.1415,122.0,4,0,0,786.2973,2465.2143
1497,95,10.8351,70268.4956,220306.2899,126.0,5,1,0,739.6684,2319.0136
1498,93,11.075,93803.2913,294094.8246,130.0,4,0,2,1008.6375,3162.3099
1499,92,11.0238,66898.7475,209742.4381,107.0,2,0,1,727.1603,2279.8091
1500,93,10.9586,83358.38,261347.0786,110.0,4,1,0,896.3267,2810.1836
1501,93,11.0892,83577.7463,262035.0546,112.0,3,0,0,898.6854,2817.5812
1502,93,10.9427,65250.1083,204573.2983,115.0,3,0,0,701.6141,2199.7129
1503,94,10.9105,86819.3542,272198.7394,108.0,3,1,0,923.6102,2895.7313
1504,94,11.1367,92092.4572,288730.973,110.0,2,0,0,979.707,3071.6061
1505,94,11.2022,84342.7402,264434.0948,113.0,3,0,0,897.2632,2813.1287
1506,94,11.1345,83033.9458,260330.6026,116.0,4,1,1,883.3398,2769.4745
1507,93,11.2892,91993.3192,288420.4818,119.0,3,0,1,989.1755,3101.2955
1508,93,11.2352,72563.055,227501.8331,122.0,3,0,0,780.2479,2446.2563
1509,94,11.2651,87377.0613,273946.8971,125.0,4,1,0,929.5432,2914.3287
1510,94,11.3386,72327.4176,226762.2909,128.0,3,0,0,769.4406,2412.3648
1511,93,11.3165,74418.6916,233319.2775,131.0,3,0,1,800.201,2508.8094
1512,94,11.1373,71122.2505,222983.9014,134.0,4,1,0,756.6197,2372.1692
1513,91,10.9536,68533.4518,214867.0194,137.0,3,0,3,753.1149,2361.176
1514,91,10.9822,75948.4487,238115.8042,126.0,2,0,0,834.5983,2616.6572
1515,92,10.8235,79398.671,248932.2899,117.0,2,1,0,863.029,2705.7858
1516,92,10.7417,72646.3023,227762.4721,119.0,2,0,0,789.6337,2475.679
1517,92,10.7756,69738.6637,218645.9565,119.0,1,0,0,758.029,2376.5865
1518,92,10.7479,78401.5432,245806.924,121.0,3,1,1,852.1907,2671.8144
1519,91,11.0236,93996.2228,294700.3197,2.0,1,0,1,1032.9255,3238.4651
1520,91,11.0014,74978.6714,235075.1635,0.0,0,0,0,823.9414,2583.2436
1521,92,10.6917,61258.7803,192059.307,1.0,2,1,0,665.8563,2087.6012
1522,90,10.9088,88257.7745,276708.1831,3.0,2,0,2,980.6419,3074.5354
1523,90,10.7939,64692.9825,202827.0079,5.0,2,0,0,718.8109,2253.6334
1524,90,10.8114,83555.4564,261965.396,7.0,3,1,1,928.394,2910.7266
1525,89,11.1551,90868.2603,284892.7942,9.0,2,0,1,1020.9917,3201.0426
1526,89,11.2725,81985.0502,257042.3308,6.0,1,0,0,921.1803,2888.1161
1527,90,11.144,67413.4099,211356.348,7.0,2,1,0,749.0379,2348.4039
1528,89,11.2958,80473.2611,252302.3919,8.0,1,0,1,904.1939,2834.8583
1529,89,11.4472,80116.6804,251184.2643,9.0,1,0,0,900.1874,2822.2951
1530,90,11.3202,79146.831,248143.3957,10.0,2,1,0,879.4092,2757.1488
1531,90,11.2303,64499.3179,202219.5841,11.0,1,0,0,716.6591,2246.8843
1532,90,11.3259,84400.4807,264614.9712,12.0,1,0,0,937.7831,2940.1663
1533,91,11.0884,72122.4149,226120.2812,14.0,3,1,0,792.554,2484.8383
1534,90,11.202,82088.893,257366.9273,16.0,2,0,1,912.0988,2859.6325
1535,89,11.3124,73650.5124,230910.1788,19.0,3,0,1,827.5338,2594.4964
1536,89,11.2323,66819.949,209495.641,22.0,4,1,1,750.7859,2353.8836
1537,89,11.3004,69147.67,216792.8073,25.0,3,0,0,776.9401,2435.8742
1538,89,11.386,79620.2288,249627.5743,24.0,2,0,0,894.6093,2804.8042
1539,89,11.2769,70307.297,220428.8987,26.0,3,1,1,789.9696,2476.7292
1540,89,11.3151,68220.6756,213886.753,28.0,2,0,0,766.5244,2403.2219
1541,88,11.4055,72976.4337,228796.9839,30.0,2,0,1,829.2777,2599.9657
1542,89,11.3289,76135.9878,238703.5364,33.0,4,1,0,855.4605,2682.0622
1543,89,11.3099,71381.1456,223795.5957,25.0,2,0,0,802.0353,2514.5573
1544,88,11.2892,66085.7414,207192.6329,27.0,2,0,1,750.9743,2354.4617
1545,89,11.1249,71758.3124,224977.8816,25.0,2,1,0,806.2732,2527.8414
1546,89,11.1751,80129.352,251223.6008,26.0,1,0,0,900.3298,2822.7371
1547,89,11.0945,68566.6708,214972.04,27.0,1,0,0,770.412,2415.4162
1548,90,11.0096,76541.5064,239974.1985,28.0,2,1,0,850.4612,2666.38
1549,89,10.862,62384.1195,195587.8612,29.0,1,0,1,700.9452,2197.6164
1550,89,10.9833,81737.6012,256264.6513,31.0,2,0,0,918.4,2879.3781
1551,90,10.9487,80536.9036,252501.5413,33.0,3,1,0,894.8545,2805.5727
1552,89,10.6587,60099.7641,188425.3235,35.0,2,0,1,675.2782,2117.1385
1553,89,10.6692,78143.0717,244996.6773,38.0,3,0,0,878.012,2752.7717
1554,90,10.4767,68612.9873,215116.1717,41.0,4,1,0,762.3665,2390.1797
1555,90,10.4279,67417.3311,211367.829,45.0,4,0,0,749.0815,2348.5314
1556,89,10.3715,75024.2067,235216.9734,50.0,5,0,1,842.9686,2642.8873
1557,90,10.2183,73576.279,230677.1339,53.0,5,1,0,817.5142,2563.0793
1558,89,10.13,72423.457,227063.0965,57.0,4,0,1,813.7467,2551.2707
1559,89,10.353,77372.7656,242579.8761,39.0,1,0,0,869.3569,2725.6166
1560,89,10.249,67860.7018,212757.9681,42.0,4,1,1,762.4798,2390.539
1561,89,10.5547,90436.1,283537.807,44.0,3,0,0,1016.136,3185.8181
1562,89,10.5857,78192.5983,245151.4657,45.0,2,0,0,878.5685,2754.5109
1563,89,10.469,68962.0901,216210.6502,47.0,3,1,1,774.8549,2429.3331
1564,87,10.402,58672.9011,183951.6759,49.0,2,0,2,674.4012,2114.3871
1565,87,10.4718,74838.9083,234636.6583,51.0,2,0,0,860.2173,2696.9731
1566,87,10.293,58653.4536,183891.4687,54.0,4,1,1,674.1776,2113.695
1567,87,10.2545,73619.6214,230813.7299,49.0,2,0,0,846.2025,2653.0314
1568,87,10.4406,86400.5953,270885.9129,51.0,2,0,0,993.1103,3113.6312
1569,87,10.5127,81746.0535,256292.097,50.0,3,1,1,939.6098,2945.8862
1570,87,10.4233,70033.4059,219570.4221,52.0,2,0,0,804.9817,2523.798
1571,85,10.3526,65993.7576,206905.2543,54.0,2,0,2,776.3971,2434.1795
1572,86,10.3336,78249.7928,245330.2025,56.0,3,1,0,909.8813,2852.6768
1573,86,10.3092,69107.1065,216665.6582,60.0,4,0,0,803.571,2519.3681
1574,85,10.3893,74984.8339,235094.3637,64.0,4,0,1,882.1745,2765.816
1575,86,10.3999,78168.9547,245076.7266,69.0,6,1,0,908.9413,2849.7294
1576,86,10.378,65548.1591,205507.6721,74.0,5,0,0,762.1879,2389.6241
1577,86,10.4314,76228.669,238993.9561,79.0,5,0,0,886.3799,2778.9995
1578,87,10.3993,80794.0565,253307.4961,85.0,7,1,0,928.6673,2911.5804
1579,87,10.2723,64152.1336,201130.1918,91.0,6,0,0,737.3808,2311.8413
1580,87,10.4788,86408.8241,270910.528,89.0,5,0,0,993.2049,3113.9141
1581,88,10.3084,67200.8872,210689.4717,81.0,5,1,0,763.6464,2394.1985
1582,88,10.3542,73278.6211,229744.7471,67.0,2,0,0,832.7116,2610.7358
1583,88,10.5888,87611.141,274681.1927,70.0,3,0,0,995.5811,3121.3772
1584,89,10.4924,73453.5691,230293.2067,73.0,4,1,0,825.321,2587.5641
1585,89,10.6521,89755.8336,281405.5558,76.0,3,0,0,1008.4925,3161.8602
1586,89,10.7472,81538.451,255641.6862,80.0,4,0,0,916.1624,2872.3785
1587,90,10.63,77320.7459,242417.5448,84.0,5,1,0,859.1194,2693.5283
1588,90,10.8253,86792.9458,272116.0603,86.0,4,0,0,964.3661,3023.5118
1589,90,10.8655,76024.1059,238352.0904,90.0,4,0,0,844.7123,2648.3566
1590,91,10.773,77358.8849,242537.6225,94.0,5,1,0,850.0976,2665.2486
1591,91,10.8161,71545.6602,224311.0115,98.0,4,0,0,786.216,2464.9562
1592,91,10.8688,77248.1771,242189.5739,102.0,4,0,0,848.8811,2661.4239
1593,92,10.7168,64320.2522,201657.3757,95.0,4,1,0,699.1332,2191.928
1594,92,10.7785,70965.5037,222491.6727,98.0,3,0,0,771.3642,2418.3877
1595,92,10.8752,75311.666,236118.5405,101.0,3,0,0,818.6051,2566.5059
1596,92,10.8041,69176.825,216884.311,105.0,5,1,1,751.922,2357.4382
1597,90,10.8757,75094.1891,235437.5054,110.0,5,0,2,834.3799,2615.9723
1598,89,10.8279,72545.9425,227447.2323,116.0,6,0,1,815.1229,2555.5869
1599,89,10.5725,70722.7008,221730.5165,111.0,7,1,1,794.6371,2491.3541
1600,88,10.5872,73314.7518,229858.0515,105.0,3,0,1,833.1222,2612.0233
1601,88,10.5718,68272.6159,214049.4976,84.0,2,0,0,775.8252,2432.3807
1602,89,10.5237,76123.6923,238664.2429,87.0,4,1,0,855.3224,2681.6207
1603,89,10.6667,84412.1146,264651.6729,91.0,4,0,0,948.4507,2973.6143
1604,89,10.7695,73297.8148,229805.3493,96.0,5,0,0,823.571,2582.0826
1605,90,10.9181,88442.9279,277288.5666,97.0,5,1,0,982.6992,3080.9841
1606,90,11.0757,73236.8829,229614.7363,94.0,2,0,0,813.7431,2551.2748
1607,90,11.0581,73137.1263,229300.776,96.0,2,0,0,812.6347,2547.7864
1608,90,10.8047,66740.5792,209246.1186,98.0,3,1,1,741.562,2324.9569
1609,90,10.8505,72676.7027,227857.5189,101.0,3,0,0,807.5189,2531.7502
1610,90,10.7901,77438.7906,242787.4765,105.0,4,0,0,860.431,2697.6386
1611,90,10.606,70786.2723,221930.4086,110.0,6,1,1,786.5141,2465.8934
1612,89,10.544,62624.8061,196342.151,115.0,5,0,1,703.6495,2206.0916
1613,88,10.5025,74368.3785,233161.1788,116.0,4,0,1,845.0952,2649.5588
1614,89,10.2209,67033.4956,210164.8091,115.0,5,1,0,753.1853,2361.4023
1615,87,10.1002,63231.2362,198243.5553,119.0,4,0,2,726.7958,2278.6616
1616,87,10.0861,77030.6697,241507.7826,100.0,3,0,0,885.41,2775.9515
1617,88,9.9449,70650.0065,221502.7233,103.0,4,1,0,802.841,2517.0764
1618,88,9.6865,58883.6924,184611.2675,107.0,4,0,0,669.1329,2097.8553
1619,88,9.4872,66507.2685,208514.3567,113.0,6,0,0,755.7644,2369.4813
1620,89,9.2907,70789.0345,221938.8684,118.0,7,1,0,795.3824,2493.6952
1621,89,9.4389,81457.0828,255385.5801,124.0,6,0,0,915.2481,2869.5009
1622,89,9.5644,79504.4594,249263.4951,131.0,7,0,0,893.3085,2800.7134
1623,90,9.7271,90696.208,284353.4622,137.0,8,1,0,1007.7356,3159.4829
1624,90,9.9537,83470.0679,261696.9028,144.0,7,0,0,927.4452,2907.7434
1625,90,10.033,83548.6762,261944.379,141.0,6,0,0,928.3186,2910.4931
1626,91,10.0039,79287.216,248582.6029,147.0,7,1,0,871.2881,2731.677
1627,91,10.2806,90290.5175,283080.5465,154.0,7,0,0,992.2035,3110.7752
1628,91,10.5252,87055.3772,272938.2971,151.0,6,0,0,956.6525,2999.3219
1629,92,10.585,84168.9108,263888.6175,135.0,5,1,0,914.8795,2868.3545
1630,91,10.6904,78006.232,244566.5987,139.0,4,0,1,857.2113,2687.545
1631,91,10.7858,77719.1343,243667.562,143.0,4,0,0,854.0564,2677.6655
1632,91,10.5075,70712.4597,221699.0517,147.0,5,1,1,777.06,2436.2533
1633,90,10.6085,77039.104,241534.7978,131.0,3,0,1,855.99,2683.72
1634,90,10.7662,86792.7163,272114.3812,126.0,2,0,0,964.3635,3023.4931
1635,91,10.7146,75708.0561,237361.4155,128.0,3,1,0,831.9567,2608.3672
1636,91,10.9316,83580.6041,262044.3727,130.0,2,0,0,918.4682,2879.6085
1637,91,10.9641,73607.3224,230775.4257,132.0,2,0,0,808.8717,2535.9937
1638,92,10.908,78323.1975,245561.236,134.0,3,1,0,851.3391,2669.1439
1639,92,10.9635,77638.0869,243413.0394,136.0,2,0,0,843.8922,2645.7939
1640,92,11.047,75937.7002,238081.3021,138.0,2,0,0,825.4098,2587.8402
1641,90,11.0495,74801.1579,234518.8184,0.0,1,1,3,831.124,2605.7646
1642,89,11.261,85504.9719,268077.9457,0.0,0,0,1,960.73,3012.1117
1643,89,11.1884,71672.8634,224711.0546,0.0,0,0,0,805.3131,2524.8433
1644,89,10.9195,62418.7626,195696.5829,0.0,1,1,1,701.3344,2198.838
1645,89,10.8521,69886.1603,219108.586,2.0,2,0,0,785.2378,2461.8942
1646,88,10.7377,63060.9479,197709.2242,6.0,4,0,1,716.6017,2246.6957
1647,88,10.31,72669.6396,227835.3685,10.0,5,1,1,825.7914,2589.0383
1648,88,10.2817,77471.4438,242889.5171,14.0,4,0,0,880.3573,2760.1081
1649,88,10.224,68407.8387,214473.2598,14.0,3,0,0,777.3618,2437.1961
1650,88,10.2773,79489.0411,249215.5467,11.0,3,1,1,903.2846,2831.9948
1651,88,10.3561,81194.8373,254563.7389,13.0,2,0,0,922.6686,2892.7698
1652,88,10.4357,73613.4747,230794.5622,17.0,4,0,0,836.5168,2622.6655
1653,89,10.3744,76350.3024,239374.8687,21.0,5,1,0,857.8686,2689.6053
1654,88,10.4876,83009.1415,260252.694,27.0,6,0,1,943.2857,2957.417
1655,88,10.4755,69764.6955,218727.1955,34.0,7,0,0,792.7806,2485.5363
1656,89,10.4254,80267.384,251655.6381,41.0,8,1,0,901.8807,2827.5914
1657,89,10.5253,76412.7216,239571.0204,36.0,6,0,0,858.5699,2691.8092
1658,89,10.5693,74783.33,234461.8785,42.0,6,0,0,840.2621,2634.4031
1659,90,10.6907,90753.1241,284531.8781,40.0,6,1,0,1008.368,3161.4653
1660,90,10.9098,80925.0445,253717.9304,45.0,5,0,0,899.1672,2819.0881
1661,89,11.109,84475.9461,264851.0145,50.0,5,0,1,949.1679,2975.8541
1662,88,11.1408,84169.1304,263889.2554,55.0,6,1,2,956.4674,2998.7415
1663,87,11.0222,70648.8085,221499.4855,60.0,5,0,1,812.0553,2545.9711
1664,87,11.0076,66715.9939,209169.2209,65.0,5,0,0,766.8505,2404.2439
1665,87,10.9925,77724.401,243683.1047,71.0,7,1,1,893.3839,2800.9552
1666,87,11.0348,70957.5686,222466.6689,62.0,5,0,0,815.6042,2557.0881
1667,87,10.86,59274.5524,185838.1031,52.0,4,0,0,681.3167,2136.0702
1668,88,10.6438,64701.8958,202853.9278,56.0,5,1,0,735.2488,2305.1583
1669,88,10.6888,75532.3549,236810.3057,60.0,4,0,0,858.3222,2691.0262
1670,88,10.6608,64846.766,203309.0576,47.0,3,0,0,736.8951,2310.3302
1671,89,10.4039,72596.5955,227606.4433,51.0,5,1,0,815.6921,2557.3758
1672,89,10.1955,63808.8668,200053.9516,55.0,4,0,0,716.9536,2247.7972
1673,89,10.0548,73351.6217,229973.5179,39.0,3,0,0,824.1755,2583.9721
1674,90,9.9654,73402.7946,230133.1459,42.0,4,1,0,815.5866,2557.035
1675,90,10.0836,80722.2974,253082.2792,47.0,5,0,0,896.9144,2812.0253
1676,90,10.0926,71838.247,225228.4924,53.0,6,0,0,798.2027,2502.5388
1677,91,10.0994,83069.8487,260442.0732,58.0,7,1,0,912.8555,2862.0008
1678,91,10.1016,74968.9982,235043.718,63.0,6,0,0,823.8351,2582.898
1679,90,10.0689,78934.5765,247476.9283,62.0,4,0,1,877.0509,2749.7436
1680,89,9.8345,65612.703,205709.0477,68.0,7,1,2,737.2214,2311.3376
1681,89,9.8354,71919.8572,225483.7204,48.0,4,0,0,808.0883,2533.5249
1682,89,9.9511,71599.3638,224478.809,50.0,4,0,0,804.4872,2522.2338
1683,90,9.9694,80528.888,252475.2487,56.0,7,1,0,894.7654,2805.2805
1684,90,10.3166,87311.3273,273740.4725,60.0,5,0,0,970.1259,3041.5608
1685,90,10.5393,85128.7515,266897.8835,65.0,5,0,0,945.875,2965.532
1686,90,10.4336,81400.4065,255208.1287,67.0,6,1,1,904.449,2835.6459
1687,89,10.3744,74334.4831,233055.2058,70.0,4,0,1,835.2189,2618.5978
1688,89,10.4141,71862.8159,225305.8747,67.0,3,0,0,807.4474,2531.5267
1689,89,10.6793,101334.1836,317706.8665,46.0,3,1,1,1138.5863,3569.7401
1690,89,10.842,80463.362,252270.5892,47.0,2,0,0,904.0827,2834.501
1691,89,11.001,85635.2607,268486.6692,49.0,2,0,0,962.1939,3016.7041
1692,90,11.2441,103286.39,323827.7507,51.0,3,1,0,1147.6266,3598.0861
1693,90,11.3046,72520.9257,227369.2044,54.0,3,0,0,805.7881,2526.3245
1694,90,11.5576,87385.2409,273973.1516,57.0,3,0,0,970.9471,3044.1461
1695,91,11.5724,82247.3024,257864.2719,60.0,4,1,0,903.8165,2833.6733
1696,91,11.6667,85976.7086,269557.4409,63.0,3,0,0,944.799,2962.1697
1697,91,11.7906,85439.3337,267873.3661,66.0,3,0,0,938.8938,2943.6634
1698,91,11.7225,85604.66,268390.2602,69.0,4,1,1,940.7105,2949.3435
1699,90,11.709,73812.2272,231417.6853,72.0,3,0,1,820.1359,2571.3076
1700,89,11.6709,75082.545,235400.6841,75.0,3,0,1,843.6241,2644.9515
1701,90,11.5781,75676.6484,237263.3455,79.0,5,1,0,840.8516,2636.2594
1702,90,11.6668,80661.9566,252893.6134,83.0,4,0,0,896.244,2809.929
1703,90,11.5657,70380.4269,220658.3616,87.0,4,0,0,782.0047,2451.7596
1704,91,11.1783,74689.2797,234167.5152,91.0,5,1,0,820.7613,2573.2694
1705,90,11.1343,72161.8718,226242.9999,96.0,5,0,1,801.7986,2513.8111
1706,90,11.2352,80978.0237,253884.1553,84.0,4,0,0,899.7558,2820.9351
1707,91,11.1249,72557.8067,227484.5152,89.0,6,1,0,797.3385,2499.8298
1708,91,11.0574,70860.4343,222162.7557,87.0,5,0,0,778.6861,2441.349
1709,91,11.0994,89529.5809,280695.1032,92.0,5,0,0,983.8415,3084.5616
1710,91,10.7545,73647.5003,230901.4557,97.0,6,1,1,809.3132,2537.3786
1711,90,10.6238,74866.9793,234724.2685,103.0,6,0,1,831.8553,2608.0474
1712,90,10.7078,72518.5977,227361.8656,101.0,5,0,0,805.7622,2526.243
1713,91,10.7235,82619.8114,259031.7388,106.0,6,1,0,907.91,2846.5026
1714,91,10.6484,71275.5963,223463.6988,111.0,5,0,0,783.2483,2455.645
1715,90,10.5258,66992.4257,210035.7855,116.0,5,0,1,744.3603,2333.7309
1716,91,10.4117,72721.3999,227996.527,122.0,7,1,0,799.1363,2505.4563
1717,91,10.4888,74865.0038,234717.7694,127.0,6,0,0,822.6923,2579.3161
1718,91,10.7218,89065.5571,279240.5096,134.0,7,0,0,978.7424,3068.577
1719,90,10.7857,71251.6563,223388.8907,141.0,8,1,2,791.6851,2482.0988
1720,90,11.004,76684.8455,240423.7317,148.0,7,0,0,852.0538,2671.3748
1721,90,11.1533,83438.4659,261598.5862,130.0,5,0,0,927.0941,2906.651
1722,91,11.0308,74160.7254,232510.3496,135.0,6,1,0,814.953,2555.0588
1723,90,10.9912,64503.1062,202230.6079,134.0,4,0,1,716.7012,2247.0068
1724,90,11.05,71959.7623,225609.2786,138.0,4,0,0,799.5529,2506.7698
1725,91,11.1123,79027.7205,247769.5108,142.0,5,1,0,868.4365,2722.7419
1726,90,11.0449,71011.9395,222637.9564,146.0,4,0,1,789.0216,2473.7551
1727,90,10.8604,69205.1718,216973.4909,150.0,4,0,0,768.9464,2410.8166
1728,91,10.6198,76799.9736,240785.0401,155.0,6,1,0,843.9558,2645.9895
1729,91,10.5398,74223.16,232705.6288,161.0,6,0,0,815.6391,2557.2047
1730,91,10.3982,79777.9477,250121.6472,167.0,6,0,0,876.6807,2748.5895
1731,92,10.3132,77408.4115,242691.9476,173.0,7,1,0,841.3958,2637.956
1732,92,10.3817,80394.9356,252055.7424,176.0,6,0,0,873.858,2739.7363
1733,92,10.5606,83634.0271,262211.0191,183.0,7,0,0,909.0655,2850.1198
1734,93,10.3702,69835.0223,218947.761,188.0,8,1,0,750.9142,2354.277
1735,92,10.4015,79664.27,249764.4374,195.0,7,0,1,865.916,2714.8308
1736,91,10.4268,80635.4905,252810.3196,193.0,6,0,1,886.1043,2778.1354
1737,92,10.1923,76482.1941,239788.3153,199.0,7,1,0,831.3282,2606.3947
1738,91,9.9787,67659.2544,212126.1905,206.0,7,0,1,743.5083,2331.057
1739,91,10.0961,85486.6275,268018.9098,214.0,8,0,0,939.4135,2945.2627
1740,91,10.0133,68286.1182,214090.9638,192.0,8,1,1,750.3969,2352.648
1741,90,10.1851,81975.548,257010.7776,199.0,7,0,1,910.8394,2855.6753
1742,90,10.2582,76476.0237,239769.2032,203.0,7,0,0,849.7336,2664.1023
1743,90,10.2542,83850.9274,262891.4071,210.0,8,1,1,931.677,2921.0156
1744,90,10.3313,74105.28,232335.7477,215.0,7,0,0,823.392,2581.5083
1745,90,10.511,78246.6102,245319.8307,214.0,6,0,0,869.4068,2725.7759
1746,91,10.4709,81679.3697,256082.6981,220.0,7,1,0,897.5755,2814.0956
1747,90,10.5494,72432.2186,227090.3948,226.0,6,0,1,804.8024,2523.2266
1748,90,10.5352,66886.4208,209702.641,233.0,7,0,0,743.1825,2330.0293
1749,90,10.4213,72819.9775,228305.6768,240.0,8,1,1,809.1109,2536.7297
1750,90,10.2098,61790.7803,193727.1425,247.0,7,0,0,686.5642,2152.5238
1751,90,10.2685,87201.6725,273396.3766,255.0,8,0,0,968.9075,3037.7375
1752,90,10.0827,64569.3876,202437.937,238.0,7,1,1,717.4376,2249.3104
1753,90,9.8906,74475.0546,233495.4506,244.0,6,0,0,827.5006,2594.3939
1754,90,9.5915,66567.2321,208702.1658,250.0,6,0,0,739.6359,2318.913
1755,91,9.4971,80118.3146,251187.5622,256.0,7,1,0,880.421,2760.3029
1756,91,9.465,82651.0314,259128.7453,263.0,7,0,0,908.2531,2847.5686
1757,91,9.5648,79473.0938,249164.534,272.0,9,0,0,873.3307,2738.0718
1758,92,9.4731,79220.6695,248373.7476,281.0,10,1,0,861.0942,2699.7146
1759,92,9.7735,96795.3127,303475.3643,283.0,7,0,0,1052.123,3298.6453
1760,91,9.7173,81142.3994,254399.0991,290.0,7,0,1,891.6747,2795.5945
1761,92,9.4386,72741.9548,228061.3312,298.0,9,1,0,790.6734,2478.9275
1762,92,9.5558,85443.1061,267881.8623,308.0,10,0,0,928.7294,2911.7594
1763,92,9.6667,80670.6023,252919.4626,318.0,10,0,0,876.8544,2749.1246
1764,93,9.5858,86175.4634,270178.5941,320.0,10,1,0,926.6179,2905.1462
1765,92,9.6599,69254.2981,217126.0009,208.0,8,0,0,752.7641,2360.0652
1766,92,9.66,74725.3405,234279.4134,216.0,8,0,0,812.232,2546.5154
1767,93,9.5887,76257.4559,239082.9883,224.0,9,1,1,819.9726,2570.7848
1768,92,9.6117,77617.3765,243347.1856,95.0,7,0,1,843.6671,2645.0781
1769,92,9.5395,65026.2953,203870.6868,46.0,5,0,0,706.8076,2215.9857
1770,93,9.4376,79380.4505,248874.4823,52.0,7,1,0,853.5532,2676.0697
1771,93,9.4024,70097.7266,219770.4103,59.0,7,0,0,753.739,2363.1227
1772,93,9.3719,69170.334,216862.6392,66.0,7,0,0,743.767,2331.8563
1773,94,9.6321,92995.6221,291560.9395,55.0,6,1,0,989.3151,3101.7121
1774,90,9.9775,91272.9181,286160.8514,9.0,2,0,4,1014.1435,3179.565
1775,90,10.3134,90293.6638,283090.9923,6.0,1,0,0,1003.2629,3145.4555
1776,90,10.1614,78262.5351,245370.9948,7.0,2,1,1,869.5837,2726.3444
1777,90,10.1313,81279.5097,254830.0272,9.0,2,0,0,903.1057,2831.4447
1778,89,10.1637,79077.5901,247926.1358,11.0,2,0,1,888.5122,2785.6869
1779,89,9.9461,64250.914,201440.4085,15.0,5,1,1,721.9204,2263.3754
1780,89,10.169,82558.5805,258839.1771,20.0,5,0,0,927.6245,2908.3054
1781,89,10.3197,71406.1798,223873.6516,22.0,4,0,0,802.3166,2515.4343
1782,89,10.5361,87929.099,275677.6902,27.0,6,1,1,987.9674,3097.5021
1783,88,10.7429,84448.2133,264763.8965,32.0,5,0,1,959.6388,3008.6806
1784,88,10.8206,81778.4923,256394.1258,37.0,5,0,0,929.301,2913.5696
1785,88,10.7534,78634.8406,246537.9321,36.0,5,1,1,893.5777,2801.5674
1786,87,10.7179,68576.907,215003.4975,40.0,4,0,1,788.2403,2471.3046
1787,86,10.5348,63418.8545,198832.1493,44.0,4,0,1,737.4285,2312.0017
1788,87,10.2226,59902.095,187805.412,48.0,5,1,0,688.5298,2158.6829
1789,87,10.2761,70432.6867,220821.3897,20.0,1,0,0,809.5711,2538.1769
1790,87,10.3661,86550.7124,271355.7962,22.0,2,0,0,994.8358,3119.0321
1791,87,10.179,61524.347,192891.9532,24.0,3,1,1,707.1764,2217.1489
1792,87,10.3517,76497.3245,239835.6286,25.0,3,0,0,879.2796,2756.7314
1793,86,10.4115,71200.6864,223229.7825,29.0,4,0,1,827.915,2595.6951
1794,87,10.3261,68460.9464,214640.5614,30.0,4,1,0,786.9074,2467.1329
1795,87,10.2852,78043.9684,244685.5473,29.0,2,0,0,897.0571,2812.4776
1796,87,10.416,80207.2499,251468.5075,31.0,2,0,0,921.9224,2890.4426
1797,88,10.2813,71705.6718,224813.434,33.0,3,1,0,814.8372,2554.6981
1798,88,10.1969,75543.7143,236846.5135,35.0,2,0,0,858.4513,2691.4377
1799,87,10.2531,76233.0931,239007.4291,38.0,3,0,1,876.2424,2747.2118
1800,88,10.1198,69701.7447,218530.0543,40.0,4,1,0,792.0653,2483.2961
1801,88,9.9713,66768.2075,209332.8103,43.0,3,0,0,758.7296,2378.7819
1802,88,9.9019,62463.1608,195834.4923,47.0,4,0,0,709.8086,2225.392
1803,89,9.8158,70150.524,219936.4897,49.0,4,1,0,788.2081,2471.1965
1804,89,9.6678,65647.3622,205818.6128,53.0,4,0,0,737.6108,2312.5687
1805,89,9.7579,74761.6063,234393.3986,58.0,5,0,0,840.018,2633.6337
1806,90,9.8595,74303.4346,232956.3086,56.0,5,1,0,825.5937,2588.4034
1807,89,10.0047,74500.245,233574.7642,60.0,4,0,1,837.0814,2624.4356
1808,86,10.312,80354.926,251930.8864,44.0,3,0,3,934.3596,2929.4289
1809,86,10.4473,72532.8921,227406.4542,45.0,2,0,0,843.4057,2644.2611
1810,86,10.5847,82482.7773,258602.3437,47.0,3,1,1,959.1021,3007.004
1811,86,10.8747,86685.4898,271778.6716,49.0,2,0,0,1007.9708,3160.2171
1812,87,10.633,72918.747,228617.1791,51.0,3,1,0,838.1465,2627.7837
1813,86,10.6997,77308.085,242378.2292,53.0,2,0,1,898.9312,2818.3515
1814,84,10.8865,73759.499,231253.0949,46.0,2,0,2,878.0893,2753.013
1815,84,10.7054,70296.0752,220394.2752,48.0,3,1,1,836.858,2623.7414
1816,84,10.5594,61151.0477,191721.9929,51.0,3,0,0,727.9887,2282.4047
1817,84,10.4201,63100.5464,197833.9444,54.0,3,0,0,751.197,2355.166
1818,85,10.4775,77480.8223,242919.6467,58.0,5,1,0,911.5391,2857.8782
1819,85,10.4999,72361.5937,226869.4713,62.0,4,0,0,851.3129,2669.0526
1820,85,10.6439,82037.3706,257206.0495,66.0,4,0,0,965.1455,3025.9535
1821,86,10.5504,77275.2548,242274.8977,72.0,7,1,0,898.5495,2817.15
1822,86,10.4232,65692.4691,205959.8825,76.0,5,0,0,763.8659,2394.8824
1823,85,10.3035,69201.1024,216960.1751,73.0,4,0,1,814.1306,2552.4726
1824,85,10.0514,60701.3625,190311.311,60.0,4,1,1,714.1337,2238.9566
1825,85,9.9485,59442.2177,186363.2839,64.0,4,0,0,699.3202,2192.5092
1826,84,10.049,64204.1711,201293.6417,68.0,4,0,1,764.3354,2396.3529
1827,84,9.8836,61019.5273,191309.1691,68.0,4,1,1,726.4229,2277.4901
1828,84,9.9974,74531.8925,233674.0797,71.0,3,0,0,887.2844,2781.8343
1829,84,10.0298,69108.0754,216669.0962,74.0,3,0,0,822.7152,2579.394
1830,84,10.1961,84597.3128,265231.8242,71.0,3,1,1,1007.1109,3157.5217
1831,84,10.3699,71029.6024,222694.0615,73.0,2,0,0,845.5905,2651.1198
1832,83,10.554,70893.6805,222267.5041,75.0,2,0,1,854.1407,2677.9217
1833,84,10.4581,74721.9768,234270.1239,78.0,4,1,0,889.5473,2788.93
1834,84,10.325,66854.8668,209604.5005,82.0,4,0,0,795.8913,2495.2917
1835,84,10.3206,68662.5879,215272.9561,84.0,3,0,0,817.4118,2562.7733
1836,84,10.1929,69139.5397,216767.4079,87.0,4,1,1,823.0898,2580.5644
1837,82,10.1794,65204.5517,204430.4485,73.0,2,0,2,795.1775,2493.0542
1838,82,10.4038,75522.7859,236780.7145,75.0,2,0,0,921.0096,2887.5697
1839,83,10.4619,76115.5859,238640.3593,77.0,3,1,0,917.0553,2875.1851
1840,83,10.5611,73172.4873,229412.5581,80.0,3,0,0,881.5962,2764.0067
1841,82,10.4708,68659.1479,215261.2692,83.0,3,0,1,837.3067,2625.1374
1842,83,10.1984,70118.5009,219837.112,87.0,5,1,0,844.8012,2648.6399
1843,83,10.1947,58488.6206,183373.9677,91.0,4,0,0,704.6822,2209.3249
1844,82,10.3463,75510.3778,236741.4748,95.0,4,0,1,920.8583,2887.0912
1845,83,10.1831,70228.9632,220182.9056,100.0,6,1,0,846.1321,2652.8061
1846,82,10.1406,67477.9415,211557.6864,106.0,6,0,1,822.9017,2579.9718
1847,82,10.1178,59397.8409,186224.5537,112.0,6,0,0,724.3639,2271.0311
1848,83,10.1431,66913.6261,209787.8685,112.0,6,1,0,806.1883,2527.5647
1849,83,10.126,62874.0221,197123.3997,117.0,5,0,0,757.5183,2374.9807
1850,82,9.9377,57446.1246,180105.9048,122.0,5,0,1,700.5625,2196.4135
1851,83,9.9369,78369.5665,245705.6578,127.0,6,1,0,944.2116,2960.3091
1852,82,10.0585,70729.7343,221752.9001,132.0,5,0,1,862.5577,2704.3037
1853,82,10.314,73111.9273,229221.9886,125.0,4,0,0,891.6089,2795.3901
1854,82,10.5108,76376.5475,239457.8229,100.0,3,1,1,931.4213,2920.2174
1855,82,10.704,70884.715,222239.3923,102.0,2,0,0,864.4477,2710.2365
1856,82,10.8477,69585.5648,218166.3821,104.0,2,0,0,848.6044,2660.5656
1857,83,10.6429,64393.5341,201888.4019,106.0,3,1,0,775.8257,2432.3904
1858,81,10.6151,61162.9975,191759.2445,108.0,2,0,2,755.0987,2367.3981
1859,81,10.4879,58132.877,182259.2027,110.0,2,0,0,717.6898,2250.1136
1860,82,10.3654,71724.6507,224872.918,112.0,3,1,0,874.6909,2742.3527
1861,82,10.4124,74571.8659,233799.7853,92.0,1,0,0,909.413,2851.2169
1862,82,10.4693,66545.79,208635.5693,94.0,2,0,0,811.534,2544.3362
1863,83,10.495,75533.3232,236813.6917,96.0,3,1,0,910.04,2853.177
1864,81,10.5621,67869.7242,212787.0271,98.0,2,0,2,837.8978,2627.0003
1865,81,10.5862,75119.1278,235515.881,100.0,2,0,0,927.3966,2907.6035
1866,82,10.4093,60004.999,188127.8222,102.0,3,1,0,731.7683,2294.2417
1867,82,10.5059,66714.5117,209164.4564,106.0,4,0,0,813.5916,2550.7861
1868,81,10.4946,64203.5383,201292.1251,110.0,4,0,1,792.6363,2485.088
1869,81,10.4989,67322.4157,211070.278,108.0,3,1,1,831.1409,2605.8059
1870,81,10.6828,73199.8525,229498.1598,110.0,2,0,0,903.7019,2833.3106
1871,81,10.7049,60659.6121,190180.9142,112.0,2,0,0,748.8841,2347.9125
1872,81,10.6183,68246.0486,213966.8625,114.0,3,1,1,842.5438,2641.5662
1873,81,10.5849,64986.7699,203748.2612,116.0,2,0,0,802.3058,2515.4106
1874,81,10.6074,68726.0301,215471.6083,119.0,3,0,0,848.4695,2660.1433
1875,82,10.6017,68209.6621,213851.5942,123.0,5,1,0,831.8251,2607.9463
1876,82,10.7465,71796.612,225097.6982,113.0,4,0,0,875.5684,2745.0939
1877,82,10.7488,58171.9068,182380.8293,117.0,4,0,0,709.4135,2224.1565
1878,83,10.6774,70365.1758,220609.589,118.0,4,1,0,847.7732,2657.9469
1879,83,10.6997,69987.0745,219424.7599,122.0,4,0,0,843.2178,2643.6718
1880,82,10.4791,55676.7476,174558.4665,126.0,4,0,1,678.9847,2128.7618
1881,83,10.2501,64271.3968,201504.5083,131.0,6,1,0,774.3542,2427.7652
1882,83,10.3407,76247.4938,239052.0113,136.0,5,0,0,918.6445,2880.1447
1883,83,10.5154,81741.1836,256277.3242,142.0,6,0,0,984.8335,3087.6786
1884,84,10.6795,85118.9749,266867.1369,144.0,6,1,0,1013.3211,3176.9897
1885,84,10.8362,72923.2469,228630.614,126.0,3,0,0,868.1339,2721.793
1886,84,11.1803,83583.6696,262053.5518,121.0,2,0,0,995.0437,3119.6851
1887,85,11.1058,76998.7607,241408.8213,118.0,2,1,0,905.8678,2840.1038
1888,85,10.9826,67538.363,211748.3972,119.0,1,0,0,794.569,2491.1576
1889,85,10.8593,67612.1131,211978.8794,120.0,1,0,0,795.4366,2493.8692
1890,86,10.8627,70630.4157,221443.0153,0.0,1,1,0,821.2839,2574.9188
1891,85,11.0505,75734.5612,237445.4593,0.0,0,0,1,890.9948,2793.476
1892,85,11.1944,85113.1714,266849.9347,1.0,1,0,0,1001.3314,3139.411
1893,86,11.2874,87945.7185,275730.4885,2.0,2,1,0,1022.6246,3206.1685
1894,86,11.3369,73750.0808,231223.6229,4.0,2,0,0,857.5591,2688.6468
1895,86,11.3471,72511.3127,227339.8569,6.0,2,0,0,843.1548,2643.4867
1896,86,11.178,70627.8823,221434.9221,3.0,2,1,1,821.2544,2574.8247
1897,86,11.2817,76075.3515,238513.5324,4.0,1,0,0,884.5971,2773.4132
1898,86,11.2344,67498.3576,211622.9379,5.0,1,0,0,784.8646,2460.7318
1899,87,11.0416,73883.0667,231640.1526,7.0,3,1,0,849.2307,2662.5305
1900,86,11.1652,72700.7599,227933.1707,10.0,3,0,1,845.3577,2650.3857
1901,86,11.2555,78055.1079,244720.2699,13.0,3,0,0,907.6175,2845.5845
1902,87,11.2045,75948.4314,238115.9411,14.0,4,1,0,872.9705,2736.9648
1903,87,11.3935,74836.6052,234629.6449,15.0,2,0,0,860.1909,2696.8925
1904,87,11.5066,73404.6879,230139.8515,17.0,2,0,0,843.732,2645.2856
1905,88,11.4841,80329.023,251849.5483,19.0,3,1,0,912.8298,2861.9267
1906,88,11.5491,72323.2239,226749.9547,21.0,2,0,0,821.8548,2576.704
1907,88,11.7028,79176.2684,248235.5269,23.0,2,0,0,899.7303,2820.8583
1908,88,11.5131,64110.7063,201001.3048,25.0,3,1,1,728.5308,2284.1057
1909,88,11.7744,90060.5554,282361.4409,27.0,2,0,0,1023.4154,3208.6527
1910,88,11.8345,72398.3568,226986.0595,17.0,1,0,0,822.7086,2579.387
1911,89,11.8515,81943.7799,256912.7473,18.0,2,1,0,920.7166,2886.6601
1912,88,11.7894,73844.1376,231518.5331,19.0,1,0,1,839.1379,2630.8924
1913,88,11.8415,76942.0287,241230.8263,20.0,1,0,0,874.3412,2741.2594
1914,89,11.5577,63144.9424,197973.4454,21.0,2,1,0,709.4937,2224.4207
1915,89,11.4073,71024.0956,222676.6378,22.0,1,0,0,798.0235,2501.9847
1916,89,11.3387,66162.3188,207433.7557,23.0,1,0,0,743.3968,2330.7164
1917,90,11.2131,76052.1812,238440.5917,24.0,2,1,0,845.0242,2649.3399
1918,90,11.4684,89258.7467,279847.2698,25.0,1,0,0,991.7639,3109.4141
1919,90,11.4917,80321.6293,251826.8822,27.0,2,0,0,892.4625,2798.0765
1920,91,11.4912,81531.6399,255621.1097,29.0,3,1,0,895.9521,2809.0232
1921,91,11.6156,82233.0465,257819.9814,31.0,2,0,0,903.6599,2833.1866
1922,91,11.8162,82719.3704,259344.0338,33.0,2,0,0,909.0041,2849.9344
1923,91,11.8055,77575.4455,243217.1682,30.0,2,1,1,852.4774,2672.7161
1924,91,11.8921,80377.4575,252002.6374,31.0,1,0,0,883.2688,2769.2598
1925,91,12.0004,82186.4701,257673.61,32.0,1,0,0,903.148,2831.5781
1926,92,11.8154,66113.3072,207279.8023,33.0,2,1,0,718.6229,2253.0413
1927,92,11.8029,71383.4033,223803.2545,34.0,1,0,0,775.9066,2432.6441
1928,92,12.0412,98548.6263,308973.4813,36.0,2,0,0,1071.1807,3358.4074
1929,93,11.8603,68989.9554,216298.8127,38.0,3,1,0,741.8275,2325.7937
1930,92,11.8191,74723.5274,234275.0233,37.0,1,0,1,812.2123,2546.4676
1931,92,11.9249,92271.4193,289292.1861,38.0,1,0,0,1002.9502,3144.4803
1932,93,11.7233,69286.7489,217229.3488,40.0,3,1,0,745.0188,2335.7994
1933,92,11.7612,77676.1634,243532.2522,43.0,3,0,1,844.3061,2647.0897
1934,92,11.7834,76821.6905,240853.3198,44.0,2,0,0,835.0184,2617.9709
1935,92,11.5837,72681.3103,227872.0709,46.0,3,1,1,790.0142,2476.8703
1936,91,11.6833,76175.9953,238829.1368,49.0,3,0,1,837.0988,2624.496
1937,88,11.7811,86137.9103,270062.6778,50.0,2,0,3,978.8399,3068.8941
1938,88,11.5237,70305.3775,220423.5816,53.0,4,1,1,798.9247,2504.8134
1939,87,11.3275,71550.2447,224326.6267,54.0,2,0,1,822.4166,2578.467
1940,87,11.3204,78746.1035,246886.9745,56.0,2,0,0,905.1276,2837.7813
1941,88,11.1389,66676.3683,209044.7405,60.0,5,1,0,757.686,2375.5084
1942,88,11.2119,77228.9614,242130.3972,66.0,6,0,0,877.6018,2751.4818
1943,87,11.1734,72921.5883,228625.1379,72.0,6,0,1,838.1792,2627.8751
1944,88,11.1016,75054.9414,235313.8221,61.0,5,1,0,852.8971,2674.0207
1945,88,11.2383,76689.6023,240439.2777,60.0,3,0,0,871.4728,2732.2645
1946,88,11.2551,71632.9147,224584.6266,58.0,2,0,0,814.0104,2552.098
1947,89,11.1993,91820.0519,287877.428,60.0,3,1,0,1031.686,3234.5778
1948,87,11.2842,68959.7595,216205.2098,62.0,2,0,2,792.6409,2485.1174
1949,87,11.4829,88848.6787,278562.0763,64.0,2,0,0,1021.2492,3201.8629
1950,87,11.5066,76525.2595,239924.1761,66.0,3,1,1,879.6007,2757.7492
1951,86,11.6523,74946.4843,234974.9363,68.0,2,0,1,871.4707,2732.2667
1952,86,11.6826,81137.3171,254384.6278,70.0,2,0,0,943.4572,2957.9608
1953,86,11.7662,78461.1729,245994.3692,72.0,3,1,1,912.3392,2860.3996
1954,85,11.8369,70347.2142,220555.3964,74.0,2,0,1,827.6143,2594.7694
1955,85,11.8842,74848.519,234667.3292,76.0,2,0,0,880.5708,2760.7921
1956,84,12.1115,82254.0437,257885.5391,63.0,2,1,2,979.2148,3070.0659
1957,84,12.2104,70298.6586,220402.1038,64.0,1,0,0,836.8888,2623.8346
1958,83,12.2033,70998.2842,222596.0761,65.0,1,0,1,855.401,2681.8804
1959,84,12.0702,76340.8487,239346.3352,66.0,2,1,0,908.8196,2849.3611
1960,84,12.0864,68903.8624,216029.3291,67.0,1,0,0,820.2841,2571.7777
1961,84,12.2172,77256.133,242215.8839,69.0,2,0,0,919.7159,2883.5224
1962,85,12.1684,75359.3866,236269.0757,71.0,3,1,0,886.581,2779.6362
1963,85,12.0412,56810.982,178114.3737,73.0,2,0,0,668.3645,2095.4632
1964,85,11.8595,63133.0055,197936.0675,75.0,2,0,0,742.7412,2328.6596
1965,86,11.5789,65759.9445,206172.7421,77.0,3,1,0,764.6505,2397.3575
1966,86,11.509,69466.5452,217793.3462,73.0,1,0,0,807.7505,2532.4808
1967,86,11.4401,75848.2875,237802.3114,74.0,1,0,0,881.9568,2765.1432
1968,86,11.4134,74179.2092,232569.1082,76.0,3,1,1,862.5489,2704.292
1969,85,11.7104,90360.4168,283301.0706,78.0,2,0,1,1063.0637,3332.9538
1970,85,11.771,65615.9254,205721.1758,81.0,3,0,0,771.9521,2420.2491
1971,85,11.6834,71003.8184,222613.5152,84.0,4,1,1,835.339,2618.9825
1972,84,11.7957,79721.5265,249945.6203,87.0,3,0,1,949.0658,2975.5431
1973,84,11.759,67796.2595,212556.8573,90.0,3,0,0,807.0983,2530.4388
1974,84,11.5933,73816.1647,231430.6547,93.0,4,1,1,878.7639,2755.1268
1975,84,11.5492,60600.1431,189994.0643,96.0,3,0,0,721.4303,2261.8341
1976,84,11.5636,66873.662,209663.8198,100.0,4,0,0,796.115,2495.9979
1977,84,11.5035,71117.8101,222969.641,102.0,4,1,1,846.6406,2654.4005
1978,84,11.3994,63095.0607,197816.633,105.0,3,0,0,751.1317,2354.9599
1979,84,11.2857,66397.5036,208170.6464,109.0,4,0,0,790.4465,2478.222
1980,85,11.0546,70512.8959,221073.3735,113.0,5,1,0,829.5635,2600.8632
1981,85,10.7966,59752.845,187337.9434,114.0,3,0,0,702.9746,2203.9758
1982,85,10.7394,64124.4701,201043.979,118.0,4,0,0,754.4055,2365.2233
1983,86,10.673,72759.8963,228117.7564,123.0,6,1,0,846.0453,2652.5321
1984,85,10.6561,68877.0214,215943.899,129.0,6,0,1,810.3179,2540.5165
1985,84,10.6129,65979.6428,206859.7971,136.0,7,0,1,785.4719,2462.6166
1986,85,10.432,63620.8571,199464.7218,139.0,7,1,0,748.4807,2346.6438
1987,85,10.2546,61165.9381,191768.4224,142.0,5,0,0,719.5993,2256.0991
1988,85,10.3526,72811.1327,228278.6521,147.0,5,0,0,856.6016,2685.6312
1989,86,10.3858,83335.9877,261276.4995,130.0,5,1,0,969.0231,3038.0988
1990,86,10.4394,73605.5001,230768.8915,136.0,6,0,0,855.8779,2683.3592
1991,86,10.7066,83919.8274,263107.9687,100.0,2,0,0,975.8119,3059.395
1992,87,10.6707,80091.5407,251105.0188,102.0,3,1,0,920.5924,2886.2646
1993,86,10.69,73426.435,230208.6573,104.0,2,0,1,853.7958,2676.8449
1994,86,10.7329,73098.4193,229179.8795,107.0,3,0,0,849.9816,2664.8823
1995,87,10.6736,79598.9885,249560.6769,111.0,5,1,0,914.9309,2868.5135
1996,86,10.7131,79848.4861,250343.0698,115.0,4,0,1,928.4708,2910.9659
1997,86,10.5834,71275.1607,223464.3239,119.0,4,0,0,828.7809,2598.4224
1998,86,10.4284,79546.4816,249395.8733,110.0,3,1,1,924.9591,2899.952
1999,85,10.6693,81592.3568,255810.383,112.0,2,0,1,959.9101,3009.5339
2000,84,10.8134,78052.7267,244714.1491,114.0,2,0,1,929.1991,2913.2637
2001,85,10.6885,66151.0261,207398.0098,116.0,3,1,0,778.2474,2439.9766
2002,85,10.7906,75796.9522,237641.0343,118.0,2,0,0,891.7288,2795.7769
2003,85,10.7107,66183.2004,207499.9169,120.0,2,0,0,778.6259,2441.1755
2004,86,10.6051,80865.7083,253532.8339,113.0,4,1,0,940.2989,2948.0562
2005,83,10.7299,77690.4843,243577.7792,114.0,2,0,3,936.0299,2934.672
2006,82,10.7898,71356.6896,223719.8279,117.0,3,0,1,870.2035,2728.2906
2007,83,10.8132,73413.2769,230165.8857,120.0,4,1,0,884.4973,2773.083
2008,83,10.9126,78554.3281,246285.3191,123.0,3,0,0,946.4377,2967.293
2009,82,10.9976,77895.7135,244220.9199,127.0,4,0,1,949.9477,2978.3039
2010,82,10.8152,61719.5624,193504.4134,131.0,5,1,1,752.6776,2359.8099
2011,82,10.7589,76613.5108,240200.1672,136.0,5,0,0,934.3111,2929.2703
2012,82,10.5143,67238.7866,210808.9415,141.0,5,0,0,819.9852,2570.8408
2013,83,10.2998,68787.1865,215662.0205,148.0,8,1,0,828.7613,2598.3376
2014,83,10.3629,64508.6462,202248.8635,28.0,4,0,0,777.2126,2436.7333
2015,81,10.4337,70583.9029,221296.0514,13.0,2,0,2,871.4062,2732.05
2016,82,10.4055,77226.3965,242122.3284,16.0,4,1,0,941.7853,2952.7113
2017,82,10.3421,63376.8841,198700.33,2.0,1,0,0,772.8888,2423.1748
2018,82,10.272,68272.1373,214048.0768,4.0,2,0,0,832.587,2610.3424
2019,83,10.3609,78739.4547,246866.2101,2.0,2,1,0,948.6681,2974.2917
2020,82,10.408,66240.8199,207679.8725,3.0,1,0,1,807.8149,2532.6814
2021,81,10.57,76070.6587,238499.1151,4.0,1,0,1,939.1439,2944.4335
2022,82,10.6506,83157.5662,260718.3528,7.0,4,1,0,1014.1167,3179.4921
2023,82,10.6933,80113.8566,251175.9585,11.0,4,0,0,976.9983,3063.1214
2024,81,10.9374,93673.4734,293689.4604,15.0,4,0,1,1156.4626,3625.7958
2025,82,10.9703,84211.0424,264021.3668,19.0,5,1,0,1026.9639,3219.7728
2026,82,10.9719,70038.3953,219586.5754,18.0,3,0,0,854.1268,2677.8851
2027,81,10.835,63025.3088,197597.9419,18.0,4,0,1,778.0902,2439.4808
2028,82,10.8015,76542.0425,239976.3508,22.0,5,1,0,933.4395,2926.5409
2029,82,10.6542,59611.0587,186893.4101,24.0,4,0,0,726.9641,2279.1879
2030,82,10.6795,71103.695,222925.765,28.0,4,0,0,867.1182,2718.6069
2031,82,10.5532,73816.1612,231430.1324,22.0,4,1,1,900.1971,2822.3187
2032,82,10.3778,61070.0366,191467.196,25.0,3,0,0,744.7565,2334.9658
2033,82,10.5098,72181.0883,226303.5417,30.0,5,0,0,880.2572,2759.7993
2034,82,10.5516,71131.8083,223013.3886,35.0,6,1,1,867.4611,2719.6755
2035,82,10.6165,71755.1847,224968.7196,41.0,6,0,0,875.0632,2743.521
2036,82,10.5367,66164.9485,207441.4748,47.0,6,0,0,806.8896,2529.7741
2037,83,10.5602,74407.1346,233282.8428,49.0,7,1,0,896.4715,2810.6367
2038,83,10.555,68331.3241,214233.069,53.0,5,0,0,823.269,2581.1213
2039,81,10.9341,83145.7631,260680.6792,58.0,5,0,2,1026.4909,3218.28
2040,82,10.7493,69286.4146,217227.7689,63.0,6,1,0,844.9563,2649.1191
2041,81,10.9474,74424.0896,233336.6217,55.0,4,0,1,918.8159,2880.699
2042,81,10.957,66245.6544,207695.3484,49.0,3,0,0,817.8476,2564.1401
2043,82,11.0025,75651.2646,237183.0188,52.0,4,1,0,922.5764,2892.4758
2044,82,11.1089,71235.7264,223339.1945,57.0,5,0,0,868.7284,2723.6487
2045,82,11.2633,74745.2978,234342.9969,49.0,3,0,0,911.528,2857.8414
2046,83,11.1499,62168.1826,194911.2185,52.0,4,1,0,749.0142,2348.3279
2047,82,11.3475,83971.2157,263269.2486,51.0,2,0,1,1024.0392,3210.6006
2048,82,11.5988,78786.6728,247014.5949,53.0,2,0,0,960.8131,3012.3731
2049,83,11.6388,82618.1946,259027.4029,55.0,3,1,0,995.3999,3120.8121
2050,81,11.4748,61836.2042,193870.8466,57.0,2,0,2,763.4099,2393.4672
2051,80,11.4532,67989.3438,213162.1671,59.0,2,0,1,849.8668,2664.5271
2052,81,11.2527,77631.835,243393.7343,61.0,3,1,0,958.4177,3004.8609
2053,80,11.238,59322.3262,185988.1857,65.0,4,0,1,741.5291,2324.8523
2054,80,11.1604,63627.9619,199487.9771,69.0,4,0,0,795.3495,2493.5997
2055,81,11.0961,76409.334,239560.4808,73.0,5,1,0,943.3251,2957.5368
2056,80,11.0385,64962.1198,203671.1132,73.0,3,0,1,812.0265,2545.8889
2057,79,11.0032,61907.9324,194094.667,77.0,4,0,1,783.6447,2456.8945
2058,80,10.7938,57676.3253,180827.1345,82.0,6,1,0,720.9541,2260.3392
2059,79,10.8652,69058.0204,216512.6138,84.0,4,0,1,874.1522,2740.666
2060,78,10.9173,60839.971,190746.3284,88.0,4,0,1,779.9996,2445.4657
2061,79,10.9368,72552.9581,227469.5572,92.0,5,1,0,918.3919,2879.3615
2062,79,11.0633,72963.7931,228758.0334,96.0,4,0,0,923.5923,2895.6713
2063,78,10.9881,69000.2366,216331.3309,94.0,3,0,1,884.6184,2773.4786
2064,79,10.829,64422.7571,201979.4832,97.0,4,1,0,815.4779,2556.7023
2065,79,10.851,64765.3883,203053.854,100.0,3,0,0,819.815,2570.3019
2066,79,10.8778,64432.2177,202009.3344,103.0,3,0,0,815.5977,2557.0802
2067,79,10.7511,66544.595,208632.2855,106.0,4,1,1,842.3366,2640.915
2068,79,10.7823,67006.622,210081.0233,110.0,4,0,0,848.1851,2659.2535
2069,79,10.7597,63244.0533,198283.85,97.0,3,0,0,800.5576,2509.9222
2070,80,10.6436,66518.6676,208550.371,100.0,4,1,0,831.4833,2606.8796
2071,79,10.7887,73554.0981,230608.313,103.0,3,0,1,931.0645,2919.0926
2072,79,10.5983,60370.6271,189274.739,107.0,4,0,0,764.1852,2395.8828
2073,80,10.4628,69480.6183,217836.9161,112.0,6,1,0,868.5077,2722.9615
2074,80,10.2571,54400.0192,170555.0516,117.0,5,0,0,680.0002,2131.9381
2075,80,10.3519,75142.1333,235587.0956,122.0,5,0,0,939.2767,2944.8387
2076,81,10.0661,64766.5118,203057.36,127.0,6,1,0,799.5866,2506.881
2077,81,10.0114,59637.8918,186976.7706,122.0,4,0,0,736.2703,2308.3552
2078,80,10.1722,73905.2617,231708.7681,126.0,4,0,1,923.8158,2896.3596
2079,81,10.1217,67358.7811,211185.0066,130.0,5,1,0,831.5899,2607.2223
2080,81,10.1724,65714.1584,206027.6918,135.0,5,0,0,811.2859,2543.5518
2081,81,9.9843,58963.8228,184864.3699,130.0,4,0,0,727.9484,2282.2762
2082,82,9.9108,65617.5227,205724.8162,131.0,4,1,0,800.2137,2508.8392
2083,82,10.0003,77952.0524,244397.3597,134.0,3,0,0,950.6348,2980.4556
2084,82,10.0572,72287.5889,226637.7956,138.0,4,0,0,881.556,2763.8756
2085,82,10.0758,68850.9237,215862.4036,142.0,5,1,1,839.6454,2632.4683
2086,82,10.183,68343.6037,214272.0549,146.0,4,0,0,833.4586,2613.0738
2087,82,10.3833,80062.675,251014.2184,150.0,4,0,0,976.3741,3061.149
2088,83,10.2438,65270.8061,204638.7724,154.0,5,1,0,786.3953,2465.5274
2089,83,10.2477,77751.802,243770.0997,158.0,4,0,0,936.7687,2936.9892
2090,83,10.4442,75320.8315,236147.3907,163.0,5,0,0,907.4799,2845.1493
2091,84,10.2399,63322.194,198528.7378,168.0,6,1,0,753.8356,2363.4374
2092,83,10.4951,85134.3165,266914.9109,173.0,5,0,1,1025.7147,3215.8423
2093,83,10.5342,62926.6899,197288.7323,147.0,3,0,0,758.1529,2376.9727
2094,84,10.4285,67769.4308,212472.4123,150.0,4,1,0,806.7789,2529.4335
2095,84,10.2797,56148.3751,176036.9503,153.0,3,0,0,668.433,2095.678
2096,84,10.242,76651.4367,240319.6152,150.0,3,0,0,912.5171,2860.9478
2097,85,10.1103,66980.478,209998.1282,151.0,3,1,0,788.0056,2470.5662
2098,84,10.0525,60541.1794,189809.4609,154.0,3,0,1,720.7283,2259.6364
2099,84,10.2122,71242.0666,223359.2825,157.0,3,0,0,848.1198,2659.0391
2100,85,10.1829,80956.9487,253818.54,160.0,4,1,0,952.4347,2986.1005
2101,85,10.1252,65913.3989,206652.9362,164.0,4,0,0,775.4518,2431.211
2102,85,10.3532,75160.3288,235644.0425,163.0,3,0,0,884.2392,2772.2829
2103,86,10.3045,73550.7359,230597.4801,167.0,5,1,0,855.2411,2681.366
2104,86,10.1874,64499.0542,202218.2501,171.0,4,0,0,749.989,2351.375
2105,86,9.9969,66714.2204,209163.4005,176.0,5,0,0,775.7467,2432.1326
2106,87,9.9525,78825.4562,247134.7607,176.0,5,1,0,906.0397,2840.6294
2107,87,10.0139,67191.0039,210657.6977,180.0,4,0,0,772.3104,2421.3528
2108,86,10.1616,72501.1298,227306.6255,185.0,5,0,1,843.0364,2643.1003
2109,87,10.1006,70692.4702,221636.2687,190.0,6,1,0,812.5571,2547.5433
2110,86,10.1468,70884.5717,222237.7586,195.0,5,0,1,824.2392,2584.16
2111,86,10.0314,59456.7327,186409.7601,196.0,4,0,0,691.3574,2167.5554
2112,86,9.8575,74132.3737,232420.6745,200.0,5,1,1,862.0043,2702.566
2113,86,9.8943,67551.6875,211789.0862,205.0,5,0,0,785.4847,2462.6638
2114,86,9.889,65420.4648,205106.3519,210.0,5,0,0,760.7031,2384.9576
2115,87,9.723,63347.9824,198609.0548,200.0,5,1,0,728.1377,2282.8627
2116,87,9.827,74099.6874,232318.204,194.0,4,0,0,851.7205,2670.3242
2117,87,10.0185,74726.5571,234283.7209,193.0,3,0,0,858.9259,2692.9163
2118,88,9.8862,68730.7211,215485.0087,196.0,4,1,0,781.0309,2448.6933
2119,88,9.8669,69997.9147,219458.5769,199.0,3,0,0,795.4308,2493.8475
2120,88,9.8644,74227.2112,232718.7794,203.0,4,0,0,843.491,2644.5316
2121,89,10.0568,92569.1812,290225.1671,207.0,5,1,0,1040.1032,3260.9569
2122,89,10.0505,69059.3532,216516.5527,208.0,3,0,0,775.9478,2432.7703
2123,88,10.0876,78860.7394,247245.95,211.0,3,0,1,896.1448,2809.6131
2124,89,10.0062,76650.8796,240317.4374,214.0,4,1,0,861.2458,2700.1959
2125,88,10.1633,81436.1483,255319.926,208.0,3,0,1,925.4108,2901.3628
2126,87,10.2895,77372.554,242580.3045,212.0,4,0,1,889.3397,2788.2794
2127,88,10.1598,70830.9104,222070.6116,216.0,5,1,0,804.8967,2523.5297
2128,88,10.4216,85774.2703,268921.5355,220.0,4,0,0,974.7076,3055.9265
2129,88,10.4733,73923.3235,231766.0302,215.0,2,0,0,840.0378,2633.7049
2130,89,10.6054,95058.9955,298031.9181,217.0,3,1,0,1068.0786,3348.6732
2131,89,10.6251,74793.259,234493.8161,219.0,2,0,0,840.3737,2634.762
2132,89,10.665,82175.8764,257640.7045,221.0,2,0,0,923.3245,2894.8394
2133,88,10.518,66102.0371,207244.2924,223.0,3,1,2,751.1595,2355.0488
2134,88,10.3989,63326.0662,198541.0198,225.0,2,0,0,719.6144,2256.148
2135,88,10.5349,73773.0417,231294.486,227.0,2,0,0,838.33,2628.3464
2136,89,10.4861,70776.0023,221897.7281,229.0,3,1,0,795.236,2493.2329
2137,89,10.539,72628.7127,227707.2606,232.0,3,0,0,816.053,2558.5085
2138,89,10.6108,69946.6393,219297.7227,114.0,2,0,0,785.9173,2464.0194
2139,90,10.3802,70703.1487,221669.9848,3.0,2,1,0,785.5905,2462.9998
2140,90,10.3592,75756.4551,237513.6153,4.0,1,0,0,841.7384,2639.0402
2141,89,10.335,69090.4339,216613.3261,6.0,2,0,1,776.297,2433.8576
2142,90,10.1402,62539.446,196073.6863,10.0,5,1,0,694.8827,2178.5965
2143,90,10.1884,77304.0344,242365.3771,15.0,5,0,0,858.9337,2692.9486
2144,90,10.214,74976.484,235067.0043,20.0,5,0,0,833.072,2611.8556
2145,91,10.0786,75111.0116,235488.9519,21.0,6,1,0,825.3957,2587.7907
2146,91,10.0254,75776.3322,237574.959,26.0,5,0,0,832.7069,2610.7138
2147,90,10.1491,83895.6289,263030.9037,21.0,5,0,1,932.1737,2922.5656
2148,90,10.1829,77840.3931,244046.1104,14.0,5,1,1,864.8933,2711.6234
2149,90,10.3062,70261.0438,220283.2919,11.0,2,0,0,780.6783,2447.5921
2150,90,10.4046,70617.072,221399.7165,10.0,2,0,0,784.6341,2459.9968
2151,91,10.4425,84733.4522,265658.3577,10.0,2,1,0,931.1368,2919.3226
2152,90,10.5651,75053.1974,235307.9367,11.0,1,0,1,833.9244,2614.5326
2153,90,10.7565,83802.4997,262739.8508,14.0,3,0,0,931.1389,2919.3317
2154,91,10.5224,67900.2328,212882.1126,17.0,4,1,0,746.1564,2339.3639
2155,91,10.499,76317.9914,239274.0789,20.0,3,0,0,838.6592,2629.3855
2156,91,10.6573,81046.7156,254099.0837,23.0,3,0,0,890.6232,2792.2976
2157,92,10.5705,69675.4134,218446.6504,21.0,3,1,0,757.3414,2374.4201
2158,92,10.5091,70156.5728,219955.988,23.0,2,0,0,762.5714,2390.826
2159,92,10.3756,65542.6633,205490.6958,25.0,2,0,0,712.4203,2233.5945
2160,93,9.9506,58898.0264,184657.4549,27.0,3,1,0,633.3121,1985.564
2161,93,9.7689,67202.8879,210694.9271,29.0,2,0,0,722.6117,2265.5369
2162,93,9.9073,78226.8052,245256.8285,33.0,4,0,0,841.1484,2637.1702
2163,94,9.6593,70803.2493,221982.9906,38.0,6,1,0,753.2261,2361.5212
2164,93,9.668,70534.5609,221140.9415,43.0,5,0,1,758.4361,2377.8596
2165,93,9.6219,76708.5534,240497.5404,48.0,5,0,0,824.8232,2585.9951
2166,94,9.6626,86128.502,270031.1446,54.0,7,1,0,916.2607,2872.6718
2167,94,9.5999,63955.3825,200513.0135,60.0,6,0,0,680.3764,2133.1172
2168,94,9.8936,93982.9924,294657.6249,59.0,5,0,0,999.8191,3134.6556
2169,93,9.9844,79710.5337,249909.5784,65.0,7,1,2,857.1025,2687.1998
2170,93,9.9254,78082.0474,244804.0635,61.0,4,0,0,839.5919,2632.3018
2171,92,9.9635,79169.0729,248212.5988,65.0,4,0,1,860.5334,2697.963
2172,93,9.717,64665.044,202737.8414,69.0,5,1,0,695.3231,2179.9768
2173,93,9.9203,79397.8396,248929.3432,61.0,3,0,0,853.7402,2676.6596
2174,93,9.9336,77103.1339,241734.8404,65.0,4,0,0,829.066,2599.2994
2175,93,10.013,94191.4915,295311.7395,67.0,4,1,1,1012.8117,3175.395
2176,93,10.0515,71685.2258,224748.2856,70.0,3,0,0,770.8089,2416.6482
2177,93,10.1774,81933.8831,256880.6545,73.0,3,0,0,881.0095,2762.1576
2178,94,10.097,82345.337,258170.4579,77.0,5,1,0,876.0142,2746.4942
2179,94,10.025,74025.2215,232085.4632,81.0,4,0,0,787.5024,2468.9943
2180,94,10.0378,77809.1161,243948.5948,85.0,4,0,0,827.7566,2595.1978
2181,95,9.8443,69845.129,218978.3725,86.0,5,1,0,735.2119,2305.0355
2182,95,9.9426,78991.2273,247654.3485,91.0,5,0,0,831.4866,2606.8879
2183,95,9.8942,79943.1716,250639.4958,96.0,5,0,0,841.5071,2638.3105
2184,96,9.7367,71417.1982,223907.984,94.0,4,1,0,743.9291,2332.3748
2185,95,9.8483,79579.7603,249499.0963,97.0,3,0,1,837.6817,2626.3063
2186,94,9.9367,80630.955,252796.3226,101.0,4,0,1,857.7761,2689.3226
2187,95,9.8433,74521.6697,233641.5711,83.0,4,1,0,784.4386,2459.385
2188,94,9.8647,73792.9913,231356.9069,86.0,3,0,1,785.0318,2461.2437
2189,94,9.7885,81593.8472,255814.44,89.0,3,0,0,868.0197,2721.4302
2190,95,9.825,82852.2207,259760.0863,92.0,4,1,0,872.1286,2734.3167
2191,94,10.1051,85030.5425,266589.4903,95.0,3,0,1,904.5802,2836.0584
2192,92,10.1049,77426.2856,242748.8459,98.0,3,0,2,841.5901,2638.5744
2193,93,9.9477,76236.0179,239016.7226,102.0,5,1,0,819.7421,2570.0723
2194,93,10.027,84791.5152,265839.9026,106.0,4,0,0,911.7367,2858.4936
2195,93,10.074,80947.7835,253789.3075,110.0,4,0,0,870.4063,2728.9173
2196,91,9.9585,63528.2329,199174.3253,114.0,5,1,3,698.1124,2188.7288
2197,91,10.0588,72481.4455,227244.2924,114.0,4,0,0,796.4994,2497.19
2198,91,10.2004,81686.5677,256105.1379,118.0,4,0,0,897.6546,2814.3422
2199,92,10.0899,72887.4311,228517.5237,108.0,4,1,0,792.2547,2483.8861
2200,92,10.1406,78619.8335,246490.3538,107.0,2,0,0,854.5634,2679.243
2201,92,10.2178,68505.1785,214778.5535,110.0,3,0,0,744.6215,2334.5495
2202,93,10.1207,80190.6889,251415.3676,113.0,4,1,0,862.2655,2703.391
2203,93,10.1402,79717.0648,249930.6752,113.0,2,0,0,857.1727,2687.4266
2204,91,10.2419,76306.3903,239237.7468,115.0,2,0,2,838.5318,2628.9862
2205,92,10.1943,79963.0182,250702.3842,117.0,3,1,0,869.1632,2725.0259
2206,91,10.241,76203.7795,238915.9972,119.0,2,0,1,837.4042,2625.4505
2207,91,10.2423,73548.5823,230591.0842,121.0,2,0,0,808.2262,2533.968
2208,91,10.0689,83437.2904,261594.8375,123.0,3,1,1,916.8933,2874.6685
2209,91,9.8955,62368.8476,195539.8763,126.0,3,0,0,685.372,2148.7898
2210,90,9.9412,76935.1411,241208.455,129.0,3,0,1,854.8349,2680.0939
2211,90,9.9116,78437.2775,245917.7349,132.0,4,1,1,871.5253,2732.4193
2212,90,9.9325,73648.5839,230903.307,138.0,6,0,0,818.3176,2565.5923
2213,90,9.731,60436.2844,189479.4309,144.0,6,0,0,671.5143,2105.327
2214,90,9.6613,70308.3604,220431.0608,150.0,7,1,1,781.204,2449.234
2215,90,9.8206,75976.5043,238202.2413,152.0,5,0,0,844.1834,2646.6916
2216,90,9.9609,82645.4414,259111.4451,158.0,6,0,0,918.2827,2879.0161
2217,91,9.8438,71932.9603,225524.562,156.0,5,1,0,790.4721,2478.2919
2218,91,9.7532,67971.8508,213106.0334,160.0,4,0,0,746.9434,2341.8245
2219,91,9.6992,70693.497,221638.8322,164.0,4,0,0,776.8516,2435.5916
2220,92,9.6413,79603.6666,249574.8848,169.0,6,1,0,865.2572,2712.7705
2221,92,9.7844,74620.3315,233950.9442,151.0,3,0,0,811.0906,2542.945
2222,92,10.0132,84274.1171,264218.467,154.0,3,0,0,916.023,2871.9399
2223,92,10.0159,82757.4522,259462.9053,157.0,4,1,1,899.5375,2820.249
2224,91,9.821,68119.4237,213569.0939,161.0,4,0,1,748.5651,2346.9131
2225,89,9.8238,74642.2155,234019.4714,165.0,4,0,2,838.6766,2629.4323
2226,90,9.7763,74450.7852,233418.6686,169.0,5,1,0,827.2309,2593.5408
2227,88,10.024,85975.2508,269551.479,175.0,6,0,2,976.9915,3063.085
2228,88,10.0346,76346.4067,239362.7009,181.0,6,0,0,867.5728,2720.0307
2229,89,9.9612,76549.3948,239998.0085,177.0,6,1,0,860.1056,2696.6068
2230,89,10.1349,80527.0176,252470.2843,175.0,4,0,0,904.798,2836.7448
2231,89,10.3063,80237.3041,251561.6561,174.0,3,0,0,901.5427,2826.5355
2232,90,10.2568,88687.2059,278055.0145,177.0,4,1,0,985.4134,3089.5002
2233,90,10.2853,78557.9466,246296.9541,180.0,3,0,0,872.8661,2736.6328
2234,89,10.5306,88086.0604,276169.5335,183.0,3,0,1,989.731,3103.0285
2235,90,10.4663,75657.7577,237203.5747,186.0,4,1,0,840.6418,2635.5953
2236,90,10.6244,82037.0448,257204.1663,189.0,3,0,0,911.5227,2857.8241
2237,90,10.7585,83344.3688,261304.1044,182.0,3,0,0,926.0485,2903.3789
2238,91,10.6547,77820.8552,243985.5156,185.0,4,1,0,855.1742,2681.1595
2239,90,10.741,76998.3487,241407.1922,189.0,4,0,1,855.5372,2682.3021
2240,90,10.8615,79088.6819,247960.6053,191.0,3,0,0,878.7631,2755.1178
2241,91,10.7547,77236.9894,242154.7016,194.0,4,1,0,848.7581,2661.0407
2242,91,10.8013,76960.0547,241286.5565,198.0,4,0,0,845.7149,2651.5006
2243,91,10.8188,74291.2961,232919.3073,202.0,4,0,0,816.3879,2559.5528
2244,92,10.7387,73482.6603,230384.1327,206.0,5,1,0,798.7246,2504.1754
2245,92,10.883,76976.9807,241339.375,197.0,2,0,0,836.7063,2623.2541
2246,92,10.8725,68020.6017,213259.7188,199.0,2,0,0,739.3544,2318.0404
2247,93,10.6771,74145.4103,232461.9598,202.0,4,1,0,797.2625,2499.591
2248,93,10.7009,76741.1135,240600.3382,205.0,3,0,0,825.1733,2587.1004
2249,93,10.8056,79092.55,247972.5557,205.0,2,0,0,850.4575,2666.3716
2250,94,10.8839,82960.5497,260099.7476,207.0,3,1,0,882.559,2767.0186
2251,94,10.7517,70352.3951,220570.621,209.0,2,0,0,748.4297,2346.496
2252,94,10.7034,85077.1531,266735.8512,211.0,2,0,0,905.0761,2837.6154
2253,95,10.3682,71300.8902,223544.6024,214.0,4,1,0,750.5357,2353.1011
2254,94,10.0932,66290.1398,207833.9951,217.0,3,0,1,705.2143,2210.9999
2255,94,10.0753,87828.4295,275362.0281,217.0,2,0,0,934.345,2929.3833
2256,95,9.7403,58434.7942,183205.277,220.0,4,1,0,615.1031,1928.4766
2257,94,9.843,80594.8941,252682.0893,222.0,3,0,1,857.3925,2688.1073
2258,94,10.0917,88416.4774,277204.9545,225.0,4,0,0,940.6008,2948.9889
2259,95,10.0046,84558.9273,265110.5963,227.0,4,1,0,890.094,2790.6379
2260,94,9.7828,60311.8161,189090.13,227.0,2,0,1,641.6151,2011.5971
2261,93,9.6505,66172.204,207463.5114,229.0,2,0,1,711.5291,2230.7904
2262,94,9.7739,74132.306,232420.4062,111.0,3,1,0,788.6416,2472.5575
2263,94,9.8671,74373.4804,233176.6955,4.0,3,0,0,791.2072,2480.6031
2264,94,10.0731,82232.0905,257816.1704,7.0,3,0,0,874.8095,2742.7252
2265,95,10.2676,97091.2484,304403.1045,7.0,3,1,0,1022.0131,3204.2432
2266,94,10.2395,82076.6677,257329.4757,10.0,3,0,1,873.156,2737.5476
2267,92,10.2427,72206.9597,226385.3517,7.0,2,0,2,784.8583,2460.7103
2268,92,10.464,88141.018,276342.172,9.0,3,1,1,958.0545,3003.7193
2269,92,10.7274,84303.5576,264311.0906,11.0,2,0,0,916.343,2872.9466
2270,91,10.8897,82731.0692,259381.3534,5.0,1,0,1,909.1326,2850.3445
2271,92,10.9529,82766.65,259492.7033,6.0,2,1,0,899.6375,2820.5729
2272,92,11.0866,81603.8271,255846.737,7.0,1,0,0,886.9981,2780.9428
2273,91,11.0847,76425.2436,239610.4737,8.0,1,0,1,839.8378,2633.0821
2274,92,10.9019,72190.8686,226335.0045,10.0,3,1,0,784.6834,2460.1631
2275,92,11.0325,84149.3653,263828.08,12.0,2,0,0,914.667,2867.6965
2276,92,11.0671,75815.234,237697.832,14.0,2,0,0,824.0786,2583.6721
2277,93,11.0098,74789.6161,234482.3839,17.0,4,1,0,804.1894,2521.316
2278,92,11.1086,79126.8275,248080.565,20.0,3,0,1,860.0742,2696.5279
2279,92,11.1729,76619.5259,240219.3573,23.0,3,0,0,832.8209,2611.08
2280,93,11.0498,76702.4359,240479.0406,26.0,4,1,0,824.7574,2585.7961
2281,93,10.9682,64913.7888,203518.6851,29.0,3,0,0,697.9977,2188.373
2282,93,10.8847,62898.1625,197199.3039,32.0,3,0,0,676.3243,2120.4226
2283,94,10.7267,72953.2089,228724.197,35.0,4,1,0,776.098,2433.2361
2284,93,10.7008,73500.2013,230439.344,38.0,3,0,1,790.3247,2477.8424
2285,93,10.6463,68817.3724,215757.6043,41.0,3,0,0,739.9717,2319.9742
2286,94,10.6423,84783.2309,265814.6286,44.0,4,1,0,901.9493,2827.8152
2287,94,10.5728,72909.9429,228589.1652,47.0,3,0,0,775.6377,2431.7996
2288,94,10.5161,86492.8495,271175.1554,50.0,3,0,0,920.1367,2884.8421
2289,95,10.3526,81203.6556,254591.5531,25.0,3,1,0,854.7753,2679.9111
2290,95,10.4726,81297.0532,254884.3206,27.0,2,0,0,855.7585,2682.9928
2291,94,10.4785,79887.1683,250464.427,29.0,2,0,1,849.8635,2664.5152
2292,94,10.6047,92458.3591,289878.6928,31.0,3,1,1,983.5996,3083.8159
2293,93,10.6596,74037.9002,232125.159,33.0,2,0,1,796.1065,2495.9695
2294,93,10.8207,82865.9237,259803.0784,35.0,2,0,0,891.0314,2793.5815
2295,93,10.7165,66124.857,207315.8287,37.0,3,1,1,711.02,2229.2025
2296,93,10.8566,86008.2585,269655.7273,39.0,2,0,0,924.82,2899.5239
2297,93,10.8421,80426.9812,252157.3613,41.0,2,0,0,864.8062,2711.3695
2298,94,10.6737,77480.7545,242920.0254,43.0,3,1,0,824.2633,2584.2556
2299,94,10.5521,73397.3959,230117.7121,45.0,2,0,0,780.8234,2448.0608
2300,94,10.3866,76791.5416,240758.1983,49.0,4,0,0,816.9313,2561.2574
2301,94,10.2446,83789.8652,262700.0093,53.0,5,1,1,891.3815,2794.681
2302,92,10.4074,81712.6563,256187.6898,56.0,5,0,2,888.181,2784.6488
2303,92,10.7268,88348.5276,276992.4369,62.0,6,0,0,960.3101,3010.7874
2304,91,10.6687,68219.9563,213884.0746,69.0,8,1,2,749.6698,2350.3744
2305,91,10.8209,76636.351,240271.3306,68.0,5,0,0,842.1577,2640.3443
2306,91,10.9647,79602.0301,249569.5799,73.0,5,0,0,874.7476,2742.5229
2307,92,10.7514,73057.5458,229051.0346,78.0,6,1,0,794.1038,2489.6852
2308,92,10.4889,65810.7099,206330.8802,83.0,5,0,0,715.3338,2242.727
2309,92,10.3229,69596.9415,218201.4518,57.0,3,0,0,756.4885,2371.7549
2310,93,10.2262,73210.2028,229530.4184,52.0,3,1,0,787.2065,2468.069
2311,93,10.2895,80456.6831,252249.9104,54.0,2,0,0,865.1256,2712.3646
2312,92,10.2418,75628.7044,237113.1171,47.0,1,0,1,822.0511,2577.3165
2313,93,10.2449,91948.7418,288280.25,49.0,3,1,0,988.6961,3099.7876
2314,93,10.2809,80829.5495,253418.9284,51.0,2,0,0,869.1349,2724.9347
2315,92,10.4637,86692.8405,271801.8724,53.0,2,0,1,942.3135,2954.3682
2316,91,10.5667,83977.2366,263287.5842,51.0,2,1,2,922.8268,2893.2702
2317,91,10.896,85958.1767,269498.102,52.0,1,0,0,944.5953,2961.5176
2318,88,11.1709,78666.2334,246636.7266,53.0,1,0,3,893.9345,2802.6901
2319,89,11.1154,79922.9559,250577.0616,54.0,2,1,0,898.0107,2815.4726
2320,89,11.1303,79018.5613,247741.7959,55.0,1,0,0,887.849,2783.6157
2321,88,10.9704,65466.3091,205251.5889,56.0,1,0,1,743.9353,2332.4044
2322,88,10.7162,75435.2559,236506.3859,57.0,2,1,1,857.2188,2687.5726
2323,88,10.5351,57376.5196,179887.5106,59.0,2,0,0,652.0059,2044.1763
2324,87,10.545,77361.5079,242545.3813,60.0,2,0,1,889.2127,2787.8779
2325,87,10.3554,70746.1648,221804.538,62.0,3,1,1,813.1743,2549.4774
2326,87,10.4242,71869.1388,225324.8547,65.0,3,0,0,826.0821,2589.9409
2327,87,10.4375,65700.6331,205985.223,65.0,3,0,0,755.1797,2367.6462
2328,88,10.4001,80405.8812,252090.606,67.0,4,1,0,913.7032,2864.666
2329,88,10.5075,72000.7301,225738.1569,72.0,5,0,0,818.1901,2565.2063
2330,87,10.6417,70253.9996,220260.9537,75.0,5,0,1,807.5172,2531.7351
2331,87,10.4147,64535.0475,202330.8485,80.0,6,1,1,741.7822,2325.6419
2332,87,10.1586,61856.8331,193935.0408,85.0,5,0,0,710.9981,2229.1384
2333,87,10.2442,81729.4035,256240.1521,82.0,4,0,0,939.4184,2945.2891
2334,88,10.2364,81458.5433,255390.6527,87.0,6,1,0,925.6653,2902.1665
2335,88,10.3745,78424.8064,245879.4192,92.0,5,0,0,891.191,2794.0843
2336,88,10.5605,84551.1312,265086.9782,98.0,6,0,0,960.8083,3012.352
2337,89,10.5052,77544.8934,243119.9945,104.0,7,1,0,871.2909,2731.6853
2338,89,10.5765,80057.5596,250997.4256,112.0,8,0,0,899.5231,2820.1958
2339,89,10.4324,57735.8336,181012.8967,120.0,8,0,0,648.7172,2033.8528
2340,90,10.3412,68872.6505,215929.8053,102.0,6,1,0,765.2517,2399.2201
2341,89,10.4471,73035.2252,228980.7126,82.0,2,0,1,820.6205,2572.817
2342,88,10.5936,69894.7318,219135.7204,77.0,1,0,1,794.2583,2490.1786
2343,88,10.6898,80863.5167,253525.7813,78.0,2,1,1,918.9036,2880.9748
2344,88,10.9005,81732.0455,256248.3132,79.0,1,0,0,928.7732,2911.9127
2345,88,11.122,86729.8839,271918.5779,80.0,1,0,0,985.5669,3089.9838
2346,89,10.9578,75548.5143,236862.3251,81.0,2,1,0,848.8597,2661.3744
2347,89,11.0072,80077.2983,251061.3038,82.0,1,0,0,899.7449,2820.9135
2348,88,10.8212,65642.0481,205802.0375,83.0,1,0,1,745.9324,2338.6595
2349,88,10.4244,72571.3437,227527.2525,86.0,4,1,1,824.6744,2585.537
2350,88,10.4667,79780.2255,250129.6372,87.0,2,0,0,906.5935,2842.3822
2351,87,10.3323,69748.0636,218675.479,89.0,2,0,1,801.7019,2513.5113
2352,88,10.409,84750.6052,265712.6717,91.0,3,1,0,963.0751,3019.4622
2353,88,10.7268,84859.9972,266055.8657,88.0,1,0,0,964.3182,3023.3621
2354,87,10.8533,88458.0224,277336.3105,89.0,1,0,1,1016.7589,3187.7737
2355,88,10.9449,83741.2522,262549.0479,90.0,2,1,0,951.6051,2983.5119
2356,88,11.1538,87036.8757,272880.9405,91.0,1,0,0,989.0554,3100.9198
2357,87,11.1302,72495.0106,227288.5703,93.0,2,0,1,833.276,2612.5123
2358,88,10.925,73166.0044,229391.6522,96.0,4,1,0,831.4319,2606.7233
2359,88,10.8774,75314.7998,236128.8124,99.0,3,0,0,855.85,2683.282
2360,88,10.8623,67908.276,212907.1399,102.0,3,0,0,771.685,2419.3993
2361,89,10.663,73330.5695,229907.1615,106.0,5,1,0,823.939,2583.2265
2362,89,10.602,70697.917,221653.45,111.0,5,0,0,794.3586,2490.4882
2363,89,10.6761,73940.5142,231819.6089,114.0,5,0,0,830.7923,2604.7147
2364,90,10.4995,69128.1532,216731.5999,117.0,5,1,0,768.0906,2408.1289
2365,90,10.5056,72268.1052,226576.3377,121.0,4,0,0,802.9789,2517.5149
2366,88,10.6528,77081.4316,241667.2558,126.0,5,0,2,875.9254,2746.2188
2367,89,10.6034,77945.3483,244376.4105,131.0,6,1,0,875.7904,2745.8024
2368,89,10.7974,84266.623,264195.1295,136.0,5,0,0,946.816,2968.4846
2369,89,10.9368,82655.1905,259142.6465,128.0,4,0,0,928.71,2911.7151
2370,90,10.9233,78798.8312,247052.2153,128.0,5,1,0,875.5426,2745.0246
2371,90,10.9734,77266.6448,242248.1862,132.0,4,0,0,858.5183,2691.6465
2372,90,10.7986,76579.7278,240094.1397,137.0,5,0,0,850.8859,2667.7127
2373,91,10.6317,75821.2617,237716.2001,142.0,6,1,0,833.2007,2612.2659
2374,91,10.4273,65858.7016,206480.9314,148.0,6,0,0,723.722,2269.0212
2375,91,10.4741,79075.2223,247918.1454,124.0,2,0,0,868.9585,2724.3752
2376,92,10.4369,75484.7042,236660.7814,112.0,3,1,0,820.4859,2572.3998
2377,92,10.406,73730.5675,231161.7373,114.0,2,0,0,801.4192,2512.6276
2378,91,10.5199,77142.9104,241860.3219,117.0,3,0,1,847.7243,2657.8057
2379,92,10.5036,82995.9904,260211.1894,120.0,4,1,0,902.1303,2828.3825
2380,91,10.6521,86669.1796,271728.3508,123.0,3,0,1,952.4086,2986.0258
2381,91,10.7678,88123.1581,276286.9175,127.0,4,0,0,968.3864,3036.12
2382,92,10.7511,86679.9061,271761.9183,127.0,5,1,0,942.1729,2953.9339
2383,91,10.7533,75751.3306,237496.9016,131.0,4,0,1,832.4322,2609.8561
2384,91,10.8401,75866.9917,237859.7605,132.0,4,0,0,833.7032,2613.8435
2385,91,10.5767,75473.611,236626.8285,135.0,5,1,1,829.3803,2600.2948
2386,91,10.762,85433.3789,267853.6713,18.0,3,0,0,938.8283,2943.4469
2387,90,10.8461,81317.0004,254947.4791,21.0,3,0,1,903.5222,2832.7498
2388,91,10.7239,77145.5558,241868.5754,26.0,6,1,0,847.7534,2657.8964
2389,91,10.8312,85501.168,268065.3658,31.0,5,0,0,939.5733,2945.7733
2390,89,10.8714,81792.2714,256437.3282,29.0,6,0,2,919.0143,2881.3183
2391,90,10.6732,71556.832,224346.5129,20.0,7,1,0,795.0759,2492.739
2392,90,10.6678,77014.7738,241458.1889,21.0,5,0,0,855.7197,2682.8688
2393,90,10.8145,81896.8469,256765.1076,26.0,5,0,0,909.965,2852.9456
2394,91,10.7814,83211.3671,260886.2181,26.0,5,1,0,914.4106,2866.8815
2395,91,10.9964,84949.8529,266336.6692,31.0,5,0,0,933.5149,2926.7766
2396,91,11.219,89315.6024,280024.9631,34.0,4,0,0,981.4901,3077.1974
2397,92,11.2257,82805.0813,259612.619,38.0,5,1,0,900.0552,2821.8763
2398,92,11.2525,80686.3888,252970.2975,42.0,4,0,0,877.026,2749.6771
2399,91,11.1331,68412.3877,214487.613,46.0,4,0,1,751.7845,2357.0067
2400,92,10.9561,75440.6593,236523.0898,40.0,4,1,0,820.0072,2570.9032
2401,91,10.9903,81421.7807,255276.2532,43.0,3,0,1,894.7448,2805.2336
2402,90,11.0809,72944.6978,228697.9235,46.0,3,0,1,810.4966,2541.088
2403,91,10.9823,80266.2189,251653.5432,49.0,4,1,0,882.0464,2765.4236
2404,91,11.0722,79233.7901,248415.706,33.0,3,0,0,870.701,2729.8429
2405,90,11.0149,67932.7792,212984.2086,36.0,3,0,1,754.8087,2366.4912
2406,90,10.9995,85093.7544,266788.5878,40.0,5,1,1,945.4862,2964.3176
2407,90,10.9827,75022.1495,235211.3007,44.0,4,0,0,833.5794,2613.4589
2408,90,11.0258,76037.7203,238395.393,27.0,3,0,0,844.8636,2648.8377
2409,91,11.0201,82933.8118,260016.7734,26.0,3,1,0,911.3606,2857.3272
2410,90,11.1768,78041.827,244679.0716,28.0,2,0,1,867.1314,2718.6564
2411,90,11.1623,74084.2351,232271.0268,22.0,1,0,0,823.1582,2580.7892
2412,90,11.1467,92837.953,291068.4945,23.0,2,1,1,1031.5328,3234.0944
2413,89,11.2974,80437.0106,252188.7116,25.0,2,0,1,903.7866,2833.581
2414,88,11.4521,75506.9884,236731.5941,27.0,2,0,1,858.034,2690.1318
2415,88,11.2891,67465.0279,211517.9583,30.0,4,1,1,766.648,2403.6132
2416,88,11.3921,78373.3639,245718.5283,31.0,2,0,0,890.6064,2792.256
2417,88,11.2299,70957.0885,222466.5987,33.0,2,0,0,806.3306,2528.0295
2418,89,11.0199,82370.3572,258250.2688,35.0,3,1,0,925.5096,2901.6884
2419,89,11.0631,75513.7915,236752.6254,31.0,2,0,0,848.4696,2660.1419
2420,88,11.0447,66224.0341,207626.7042,32.0,2,0,1,752.5458,2359.3944
2421,89,11.0248,80850.0565,253483.2354,34.0,3,1,0,908.4276,2848.1262
2422,88,10.7573,52172.8773,163573.2315,37.0,3,0,1,592.8736,1858.7867
2423,88,10.764,76842.9762,240920.3392,40.0,3,0,0,873.2156,2737.7311
2424,88,10.6917,77743.0201,243741.9496,38.0,3,1,1,883.4434,2769.7949
2425,88,10.7193,73854.8055,231551.786,41.0,3,0,0,839.2592,2631.2703
2426,88,11.0023,87445.5921,274161.7911,44.0,3,0,0,993.6999,3115.4749
2427,89,10.9375,80101.7108,251137.2625,47.0,4,1,0,900.0192,2821.767
2428,89,11.116,84271.3312,264209.7632,51.0,4,0,0,946.8689,2968.649
2429,89,11.0833,84840.0624,265993.2238,55.0,4,0,0,953.2591,2988.6879
2430,90,10.8487,69282.3038,217215.3677,56.0,4,1,0,769.8034,2413.5041
2431,90,11.0103,81253.2377,254747.3714,59.0,3,0,0,902.8138,2830.5263
2432,90,11.1305,84198.6445,263982.2222,51.0,2,0,0,935.5405,2933.1358
2433,91,11.0881,77315.8297,242402.0662,54.0,4,1,0,849.6245,2663.759
2434,91,11.1006,74168.6034,232534.818,55.0,2,0,0,815.0396,2555.3277
2435,91,11.3522,88861.2851,278601.3735,58.0,3,0,0,976.4976,3061.5536
2436,91,11.1586,74655.7585,234062.1569,61.0,4,1,1,820.393,2572.1116
2437,91,11.2627,74853.8429,234683.2715,64.0,3,0,0,822.5697,2578.937
2438,91,11.233,74408.2524,233286.2513,53.0,2,0,0,817.6731,2563.5852
2439,92,11.0234,74975.7778,235065.9383,55.0,3,1,0,814.9541,2555.0645
2440,92,11.0525,76315.192,239265.5933,57.0,2,0,0,829.513,2600.713
2441,92,11.2119,78732.6527,246844.8364,52.0,1,0,0,855.7897,2683.096
2442,93,11.2803,85886.8263,269274.9102,53.0,2,1,0,923.5143,2895.4291
2443,93,11.3051,81528.1323,255610.4078,54.0,1,0,0,876.6466,2748.499
2444,93,11.3959,88729.1666,278187.0212,55.0,1,0,0,954.0771,2991.2583
2445,94,11.4198,85076.7048,266734.6336,57.0,3,1,0,905.0713,2837.6025
2446,94,11.6048,84384.0212,264563.3233,57.0,1,0,0,897.7024,2814.5034
2447,93,11.7431,80024.3954,250895.2452,59.0,2,0,1,860.4774,2697.7983
2448,94,11.6877,77768.1146,243820.4378,61.0,3,1,0,827.3204,2593.8344
2449,93,11.7764,82806.626,259617.7583,60.0,1,0,1,890.3938,2791.5888
2450,93,11.8239,80325.4377,251838.8259,61.0,1,0,0,863.7144,2707.9444
2451,94,11.6906,78609.1085,246457.3523,62.0,2,1,0,836.2671,2621.8867
2452,94,11.6918,75438.8747,236517.5677,64.0,2,0,0,802.5412,2516.1443
2453,94,11.5767,66687.1727,209078.976,66.0,2,0,0,709.438,2224.2444
2454,95,11.318,80570.2532,252605.7115,68.0,3,1,0,848.1079,2659.0075
2455,95,11.0254,61093.2976,191540.4715,70.0,2,0,0,643.0873,2016.2155
2456,94,10.886,70787.1403,221933.0442,74.0,4,0,1,753.0547,2360.9898
2457,95,10.7265,73479.5256,230373.3489,79.0,6,1,0,773.4687,2424.9826
2458,95,10.7865,77970.0634,244453.1265,84.0,5,0,0,820.7375,2573.1908
2459,95,10.7197,74529.3134,233665.7924,90.0,6,0,0,784.5191,2459.6399
2460,96,10.753,89076.2533,279273.3813,87.0,5,1,0,927.8776,2909.0977
2461,95,10.7395,69420.2342,217647.1655,91.0,4,0,1,730.7393,2291.0228
2462,94,10.5437,72553.9108,227472.2698,95.0,4,0,1,771.8501,2419.9178
2463,94,10.3195,78366.4854,245696.2728,94.0,4,1,1,833.686,2613.7901
2464,94,10.295,74724.6463,234277.9841,98.0,4,0,0,794.943,2492.319
2465,94,10.4392,92406.8074,289716.4406,103.0,5,0,0,983.0511,3082.0898
2466,94,10.404,76930.3492,241193.2391,94.0,6,1,1,818.408,2565.8855
2467,94,10.7123,93868.3451,294298.5904,88.0,5,0,0,998.5994,3130.8361
2468,93,10.872,82446.9884,258489.3061,90.0,4,0,1,886.5268,2779.4549
2469,94,10.7193,74251.3692,232794.2408,94.0,5,1,0,789.9082,2476.5345
2470,94,10.7478,78966.0932,247576.6525,98.0,4,0,0,840.0648,2633.7942
2471,94,10.8027,83821.5696,262799.6733,102.0,4,0,0,891.7188,2795.7412
2472,95,10.7527,79696.4038,249866.3026,93.0,4,1,0,838.9095,2630.1716
2473,95,10.763,85352.0246,267598.1361,96.0,3,0,0,898.4424,2816.8225
2474,95,10.6426,73954.9387,231864.7587,99.0,3,0,0,778.473,2440.6817
2475,96,10.7523,89315.4773,280024.2108,98.0,3,1,0,930.3696,2916.9189
2476,96,10.8619,81173.0097,254496.114,100.0,2,0,0,845.5522,2651.0012
2477,95,10.9217,76799.8518,240783.7167,102.0,2,0,1,808.4195,2534.5654
2478,95,10.9704,79471.2692,249159.9244,104.0,3,1,1,836.5397,2622.736
2479,94,10.7698,69925.0251,219230.7223,106.0,2,0,1,743.8832,2332.2417
2480,94,10.8052,79995.6139,250804.5847,108.0,2,0,0,851.0172,2668.1339
2481,95,10.6918,83003.5001,260235.8614,110.0,3,1,0,873.7211,2739.3249
2482,95,10.522,69817.9174,218894.8202,113.0,3,0,0,734.9254,2304.156
2483,95,10.6269,87076.3483,273004.4607,96.0,2,0,0,916.5931,2873.7312
2484,96,10.6673,94402.5852,295973.7688,98.0,3,1,0,983.3603,3083.0601
2485,96,10.6097,77528.2314,243068.2534,100.0,2,0,0,807.5857,2531.961
2486,96,10.6033,72714.5097,227975.68,98.0,2,0,0,757.4428,2374.7467
2487,97,10.2661,64047.4397,200802.3253,100.0,3,1,0,660.2829,2070.1271
2488,97,10.3588,87007.3584,272787.3024,101.0,3,0,0,896.9831,2812.2402
2489,97,10.4098,82605.8534,258987.2695,105.0,4,0,0,851.6067,2669.9719
2490,98,10.263,69293.0875,217248.1814,109.0,5,1,0,707.0723,2216.8182
2491,97,10.294,80968.6042,253853.7613,114.0,5,0,1,834.7279,2617.0491
2492,97,10.3058,72364.1346,226876.8909,115.0,4,0,0,746.022,2338.937
2493,97,10.3161,85539.6731,268185.887,119.0,5,1,1,881.8523,2764.803
2494,96,10.3839,69877.9932,219082.0756,124.0,5,0,1,727.8958,2282.105
2495,96,10.4239,73168.3687,229398.5004,116.0,3,0,0,762.1705,2389.5677
2496,97,10.4013,80104.4031,251145.0854,119.0,4,1,0,825.8186,2589.1246
2497,96,10.3922,78187.4686,245134.6705,122.0,3,0,1,814.4528,2553.4862
2498,95,10.4116,78665.6623,246634.8614,125.0,3,0,1,828.0596,2596.1564
2499,96,10.3398,74841.641,234644.5171,129.0,5,1,0,779.6004,2444.2137
2500,96,10.3875,83704.1762,262430.6911,113.0,2,0,0,871.9185,2733.653
2501,96,10.2676,75790.3342,237619.9427,115.0,2,0,0,789.4826,2475.2077
2502,97,10.1657,76638.5749,240279.0777,118.0,4,1,0,790.0884,2477.1039
2503,97,10.2075,83320.7947,261229.289,121.0,3,0,0,858.9773,2693.0855
2504,97,10.2868,87471.2098,274242.6495,125.0,4,0,0,901.765,2827.2438
2505,97,10.3936,85157.536,266987.5096,130.0,5,0,0,877.9127,2752.4486
2506,96,10.4211,83457.12,261657.11,135.0,5,0,1,869.345,2725.5949
2507,96,10.6453,94078.6374,294957.5087,131.0,4,0,0,979.9858,3072.474
2508,96,10.7558,87989.968,275868.4409,128.0,4,1,1,916.5622,2873.6296
2509,97,10.6252,71730.3677,224890.2702,126.0,4,1,0,739.4883,2318.4564
2510,97,10.7719,69843.4034,218973.8448,6.0,1,0,0,720.0351,2257.4623
2511,98,10.6371,78880.796,247308.4565,8.0,3,1,0,804.9061,2523.5557
2512,98,10.728,78374.548,245721.1319,0.0,0,0,0,799.7403,2507.3585
2513,97,10.7646,77165.378,241930.1813,0.0,0,0,1,795.5194,2494.1256
2514,96,10.6765,70877.0396,222214.4734,3.0,4,1,2,738.3025,2314.7341
2515,94,10.7266,73049.9456,229027.2251,6.0,3,0,2,777.1271,2436.4598
2516,92,10.7331,78573.1675,246344.6348,6.0,2,0,2,854.0562,2677.6591
2517,93,10.4969,64222.4995,201351.0373,8.0,3,1,0,690.5645,2165.0649
2518,93,10.3223,69288.9963,217235.9272,11.0,3,0,0,745.043,2335.8702
2519,93,10.3091,80211.4966,251480.8426,14.0,3,0,0,862.4892,2704.0951
2520,93,9.9587,69683.1776,218471.6884,17.0,4,1,1,749.2815,2349.1579
2521,93,9.9398,80091.9413,251105.4188,21.0,4,0,0,861.2037,2700.0583
2522,91,9.8354,69935.9401,219264.327,27.0,6,0,2,768.5268,2409.4981
2523,90,9.606,62532.5862,196052.3679,31.0,5,0,1,694.8065,2178.3596
2524,90,9.5094,66138.3719,207357.4678,38.0,7,0,0,734.8708,2303.9719
2525,91,9.4875,72057.6396,225914.044,46.0,9,1,0,791.8422,2482.5719
2526,92,9.3,64849.6523,203315.6808,41.0,8,1,0,704.8875,2209.9531
2527,91,9.4351,76673.7786,240388.7832,48.0,7,0,1,842.569,2641.635
2528,91,9.4667,80736.7397,253127.4889,55.0,7,0,0,887.2169,2781.6208
2529,92,9.3998,77080.5028,241663.7434,38.0,5,1,0,837.8316,2626.7798
2530,92,9.4352,68595.2466,215059.8555,42.0,4,0,0,745.6005,2337.6071
2531,91,9.4967,80992.9186,253930.0234,47.0,5,0,1,890.0321,2790.4398
2532,92,9.1961,58833.2877,184453.7595,33.0,5,1,0,639.4923,2004.9322
2533,92,9.3616,88413.7054,277196.4101,37.0,4,0,0,961.0185,3013.0045
2534,92,9.5423,79307.9565,248647.6593,42.0,5,0,0,862.043,2702.6919
2535,93,9.5547,79446.7106,249082.3796,47.0,6,1,0,854.2657,2678.3052
2536,91,9.5216,80422.3436,252141.0521,53.0,6,0,2,883.762,2770.7808
2537,91,9.4879,70449.5528,220873.5671,59.0,6,0,0,774.1709,2427.1821
2538,91,9.5833,87316.7389,273756.6492,66.0,8,1,1,959.5246,3008.3148
2539,91,9.7038,82506.6317,258676.3225,73.0,7,0,0,906.6663,2842.597
2540,91,9.8777,84403.865,264624.1845,80.0,7,0,0,927.515,2907.9581
2541,92,9.7522,69915.944,219200.9736,87.0,8,1,0,759.9559,2382.6193
2542,92,9.8616,69987.0269,219423.4852,94.0,7,0,0,760.7286,2385.0379
2543,92,9.9236,70564.6029,221233.9825,83.0,6,0,0,767.0066,2404.7172
2544,93,9.7949,73440.0537,230250.1731,66.0,6,1,0,789.678,2475.8083
2545,93,9.8568,76866.882,240993.5382,71.0,5,0,0,826.5256,2591.3284
2546,92,9.954,68848.3331,215853.5308,76.0,5,0,1,748.3514,2346.234
2547,93,9.9634,75199.7976,235767.3317,65.0,5,1,0,808.6,2535.1326
2548,92,10.0679,74444.9209,233401.0862,48.0,2,0,1,809.1839,2536.9683
2549,92,10.2275,78834.4236,247163.9306,50.0,2,0,0,856.8959,2686.5645
2550,91,10.1952,66408.6454,208205.7769,37.0,2,1,2,729.7653,2287.9756
2551,91,10.4012,89807.3605,281566.1881,38.0,1,0,0,986.8941,3094.1339
2552,91,10.4186,70685.0363,221613.1578,39.0,1,0,0,776.7586,2435.3094
2553,91,10.5002,81150.1453,254423.4199,40.0,2,1,1,891.7598,2795.8618
2554,91,10.5824,81439.46,255330.8758,43.0,3,0,0,894.9391,2805.8338
2555,90,10.4806,67377.0624,211241.9358,46.0,3,0,1,748.634,2347.1326
2556,90,10.2811,76600.4638,240159.0853,49.0,4,1,1,851.1163,2668.4343
2557,90,10.3079,76735.5336,240582.5198,52.0,3,0,0,852.617,2673.1391
2558,90,10.4171,74805.226,234530.3449,55.0,3,0,0,831.1692,2605.8927
2559,91,10.3363,71815.2022,225155.5441,58.0,4,1,0,789.178,2474.2367
2560,91,10.144,63295.022,198443.7414,63.0,5,0,0,695.5497,2180.7005
2561,90,10.1092,67173.6532,210602.6907,68.0,5,0,1,746.3739,2340.0299
2562,91,9.9232,66295.9827,207851.3594,73.0,6,1,0,728.5273,2284.0809
2563,90,9.8944,65255.5547,204589.3978,74.0,4,0,1,725.0617,2273.2155
2564,90,10.0216,75014.5491,235186.9232,56.0,2,0,0,833.495,2613.188
2565,91,9.858,74069.393,232223.9826,59.0,4,1,0,813.9494,2551.9119
2566,91,10.0616,91667.9982,287399.686,60.0,2,0,0,1007.3406,3158.2383
2567,90,9.9587,74330.3683,233042.2669,62.0,2,0,1,825.893,2589.3585
2568,89,9.7579,72022.6279,225806.1743,66.0,5,1,2,809.243,2537.148
2569,88,9.6877,67155.269,210545.2428,69.0,4,0,1,763.1281,2392.5596
2570,86,9.8272,74317.712,233002.3405,73.0,4,0,2,864.1594,2709.3295
2571,87,9.773,81397.5863,255199.6558,78.0,6,1,0,935.6044,2933.3294
2572,87,9.7004,72748.3718,228081.066,79.0,4,0,0,836.1882,2621.6214
2573,86,9.5783,64518.9455,202280.4311,82.0,5,0,1,750.2203,2352.098
2574,87,9.6224,72756.5444,228107.2297,78.0,4,1,0,836.2821,2621.9222
2575,87,9.7138,78757.2137,246921.3225,82.0,4,0,0,905.2553,2838.1761
2576,87,9.7131,74554.661,233745.3556,86.0,4,0,0,856.9501,2686.7282
2577,87,9.7217,73497.2829,230429.6983,91.0,6,1,1,844.7964,2648.6172
2578,86,9.9359,75417.2768,236449.7377,77.0,4,0,1,876.9451,2749.4156
2579,86,10.1671,80965.2792,253844.0729,81.0,4,0,0,941.4567,2951.6753
2580,87,9.9594,63477.8689,199016.6528,85.0,5,1,0,729.6307,2287.5477
2581,87,10.1826,86055.0332,269801.5901,89.0,4,0,0,989.1383,3101.1677
2582,87,10.2761,74653.3467,234055.1518,93.0,4,0,0,858.0844,2690.2891
2583,88,10.3069,74742.8782,234335.2673,79.0,3,1,0,849.3509,2662.9008
2584,88,10.4491,77839.615,244044.3319,71.0,1,0,0,884.5411,2773.231
2585,88,10.3419,59842.1721,187618.3256,72.0,1,0,0,680.0247,2132.0264
2586,89,10.1924,77733.0889,243710.3226,74.0,3,1,0,873.4055,2738.3182
2587,89,9.8239,56503.3039,177149.8928,77.0,3,0,0,634.8686,1990.4482
2588,89,9.8435,71859.8853,225296.1758,80.0,3,0,0,807.4144,2531.4177
2589,90,9.7889,70774.2323,221891.9673,84.0,5,1,0,786.3804,2465.4663
2590,90,9.9463,75655.9347,237197.4924,88.0,4,0,0,840.6215,2635.5277
2591,90,9.9695,75395.3577,236380.3538,92.0,4,0,0,837.7262,2626.4484
2592,91,9.8284,72506.6233,227323.5579,89.0,4,1,0,796.7761,2498.0611
2593,91,9.9172,75262.4755,235964.0823,87.0,2,0,0,827.0602,2593.0119
2594,91,10.0399,82353.4047,258195.8067,90.0,3,0,0,904.9825,2837.3166
2595,92,9.9028,65252.0053,204578.6907,83.0,3,1,0,709.2609,2223.6814
2596,89,9.8865,73324.7726,229888.9836,86.0,3,0,3,823.8738,2583.0223
2597,89,9.8016,67713.8324,212297.6545,89.0,3,0,0,760.8296,2385.3669
2598,89,9.9285,81825.3454,256540.6736,92.0,4,1,1,919.3859,2882.4795
2599,89,10.1041,78142.0714,244992.455,95.0,3,0,0,878.0008,2752.7242
2600,89,10.1859,79195.4807,248295.0545,98.0,3,0,0,889.8369,2789.8321
2601,89,10.2096,74657.5413,234068.0015,101.0,4,1,1,838.8488,2629.9775
2602,89,10.4028,85689.9653,268657.244,104.0,3,0,0,962.8086,3018.6207
2603,88,10.4756,71832.1003,225209.7165,107.0,3,0,1,816.2739,2559.2013
2604,89,10.1803,61336.1038,192301.6251,101.0,3,1,0,689.1697,2160.6924
2605,89,10.2153,64821.031,203227.6831,103.0,2,0,0,728.3262,2283.4571
2606,89,10.3402,75629.9318,237116.798,93.0,1,0,0,849.7745,2664.2337
2607,89,10.3733,67937.8147,213000.0589,94.0,2,1,1,763.3462,2393.2591
2608,89,10.3329,73581.9642,230695.8355,95.0,1,0,0,826.7636,2592.088
2609,89,10.2305,64144.4415,201106.7999,96.0,1,0,0,720.7241,2259.627
2610,90,10.0741,67774.9254,212489.129,97.0,2,1,0,753.0547,2360.9903
2611,89,10.2499,81300.4482,254896.0148,99.0,2,0,1,913.4882,2864.0002
2612,88,10.3525,75742.2537,237468.4933,99.0,1,0,1,860.7074,2698.5056
2613,89,10.2022,72869.2024,228460.979,100.0,2,1,0,818.7551,2566.9773
2614,89,10.1874,70904.9139,222302.8793,101.0,1,0,0,796.6844,2497.7852
2615,87,9.8885,62661.4424,196457.2301,102.0,1,0,2,720.2465,2258.1291
2616,88,9.8207,84895.1728,266165.8258,104.0,3,1,0,964.7179,3024.6117
2617,88,9.9467,84407.6831,264637.3407,107.0,3,0,0,959.1782,3007.2425
2618,86,9.8375,67057.4133,210239.7247,110.0,3,0,2,779.7374,2444.648
2619,87,9.6083,64936.4118,203589.3308,114.0,5,1,0,746.3955,2340.1073
2620,87,9.6879,75870.2017,237869.7601,119.0,5,0,0,872.0713,2734.1352
2621,87,9.777,78958.6247,247552.6389,124.0,5,0,0,907.5704,2845.4326
2622,88,9.8255,80565.0341,252589.1163,126.0,6,1,0,915.5118,2870.3309
2623,88,9.9803,76092.8293,238568.2387,127.0,4,0,0,864.6912,2711.0027
2624,88,10.0722,72027.9361,225823.1655,131.0,4,0,0,818.4993,2566.1723
2625,89,9.8461,65651.0763,205829.2165,127.0,6,1,0,737.6525,2312.6878
2626,88,9.5845,66149.5995,207392.907,132.0,5,0,1,751.7,2356.7376
2627,88,9.4609,68698.4664,215383.9363,132.0,5,0,0,780.6644,2447.5447
2628,89,9.4301,76780.6289,240723.9712,133.0,5,1,0,862.7037,2704.7637
2629,88,9.582,81326.0516,254974.8528,137.0,4,0,1,924.1597,2897.4415
2630,88,9.6815,80427.3961,252157.7022,142.0,5,0,0,913.9477,2865.4284
2631,89,9.7782,82501.0651,258658.7633,147.0,6,1,0,926.9783,2906.2782
2632,89,9.759,78272.4013,245401.6596,152.0,5,0,0,879.4652,2757.322
2633,89,9.8526,81188.471,254543.978,158.0,6,0,0,912.23,2860.0447
2634,90,10.1717,91105.7802,285637.0107,43.0,6,1,0,1012.2864,3173.7446
2635,90,10.1398,71608.5519,224508.694,48.0,5,0,0,795.6506,2494.541
2636,90,10.2779,83266.9836,261060.6164,23.0,3,0,0,925.1887,2900.6735
2637,91,10.2429,71749.8646,224950.9815,13.0,2,1,0,788.4601,2471.9888
2638,91,10.3675,73920.0481,231755.2071,15.0,2,0,0,812.3082,2546.7605
2639,91,10.5665,82921.5605,259978.0651,17.0,2,0,0,911.2259,2856.9018
2640,92,10.5552,71962.0067,225615.9405,19.0,3,1,0,782.1957,2452.3472
2641,91,10.7226,73411.5702,230161.4206,21.0,2,0,1,806.7206,2529.2464
2642,90,10.8118,77907.3574,244256.5261,23.0,2,0,1,865.6373,2713.9614
2643,91,10.747,75519.8259,236771.273,26.0,4,1,0,829.8882,2601.8821
2644,90,10.629,68480.2302,214700.9767,9.0,2,0,1,760.8914,2385.5664
2645,90,10.4619,60719.5317,190368.6762,8.0,1,0,0,674.6615,2115.2075
2646,91,10.39,72585.522,227571.6549,9.0,2,1,0,797.6431,2500.7874
2647,91,10.5704,77689.5571,243573.6875,10.0,1,0,0,853.7314,2676.6339
2648,91,10.51,72655.192,227790.6279,11.0,1,0,0,798.4087,2503.1937
2649,92,10.4725,77772.3841,243833.1218,12.0,2,1,0,845.352,2650.36
2650,92,10.2858,61011.1982,191283.1682,16.0,4,0,0,663.1652,2079.1649
2651,92,10.388,81858.739,256645.2196,18.0,3,0,0,889.7689,2789.622
2652,93,10.2185,70159.7225,219965.5157,21.0,4,1,0,754.4056,2365.2206
2653,93,10.1344,70546.085,221177.1375,20.0,2,0,0,758.5601,2378.2488
2654,90,10.0693,76274.6297,239137.7353,22.0,2,0,3,847.4959,2657.0859
2655,91,9.7051,70523.2912,221105.0651,25.0,4,1,0,774.9812,2429.726
2656,91,9.6067,74757.4779,234381.7041,28.0,3,0,0,821.5107,2575.6231
2657,89,9.6878,81008.0738,253978.2621,33.0,5,0,2,910.2031,2853.6883
2658,89,9.8254,77880.3608,244172.0544,40.0,7,0,0,875.0602,2743.5062
2659,90,9.7683,75815.1689,237696.7171,44.0,7,1,0,842.3908,2641.0746
2660,90,9.9011,81067.2267,254163.2109,40.0,6,0,0,900.747,2824.0357
2661,91,9.8643,74349.2118,233100.4088,42.0,6,1,0,817.0243,2561.543
2662,91,10.0859,84671.4115,265463.9609,47.0,5,0,0,930.4551,2917.1864
2663,91,10.2111,79871.6003,250415.3364,52.0,5,0,0,877.7099,2751.8169
2664,92,10.1082,70876.6634,222213.0675,57.0,6,1,0,770.3985,2415.3594
2665,92,10.1572,75319.2521,236142.2759,62.0,5,0,0,818.6875,2566.7639
2666,90,10.1987,74741.5319,234330.8384,67.0,5,0,2,830.4615,2603.676
2667,91,10.2363,82770.1273,259502.1711,62.0,6,1,0,909.5618,2851.6722
2668,91,10.2729,68685.9546,215344.5937,56.0,4,0,0,754.7907,2366.4241
2669,91,10.2742,69199.2847,216954.8532,58.0,4,0,0,760.4317,2384.1193
2670,92,10.3735,81955.7728,256949.6788,60.0,4,1,0,890.8236,2792.9313
2671,90,10.6234,77049.2093,241566.0941,34.0,1,0,2,856.1023,2684.0677
2672,88,10.7399,74737.9927,234320.5206,35.0,1,0,2,849.2954,2662.7332
2673,89,10.5331,69481.0215,217838.8774,36.0,2,1,0,780.6856,2447.6278
2674,89,10.6207,82861.5524,259789.7627,37.0,1,0,0,931.0287,2918.9861
2675,89,10.5546,66460.1276,208366.4714,38.0,1,0,0,746.743,2341.1963
2676,88,10.4806,75204.7346,235784.3141,40.0,3,1,2,854.5993,2679.3672
2677,88,10.3213,68137.0478,213624.9366,40.0,1,0,0,774.2846,2427.5561
2678,88,10.2971,70120.4101,219843.1668,43.0,3,0,0,796.8228,2498.2178
2679,89,9.9591,66964.9899,209949.935,46.0,4,1,0,752.4156,2358.988
2680,89,9.9193,73302.3758,229818.6914,50.0,4,0,0,823.6222,2582.2325
2681,89,10.1407,81178.4338,254512.7875,50.0,3,0,0,912.1172,2859.6942
2682,88,10.2905,82514.7926,258702.2027,54.0,5,1,2,937.6681,2939.7978
2683,88,10.3657,72521.9434,227372.4008,58.0,4,0,0,824.113,2583.7773
2684,88,10.6115,89772.1789,281456.3496,59.0,3,0,0,1020.1384,3198.3676
2685,89,10.719,84357.1805,264479.354,54.0,3,1,0,947.8335,2971.6781
2686,88,10.8948,76843.1494,240920.9005,56.0,2,0,1,873.2176,2737.7375
2687,88,11.0237,83111.908,260575.2913,58.0,2,0,0,944.4535,2961.0829
2688,89,11.1008,83795.9433,262719.4114,60.0,3,1,0,941.5275,2951.9035
2689,89,11.1494,68773.0502,215619.0547,62.0,2,0,0,772.7309,2422.686
2690,86,11.3144,82770.6,259504.6103,64.0,2,0,3,962.4488,3017.4955
2691,86,11.2426,76362.7868,239414.7121,66.0,3,1,1,887.9394,2783.892
2692,86,11.2089,62871.7614,197117.2086,55.0,1,0,0,731.067,2292.0606
2693,86,11.1163,77988.9231,244513.7446,56.0,1,0,0,906.8479,2843.1831
2694,87,10.9631,72510.7147,227336.9428,58.0,3,1,0,833.4565,2613.0683
2695,87,10.9227,73780.031,231316.9602,61.0,3,0,0,848.0463,2658.8156
2696,87,10.7723,69373.2489,217501.1011,64.0,3,0,0,797.3937,2500.0127
2697,87,10.4938,66199.5816,207550.2094,67.0,4,1,1,760.9147,2385.6346
2698,86,10.4607,75702.3295,237343.8013,71.0,4,0,1,880.2596,2759.8116
2699,85,10.3326,72244.5559,226502.1255,75.0,4,0,1,849.936,2664.7309
2700,86,10.3514,86560.6725,271387.3231,75.0,6,1,0,1006.5194,3155.6665
2701,86,10.5009,77255.4359,242212.7604,80.0,5,0,0,898.319,2816.4274
2702,86,10.6527,88818.7163,278467.1021,85.0,5,0,0,1032.7758,3237.9896
2703,85,10.763,88404.1588,277167.3195,90.0,6,1,2,1040.0489,3260.792
2704,85,10.8105,76271.6115,239129.5234,95.0,5,0,0,897.3131,2813.2885
2705,85,10.8449,71612.8165,224522.2586,92.0,4,0,0,842.5037,2641.4383
2706,86,10.804,82424.0553,258418.1073,89.0,4,1,0,958.4192,3004.8617
2707,86,10.8374,67685.5755,212209.3083,92.0,3,0,0,787.0416,2467.5501
2708,85,10.9098,67909.3124,212910.5809,80.0,2,0,1,798.9331,2504.8304
2709,86,10.9192,73051.2218,229032.0124,72.0,2,1,0,849.4328,2663.1629
2710,86,11.2053,88656.0075,277957.0225,73.0,1,0,0,1030.8838,3232.0584
2711,86,11.2783,74769.1867,234418.8354,74.0,1,0,0,869.4091,2725.8004
2712,87,11.3282,81694.0576,256129.8209,75.0,2,1,0,939.0122,2944.0209
2713,87,11.2923,68756.8645,215567.97,76.0,1,0,0,790.3088,2477.7928
2714,87,11.1839,70646.9966,221493.9842,78.0,2,0,0,812.0344,2545.9079
2715,87,10.9328,68567.3783,214974.2631,80.0,3,1,1,788.1308,2470.9685
2716,87,10.8147,74095.1312,232304.7053,82.0,2,0,0,851.6682,2670.169
2717,87,10.4624,50547.1382,158475.8902,85.0,3,0,0,581.0016,1821.562
2718,88,10.3383,76753.5042,240639.133,88.0,4,1,0,872.1989,2734.5356
2719,87,10.3462,71196.5838,223216.7939,91.0,3,0,1,818.3515,2565.7103
2720,87,10.4462,78829.6396,247149.2569,90.0,2,0,0,906.0878,2840.7961
2721,87,10.4189,70141.7247,219909.8127,92.0,3,1,1,806.2267,2527.699
2722,87,10.6306,86026.8105,269713.8434,95.0,3,0,0,988.8139,3100.1591
2723,87,10.5944,72676.5654,227857.414,99.0,4,0,0,835.3628,2619.0507
2724,88,10.4607,76441.9838,239662.7014,92.0,4,1,0,868.6589,2723.4398
2725,88,10.6751,82641.086,259098.3668,95.0,3,0,0,939.1033,2944.2996
2726,88,10.8001,76535.1511,239954.8559,98.0,3,0,0,869.7176,2726.7597
2727,89,10.7734,78435.1439,245912.1731,102.0,5,1,0,881.2938,2763.0581
2728,89,10.7745,79805.6661,250208.6897,99.0,3,0,0,896.6929,2811.3336
2729,88,10.6918,62676.0256,196502.8546,102.0,3,0,1,712.2276,2232.987
2730,89,10.3275,66155.1546,207410.431,105.0,4,1,0,743.3163,2330.4543
2731,89,10.2026,71760.2061,224983.7192,100.0,3,0,0,806.2945,2527.907
2732,88,10.2254,74681.0927,234142.3887,103.0,3,0,1,848.6488,2660.709
2733,88,10.2894,79902.2068,250511.0748,107.0,5,1,1,907.9796,2846.7168
2734,88,10.4635,86910.2488,272483.9735,111.0,4,0,0,987.6165,3096.4088
2735,88,10.3708,72249.1484,226516.8915,116.0,5,0,0,821.0131,2574.0556
2736,88,10.1874,75239.4241,235892.0136,121.0,6,1,1,854.9935,2680.5911
2737,88,10.3352,87002.5619,272772.5713,126.0,5,0,0,988.6655,3099.6883
2738,88,10.476,85892.9373,269293.6217,132.0,6,0,0,976.0561,3060.1548
2739,89,10.3005,73753.2328,231232.4161,125.0,6,1,0,828.688,2598.117
2740,89,10.073,64236.4904,201394.7155,130.0,5,0,0,721.7583,2262.862
2741,89,10.1298,77339.4702,242476.3017,122.0,3,0,0,868.9828,2724.4528
2742,90,10.325,81919.554,256835.8726,125.0,4,1,0,910.2173,2853.7319
2743,90,10.4678,78326.9907,245572.2172,128.0,3,0,0,870.2999,2728.5802
2744,90,10.4972,72904.8812,228572.6524,131.0,3,0,0,810.0542,2539.6961
2745,90,10.4175,83028.0352,260311.1906,135.0,5,1,1,922.5337,2892.3466
2746,90,10.4303,77698.8117,243602.5381,128.0,4,0,0,863.3201,2706.6949
2747,90,10.2004,59899.5196,187797.7085,132.0,4,0,0,665.5502,2086.6412
2748,91,10.0462,71058.8338,222784.0154,136.0,5,1,0,780.8663,2448.176
2749,91,9.9876,67093.5144,210352.2369,140.0,4,0,0,737.2914,2311.563
2750,91,10.1135,80856.35,253502.4512,145.0,5,0,0,888.5313,2785.7412
2751,91,9.9397,69930.4983,219247.1671,150.0,6,1,1,768.467,2409.3095
2752,90,9.9903,76222.3598,238973.6546,155.0,5,0,1,846.9151,2655.2628
2753,90,9.9332,78372.9544,245715.7467,161.0,6,0,0,870.8106,2730.175
2754,91,9.5741,59251.8648,185765.8801,163.0,7,1,0,651.1194,2041.3833
2755,90,9.5985,78657.4462,246607.6245,171.0,8,0,1,873.9716,2740.0847
2756,90,9.7338,74832.2162,234614.4851,180.0,9,0,0,831.4691,2606.8276
2757,90,9.8445,81453.8409,255374.8067,146.0,7,1,1,905.0427,2837.4979
2758,89,9.8956,56373.9939,176743.6394,17.0,4,0,1,633.4157,1985.8836
2759,89,10.0086,70645.5661,221488.3603,16.0,3,0,0,793.7704,2488.6333
2760,90,10.0126,78227.8048,245261.8468,19.0,4,1,0,869.1978,2725.1316
2761,90,10.0313,77595.7912,243280.2492,22.0,3,0,0,862.1755,2703.1139
2762,90,10.0266,74645.0393,234028.6855,26.0,4,0,0,829.3893,2600.3187
2763,90,9.8967,72626.3381,227699.2818,30.0,5,1,1,806.9593,2529.992
2764,90,10.0347,73966.388,231900.0758,35.0,5,0,0,821.8488,2576.6675
2765,90,10.162,84456.4501,264789.7429,40.0,5,0,0,938.405,2942.1083
2766,90,10.0659,76200.928,238907.0851,42.0,5,1,1,846.677,2654.5232
2767,90,9.8775,68594.7417,215059.8509,46.0,4,0,0,762.1638,2389.5539
2768,90,9.7712,77868.0063,244133.1597,35.0,4,0,0,865.2001,2712.5907
2769,90,9.5014,71307.2134,223562.6391,25.0,5,1,1,792.3024,2484.0293
2770,90,9.611,81587.8525,255795.7389,31.0,6,0,0,906.5317,2842.1749
2771,90,9.7765,78066.5634,244755.4057,39.0,8,0,0,867.4063,2719.5045
2772,91,9.7855,85165.9545,267013.6393,44.0,8,1,0,935.8896,2934.2158
2773,91,10.0563,90897.1962,284982.9928,33.0,6,0,0,998.8703,3131.6812
2774,89,10.0937,70006.1589,219484.1675,40.0,7,0,2,786.5861,2466.1142
2775,90,10.0904,75789.0351,237614.5515,46.0,8,1,0,842.1004,2640.1617
2776,90,9.9992,65697.2125,205974.1513,53.0,7,0,0,729.969,2288.6017
2777,90,9.9292,73849.6918,231534.6432,53.0,6,0,0,820.5521,2572.6071
2778,91,9.7346,70574.4598,221266.562,55.0,6,1,0,775.5435,2431.5007
2779,91,9.925,85920.7962,269380.3221,60.0,5,0,0,944.1846,2960.2233
2780,90,9.9576,73414.2931,230169.3048,65.0,5,0,1,815.7144,2557.4367
2781,90,9.9934,83328.9946,261254.9155,70.0,6,1,1,925.8777,2902.8324
2782,90,10.1233,82177.2291,257643.1119,77.0,7,0,0,913.0803,2862.7012
2783,90,10.0259,60451.1222,189526.6012,84.0,7,0,0,671.6791,2105.8511
2784,91,9.9703,76525.5626,239923.4523,58.0,6,1,0,840.9402,2636.5215
2785,91,9.9534,68037.5004,213311.5983,48.0,5,0,0,747.6648,2344.0835
2786,90,9.7686,55290.8361,173348.4053,37.0,4,0,1,614.3426,1926.0934
2787,91,9.6759,73738.1809,231184.6068,41.0,5,1,0,810.3097,2540.4902
2788,91,9.6805,70011.8057,219500.8876,45.0,4,0,0,769.3605,2412.0977
2789,91,9.8313,78431.7851,245899.8852,50.0,5,0,0,861.8877,2702.1965
2790,91,9.7831,78771.1975,246964.0235,55.0,6,1,1,865.6176,2713.8904
2791,91,9.7973,73288.9749,229777.0246,61.0,6,0,0,805.3734,2525.0222
2792,91,9.8991,79651.9508,249726.3511,45.0,4,0,0,875.2962,2744.2456
2793,92,9.9712,87076.7064,273004.6778,46.0,4,1,0,946.4859,2967.4422
2794,92,9.9819,76699.3055,240468.6469,49.0,3,0,0,833.6881,2613.7896
2795,92,10.0344,86513.2675,271238.2932,53.0,4,0,0,940.3616,2948.2423
2796,92,10.058,84973.6579,266411.1783,56.0,5,1,1,923.6267,2895.7737
2797,92,10.1674,75617.2539,237076.3179,59.0,4,0,0,821.9267,2576.9165
2798,92,10.2356,77696.4044,243595.587,61.0,3,0,0,844.5261,2647.7781
2799,93,10.1228,79039.0743,247804.9831,64.0,4,1,0,849.8825,2664.5697
2800,91,10.2509,77775.0401,243842.2541,68.0,4,0,2,854.6708,2679.5852
2801,91,10.1902,75786.0329,237606.4679,72.0,4,0,0,832.8135,2611.0601
2802,92,10.2096,91205.6676,285950.1147,63.0,5,1,0,991.366,3108.1534
2803,92,10.2706,74762.359,234396.4824,63.0,3,0,0,812.6343,2547.7879
2804,91,10.3467,75719.4069,237396.7193,63.0,2,0,1,832.0814,2608.7552
2805,92,10.2905,79905.4292,250521.5415,66.0,4,1,0,868.5373,2723.0602
2806,92,10.3279,79261.7384,248503.8932,69.0,3,0,0,861.5406,2701.1293
2807,92,10.3226,86580.2369,271448.6835,49.0,2,0,0,941.0895,2950.5292
2808,92,10.0679,64325.7799,201675.3231,52.0,4,1,1,699.1933,2192.1231
2809,92,10.0536,74820.4469,234577.4571,54.0,3,0,0,813.2657,2549.755
2810,92,9.784,59811.1093,187520.5808,58.0,4,0,0,650.1208,2038.2672
2811,92,9.5474,72807.8462,228267.7753,61.0,5,1,1,791.3896,2481.1715
2812,92,9.6942,90021.4593,282237.0199,62.0,4,0,0,978.4941,3067.7937
2813,91,9.8163,83545.7681,261934.1116,61.0,2,0,1,918.0854,2878.3968
2814,92,9.7228,72590.9226,227588.4868,65.0,5,1,0,789.0318,2473.7879
2815,92,9.8853,89425.0413,280367.2969,70.0,5,0,0,972.0113,3047.4706
2816,91,10.0132,87436.7912,274134.1586,72.0,4,0,1,960.8439,3012.4633
2817,92,10.0213,93013.3726,291618.4599,76.0,5,1,0,1011.0149,3169.7659
2818,92,10.2778,92600.4802,290323.7761,81.0,5,0,0,1006.527,3155.6932
2819,91,10.3244,72206.345,226382.8129,63.0,2,0,1,793.4763,2487.7232
2820,92,10.4592,89467.3893,280500.7166,66.0,4,1,0,972.4716,3048.9208
2821,92,10.3945,71425.3266,223933.2991,69.0,3,0,0,776.3622,2434.0576
2822,92,10.3189,71424.6013,223931.981,73.0,4,0,0,776.3544,2434.0433
2823,92,10.1315,75891.6894,237937.2468,77.0,5,1,1,824.9097,2586.2744
2824,91,10.1531,76483.8231,239793.9741,81.0,4,0,1,840.4816,2635.0986
2825,91,10.3334,80650.8326,252857.9937,85.0,4,0,0,886.2729,2778.6593
2826,92,10.3751,75187.622,235729.7805,89.0,5,1,0,817.2568,2562.2802
2827,91,10.5879,89770.6913,281451.606,74.0,2,0,1,986.4911,3092.8748
2828,91,10.6602,77116.5413,241778.0049,76.0,2,0,0,847.4345,2656.9012
2829,90,10.6026,93138.8419,292011.9676,78.0,3,1,2,1034.876,3244.5774
2830,90,10.6351,75886.9665,237923.5187,69.0,1,0,0,843.1885,2643.5947
2831,90,10.6934,72175.1295,226285.1519,70.0,1,0,0,801.9459,2514.2795
2832,91,10.4936,76634.8812,240267.727,71.0,2,1,0,842.1416,2640.3047
2833,90,10.683,75978.1299,238207.4857,72.0,1,0,1,844.2014,2646.7498
2834,89,10.7831,75183.8519,235718.4532,75.0,3,0,1,844.7624,2648.5219
2835,90,10.5467,68178.2335,213753.9114,78.0,4,1,0,757.5359,2375.0435
2836,89,10.97,94954.2714,297703.2843,78.0,2,0,1,1066.9019,3344.9807
2837,89,11.0307,80622.0148,252768.9381,81.0,3,0,0,905.8653,2840.1004
2838,88,11.0678,85680.2934,268627.4808,82.0,3,1,2,973.6397,3052.585
2839,88,11.0877,78160.5588,245051.8745,84.0,2,0,0,888.1882,2784.6804
2840,87,11.0372,64145.1113,201108.957,86.0,2,0,1,737.3001,2311.5972
2841,88,10.8524,62914.2985,197249.5622,80.0,2,1,0,714.9352,2241.4723
2842,88,10.9839,70915.5189,222336.0856,81.0,1,0,0,805.8582,2526.5464
2843,87,11.0386,69281.7718,217213.5582,82.0,1,0,1,796.3422,2496.7076
2844,87,11.0297,73570.5626,230659.9764,83.0,2,1,1,845.6387,2651.2641
2845,86,11.0567,65903.5317,206622.2928,84.0,1,0,1,766.3201,2402.5848
2846,86,11.1066,82212.2983,257754.7436,85.0,1,0,0,955.957,2997.1482
2847,85,10.7819,67015.8037,210109.4976,87.0,3,1,2,788.4212,2471.8764
2848,85,10.9051,74070.3235,232226.912,87.0,1,0,0,871.4156,2732.0813
2849,85,10.8223,62657.342,196444.6651,88.0,1,0,0,737.1452,2311.1137
2850,86,10.6834,69258.4522,217140.466,89.0,2,1,0,805.3308,2524.8891
2851,86,10.6067,70075.1645,219700.6262,91.0,2,0,0,814.8275,2554.6584
2852,85,10.4734,55723.6474,174704.4957,93.0,2,0,1,655.5723,2055.347
2853,86,10.4739,72102.0824,226055.2984,92.0,2,1,0,838.3963,2628.55
2854,86,10.5944,71547.7599,224318.0921,93.0,1,0,0,831.9507,2608.3499
2855,85,10.6857,78026.9401,244632.2876,94.0,1,0,1,917.964,2878.0269
2856,86,10.7151,75334.871,236191.5205,96.0,3,1,0,875.9869,2746.413
2857,86,10.6958,67284.2547,210950.5977,98.0,2,0,0,782.3751,2452.9139
2858,86,10.6215,60783.8184,190570.5735,100.0,2,0,0,706.7886,2215.9369
2859,87,10.4379,65496.1384,205345.0478,102.0,3,1,0,752.8292,2360.2879
2860,87,10.4722,71832.0823,225209.3818,104.0,2,0,0,825.6561,2588.6136
2861,87,10.4252,69113.9466,216687.8649,106.0,2,0,0,794.4132,2490.6651
2862,88,10.2662,70171.4399,220003.3655,108.0,3,1,0,797.4027,2500.0382
2863,88,10.4457,80703.4468,253023.5591,110.0,2,0,0,917.0846,2875.2677
2864,88,10.5571,79794.7001,250174.4837,112.0,2,0,0,906.758,2842.8919
2865,89,10.4651,79114.6588,248042.074,114.0,3,1,0,888.9288,2786.9896
2866,89,10.4848,70551.0212,221193.1025,105.0,1,0,0,792.7081,2485.3158
2867,89,10.5373,68561.7294,214955.7885,106.0,1,0,0,770.3565,2415.2336
2868,90,10.5463,87092.0899,273053.1615,108.0,3,1,0,967.6899,3033.924
2869,90,10.5266,61333.8057,192294.4607,110.0,2,0,0,681.4867,2136.6051
2870,90,10.6158,77692.8746,243584.5424,114.0,4,0,0,863.2542,2706.4949
2871,91,10.5182,74397.8691,233252.9088,114.0,4,1,0,817.559,2563.2188
2872,91,10.4942,69325.2222,217348.4579,118.0,4,0,0,761.8156,2388.4446
2873,91,10.6434,73384.6619,230076.0846,122.0,4,0,0,806.4249,2528.3086
2874,92,10.5695,68328.0751,214223.2988,118.0,3,1,0,742.6965,2328.5141
2875,92,10.5159,75286.6666,236039.8235,120.0,2,0,0,818.3333,2565.6503
2876,92,10.5709,73963.8616,231892.9487,122.0,2,0,0,803.955,2520.5755
2877,93,10.5082,69207.214,216979.9516,124.0,3,1,0,744.1636,2333.1178
2878,93,10.3904,71636.2173,224595.3004,126.0,2,0,0,770.2819,2415.0032
2879,93,10.5079,83598.7639,262101.1496,128.0,2,0,0,898.9114,2818.2919
2880,93,10.5076,84976.0438,266418.4957,130.0,3,1,1,913.7209,2864.715
2881,93,10.466,66676.4175,209044.9463,132.0,2,0,0,716.9507,2247.7951
2882,92,10.5954,80945.0356,253780.687,14.0,2,0,1,879.8373,2758.4857
2883,93,10.5146,72922.3769,228627.1686,16.0,3,1,0,784.1116,2458.3567
2884,93,10.6835,86809.6198,272167.8767,19.0,3,0,0,933.4368,2926.5363
2885,92,10.7285,76078.4072,238523.1963,22.0,3,0,1,826.9392,2592.6434
2886,93,10.6809,77166.9134,241935.0336,25.0,4,1,0,829.7518,2601.452
2887,92,10.6318,73929.2324,231784.5933,28.0,3,0,1,803.5786,2519.3978
2888,92,10.7746,80575.227,252621.7053,24.0,2,0,0,875.8177,2745.8881
2889,93,10.639,76540.9294,239972.7182,26.0,3,1,0,823.0207,2580.3518
2890,92,10.5107,63465.9744,198979.6994,28.0,2,0,1,689.8475,2162.8228
2891,91,10.3831,82750.4263,259441.3323,9.0,2,0,1,909.3453,2851.0037
2892,91,10.314,71551.6016,224329.842,11.0,3,1,1,786.2813,2465.1631
2893,91,10.4095,79265.5118,248514.8961,15.0,4,0,0,871.0496,2730.9329
2894,91,10.5718,84557.3795,265106.4447,18.0,4,0,0,929.202,2913.2576
2895,92,10.695,87124.4234,273155.2511,22.0,5,1,0,947.0046,2969.0788
2896,92,10.8227,78462.6085,245998.0462,26.0,4,0,0,852.8544,2673.8918
2897,91,10.9022,76554.4486,240015.4786,31.0,5,0,1,841.2577,2637.5327
2898,92,10.9714,83556.0756,261967.0842,28.0,5,1,0,908.2182,2847.4683
2899,92,10.9781,71989.2671,225702.2639,23.0,2,0,0,782.492,2453.2855
2900,92,10.9973,77008.2383,241438.5018,25.0,2,0,0,837.0461,2624.3315
2901,93,10.9233,78058.1847,244730.26,27.0,3,1,0,839.3353,2631.5082
2902,93,10.9543,76594.6303,240141.6803,29.0,2,0,0,823.5982,2582.1686
2903,93,11.064,83686.1121,262375.0487,31.0,2,0,0,899.8507,2821.2371
2904,93,11.0747,78876.1867,247294.7347,33.0,3,1,1,848.131,2659.0832
2905,92,11.3198,89250.798,279821.9508,35.0,2,0,1,970.1174,3041.5429
2906,90,11.4942,87328.9612,273796.4316,37.0,2,0,2,970.3218,3042.1826
2907,91,11.3508,73095.4594,229170.9134,39.0,3,1,0,803.2468,2518.3617
2908,91,11.3689,78815.5596,247105.0767,41.0,2,0,0,866.1051,2715.4404
2909,91,11.0683,64474.8399,202142.5085,27.0,2,0,0,708.5147,2221.3462
2910,91,11.0198,74654.3389,234058.6724,27.0,1,0,0,820.3774,2572.0733
2911,91,11.0528,77934.3651,244341.3496,28.0,1,0,0,856.4216,2685.0698
2912,90,11.0747,71642.4222,224614.1399,31.0,3,0,1,796.0269,2495.7127
2913,90,10.9884,78478.3534,246047.7995,34.0,4,1,1,871.9817,2733.8644
2914,90,11.102,80603.5664,252710.6757,37.0,3,0,0,895.5952,2807.8964
2915,89,10.826,64495.1654,202206.1992,41.0,4,0,1,724.6648,2271.9798
2916,89,10.7647,91145.1267,285761.4157,45.0,5,1,1,1024.1025,3210.8024
2917,89,10.5814,67716.5917,212306.4796,49.0,4,0,0,760.8606,2385.4661
2918,89,10.5918,84872.5594,266094.8636,40.0,3,0,0,953.6243,2989.8299
2919,90,10.5638,76424.5519,239607.6525,44.0,5,1,0,849.1617,2662.3072
2920,90,10.64,74764.8034,234403.8503,49.0,5,0,0,830.72,2604.4872
2921,90,10.5367,67632.0149,212041.2219,54.0,5,0,0,751.4668,2356.0136
2922,89,10.6287,79492.1206,249224.7395,60.0,7,1,2,893.1699,2800.278
2923,88,10.517,69878.8496,219085.0821,66.0,6,0,1,794.0778,2489.6032
2924,88,10.6371,72782.8072,228190.669,72.0,6,0,0,827.0774,2593.0758
2925,88,10.7367,88794.9219,278392.6452,78.0,7,1,1,1009.0332,3163.5528
2926,88,10.8393,74562.0108,233768.0367,75.0,5,0,0,847.2956,2656.455
2927,87,10.9611,79457.5891,249117.6569,80.0,5,0,1,913.3056,2863.4213
2928,88,10.7058,63764.3818,199914.6062,85.0,6,1,0,724.5952,2271.7569
2929,88,10.679,69654.5681,218381.9651,91.0,6,0,0,791.5292,2481.6132
2930,88,10.5475,72503.8737,227315.6285,97.0,6,0,0,823.9077,2583.1321
2931,87,10.261,66113.5251,207279.6506,86.0,6,1,2,759.9256,2382.5247
2932,87,10.2688,73687.066,231024.7881,79.0,5,0,0,846.9778,2655.4573
2933,87,10.4222,86949.6466,272607.3713,82.0,4,0,0,999.4212,3133.4181
2934,88,10.2989,74319.7425,233008.5036,72.0,6,1,0,844.5425,2647.8239
2935,88,10.3703,84307.8475,264324.1633,77.0,5,0,0,958.0437,3003.6837
2936,88,10.521,84977.8572,266424.824,83.0,6,0,0,965.6575,3027.5548
2937,88,10.4595,73682.5655,231011.121,89.0,7,1,1,837.3019,2625.1264
2938,88,10.4106,72147.5646,226197.9341,86.0,6,0,0,819.8587,2570.4311
2939,88,10.4269,73358.6083,229994.2832,90.0,7,0,0,833.6205,2613.5714
2940,89,10.2121,68870.7694,215924.1703,97.0,8,1,0,773.8289,2426.1143
2941,89,10.1441,67175.6812,210609.3811,105.0,8,0,0,754.7829,2366.3975
2942,89,9.9745,65095.9236,204089.11,108.0,7,0,0,731.4149,2293.1361
2943,90,9.9557,80301.032,251760.491,100.0,6,1,0,892.2337,2797.3388
2944,90,9.956,73577.2912,230680.1194,106.0,6,0,0,817.5255,2563.1124
2945,90,10.0581,78831.486,247154.1198,114.0,8,0,0,875.9054,2746.1569
2946,91,10.1672,88391.7213,277127.3136,122.0,9,1,0,971.3376,3045.3551
2947,90,10.4775,88965.9679,278928.0144,130.0,8,0,1,988.5108,3099.2002
2948,90,10.5119,84125.9134,263753.3184,138.0,8,0,0,934.7324,2930.5924
2949,90,10.1488,70582.3082,221290.798,146.0,9,1,1,784.2479,2458.7866
2950,89,9.9485,77660.6328,243482.9661,155.0,9,0,1,872.5914,2735.7637
2951,89,9.9794,69408.5624,217610.0685,165.0,10,0,0,779.8715,2445.0569
2952,90,10.0712,78121.0526,244925.3714,176.0,12,1,0,868.0117,2721.393
2953,89,10.254,81070.5386,254172.9689,171.0,9,0,1,910.9049,2855.8761
2954,89,10.3572,79611.9904,249601.1343,177.0,8,0,0,894.5167,2804.5071
2955,89,10.3083,75242.0054,235899.9431,129.0,5,1,1,845.4158,2650.5612
2956,88,10.2724,73387.3165,230084.3995,126.0,3,0,1,833.9468,2614.5954
2957,88,10.3862,81171.1929,254490.0036,130.0,4,0,0,922.3999,2891.9319
2958,89,10.0638,67409.5653,211343.2714,132.0,4,1,0,757.4108,2374.6435
2959,88,10.2358,81569.9932,255740.3393,136.0,4,0,1,926.9317,2906.1402
2960,88,10.3747,85128.6354,266897.7604,140.0,4,0,0,967.3709,3032.9291
2961,88,10.2748,76761.2543,240663.6905,145.0,6,1,1,872.287,2734.8147
2962,87,10.5746,91241.2191,286062.272,150.0,5,0,1,1048.7496,3288.0721
2963,87,10.5846,71735.0402,224905.7293,130.0,4,0,0,824.5407,2585.1233
2964,88,10.7961,95496.2173,299402.8311,130.0,4,1,0,1085.1843,3402.3049
2965,88,10.8447,76905.132,241114.9252,133.0,3,0,0,873.922,2739.9423
2966,87,10.9667,81207.7538,254604.5155,136.0,3,0,1,933.4225,2926.4887
2967,88,10.8944,77663.9248,243493.945,141.0,6,1,0,882.5446,2766.9766
2968,88,10.9137,71403.0286,223864.4793,146.0,5,0,0,811.3981,2543.9145
2969,88,10.9573,76346.0997,239362.8428,148.0,4,0,0,867.5693,2720.0323
2970,89,10.8302,78828.8886,247146.5788,153.0,6,1,0,885.7178,2776.9279
2971,89,10.6872,66258.2973,207734.2748,153.0,4,0,0,744.4753,2334.093
2972,89,10.7208,78597.9307,246421.7293,157.0,4,0,0,883.1228,2768.7835
2973,90,10.5589,67864.7714,212770.675,161.0,5,1,0,754.053,2364.1186
2974,90,10.6096,69616.2988,218261.6639,151.0,5,0,0,773.5144,2425.1296
2975,90,10.7511,82667.4899,259180.721,156.0,5,0,0,918.5277,2879.7858
2976,91,10.72,79124.7147,248073.4932,154.0,5,1,0,869.5024,2726.0823
2977,91,10.7496,75682.8488,237282.2231,155.0,4,0,0,831.6797,2607.497
2978,90,10.8082,76492.668,239821.2337,159.0,4,0,1,849.9185,2664.6804
2979,91,10.414,60818.5923,190679.353,163.0,5,1,0,668.3362,2095.3775
2980,91,10.3741,75444.3951,236534.4002,167.0,4,0,0,829.0593,2599.2791
2981,90,10.1825,67918.4808,212939.4799,171.0,4,0,1,754.6498,2365.9942
2982,91,9.8813,73733.595,231170.159,176.0,6,1,0,810.2593,2540.3314
2983,91,9.9084,86239.9073,270381.1348,184.0,8,0,0,947.6913,2971.2213
2984,91,10.0661,87898.8957,275582.4355,193.0,9,0,0,965.9219,3028.3784
2985,92,9.7993,74927.8795,234914.3306,202.0,11,1,0,814.4335,2553.4166
2986,92,9.6575,76893.9921,241078.6337,208.0,9,0,0,835.8043,2620.4199
2987,92,9.6156,76369.5246,239434.7933,203.0,7,0,0,830.1035,2602.5521
2988,93,9.6684,87182.1148,273335.4017,207.0,8,1,0,937.4421,2939.0903
2989,93,10.1249,96731.7833,303275.8315,181.0,3,0,0,1040.1267,3261.0304
2990,91,10.5022,98128.6997,307656.4366,177.0,3,0,2,1078.3374,3380.84
2991,92,10.7903,97474.6339,305605.4521,180.0,4,1,0,1059.5069,3321.7984
2992,92,11.1863,102006.8895,319816.3033,183.0,3,0,0,1108.7705,3476.2642
2993,92,11.4116,83373.0281,261393.5865,186.0,3,0,0,906.2286,2841.2346
2994,92,11.4865,91316.3403,286298.4103,189.0,4,1,1,992.5689,3111.9392
2995,91,11.522,76763.6232,240671.3313,192.0,3,0,1,843.5563,2644.7399
2996,91,11.4464,69862.3273,219034.6175,188.0,2,0,0,767.7179,2406.9738
2997,92,11.2712,72681.2577,227871.9756,190.0,3,1,0,790.0137,2476.8693
2998,92,11.1291,69380.6391,217524.0102,194.0,4,0,0,754.1374,2364.3914
2999,92,10.9661,75495.8689,236696.7009,198.0,4,0,0,820.6073,2572.7902
3000,93,10.666,64324.061,201669.2613,203.0,6,1,0,691.6566,2168.4867
3001,91,10.773,76513.2584,239886.1802,207.0,5,0,2,840.805,2636.1119
3002,90,10.8656,86553.4964,271365.1013,212.0,5,0,1,961.7055,3015.1678
3003,91,10.7074,86132.0806,270043.8859,215.0,6,1,0,946.5064,2967.5152
3004,91,10.6497,70816.952,222026.4402,100.0,5,0,0,778.2083,2439.851
3005,91,10.5803,76157.2893,238769.8927,22.0,5,0,0,836.8933,2623.845
3006,91,10.5977,82645.8603,259112.4548,29.0,8,1,1,908.1963,2847.3896
3007,92,10.5944,82830.5652,259692.1387,35.0,8,1,0,900.3322,2822.7406
3008,92,10.6471,83414.7308,261523.4164,43.0,8,0,0,906.6819,2842.6458
3009,93,10.384,74799.1334,234511.7375,51.0,9,1,0,804.2918,2521.6316
3010,93,10.3989,81866.3309,256668.3725,59.0,8,0,0,880.2831,2759.875
3011,93,10.3909,76663.8352,240357.565,40.0,7,0,0,824.3423,2584.4899
3012,93,10.1062,67180.7492,210625.2124,47.0,8,1,1,722.3736,2264.7872
3013,93,10.3406,89118.3624,279405.9943,44.0,6,0,0,958.262,3004.3655
3014,93,10.4556,81777.0637,256389.1134,40.0,5,0,0,879.3233,2756.8722
3015,94,10.3134,84590.824,265210.8349,31.0,4,1,0,899.9024,2821.3919
3016,94,10.4398,88772.3202,278320.6025,34.0,3,0,0,944.3864,2960.8575
3017,94,10.2716,66828.0692,209520.6826,37.0,3,0,0,710.9369,2228.9434
3018,95,10.4692,97508.7404,305711.8712,41.0,5,1,0,1026.4078,3218.0197
3019,95,10.6804,84741.4404,265683.3822,35.0,5,0,0,892.0152,2796.6672
3020,95,10.9496,96361.9403,302117.1985,40.0,5,0,0,1014.3362,3180.181
3021,96,10.788,78696.0192,246729.5651,45.0,6,1,0,819.7502,2570.0996
3022,96,10.7068,72215.3696,226410.6161,52.0,7,0,0,752.2434,2358.4439
3023,96,10.7302,83840.8166,262858.7574,33.0,5,0,0,873.3418,2738.1121
3024,97,10.7592,87341.3003,273834.5137,40.0,8,1,0,900.4258,2823.0362
3025,97,10.9516,91498.9126,286869.7805,47.0,7,0,0,943.2878,2957.4204
3026,97,11.0058,83605.3151,262121.0053,54.0,7,0,0,861.9105,2702.2784
3027,98,10.8962,80712.1066,253049.1913,51.0,7,1,0,823.5929,2582.1346
3028,98,10.9584,78695.5076,246727.8799,57.0,6,0,0,803.0154,2517.6314
3029,96,11.1603,87513.802,274375.0692,63.0,6,0,2,911.6021,2858.0736
3030,97,11.059,76926.6929,241182.6113,51.0,6,1,0,793.0587,2486.4187
3031,96,11.123,84915.0377,266227.8984,56.0,5,0,1,884.5316,2773.2073
3032,96,11.0757,80449.7162,252227.9949,58.0,4,0,0,838.0179,2627.3749
3033,97,10.8501,78830.3675,247150.0386,52.0,6,1,0,812.6842,2547.9385
3034,97,10.9258,81842.6913,256594.6468,58.0,6,0,0,843.7391,2645.3056
3035,97,10.983,77240.5196,242165.5416,64.0,6,0,0,796.294,2496.552
3036,98,11.0717,98893.9753,310055.2711,70.0,7,1,0,1009.1222,3163.8293
3037,97,11.1223,83022.9021,260294.8921,76.0,6,0,1,855.9062,2683.4525
3038,96,10.8981,69233.8178,217063.3324,71.0,4,0,1,721.1856,2261.0764
3039,97,10.8809,83075.0799,260458.1838,76.0,6,1,0,856.4441,2685.1359
3040,97,11.0028,91217.3616,285987.6181,81.0,5,0,0,940.3852,2948.326
3041,97,11.1101,87615.8319,274695.1703,86.0,5,0,0,903.256,2831.909
3042,97,10.9241,73249.6031,229653.7234,88.0,6,1,1,755.1505,2367.5642
3043,97,10.9944,81927.3273,256859.579,94.0,6,0,0,844.6116,2648.0369
3044,96,10.9623,78775.0048,246976.3403,100.0,6,0,1,820.573,2572.6702
3045,95,11.0747,86118.847,270001.3286,93.0,6,1,2,906.5142,2842.1192
3046,95,11.052,76594.7963,240141.5544,98.0,5,0,0,806.261,2527.8058
3047,95,10.7684,60101.7418,188431.2174,103.0,5,0,0,632.6499,1983.4865
3048,95,10.5204,68340.4283,214261.8894,108.0,5,0,0,719.3729,2255.3883
3049,96,10.1804,66403.2989,208188.4327,113.0,6,1,0,691.701,2168.6295
3050,95,10.2263,88144.2184,276351.6292,118.0,5,0,1,927.8339,2908.9645
3051,96,10.1051,80630.0066,252792.4349,123.0,6,1,0,839.8959,2633.2545
3052,96,10.3027,91294.6871,286228.9565,119.0,5,0,0,950.9863,2981.5516
3053,96,10.4348,85524.287,268136.8356,114.0,6,0,0,890.878,2793.092
3054,97,10.3699,78330.9015,245583.388,120.0,7,1,0,807.5351,2531.7875
3055,97,10.2966,72981.9685,228814.6462,126.0,6,0,0,752.3914,2358.9139
3056,97,10.331,78210.1676,245205.5385,127.0,5,0,0,806.2904,2527.8921
3057,98,10.366,80502.3265,252392.0809,127.0,5,1,0,821.4523,2575.4294
3058,98,10.2932,79889.2557,250470.4913,131.0,4,0,0,815.1965,2555.8213
3059,97,10.4048,87059.026,272949.7492,135.0,4,0,1,897.5157,2813.9149
3060,98,10.3411,83475.2367,261713.3997,139.0,5,1,0,851.7881,2670.5449
3061,98,10.5839,94851.6961,297382.1433,143.0,4,0,0,967.8745,3034.5117
3062,98,10.6305,82268.0461,257928.5136,147.0,4,0,0,839.4699,2631.9236
3063,99,10.7457,100216.4056,314201.2867,151.0,5,1,0,1012.2869,3173.7504
3064,98,10.8223,75968.0224,238176.1281,155.0,4,0,1,775.1839,2430.3687
3065,98,10.9247,89588.4223,280880.5466,159.0,4,0,0,914.1676,2866.128
3066,99,10.7977,87445.5757,274161.1321,163.0,5,1,0,883.2886,2769.3044
3067,99,10.6897,77861.5646,244113.0864,152.0,3,0,0,786.4805,2465.7888
3068,99,10.692,81495.7346,255506.6923,155.0,3,0,0,823.1892,2580.8757
3069,100,10.5796,80313.6698,251801.1108,158.0,4,1,0,803.1367,2518.0111
3070,100,10.623,86702.8773,271832.4129,161.0,3,0,0,867.0288,2718.3241
3071,98,10.5488,76209.0495,238932.5157,164.0,3,0,2,777.6434,2438.0869
3072,99,10.4486,78160.572,245049.7602,167.0,4,1,0,789.5007,2475.2501
3073,99,10.4116,85987.4464,269589.2476,171.0,4,0,0,868.5601,2723.1237
3074,98,10.2498,65416.2209,205093.02,177.0,6,0,1,667.5125,2092.7859
3075,97,10.1804,79642.5566,249695.8721,183.0,7,1,2,821.0573,2574.1842
3076,97,10.4131,94286.8446,295609.6359,186.0,5,0,0,972.0293,3047.522
3077,97,10.4272,74156.3709,232496.3265,191.0,5,0,0,764.4987,2396.8693
3078,98,10.1479,74700.0806,234200.9146,196.0,6,1,0,762.2457,2389.8053
3079,97,10.2326,88105.4007,276229.9929,201.0,5,0,1,908.3031,2847.7319
3080,97,10.1423,83684.8752,262370.3764,206.0,5,0,0,862.7307,2704.8492
3081,97,10.0314,80953.3534,253805.9387,211.0,6,1,1,834.5707,2616.5561
3082,97,10.1105,80684.4035,252962.9616,218.0,7,0,0,831.798,2607.8656
3083,97,10.2809,88747.6182,278242.9724,216.0,7,0,0,914.9239,2868.4843
3084,97,10.3322,85382.5662,267692.5159,217.0,6,1,1,880.2326,2759.7167
3085,97,10.6088,92414.7899,289741.3235,222.0,5,0,0,952.7298,2987.024
3086,97,10.7394,86477.406,271126.3854,227.0,5,0,0,891.5196,2795.1174
3087,98,10.6694,83311.7893,261201.0772,232.0,6,1,0,850.1203,2665.3171
3088,98,10.7921,97121.8055,304499.2008,237.0,5,0,0,991.0388,3107.1347
3089,98,10.7914,84703.7815,265564.652,242.0,5,0,0,864.3243,2709.8434
3090,98,10.3897,68027.872,213281.6849,248.0,7,1,1,694.162,2176.3437
3091,98,10.4066,87869.6502,275491.033,235.0,5,0,0,896.6291,2811.133
3092,98,10.5787,85606.6726,268395.7318,231.0,5,0,0,873.5375,2738.732
3093,98,10.7288,93236.9271,292318.8657,236.0,6,1,1,951.3972,2982.8456
3094,97,10.8354,89601.7197,280921.1886,241.0,5,0,1,923.7291,2896.0947
3095,97,10.872,80889.0056,253604.6732,246.0,5,0,0,833.9073,2614.4812
3096,96,10.9619,84275.9738,264223.9471,245.0,5,0,1,877.8747,2752.3328
3097,96,10.9581,70447.7895,220869.4421,250.0,5,0,0,733.8311,2300.7234
3098,96,11.0705,89245.5308,279805.0551,255.0,5,0,0,929.6409,2914.636
3099,97,10.9217,81735.0971,256257.6675,260.0,7,2,1,842.6299,2641.8316
3100,95,11.0522,86527.5922,271283.6939,265.0,5,0,2,910.8168,2855.6178
3101,95,11.0506,76338.5879,239338.7835,271.0,6,0,0,803.5641,2519.3556
3102,95,10.9461,73345.8943,229955.2074,264.0,5,1,1,772.062,2420.5811
3103,95,11.1063,89874.6937,281777.6093,269.0,5,0,0,946.0494,2966.0801
3104,95,11.2505,82768.568,259497.3301,274.0,5,0,0,871.2481,2731.5508
3105,95,11.2932,83241.754,260981.6387,279.0,6,1,1,876.229,2747.1751
3106,95,11.4965,87641.4924,274775.9728,284.0,5,0,0,922.542,2892.3787
3107,95,11.6366,85934.3078,269423.4449,277.0,4,0,0,904.5717,2836.0363
3108,96,11.5155,83461.2841,261670.3603,275.0,4,1,0,869.3884,2725.7329
3109,96,11.6558,90484.4461,283690.0681,278.0,3,0,0,942.5463,2955.1049
3110,96,11.5501,77785.2012,243874.1508,281.0,3,0,0,810.2625,2540.3557
3111,96,11.2387,74430.0329,233354.5857,284.0,4,1,1,775.3128,2430.7769
3112,96,10.9686,68445.389,214590.6376,288.0,4,0,0,712.9728,2235.3191
3113,96,10.9319,81122.9084,254337.7921,292.0,4,0,0,845.0303,2649.352
3114,97,10.8811,84423.4648,264685.4157,297.0,6,1,0,870.345,2728.7156
3115,96,11.0418,80821.7708,253394.2722,304.0,7,0,1,841.8934,2639.5237
3116,96,11.1962,89661.8815,281110.4141,312.0,8,0,0,933.9779,2928.2335
3117,97,10.8495,63513.8196,199128.936,320.0,9,1,0,654.7816,2052.8756
3118,96,10.6952,76618.7221,240215.9989,328.0,8,0,1,798.1117,2502.25
3119,96,10.6084,75388.8557,236359.9983,332.0,7,0,0,785.3006,2462.0833
3120,97,10.453,71433.3491,223957.9491,339.0,8,1,0,736.4263,2308.8448
3121,96,10.6081,88339.5325,276964.0122,322.0,4,0,1,920.2035,2885.0418
3122,96,10.6467,76116.6218,238641.5998,318.0,4,0,0,792.8815,2485.85
3123,96,10.4544,72024.967,225813.7146,322.0,5,1,1,750.2601,2352.2262
3124,96,10.3289,81772.2141,256374.5573,327.0,5,0,0,851.7939,2670.5683
3125,95,10.242,79824.7946,250268.6874,330.0,4,0,1,840.261,2634.4072
3126,96,10.1768,75605.3631,237039.3078,214.0,5,1,0,787.5559,2469.1595
3127,96,10.1496,77251.5664,242200.6964,112.0,3,0,0,804.7038,2522.9239
3128,96,10.1061,85130.2683,266902.6413,11.0,3,0,0,886.7736,2780.2358
3129,97,10.2224,92744.338,290774.5869,14.0,4,1,0,956.1272,2997.6762
3130,97,10.5396,96835.6085,303601.8119,17.0,3,0,0,998.3052,3129.9156
3131,96,10.6212,91599.1082,287184.6278,20.0,3,0,1,954.1574,2991.5065
3132,96,10.4773,92889.1341,291228.1462,23.0,4,1,1,967.5951,3033.6265
3133,96,10.6331,94884.4535,297484.3538,27.0,4,0,0,988.3797,3098.7954
3134,95,10.6558,73067.1274,229081.1002,31.0,4,0,1,769.1277,2411.38
3135,96,10.636,80692.8978,252989.8042,36.0,6,1,0,840.551,2635.3105
3136,96,10.9068,90638.3998,284171.8875,41.0,5,0,0,944.15,2960.1238
3137,96,10.9649,75444.5576,236534.8001,46.0,5,0,0,785.8808,2463.9042
3138,97,10.908,88628.9275,277871.8621,15.0,3,1,0,913.7003,2864.6584
3139,97,10.8626,75455.1235,236568.2574,12.0,1,0,0,777.8879,2438.848
3140,97,11.0089,87998.499,275895.016,13.0,1,0,0,907.201,2844.2785
3141,97,10.9264,80316.5242,251810.4556,14.0,2,1,1,828.0054,2595.9841
3142,97,10.7219,73634.2902,230859.4913,15.0,1,0,0,759.1164,2379.9948
3143,97,10.6182,74967.8878,235041.1401,17.0,2,0,0,772.8648,2423.1045
3144,98,10.355,68435.226,214559.3031,19.0,3,1,0,698.3186,2189.3806
3145,97,10.4059,84908.146,266206.8079,21.0,2,0,1,875.3417,2744.4001
3146,96,10.266,72985.1182,228824.3449,23.0,2,0,1,760.2616,2383.5869
3147,97,10.0337,76390.969,239502.4562,26.0,4,1,0,787.5358,2469.0975
3148,96,10.3931,90462.6242,283620.1504,28.0,3,0,1,942.319,2954.3766
3149,96,10.536,87634.4827,274753.4247,31.0,3,0,0,912.8592,2862.0148
3150,97,10.4116,74517.6079,233629.2053,34.0,4,1,0,768.2228,2408.5485
3151,96,10.3462,79281.8185,248565.7658,38.0,4,0,1,825.8523,2589.2267
3152,96,10.3643,82888.584,259874.1058,37.0,3,0,0,863.4228,2707.0219
3153,97,10.2654,79389.5204,248903.3134,38.0,4,1,0,818.4487,2566.0135
3154,97,10.3602,82730.7555,259379.6993,29.0,2,0,0,852.8944,2674.0175
3155,97,10.5531,83734.6045,262526.5547,31.0,2,0,0,863.2433,2706.4593
3156,97,10.4692,76112.3223,238629.0323,33.0,3,1,1,784.6631,2460.0931
3157,97,10.5687,81116.9308,254319.8122,30.0,1,0,0,836.257,2621.8537
3158,97,10.5965,80628.4694,252788.0968,31.0,1,0,0,831.2213,2606.0629
3159,98,10.4759,85276.9051,267362.3139,32.0,2,1,0,870.1725,2728.1869
3160,98,10.5682,78734.6591,246850.889,35.0,3,0,0,803.4149,2518.8866
3161,98,10.5389,79697.6224,249869.607,37.0,3,0,0,813.241,2549.6899
3162,99,10.3659,84097.8962,263666.0767,40.0,4,1,0,849.4737,2663.2937
3163,99,10.4249,86346.3561,270715.4319,43.0,3,0,0,872.1854,2734.4993
3164,99,10.4112,80883.7256,253588.4876,46.0,3,0,0,817.0073,2561.4999
3165,99,10.291,87735.6221,275070.9368,49.0,4,1,1,886.2184,2778.4943
3166,99,10.325,85732.891,268791.7572,52.0,3,0,0,865.9888,2715.0683
3167,99,10.3676,85465.1504,267951.9238,55.0,3,0,0,863.2843,2706.5851
3168,100,10.3446,87979.5039,275834.9443,60.0,6,1,0,879.795,2758.3494
3169,100,10.301,78767.7815,246953.465,66.0,6,0,0,787.6778,2469.5347
3170,99,10.2103,81117.5673,254321.1994,73.0,7,0,1,819.3694,2568.901
3171,100,10.0918,79081.9543,247938.0145,76.0,7,1,0,790.8195,2479.3801
3172,100,10.0489,72984.5702,228821.9322,82.0,6,0,0,729.8457,2288.2193
3173,99,9.8322,70404.4308,220732.6425,89.0,7,0,1,711.1559,2229.6227
3174,99,9.5171,81463.2229,255404.8006,96.0,8,1,1,822.8608,2579.8465
3175,98,9.2058,66236.3895,207663.8113,104.0,8,0,1,675.8815,2119.0185
3176,97,9.2383,82470.1702,258561.0524,112.0,8,0,1,850.2079,2665.5779
3177,98,9.0346,69665.4255,218415.0349,120.0,9,1,0,710.8717,2228.7248
3178,98,9.1231,81741.267,256275.6144,130.0,10,0,0,834.0946,2615.0573
3179,98,9.1531,77717.819,243661.3631,141.0,11,0,0,793.039,2486.3404
3180,99,9.1333,83070.2403,260442.524,129.0,10,1,0,839.0933,2630.7326
3181,99,9.3153,103951.3173,325910.1876,138.0,9,0,0,1050.0133,3292.0221
3182,98,9.1684,73740.8679,231192.6411,148.0,10,0,1,752.4578,2359.1086
3183,98,9.0805,77411.4069,242700.3639,158.0,11,1,1,789.9123,2476.5343
3184,98,9.0159,67939.7065,213003.5153,169.0,11,0,0,693.2623,2173.5053
3185,98,9.1307,82955.7364,260082.8104,177.0,11,0,0,846.4871,2653.9062
3186,98,9.0809,75651.5839,237182.104,180.0,12,1,1,771.9549,2420.2256
3187,98,9.242,77310.1002,242382.05,173.0,7,0,0,788.8786,2473.2862
3188,98,9.3121,77257.2235,242216.4378,164.0,6,0,0,788.339,2471.5963
3189,98,9.3934,80652.4526,252861.96,170.0,7,1,1,822.9842,2580.2241
3190,97,9.438,91474.9365,286794.1938,177.0,7,0,1,943.0406,2956.6412
3191,97,9.4921,75845.3927,237790.8925,184.0,7,0,0,781.9113,2451.4525
3192,98,9.5426,84798.8494,265861.915,191.0,8,1,0,865.2944,2712.8767
3193,97,9.6945,96234.2277,301716.3259,198.0,7,0,1,992.1054,3110.4776
3194,95,9.8755,93033.3131,291680.0807,205.0,7,0,2,979.298,3070.3166
3195,96,9.8212,86217.9258,270312.282,212.0,8,1,0,898.1034,2815.7529
3196,94,9.8857,79294.6756,248605.5822,219.0,7,0,2,843.5604,2644.7402
3197,94,9.7835,70627.443,221431.4884,226.0,7,0,0,751.3558,2355.6541
3198,94,9.7384,86854.8803,272308.3548,201.0,7,1,1,923.9881,2896.8974
3199,93,9.7491,75133.3626,235558.1986,185.0,5,0,1,807.8856,2532.8839
3200,93,9.7562,74410.5701,233292.7476,187.0,4,0,0,800.1137,2508.5242
3201,93,9.4585,68964.9674,216219.3435,192.0,6,1,1,741.5588,2324.9392
3202,92,9.5527,82892.5398,259885.8533,198.0,6,0,1,901.0059,2824.8462
3203,92,9.6072,75039.5088,235265.0028,204.0,6,0,0,815.6468,2557.2283
3204,93,9.6209,83873.8961,262963.1926,210.0,7,1,0,901.8699,2827.5612
3205,93,9.6234,78140.6071,244986.9971,216.0,6,0,0,840.2216,2634.2688
3206,92,9.7622,83637.2384,262221.3303,222.0,6,0,1,909.1004,2850.2319
3207,91,9.7022,77256.9901,242217.0064,229.0,8,1,2,848.9779,2661.7253
3208,91,9.8405,78791.5031,247027.8561,238.0,9,0,0,865.8407,2714.5918
3209,91,9.9503,77853.1315,244085.8901,248.0,10,0,0,855.5289,2682.2625
3210,92,9.8376,66472.3525,208403.9069,258.0,11,1,0,722.5256,2265.2599
3211,92,9.8863,74889.1916,234792.7954,268.0,10,0,0,814.013,2552.0956
3212,91,9.7285,65770.9491,206204.5527,278.0,10,0,1,722.7577,2265.9841
3213,92,9.3377,63147.6148,197979.4553,288.0,11,1,0,686.3871,2151.9506
3214,92,9.2619,69103.7121,216653.5979,299.0,11,0,0,751.1273,2354.9304
3215,92,9.2036,69627.646,218295.9545,310.0,11,0,0,756.8222,2372.7821
3216,93,9.2538,86804.0316,272148.8377,321.0,12,1,0,933.3767,2926.3316
3217,93,9.2877,84478.7947,264858.5775,332.0,11,0,0,908.3741,2847.9417
3218,93,9.1133,71310.0992,223572.0436,331.0,10,0,0,766.7753,2404.0005
3219,94,9.1175,84784.1003,265815.6513,341.0,11,1,0,901.9585,2827.8261
3220,94,9.1837,79030.4179,247776.949,331.0,9,0,0,840.7491,2635.925
3221,94,9.3713,85287.7849,267395.6443,326.0,8,0,0,907.3169,2844.6345
3222,93,9.5122,84732.7367,265655.2381,325.0,8,1,2,911.1047,2856.5079
3223,93,9.7316,90018.4702,282227.9365,310.0,6,0,0,967.9405,3034.709
3224,93,9.9144,89822.8907,281615.9145,283.0,4,0,0,965.8375,3028.1281
3225,94,10.116,102395.4213,321033.2854,287.0,5,1,0,1089.313,3415.2477
3226,94,10.3125,86979.2419,272699.3222,291.0,4,0,0,925.3111,2901.0566
3227,93,10.3787,82384.1155,258292.4128,295.0,4,0,1,885.8507,2777.3378
3228,94,10.3816,89877.7613,281786.9945,299.0,5,1,0,956.1464,2997.734
3229,94,10.3643,83455.6517,261652.2553,303.0,4,0,0,887.8261,2783.5346
3230,94,10.3567,75718.9293,237394.5833,307.0,4,0,0,805.5205,2525.4743
3231,95,10.2036,75524.3802,236785.763,312.0,6,1,0,794.9935,2492.4817
3232,95,10.2032,78990.3474,247651.4241,317.0,5,0,0,831.4773,2606.8571
3233,94,10.3082,74678.4473,234133.9337,319.0,4,0,1,794.4516,2490.7865
3234,95,10.3237,90838.395,284798.4046,323.0,5,1,0,956.1936,2997.8779
3235,95,10.1879,71178.6124,223160.3372,327.0,4,0,0,749.2486,2349.0562
3236,95,10.1762,85534.8123,268170.0099,331.0,4,0,0,900.3664,2822.8422
3237,96,9.8781,78335.7765,245600.3517,336.0,6,1,0,815.9977,2558.337
3238,95,9.9061,83834.0765,262838.421,341.0,5,0,1,882.464,2766.7202
3239,95,9.9823,84638.7671,265361.3713,346.0,5,0,0,890.9344,2793.2776
3240,96,9.9342,78466.1893,246008.0412,351.0,6,1,0,817.3561,2562.5838
3241,96,9.9608,77455.7583,242839.5705,357.0,6,0,0,806.8308,2529.5789
3242,96,9.9012,75417.0175,236448.2536,364.0,7,0,0,785.5939,2463.0026
3243,96,9.79,73096.1408,229171.1049,371.0,8,1,1,761.4181,2387.199
3244,95,9.8215,66546.5462,208637.0999,374.0,6,0,1,700.49,2196.18
3245,95,9.8556,78366.6877,245695.9942,380.0,6,0,0,824.9125,2586.2736
3246,96,9.6109,78394.1755,245782.5917,386.0,7,1,0,816.606,2560.2353
3247,96,9.4085,70786.9682,221931.9767,392.0,6,0,0,737.3643,2311.7914
3248,95,9.6627,78993.0047,247659.9865,278.0,6,0,1,831.5053,2606.9472
3249,96,9.5881,80936.0457,253750.5564,195.0,7,1,0,843.0838,2643.235
3250,96,9.6593,79400.7039,248937.7263,114.0,8,0,0,827.0907,2593.1013
3251,95,9.6448,75728.8697,237425.7308,34.0,6,0,1,797.146,2499.2182
3252,96,9.3822,70931.9582,222385.9224,41.0,8,1,0,738.8746,2316.52
3253,96,9.328,76731.151,240567.8175,44.0,6,0,0,799.2828,2505.9148
3254,96,9.347,71872.3587,225334.4181,20.0,5,0,0,748.6704,2347.2335
3255,97,9.2306,80534.1572,252491.2046,25.0,6,1,0,830.249,2603.0021
3256,96,9.2959,78708.9314,246769.402,32.0,7,0,1,819.8847,2570.5146
3257,95,9.6156,95023.5988,297919.652,37.0,6,0,1,1000.2484,3135.9963
3258,95,9.5943,83419.6108,261539.0996,44.0,8,1,1,878.1012,2753.0432
3259,95,9.6681,80097.8483,251124.3335,45.0,6,0,0,843.1352,2643.414
3260,95,9.8117,82336.1785,258142.2863,48.0,5,0,0,866.6966,2717.2872
3261,96,9.757,95012.0262,297884.759,54.0,7,1,0,989.7086,3102.9662
3262,95,9.9079,91496.1865,286861.1968,50.0,6,0,1,963.1178,3019.5915
3263,95,10.1288,86586.591,271467.6997,27.0,4,0,0,911.4378,2857.5547
3264,95,10.0772,69899.6839,219150.4044,32.0,6,1,1,735.7861,2306.8464
3265,95,10.1471,78954.6226,247539.4652,37.0,5,0,0,831.1013,2605.6786
3266,95,10.2881,85294.0376,267414.8467,42.0,5,0,0,897.832,2814.8931
3267,96,10.2068,80185.2336,251398.7135,43.0,5,1,0,835.2629,2618.7366
3268,96,10.2477,73790.2642,231347.8991,35.0,4,0,0,768.6486,2409.8739
3269,96,10.3492,76817.606,240840.0535,40.0,5,0,0,800.1834,2508.7506
3270,96,10.2451,80128.658,251220.7647,45.0,6,1,1,834.6735,2616.883
3271,96,10.1682,71272.0406,223453.3597,46.0,4,0,0,742.4171,2327.6392
3272,96,10.2186,80595.6246,252684.5076,50.0,4,0,0,839.5378,2632.1303
3273,96,9.9425,66738.0527,209237.5186,54.0,5,1,1,695.188,2179.5575
3274,95,9.819,71543.7111,224304.1999,59.0,5,0,1,753.0917,2361.0968
3275,95,9.8597,77878.5723,244166.0316,62.0,4,0,0,819.7744,2570.1688
3276,96,9.8336,92247.4551,289215.817,68.0,7,1,0,960.911,3012.6648
3277,96,9.849,84235.7061,264096.8606,75.0,7,0,0,877.4553,2751.009
3278,95,9.7903,77147.8871,241874.8454,82.0,7,0,1,812.083,2546.051
3279,95,9.8102,82254.7345,257885.9975,75.0,7,1,1,865.8393,2714.5894
3280,95,9.8638,77072.1053,241637.0845,81.0,6,0,0,811.2853,2543.5483
3281,95,9.9158,78486.0221,246070.0951,87.0,6,0,0,826.1687,2590.2115
3282,96,9.7344,74446.3587,233404.3448,93.0,7,1,0,775.4829,2431.2953
3283,96,9.6969,66054.2347,207093.1755,99.0,6,0,0,688.0649,2157.2206
3284,96,9.7606,79105.7417,248013.504,105.0,6,0,0,824.0181,2583.474
3285,96,9.6358,84321.7229,264366.4937,112.0,8,1,1,878.3513,2753.8176
3286,96,9.4589,71050.4455,222757.2821,110.0,7,0,0,740.1088,2320.3884
3287,95,9.5387,81001.966,253958.4485,112.0,5,0,1,852.6523,2673.2468
3288,96,9.4049,75793.0423,237627.5524,105.0,6,1,0,789.5109,2475.287
3289,96,9.4902,78793.6113,247033.9382,99.0,4,0,0,820.7668,2573.2702
3290,96,9.6108,80607.1909,252721.1258,103.0,4,0,0,839.6582,2632.5117
3291,96,9.7448,87203.4194,273401.2114,107.0,5,1,1,908.369,2847.9293
3292,95,9.8488,77429.0972,242756.6576,106.0,3,0,1,815.0431,2555.3332
3293,95,9.9673,80501.2829,252388.9358,109.0,3,0,0,847.3819,2656.7256
3294,96,9.687,65702.1788,205989.8476,113.0,5,1,0,684.3977,2145.7276
3295,96,9.5644,70589.7688,221313.4337,118.0,5,0,0,735.3101,2305.3483
3296,96,9.5748,73551.1073,230597.5009,123.0,5,0,0,766.1574,2402.0573
3297,97,9.4788,73980.1533,231942.2198,125.0,5,1,0,762.682,2391.1569
3298,97,9.4721,80823.8227,253399.9564,129.0,4,0,0,833.2353,2612.3707
3299,97,9.4429,72662.8859,227813.9978,133.0,4,0,0,749.1019,2348.5979
3300,97,9.2743,84284.5727,264250.6713,138.0,6,1,1,868.9131,2724.2337
3301,96,9.3025,82947.8763,260058.4884,141.0,4,0,1,864.0404,2708.9426
3302,96,9.3128,64973.5542,203705.2479,146.0,5,0,0,676.8079,2121.9297
3303,96,9.2801,78681.9566,246683.7033,151.0,6,1,1,819.6037,2569.6219
3304,96,9.1507,71774.1363,225026.802,156.0,5,0,0,747.6473,2344.0292
3305,94,9.1123,73644.6955,230891.0997,161.0,5,0,2,783.4542,2456.2883
3306,94,9.002,75403.7189,236406.1503,168.0,7,0,0,802.1672,2514.959
3307,95,8.8366,74047.3552,232153.385,175.0,8,1,0,779.4458,2443.7198
3308,95,8.7057,72617.3758,227669.8641,184.0,9,0,0,764.3934,2396.5249
3309,96,8.5374,83755.4293,262589.4231,196.0,13,1,0,872.4524,2735.3065
3310,96,8.4749,69201.8136,216959.8163,200.0,10,0,0,720.8522,2259.9981
3311,96,8.5407,75463.2597,236591.0094,211.0,11,0,0,786.0756,2464.4897
3312,97,8.5603,69955.8564,219324.6373,220.0,13,1,0,721.1944,2261.0787
3313,97,8.8154,82363.2201,258224.4966,210.0,10,0,0,849.1054,2662.1082
3314,97,8.9713,81109.2086,254293.7899,220.0,10,0,0,836.1774,2621.5855
3315,98,8.8322,84169.9787,263890.6663,230.0,11,1,0,858.8773,2692.7619
3316,97,8.8681,79425.782,249016.1718,222.0,9,0,1,818.8225,2567.177
3317,96,8.9888,81502.4269,255526.9392,231.0,9,0,1,848.9836,2661.7389
3318,96,9.1067,92147.348,288901.213,230.0,9,1,1,959.8682,3009.3876
3319,96,9.2953,86917.8784,272505.5083,230.0,8,0,0,905.3946,2838.599
3320,96,9.3989,81600.7183,255835.8017,238.0,8,0,0,850.0075,2664.9563
3321,96,9.4718,87159.8902,273264.8891,247.0,10,1,1,907.9155,2846.5093
3322,95,9.6633,84082.7123,263616.7231,245.0,8,0,1,885.0812,2774.9129
3323,95,9.7327,77609.6896,243322.6174,227.0,6,0,0,816.9441,2561.2907
3324,96,9.8099,82260.8928,257904.9032,233.0,7,1,0,856.8843,2686.5094
3325,96,9.7539,71163.1047,223110.8324,239.0,6,0,0,741.2823,2324.0712
3326,96,9.8512,80073.1365,251046.5031,245.0,6,0,0,834.0952,2615.0677
3327,97,9.8334,82896.57,259898.9521,251.0,7,1,0,854.6038,2679.3706
3328,97,9.9764,87557.8383,274513.6932,247.0,5,0,0,902.6581,2830.0381
3329,97,9.9039,73222.2475,229567.2025,252.0,5,0,0,754.8685,2366.6722
3330,98,9.7789,69289.7631,217237.8063,257.0,6,1,0,707.0384,2216.7123
3331,95,10.063,90995.5155,285291.4055,262.0,5,0,3,957.8475,3003.0674
3332,94,10.057,65007.2988,203811.766,267.0,5,0,1,691.567,2168.2103
3333,95,9.9703,72623.3712,227689.3798,272.0,6,1,0,764.4565,2396.7303
3334,95,10.0512,77617.4092,243347.1188,265.0,4,0,0,817.0254,2561.5486
3335,95,10.0729,68756.9023,215566.8724,270.0,5,0,0,723.7569,2269.125
3336,96,9.9242,73522.8796,230508.8944,275.0,6,1,0,765.8633,2401.1343
3337,96,10.0843,82233.9414,257820.7005,282.0,7,0,0,856.6036,2685.6323
3338,96,9.9342,61983.752,194331.7838,289.0,7,0,0,645.6641,2024.2894
3339,97,9.9617,90281.7403,283052.1423,293.0,7,1,0,930.7396,2918.0633
3340,96,9.8606,71932.701,225523.9872,294.0,6,0,1,749.299,2349.2082
3341,95,9.7591,79180.0676,248246.1312,300.0,6,0,1,833.4744,2613.1172
3342,96,9.6324,73637.9425,230870.0372,306.0,7,1,0,767.0619,2404.8962
3343,95,9.6687,75847.9717,237798.9648,313.0,7,0,1,798.3997,2503.147
3344,95,9.7813,81991.4318,257060.4693,320.0,7,0,0,863.0677,2705.8997
3345,96,9.652,78276.4349,245412.5634,319.0,8,1,0,815.3795,2556.3809
3346,95,9.6454,70675.32,221581.5205,326.0,7,0,1,743.9507,2332.4371
3347,95,9.6671,78346.2142,245631.9092,326.0,7,0,0,824.697,2585.599
3348,96,9.7338,83541.6842,261920.63,333.0,8,1,0,870.2259,2728.3399
3349,94,9.9144,87224.8424,273468.4415,340.0,7,0,2,927.9239,2909.2387
3350,93,10.0321,83704.5151,262431.8295,347.0,7,0,1,900.0485,2821.8476
3351,92,9.9331,73380.0403,230061.8676,354.0,8,1,2,797.6091,2500.6725
3352,91,9.8939,75052.8555,235305.9004,361.0,7,0,1,824.7567,2585.7791
3353,91,9.7146,64400.7501,201909.0197,369.0,8,0,0,707.7006,2218.7804
3354,92,9.482,61792.1227,193730.325,377.0,9,1,0,671.6535,2105.7644
3355,91,9.4069,69520.7824,217960.9447,385.0,8,0,1,763.9646,2395.1752
3356,91,9.2822,68020.4647,213257.8802,390.0,8,0,0,747.4776,2343.4932
3357,92,9.0475,61505.8437,192832.2802,372.0,7,1,0,668.5418,2096.003
3358,92,9.0357,71197.1781,223217.4682,364.0,5,0,0,773.8824,2426.2768
3359,91,9.1821,81700.9316,256149.8157,365.0,4,0,1,897.8124,2814.8331
3360,92,9.173,73229.9526,229591.0761,369.0,5,1,0,795.9777,2495.5552
3361,92,9.3357,78541.2856,246242.9275,373.0,4,0,0,853.7096,2676.5536
3362,92,9.5989,86075.2011,269864.0678,379.0,6,0,0,935.6,2933.3051
3363,93,9.6823,79130.4191,248090.6134,383.0,6,1,0,850.8647,2667.641
3364,93,9.9749,94827.1769,297304.8715,388.0,5,0,0,1019.6471,3196.8266
3365,93,10.2124,79561.7946,249444.2129,393.0,5,0,0,855.5032,2682.1958
3366,94,10.1137,71207.3761,223250.4471,398.0,6,1,0,757.5253,2375.0048
3367,94,10.325,87085.7284,273032.9526,403.0,5,0,0,926.4439,2904.6059
3368,94,10.4224,84314.9583,264346.874,408.0,5,0,0,896.9676,2812.2008
3369,94,10.2115,76454.7271,239701.7391,413.0,6,1,1,813.3482,2550.0185
3370,94,10.1506,66774.6887,209352.3975,297.0,4,0,0,710.369,2227.1532
3371,94,9.8888,64628.1091,202622.9185,190.0,3,0,0,687.5331,2155.563
3372,95,9.6121,73938.3054,231811.4106,85.0,6,1,0,778.298,2440.1201
3373,95,9.4614,69734.2147,218631.2533,18.0,4,0,0,734.0444,2301.3816
3374,95,9.5526,82564.4586,258856.9026,10.0,4,0,0,869.0996,2724.8095
3375,95,9.4903,79839.0236,250312.1598,11.0,5,1,1,840.4108,2634.8648
3376,95,9.5752,78133.2362,244964.2916,15.0,4,0,0,822.4551,2578.5715
3377,93,9.6112,78966.298,247576.2861,19.0,4,0,2,849.1,2662.1106
3378,94,9.6077,85024.3745,266570.3026,24.0,6,1,0,904.5146,2835.8543
3379,94,9.8559,92761.0373,290826.3525,24.0,4,0,0,986.8195,3093.8974
3380,94,9.779,72714.7784,227975.9399,28.0,4,0,0,773.5615,2425.276
3381,95,9.6096,70898.4328,222281.0689,32.0,5,1,0,746.2993,2339.8007
3382,95,9.6739,86521.1673,271262.5562,37.0,5,0,0,910.7491,2855.3953
3383,95,9.6709,80040.2758,250943.419,43.0,6,0,0,842.5292,2641.5097
3384,94,9.4925,74305.8783,232963.8974,50.0,8,1,2,790.4881,2478.3393
3385,94,9.4565,78250.8852,245332.6188,45.0,5,0,0,832.4562,2609.9215
3386,94,9.267,61394.6198,192483.9752,50.0,5,0,0,653.1343,2047.7019
3387,95,9.1633,72158.3057,226230.8968,56.0,7,1,0,759.5611,2381.3779
3388,95,9.3947,91060.143,285493.2744,48.0,6,0,0,958.5278,3005.1924
3389,95,9.5184,87973.4815,275816.1534,54.0,6,0,0,926.0366,2903.3279
3390,95,9.4623,80068.0297,251030.9244,61.0,8,1,1,842.8214,2642.4308
3391,95,9.4588,83667.6925,262315.2527,68.0,7,0,0,880.7126,2761.2132
3392,95,9.4337,72109.6858,226078.5781,45.0,6,0,0,759.0493,2379.7745
3393,96,9.3796,79051.5894,247842.111,52.0,8,1,0,823.4541,2581.6887
3394,96,9.4473,73053.0327,229036.0013,61.0,9,0,0,760.9691,2385.7917
3395,95,9.3971,75329.5498,236174.7202,68.0,8,0,1,792.9426,2486.0497
3396,96,9.2155,74282.0567,232888.9512,73.0,8,1,0,773.7714,2425.9266
3397,96,9.2045,79624.0911,249637.7377,81.0,8,0,0,829.4176,2600.3931
3398,96,9.2744,73484.1065,230387.7887,89.0,8,0,0,765.4594,2399.8728
3399,97,9.2129,78757.5952,246920.3804,97.0,9,1,0,811.934,2545.5709
3400,97,9.0075,74291.0963,232918.1141,105.0,8,0,0,765.8876,2401.2177
3401,97,8.8453,72919.9275,228617.6951,114.0,9,0,0,751.7518,2356.8835
3402,98,8.7073,74803.1722,234522.3888,124.0,11,1,0,763.2977,2393.0856
3403,98,8.7103,78608.7783,246454.1976,135.0,11,0,0,802.1304,2514.8388
3404,98,8.8787,89975.1301,282090.2088,147.0,12,0,0,918.1136,2878.4715
3405,99,8.9149,84249.6482,264140.057,143.0,11,1,0,851.0065,2668.0814
3406,99,8.9432,74299.4081,232942.724,125.0,7,0,0,750.4991,2352.9568
3407,99,9.2328,88950.8786,278878.9627,127.0,7,0,0,898.4937,2816.9592
3408,99,9.3735,87149.2192,273230.7278,133.0,8,1,1,880.2951,2759.9063
3409,99,9.4224,80625.32,252777.6969,140.0,7,0,0,814.3972,2553.3101
3410,99,9.4647,80638.7311,252819.6211,147.0,7,0,0,814.5326,2553.7335
3411,100,9.4983,88192.174,276500.9317,154.0,8,1,0,881.9217,2765.0093
3412,99,9.5195,78807.0549,247076.2234,150.0,7,0,1,796.0309,2495.7194
3413,99,9.5044,78265.0335,245377.6707,157.0,7,0,0,790.5559,2478.5623
3414,100,9.4463,85899.5262,269313.7441,157.0,7,1,0,858.9953,2693.1374
3415,100,9.4875,82013.877,257130.0685,163.0,6,0,0,820.1388,2571.3007
3416,100,9.4357,76829.3957,240876.8553,165.0,6,0,0,768.294,2408.7686
3417,101,9.4715,91418.5112,286616.7042,171.0,7,1,0,905.1338,2837.7892
3418,101,9.6021,85565.1935,268265.1739,177.0,6,0,0,847.1801,2656.0908
3419,100,9.6414,74012.0375,232043.5956,184.0,7,0,1,740.1204,2320.436
3420,101,9.8094,93434.4327,292937.1317,191.0,8,1,0,925.0934,2900.3676
3421,101,9.7986,72462.2716,227184.2433,198.0,7,0,0,717.4482,2249.3489
3422,101,9.931,90030.1377,282263.9967,205.0,7,0,0,891.3875,2794.693
3423,102,9.7294,70023.6587,219537.3404,212.0,8,1,0,686.5065,2152.3269
3424,102,9.7002,79539.4175,249372.1344,219.0,7,0,0,779.7982,2444.8248
3425,102,9.6322,69931.8888,219250.4406,226.0,7,0,0,685.6068,2149.5141
3426,103,9.637,81293.7711,254871.7608,233.0,8,1,0,789.2599,2474.4831
3427,102,9.6812,73683.6291,231013.2283,220.0,6,0,1,722.3885,2264.8356
3428,102,9.7473,77329.3871,242443.2229,226.0,6,0,0,758.1312,2376.8943
3429,103,9.7596,80969.1911,253855.1022,232.0,7,1,0,786.1087,2464.6126
3430,102,9.776,79691.2272,249848.6174,238.0,6,0,1,781.2865,2449.4962
3431,101,9.8427,87597.9901,274638.9513,244.0,6,0,1,867.3068,2719.1975
3432,102,9.6089,73011.0609,228904.2521,250.0,7,1,0,715.7947,2244.1593
3433,102,9.7683,92937.7347,291379.3578,256.0,6,0,0,911.1543,2856.6604
3434,102,9.8575,82118.6044,257458.624,262.0,6,0,0,805.0844,2524.1042
3435,103,9.7196,75307.3516,236103.7727,268.0,7,1,0,731.1393,2292.2696
3436,103,9.7733,86412.2499,270920.2326,274.0,6,0,0,838.9539,2630.2935
3437,103,9.6453,73343.6217,229946.9953,280.0,6,0,0,712.074,2232.4951
3438,104,9.4279,76517.976,239899.0889,286.0,7,1,0,735.7498,2306.722
3439,104,9.3298,76143.919,238725.802,292.0,6,0,0,732.1531,2295.4404
3440,103,9.3718,80471.4356,252293.6943,301.0,9,0,1,781.2761,2449.4533
3441,104,9.2462,70577.6311,221274.7265,308.0,9,1,0,678.6311,2127.6416
3442,104,9.2299,80188.4009,251407.2454,316.0,8,0,0,771.0423,2417.3774
3443,104,9.4917,96545.0149,302689.0003,320.0,7,0,0,928.3175,2910.4712
3444,105,9.4666,81525.0857,255597.5495,327.0,8,1,0,776.4294,2434.2624
3445,105,9.36,77485.1809,242931.7255,334.0,7,0,0,737.9541,2313.6355
3446,105,9.3912,89370.2911,280194.8622,341.0,7,0,0,851.1456,2668.5225
3447,106,9.1316,75896.646,237951.51,348.0,8,1,0,716.0061,2244.8256
3448,106,9.176,86968.3478,272663.7216,355.0,7,0,0,820.4561,2572.2993
3449,106,9.3716,89738.767,281350.5267,363.0,8,0,0,846.5921,2654.2503
3450,107,9.2554,76751.0341,240629.5157,371.0,9,1,0,717.2994,2248.874
3451,107,9.2827,83407.7432,261500.0902,376.0,7,0,0,779.5116,2443.9261
3452,107,9.2003,80897.2428,253629.1739,383.0,7,0,0,756.049,2370.3661
3453,108,9.071,85078.8475,266739.3273,390.0,8,1,0,787.7671,2469.8086
3454,107,9.1029,87319.2737,273763.8277,397.0,7,0,1,816.068,2558.5404
3455,106,9.0636,78442.4066,245932.8902,406.0,9,0,1,740.0227,2320.1216
3456,106,9.0844,92884.0503,291210.4459,411.0,8,1,1,876.2646,2747.2684
3457,106,9.0761,85551.0714,268220.5722,419.0,8,0,0,807.0856,2530.3828
3458,106,9.2625,95028.4001,297933.9648,426.0,8,0,0,896.4943,2810.6978
3459,107,9.3118,92318.2479,289436.6283,434.0,9,1,0,862.7874,2705.0152
3460,107,9.4973,93648.6212,293608.3183,439.0,7,0,0,875.2208,2744.003
3461,106,9.5434,87227.5931,273476.4836,424.0,6,0,1,822.9018,2579.9668
3462,107,9.5326,80313.4198,251799.4854,430.0,7,1,0,750.5927,2353.2662
3463,105,9.7487,97114.2262,304474.0149,436.0,6,0,2,924.8974,2899.7525
3464,105,9.722,80186.9183,251402.8672,443.0,7,0,0,763.6849,2394.313
3465,105,9.7028,82307.4159,258050.922,450.0,8,1,1,783.8802,2457.6278
3466,104,9.7268,83578.0516,262033.9594,457.0,7,0,1,803.6351,2519.5573
3467,104,9.7732,87878.4814,275518.5202,464.0,7,0,0,844.9854,2649.2165
3468,105,9.684,81282.8817,254838.8029,471.0,8,1,0,774.1227,2427.0362
3469,105,9.8291,88555.3838,277640.1008,479.0,8,0,0,843.3846,2644.1914
3470,105,9.8351,80411.7999,252107.3991,485.0,7,0,0,765.8267,2401.0228
3471,106,9.8001,76016.3926,238326.677,492.0,8,1,0,717.1358,2248.3649
3472,106,10.0355,99602.6683,312275.8738,499.0,7,0,0,939.6478,2945.9988
3473,106,10.0464,85114.625,266852.5016,496.0,6,0,0,802.9682,2517.4764
3474,107,9.9594,84013.6472,263400.3515,502.0,7,1,0,785.1743,2461.6855
3475,107,9.8616,80387.6846,252031.7598,508.0,6,0,0,751.2868,2355.437
3476,105,10.0373,83192.6669,260826.6037,514.0,6,0,2,792.3111,2484.0629
3477,106,9.8312,76816.2069,240834.5645,520.0,7,1,0,724.6812,2272.0242
3478,105,9.7187,72509.6763,227332.4726,526.0,6,0,1,690.5683,2165.0712
3479,105,9.7517,89012.2948,279072.251,532.0,6,0,0,847.7361,2657.831
3480,106,9.5693,85429.3279,267838.7773,539.0,8,1,0,805.9371,2526.7809
3481,106,9.6128,87558.886,274515.1242,547.0,8,0,0,826.0272,2589.7653
3482,106,9.4972,86657.6658,271690.7657,557.0,10,0,0,817.5251,2563.1204
3483,106,9.4046,85881.6893,269256.1883,567.0,11,1,1,810.2046,2540.1527
3484,106,9.4456,83273.7189,261079.9281,573.0,9,0,0,785.6011,2463.0182
3485,106,9.339,75922.9488,238033.4809,583.0,10,0,0,716.2542,2245.5989
3486,106,9.246,83920.429,263106.8398,594.0,12,1,1,791.7022,2482.14
3487,105,9.1904,83721.8282,262483.8998,596.0,11,0,1,797.3507,2499.8467
3488,105,9.2681,86593.31,271487.2356,600.0,10,0,0,824.6982,2585.5927
3489,106,9.0757,81028.9401,254041.1791,612.0,13,1,0,764.424,2396.6149
3490,106,8.9466,75171.4748,235676.8231,624.0,13,0,0,709.1649,2223.3663
3491,106,8.8522,80021.9695,250884.1078,632.0,12,0,0,754.9242,2366.8312
3492,107,8.844,90069.1164,282384.885,516.0,11,1,0,841.7674,2639.1111
3493,105,8.7933,80235.2276,251552.7463,418.0,11,0,2,764.145,2395.7404
3494,104,8.8741,85179.4584,267054.3528,317.0,10,0,1,819.0333,2567.8303
3495,105,8.9967,91017.5973,285358.4501,194.0,8,1,0,866.8343,2717.6995
3496,105,9.166,87867.7667,275483.3695,85.0,5,0,0,836.8359,2623.6511
3497,105,9.3108,93463.7342,293028.818,15.0,4,0,0,890.1308,2790.7506
3498,105,9.287,83781.6267,262672.7107,10.0,4,1,1,797.9203,2501.6449
3499,105,9.4334,88099.0019,276209.5907,13.0,3,0,0,839.0381,2630.5675
3500,105,9.7516,98321.4985,308260.0052,11.0,2,0,0,936.3952,2935.8096
3501,106,9.9586,102268.4837,320634.9215,13.0,3,1,0,964.797,3024.8577
3502,106,10.187,92799.9734,290948.5718,15.0,2,0,0,875.4714,2744.7978
3503,106,10.2912,86602.5787,271518.4987,17.0,2,0,0,817.0055,2561.4953
3504,106,10.337,84783.4472,265814.3488,19.0,3,1,1,799.8438,2507.6825
3505,105,10.4972,86341.4841,270698.665,21.0,2,0,1,822.2998,2578.0825
3506,104,10.4916,79375.9769,248860.8716,23.0,2,0,1,763.2305,2392.893
3507,105,10.3651,75796.2711,237637.7456,14.0,2,1,0,721.8692,2263.2166
3508,104,10.4614,92266.4241,289275.9227,15.0,1,0,1,887.1772,2781.4993
3509,104,10.3933,74717.8163,234256.5129,16.0,1,0,0,718.4405,2252.4665
3510,105,10.5186,94306.4761,295671.829,18.0,3,1,0,898.1569,2815.9222
3511,104,10.417,70897.6464,222279.103,20.0,2,0,1,681.7081,2137.2991
3512,104,10.3925,84997.2929,266485.3529,23.0,3,0,0,817.2817,2562.3592
3513,104,10.4208,91465.7975,286764.8587,26.0,4,1,1,879.4788,2757.3544
3514,103,10.3023,71578.7085,224414.5613,29.0,3,0,1,694.9389,2178.7821
3515,103,10.326,81389.3673,255173.0321,32.0,3,0,0,790.188,2477.4081
3516,104,10.1647,83896.5976,263034.2793,35.0,4,1,0,806.6981,2529.1758
3517,104,10.094,73510.2395,230469.7458,38.0,3,0,0,706.8292,2216.0552
3518,103,10.1993,87838.3748,275392.1699,41.0,3,0,1,852.7998,2673.7104
3519,104,10.1898,88428.6993,277243.807,37.0,4,1,0,850.276,2665.8058
3520,102,10.181,75551.4451,236869.6799,29.0,2,0,2,740.7004,2322.2518
3521,102,10.2565,87103.2456,273088.1865,28.0,1,0,0,853.9534,2677.3352
3522,103,10.3226,87717.1828,275011.977,29.0,2,1,0,851.6231,2670.0192
3523,103,10.274,77208.5864,242066.3756,30.0,1,0,0,749.5979,2350.159
3524,101,10.3546,82241.1562,257844.7644,31.0,1,0,2,814.2689,2552.9185
3525,102,10.2425,74418.596,233318.145,32.0,2,1,0,729.5941,2287.4328
3526,102,10.1865,82846.8512,259742.5084,33.0,1,0,0,812.224,2546.4952
3527,102,10.1974,76535.0823,239955.332,34.0,1,0,0,750.3439,2352.5033
3528,103,10.3885,107337.0085,336526.7669,35.0,2,1,0,1042.1069,3267.2502
3529,103,10.3895,78589.4293,246395.0451,37.0,2,0,0,763.0042,2392.1849
3530,103,10.3836,82909.8553,259940.8837,40.0,3,0,0,804.9501,2523.6979
3531,104,10.2331,82157.0078,257579.6595,43.0,4,1,0,789.9712,2476.7275
3532,104,10.057,72669.4097,227833.8056,46.0,3,0,0,698.7443,2190.7097
3533,104,9.9342,70812.5681,222012.8777,50.0,4,0,0,680.8901,2134.7392
3534,105,9.7093,73740.4371,231191.7927,54.0,5,1,0,702.2899,2201.8266
3535,105,9.5586,76374.3046,239449.7184,58.0,4,0,0,727.3743,2280.4735
3536,105,9.4436,74548.9183,233726.4086,62.0,4,0,0,709.9897,2225.9658
3537,106,9.521,97322.54,305126.8811,67.0,6,1,0,918.1372,2878.5555
3538,106,9.6329,91311.9288,286282.0225,72.0,5,0,0,861.4333,2700.7738
3539,105,9.6185,73520.6193,230501.7037,76.0,6,0,1,700.1964,2195.2543
3540,104,9.7142,96422.1372,302304.2003,80.0,6,1,2,927.1359,2906.7712
3541,104,9.6625,69132.0817,216743.3355,85.0,5,0,0,664.7316,2084.0705
3542,104,9.8021,90645.7779,284193.9068,90.0,5,0,0,871.594,2732.6337
3543,104,9.7531,77114.312,241768.8995,69.0,4,1,1,741.4838,2324.701
3544,103,9.6841,77166.5254,241932.9351,74.0,5,0,1,749.1896,2348.8634
3545,100,9.7955,78488.082,246076.2652,79.0,5,0,3,784.8808,2460.7627
3546,101,9.6395,74100.8041,232321.72,84.0,6,1,0,733.6713,2300.215
3547,101,9.4348,65651.3674,205829.939,76.0,3,0,0,650.0135,2037.9202
3548,99,9.3414,74732.6613,234303.1103,74.0,2,0,2,754.8754,2366.6981
3549,100,9.213,83523.8917,261865.0608,76.0,3,1,0,835.2389,2618.6506
3550,100,9.2165,73308.0947,229836.5221,79.0,3,0,0,733.0809,2298.3652
3551,98,9.3749,86320.763,270634.5514,58.0,1,0,2,880.8241,2761.5771
3552,99,9.4524,92331.3904,289479.9524,59.0,2,1,0,932.6403,2924.0399
3553,98,9.6079,91561.4192,287065.9053,60.0,1,0,1,934.3002,2929.2439
3554,97,9.8924,94423.634,296039.2169,61.0,1,0,1,973.4395,3051.9507
3555,97,9.9043,83729.7208,262512.2982,62.0,2,1,1,863.193,2706.3124
3556,96,10.1965,89515.4514,280651.6207,63.0,1,0,1,932.4526,2923.4544
3557,95,10.44,96190.8264,301580.3016,64.0,1,0,1,1012.535,3174.5295
3558,96,10.3212,73375.2005,230047.4222,65.0,2,1,0,764.325,2396.3273
3559,96,10.3826,86551.4689,271358.3224,67.0,2,0,0,901.5778,2826.6492
3560,96,10.3187,77494.8018,242963.6182,69.0,2,0,0,807.2375,2530.871
3561,97,10.2526,84878.6911,266113.7015,71.0,3,1,0,875.0381,2743.4402
3562,97,10.1883,75448.29,236547.2312,73.0,2,0,0,777.8174,2438.6312
3563,96,10.1674,87238.6871,273512.8481,76.0,3,0,1,908.7363,2849.0922
3564,96,9.9939,74049.8185,232161.9752,78.0,4,1,1,771.3523,2418.3539
3565,95,9.9276,75712.1701,237373.7868,81.0,3,0,1,796.9702,2498.6714
3566,95,9.9626,75792.69,237626.2479,84.0,3,0,0,797.8178,2501.3289
3567,96,9.7221,61610.3218,193160.4965,87.0,4,1,0,641.7742,2012.0885
3568,96,9.698,72869.4688,228460.6411,90.0,3,0,0,759.057,2379.7983
3569,96,9.8524,81578.1387,255765.0902,95.0,5,0,0,849.7723,2664.2197
3570,96,9.5831,65071.6118,204012.5256,101.0,7,1,1,677.8293,2125.1305
3571,96,9.7346,89107.4011,279371.5244,96.0,4,0,0,928.2021,2910.12
3572,96,9.7896,79706.2749,249895.77,100.0,4,0,0,830.2737,2603.0809
3573,97,9.639,71477.6961,224097.5648,89.0,4,1,0,736.8835,2310.2842
3574,97,9.7787,87267.7925,273603.5175,92.0,3,0,0,899.668,2820.6548
3575,97,9.7113,70427.4415,220806.0947,95.0,3,0,0,726.0561,2276.3515
3576,98,9.7793,89870.9022,281765.1837,98.0,4,1,0,917.05,2875.1549
3577,98,9.6357,65936.8476,206726.1519,101.0,3,0,0,672.825,2109.4505
3578,98,9.6176,75512.0223,236746.4812,96.0,3,0,0,770.5308,2415.7804
3579,99,9.6916,80839.4858,253448.9403,86.0,2,1,0,816.5605,2560.0903
3580,99,9.9411,89135.9218,279460.7342,87.0,1,0,0,900.3628,2822.8357
3581,98,10.2203,89728.0699,281317.7364,88.0,1,0,1,915.5926,2870.5891
3582,98,10.3432,87437.641,274137.1697,89.0,2,1,1,892.2208,2797.3181
3583,98,10.2824,82682.029,259226.5399,90.0,1,0,0,843.6942,2645.1688
3584,97,10.2292,77833.3399,244024.8504,91.0,1,0,1,802.4056,2515.7201
3585,98,10.0919,74346.4706,233092.3964,92.0,2,1,0,758.6375,2378.4938
3586,98,10.2505,81698.0066,256141.1703,93.0,1,0,0,833.6531,2613.6854
3587,97,10.4613,89149.6584,279504.5701,94.0,1,0,1,919.0686,2881.4904
3588,97,10.3821,76524.398,239921.2406,95.0,2,1,1,788.9113,2473.4149
3589,97,10.4576,84366.5281,264508.1603,96.0,1,0,0,869.758,2726.8883
3590,96,10.5812,86470.5868,271105.3971,97.0,1,0,1,900.7353,2824.0146
3591,97,10.6797,86951.2859,272611.6873,98.0,2,1,0,896.405,2810.4298
3592,97,10.7691,74243.2927,232768.7437,99.0,1,0,0,765.3948,2399.6778
3593,97,10.934,89731.6922,281329.4605,100.0,1,0,0,925.069,2900.3037
3594,98,10.8575,77120.5984,241790.9782,101.0,2,1,0,786.9449,2467.2549
3595,98,10.9162,84509.8588,264957.6162,103.0,2,0,0,862.3455,2703.6491
3596,98,10.8675,73170.3957,229405.3835,105.0,2,0,0,746.6367,2340.8713
3597,98,10.7324,78258.4148,245356.9533,107.0,3,1,1,798.5553,2503.6424
3598,98,10.582,71237.66,223345.3131,109.0,2,0,0,726.9149,2279.0338
3599,98,10.4361,64550.4478,202379.5365,112.0,3,0,0,658.678,2065.0973
