step,vehicle_count,mean_speed,total_fuel_ml_s,total_co2_mg_s,total_waiting_s,halting_count,departed_count,arrived_count,mean_fuel_per_veh,mean_co2_per_veh
0,1,0.0,837.2222,2624.7222,0.0,1,1,0,837.2222,2624.7222
1,1,2.015,1101.5459,3453.4932,0.0,0,0,0,1101.5459,3453.4932
2,1,3.8379,1296.9114,4066.0521,0.0,0,0,0,1296.9114,4066.0521
3,1,5.3704,1371.3889,4299.5821,0.0,0,0,0,1371.3889,4299.5821
4,1,7.795,2238.0932,7017.0002,0.0,0,0,0,2238.0932,7017.0002
5,1,7.6746,590.2288,1850.4238,0.0,0,0,0,590.2288,1850.4238
6,2,3.997,1715.8815,5379.4695,0.0,1,1,0,857.9407,2689.7348
7,2,4.8093,1084.873,3401.2176,0.0,0,0,0,542.4365,1700.6088
8,2,6.299,2622.4458,8221.9035,0.0,0,0,0,1311.2229,4110.9518
9,2,6.0908,824.4919,2584.9192,0.0,0,0,0,412.2459,1292.4596
10,2,6.9564,1882.5687,5902.3013,0.0,0,0,0,941.2843,2951.1506
11,2,6.6318,632.1353,1981.8142,0.0,0,0,0,316.0677,990.9071
12,3,5.4283,4172.2548,13080.8513,0.0,1,1,0,1390.7516,4360.2838
13,3,5.8876,1090.5234,3418.9335,0.0,0,0,0,363.5078,1139.6445
14,3,6.6163,2905.1791,9108.2246,0.0,0,0,0,968.393,3036.0749
15,3,6.6413,1244.4805,3901.6796,0.0,0,0,0,414.8268,1300.5599
16,3,7.5509,3201.7589,10038.2666,0.0,0,0,0,1067.253,3346.0889
17,3,7.6815,2270.147,7117.2376,0.0,0,0,0,756.7157,2372.4125
18,4,4.9002,837.2222,2624.7222,0.0,1,1,0,209.3056,656.1806
19,4,5.117,2514.66,7883.7884,0.0,0,0,0,628.665,1970.9471
20,4,5.6766,3764.6656,11802.7978,0.0,0,0,0,941.1664,2950.6994
21,4,6.6621,4175.8885,13092.2907,0.0,0,0,0,1043.9721,3273.0727
22,4,7.8028,5613.0307,17598.1086,0.0,0,0,0,1403.2577,4399.5272
23,4,7.5994,1985.9406,6226.3016,0.0,0,0,0,496.4852,1556.5754
24,5,5.2044,2740.7608,8592.5116,0.0,1,1,0,548.1522,1718.5023
25,5,6.1982,5343.279,16752.1296,0.0,0,0,0,1068.6558,3350.4259
26,5,6.6539,3616.4637,11338.4683,0.0,0,0,0,723.2927,2267.6937
27,5,7.8209,7108.2373,22285.9234,0.0,0,0,0,1421.6475,4457.1847
28,5,8.1677,3966.6529,12436.3358,0.0,0,0,0,793.3306,2487.2672
29,5,8.0368,3445.0425,10800.9386,0.0,0,0,0,689.0085,2160.1877
30,6,6.2084,4218.4002,13225.5653,0.0,1,1,0,703.0667,2204.2609
31,6,6.9015,6288.8625,19716.8544,0.0,0,0,0,1048.1437,3286.1424
32,6,8.1158,9178.1961,28775.9074,0.0,0,0,0,1529.6994,4795.9846
33,6,9.0121,7903.0989,24778.0929,0.0,0,0,0,1317.1832,4129.6821
34,6,9.1925,4684.3638,14686.4917,0.0,0,0,0,780.7273,2447.7486
35,6,8.624,2310.4245,7243.555,0.0,0,0,0,385.0708,1207.2592
36,6,7.53,4301.4349,13485.5851,0.0,1,1,1,716.9058,2247.5975
37,6,8.4,6800.3423,21320.5774,0.0,0,0,0,1133.3904,3553.4296
38,6,9.0675,6213.8102,19481.7294,0.0,0,0,0,1035.635,3246.9549
39,6,9.511,5628.9113,17648.097,0.0,0,0,0,938.1519,2941.3495
40,6,10.3396,8577.8179,26893.6135,0.0,0,0,0,1429.6363,4482.2689
41,6,9.7061,526.1467,1649.5128,0.0,0,0,0,87.6911,274.9188
42,7,8.5909,6838.5854,21440.1849,0.0,1,1,0,976.9408,3062.8836
43,7,8.5911,3185.0767,9985.7944,0.0,0,0,0,455.011,1426.5421
44,7,9.1083,6191.8072,19412.5648,0.0,0,0,0,884.5439,2773.2235
45,7,9.6458,6974.0614,21865.1922,0.0,0,0,0,996.2945,3123.5989
46,7,9.6405,5231.7413,16402.6183,0.0,0,0,0,747.3916,2343.2312
47,7,10.0931,7464.9031,23404.1703,0.0,0,0,0,1066.4147,3343.4529
48,8,9.1328,7608.3017,23853.4873,0.0,1,1,0,951.0377,2981.6859
49,8,9.5932,8107.6009,25419.1398,0.0,0,0,0,1013.4501,3177.3925
50,8,9.1521,4429.9767,13888.6919,0.0,0,0,0,553.7471,1736.0865
51,8,8.988,5929.7045,18590.8841,0.0,0,0,0,741.2131,2323.8605
52,8,9.5292,7588.9115,23792.8801,0.0,0,0,0,948.6139,2974.11
53,8,9.2281,2933.4361,9196.6968,0.0,0,0,0,366.6795,1149.5871
54,9,8.3606,7617.873,23883.3809,0.0,1,1,0,846.4303,2653.709
55,9,8.5921,6330.9066,19848.6013,0.0,0,0,0,703.4341,2205.4001
56,9,9.0899,10000.8063,31354.9358,0.0,0,0,0,1111.2007,3483.8818
57,9,9.2231,8680.5904,27215.4263,0.0,0,0,0,964.51,3023.9363
58,9,9.3451,5786.2022,18140.9631,0.0,0,0,0,642.9114,2015.6626
59,9,9.9691,10789.7879,33828.4942,0.0,0,0,0,1198.8653,3758.7216
60,10,9.0471,6743.5787,21142.5628,0.0,1,1,0,674.3579,2114.2563
61,10,9.3148,10151.2199,31826.4707,0.0,0,0,0,1015.122,3182.6471
62,10,9.3942,5758.9316,18055.4024,0.0,0,0,0,575.8932,1805.5402
63,10,9.7988,9114.8491,28576.8858,0.0,0,0,0,911.4849,2857.6886
64,10,9.6306,5821.8844,18252.7751,0.0,0,0,0,582.1884,1825.2775
65,10,10.0208,8823.5304,27663.8775,0.0,0,0,0,882.353,2766.3878
66,11,9.2945,8359.4468,26208.4872,0.0,1,1,0,759.9497,2382.5897
67,11,9.4258,6908.2149,21658.6037,0.0,0,0,0,628.0195,1968.964
68,11,9.1662,5475.126,17165.6218,0.0,0,0,0,497.7387,1560.5111
69,11,8.6386,6452.4554,20229.7207,0.0,0,0,0,586.5869,1839.0655
70,11,8.764,9846.5928,30871.3735,0.0,0,0,0,895.1448,2806.4885
71,11,9.3425,12417.8512,38932.8061,0.0,0,0,0,1128.8956,3539.346
72,12,9.4633,18099.7441,56747.0433,0.0,1,1,0,1508.312,4728.9203
73,12,9.8713,9947.8064,31188.569,0.0,0,0,0,828.9839,2599.0474
74,12,9.9462,8391.4766,26308.9742,0.0,0,0,0,699.2897,2192.4145
75,12,9.71,7429.46,23292.7974,0.0,0,0,0,619.1217,1941.0664
76,12,10.0088,10683.3831,33494.7828,0.0,0,0,0,890.2819,2791.2319
77,12,10.1635,8321.3695,26089.2769,0.0,0,0,0,693.4475,2174.1064
78,13,9.4742,9907.1601,31061.1059,0.0,1,1,0,762.0892,2389.3158
79,13,9.7141,10239.1498,32101.8709,0.0,0,0,0,787.6269,2469.3747
80,13,10.0811,13093.8465,41052.4843,0.0,0,0,0,1007.219,3157.8834
81,13,10.0587,7796.2939,24442.9788,0.0,0,0,0,599.7149,1880.2291
82,13,9.3253,6904.7807,21648.029,0.0,0,0,0,531.137,1665.233
83,13,8.5574,7423.1738,23273.2018,0.0,0,0,0,571.0134,1790.2463
84,14,7.5196,8858.0605,27771.53,0.0,1,1,0,632.7186,1983.6807
85,14,7.5909,10523.2987,32992.5776,0.0,0,0,0,751.6642,2356.6127
86,14,7.814,13927.4078,43665.218,1.0,1,0,0,994.8148,3118.9441
87,14,7.4791,6381.0555,20005.9033,2.0,1,0,0,455.7897,1428.9931
88,14,7.5986,8639.4468,27086.091,3.0,1,0,0,617.1033,1934.7208
89,14,7.8679,12141.3873,38065.7807,4.0,1,0,0,867.2419,2718.9843
90,15,7.2881,15767.2338,49433.7445,5.0,2,1,0,1051.1489,3295.583
91,15,7.7999,14490.2501,45429.9054,6.0,1,0,0,966.0167,3028.6604
92,15,8.5477,16450.8634,51577.2317,0.0,0,0,0,1096.7242,3438.4821
93,15,9.3076,19018.2322,59626.8282,0.0,0,0,0,1267.8821,3975.1219
94,15,9.8495,17251.5645,54087.744,0.0,0,0,0,1150.1043,3605.8496
95,15,10.0473,16860.1464,52860.6778,0.0,0,0,0,1124.0098,3524.0452
96,16,9.4449,12600.4855,39505.1393,0.0,1,1,0,787.5303,2469.0712
97,16,9.4202,14319.575,44895.0961,0.0,0,0,0,894.9734,2805.9435
98,16,9.6646,12544.7564,39330.312,0.0,0,0,0,784.0473,2458.1445
99,16,10.139,16057.2521,50343.4578,0.0,0,0,0,1003.5783,3146.4661
100,16,10.112,16471.5155,51642.0445,0.0,0,0,0,1029.4697,3227.6278
101,16,10.17,14373.8357,45065.4425,0.0,0,0,0,898.3647,2816.5902
102,17,9.8999,15721.6871,49291.1175,0.0,1,1,0,924.8051,2899.4775
103,17,10.1592,13158.0331,41253.1642,0.0,0,0,0,774.0019,2426.6567
104,17,10.5926,18134.1253,56854.6682,0.0,0,0,0,1066.7133,3344.3922
105,17,11.1067,18440.6456,57815.8282,0.0,0,0,0,1084.7439,3400.9311
106,17,11.3602,14151.9512,44369.8017,0.0,0,0,0,832.4677,2609.9883
107,17,11.53,14574.2318,45693.5687,0.0,0,0,0,857.3078,2687.857
108,18,10.7777,14304.5208,44848.0698,0.0,1,1,0,794.6956,2491.5594
109,18,10.4214,9538.6102,29905.36,0.0,0,0,0,529.9228,1661.4089
110,18,10.577,13305.3992,41715.2136,0.0,0,0,0,739.1888,2317.5119
111,18,10.8677,14956.3214,46891.1159,0.0,0,0,0,830.9067,2605.062
112,18,11.1591,17291.2529,54212.0766,0.0,0,0,0,960.6252,3011.782
113,18,11.5591,18645.068,58456.9096,0.0,0,0,0,1035.8371,3247.6061
114,19,10.8473,15875.7576,49774.0774,0.0,1,1,0,835.5662,2619.6883
115,19,10.9652,13155.0336,41243.8224,0.0,0,0,0,692.3702,2170.7275
116,19,11.0787,14183.0279,44466.8824,0.0,0,0,0,746.4752,2340.3622
117,19,10.8965,11144.6355,34940.5689,0.0,0,0,0,586.5598,1838.9773
118,19,11.0903,20501.8378,64277.9009,0.0,0,0,0,1079.0441,3383.0474
119,19,10.7343,9262.0123,29038.4226,0.0,0,0,0,487.4743,1528.338
120,20,10.0372,15615.8982,48959.1768,0.0,1,1,0,780.7949,2447.9588
121,20,10.1507,16585.4311,51999.0461,0.0,0,0,0,829.2716,2599.9523
122,20,9.9883,13970.9778,43801.8955,1.0,1,0,0,698.5489,2190.0948
123,20,9.9687,14330.7334,44929.6536,2.0,1,0,0,716.5367,2246.4827
124,20,9.7027,11321.4343,35494.9211,3.0,1,0,0,566.0717,1774.7461
125,20,10.1007,24346.6502,76332.4686,4.0,1,0,0,1217.3325,3816.6234
126,20,9.9224,21758.1192,68216.7362,5.0,2,1,1,1087.906,3410.8368
127,20,9.9599,17194.1791,53907.3782,6.0,1,0,0,859.709,2695.3689
128,20,10.0588,15209.4301,47684.5752,7.0,1,0,0,760.4715,2384.2288
129,20,10.1589,14568.3401,45674.8774,8.0,1,0,0,728.417,2283.7439
130,20,10.2092,17915.4064,56168.9333,9.0,1,0,0,895.7703,2808.4467
131,20,10.4473,20155.9375,63193.4083,10.0,1,0,0,1007.7969,3159.6704
132,21,10.1545,19147.6443,60032.1908,0.0,1,1,0,911.7926,2858.6758
133,21,10.3353,18789.9868,58911.2243,0.0,0,0,0,894.7613,2805.2964
134,21,10.4225,21415.5868,67143.0163,0.0,0,0,0,1019.7898,3197.2865
135,21,10.5986,23177.173,72665.7071,0.0,0,0,0,1103.6749,3460.2718
136,21,10.7424,20021.5278,62772.0236,0.0,0,0,0,953.4061,2989.144
137,21,10.7126,15487.094,48555.3327,0.0,0,0,0,737.4807,2312.1587
138,22,9.8282,15670.9758,49131.719,0.0,1,1,0,712.3171,2233.26
139,22,9.827,18625.8775,58396.3641,0.0,0,0,0,846.6308,2654.3802
140,22,10.1109,19385.174,60776.612,1.0,1,0,0,881.1443,2762.5733
141,22,10.4921,21526.4556,67490.3948,2.0,1,0,0,978.4753,3067.7452
142,22,10.6475,19772.7923,61992.5375,3.0,1,0,0,898.7633,2817.8426
143,22,10.8178,19549.6506,61292.7581,4.0,1,0,0,888.6205,2786.0345
144,23,10.2624,18872.0486,59167.9056,5.0,2,1,0,820.5239,2572.5176
145,23,10.1235,16469.1123,51634.0805,6.0,1,0,0,716.0484,2244.96
146,23,10.1439,17183.2426,53873.134,7.0,1,0,0,747.0975,2342.3102
147,23,10.3616,23137.5491,72541.5652,8.0,1,0,0,1005.9804,3153.9811
148,23,10.4321,17974.701,56354.5066,9.0,1,0,0,781.5087,2450.1959
149,22,10.6267,19132.3681,59984.0987,11.0,2,0,1,869.6531,2726.5499
150,23,9.8713,15833.5494,49641.3566,13.0,3,1,0,688.4152,2158.3199
151,23,9.0824,10785.3826,33813.9673,15.0,2,0,0,468.9297,1470.1725
152,23,9.0418,20015.9481,62754.006,17.0,2,0,0,870.2586,2728.435
153,23,8.899,13619.7245,42700.4675,19.0,2,0,0,592.1619,1856.5421
154,23,9.1132,21305.2345,66796.2134,21.0,2,0,0,926.3145,2904.1832
155,23,9.1815,18225.4316,57140.5274,23.0,2,0,0,792.4101,2484.3708
156,24,9.1704,24296.1594,76173.7174,25.0,3,1,0,1012.34,3173.9049
157,24,9.1845,19532.6393,61238.7718,28.0,3,0,0,813.86,2551.6155
158,24,9.3644,21014.5048,65884.9527,12.0,2,0,0,875.6044,2745.2064
159,24,9.3472,16061.9812,50357.1774,14.0,2,0,0,669.2492,2098.2157
160,24,9.3034,18408.1313,57713.218,16.0,2,0,0,767.0055,2404.7174
161,24,9.2685,15669.1776,49126.1048,13.0,1,0,0,652.8824,2046.921
162,25,9.0903,20635.9847,64698.0201,14.0,2,1,0,825.4394,2587.9208
163,25,9.6358,25090.6143,78664.5227,15.0,1,0,0,1003.6246,3146.5809
164,25,9.6247,17726.4891,55576.0886,16.0,1,0,0,709.0596,2223.0435
165,25,10.0002,28137.5525,88217.7371,17.0,1,0,0,1125.5021,3528.7095
166,25,10.1599,19995.7787,62691.1846,18.0,1,0,0,799.8311,2507.6474
167,25,10.1168,16349.0473,51257.4707,19.0,1,0,0,653.9619,2050.2988
168,25,9.6393,17737.8736,55611.9728,0.0,1,1,1,709.5149,2224.4789
169,25,9.9603,22041.4635,69104.5961,0.0,0,0,0,881.6585,2764.1838
170,25,10.1704,20642.557,64719.0817,0.0,0,0,0,825.7023,2588.7633
171,25,10.501,23222.8659,72809.2495,0.0,0,0,0,928.9146,2912.37
172,25,10.4516,20461.8499,64152.6734,0.0,0,0,0,818.474,2566.1069
173,25,10.4904,21637.7266,67839.5846,0.0,0,0,0,865.5091,2713.5834
174,26,10.243,25789.2576,80855.3354,0.0,1,1,0,991.8945,3109.8206
175,26,10.5326,26601.3596,83401.2324,0.0,0,0,0,1023.1292,3207.7397
176,26,10.7539,21303.0592,66789.4696,0.0,0,0,0,819.3484,2568.8258
177,26,10.6716,19543.8111,61274.0513,0.0,0,0,0,751.685,2356.6943
178,26,10.5448,18937.589,59373.3613,0.0,0,0,0,728.3688,2283.5908
179,26,10.4415,16711.1904,52393.3701,0.0,0,0,0,642.7381,2015.1296
180,27,10.1153,23327.4858,73136.9447,0.0,1,1,0,863.981,2708.7757
181,27,10.2078,19295.4259,60495.1832,1.0,1,0,0,714.6454,2240.5623
182,27,10.515,25386.636,79592.6992,2.0,1,0,0,940.2458,2947.8777
183,27,10.2999,13508.8399,42353.0441,3.0,1,0,0,500.3274,1568.6313
184,27,10.8193,28527.9279,89441.7393,0.0,0,0,0,1056.5899,3312.657
185,27,10.8979,20413.2599,63999.9717,0.0,0,0,0,756.0467,2370.3693
186,28,10.5829,23756.1018,74481.0259,0.0,1,1,0,848.4322,2660.0366
187,28,10.4279,19692.0059,61738.6998,0.0,0,0,0,703.2859,2204.9536
188,28,10.0975,16602.5839,52052.7069,0.0,0,0,0,592.9494,1859.0252
189,28,10.1881,23955.2254,75104.8496,0.0,0,0,0,855.5438,2682.3161
190,28,10.5059,25848.7976,81041.6855,0.0,0,0,0,923.1713,2894.3459
191,28,10.5777,17991.1529,56406.1735,1.0,1,0,0,642.5412,2014.5062
192,29,10.5848,31152.9706,97671.6556,0.0,1,1,0,1074.2404,3367.9881
193,29,10.8677,26705.044,83726.6073,0.0,0,0,0,920.8636,2887.1244
194,29,11.1156,31254.7033,97991.0531,0.0,0,0,0,1077.7484,3379.0018
195,29,11.4287,28926.289,90690.8756,0.0,0,0,0,997.4582,3127.2716
196,29,11.6454,29106.4115,91255.5517,0.0,0,0,0,1003.6694,3146.7432
197,29,11.3554,24992.9241,78358.683,1.0,1,0,0,861.825,2702.0236
198,30,10.4078,22727.1788,71254.6705,2.0,2,1,0,757.5726,2375.1557
199,30,10.4618,23949.3926,75086.5038,3.0,1,0,0,798.3131,2502.8835
200,30,10.3558,27934.2963,87580.329,4.0,1,0,0,931.1432,2919.3443
201,30,10.9051,32496.7619,101884.8899,6.0,2,0,0,1083.2254,3396.163
202,30,11.2867,31736.5689,99501.8242,8.0,2,0,0,1057.8856,3316.7275
203,30,11.407,32372.734,101496.1481,10.0,2,0,0,1079.0911,3383.2049
204,31,10.8199,23822.0776,74687.3632,12.0,3,1,0,768.4541,2409.2698
205,31,10.6434,21313.0061,66820.7286,14.0,2,0,0,687.5163,2155.5074
206,31,10.7898,34186.3273,107182.1572,17.0,3,0,0,1102.7848,3457.4889
207,31,10.7521,24227.4116,75958.4719,20.0,3,0,0,781.5294,2450.2733
208,31,10.882,30775.6515,96488.7438,8.0,1,0,0,992.763,3112.5401
209,31,10.897,24864.5273,77955.7,9.0,1,0,0,802.0815,2514.7
210,32,10.6564,37353.6529,117112.6204,10.0,2,1,0,1167.3017,3659.7694
211,32,11.0247,38066.4313,119347.5129,11.0,1,0,0,1189.576,3729.6098
212,32,11.2701,34577.2983,108407.955,13.0,2,0,0,1080.5406,3387.7486
213,32,11.2309,31820.1688,99763.7179,15.0,2,0,0,994.3803,3117.6162
214,32,11.4574,32299.0824,101265.1413,17.0,2,0,0,1009.3463,3164.5357
215,32,11.3859,27374.3777,85824.7237,19.0,2,0,0,855.4493,2682.0226
216,33,11.1882,28184.5486,88364.7446,22.0,4,1,0,854.0772,2677.7195
217,33,11.4769,31427.5447,98532.434,25.0,3,0,0,952.3498,2985.8313
218,33,11.7221,34052.7644,106763.1052,28.0,3,0,0,1031.902,3235.2456
219,33,11.7541,28067.3669,87997.3988,12.0,2,0,0,850.5263,2666.5878
220,33,11.6383,24389.0872,76465.1888,5.0,1,0,0,739.0632,2317.1269
221,33,11.4786,20818.3048,65269.5614,6.0,1,0,0,630.8577,1977.8655
222,34,10.8247,26677.9797,83641.2918,7.0,2,1,0,784.6465,2460.038
223,34,10.8739,31653.5475,99241.3791,8.0,1,0,0,930.9867,2918.8641
224,34,11.1968,34593.3731,108458.2268,9.0,1,0,0,1017.4522,3189.9478
225,34,11.3999,35740.2716,112054.2457,10.0,1,0,0,1051.1845,3295.7131
226,34,11.7709,37032.3733,116105.3678,0.0,0,0,0,1089.1875,3414.8638
227,34,11.7521,27374.7476,85826.4449,0.0,0,0,0,805.1396,2524.3072
228,35,11.3709,30657.6704,96118.8153,0.0,1,1,0,875.9334,2746.2519
229,35,11.2988,25040.6235,78507.7152,0.0,0,0,0,715.4464,2243.0776
230,35,11.2285,26529.6286,83176.0576,2.0,2,0,0,757.9894,2376.4588
231,35,11.2986,27260.6998,85468.2344,2.0,1,0,0,778.8771,2441.9496
232,35,11.4556,29215.3193,91596.7039,0.0,0,0,0,834.7234,2617.0487
233,35,11.6324,30038.6588,94177.8318,0.0,0,0,0,858.2474,2690.7952
234,36,11.3992,30529.9791,95718.2875,0.0,1,1,0,848.055,2658.8413
235,36,11.3535,33385.2286,104670.3984,0.0,0,0,0,927.3675,2907.5111
236,36,11.617,37325.4272,117024.2089,0.0,0,0,0,1036.8174,3250.6725
237,36,11.6384,29370.0341,92081.9186,1.0,1,0,0,815.8343,2557.8311
238,36,11.7258,32508.5219,101921.8252,2.0,1,0,0,903.0145,2831.1618
239,36,11.6564,28347.6107,88876.1291,3.0,1,0,0,787.4336,2468.7814
240,37,11.7787,43626.7143,136779.981,4.0,2,1,0,1179.1004,3696.7562
241,37,11.8181,25636.6467,80376.5982,5.0,1,0,0,692.8823,2172.3405
242,37,11.9707,31930.368,100108.8425,0.0,0,0,0,862.9829,2705.6444
243,37,11.9178,32160.4161,100830.6265,0.0,0,0,0,869.2004,2725.1521
244,37,11.8307,34815.5309,109155.5102,0.0,0,0,0,940.9603,2950.1489
245,37,11.6249,29801.6049,93435.296,0.0,0,0,0,805.4488,2525.2783
246,38,11.2967,34384.6414,107803.887,0.0,1,1,0,904.859,2836.9444
247,38,11.4839,31692.5248,99363.3011,0.0,0,0,0,834.0138,2614.8237
248,38,11.4417,31189.6172,97786.6863,0.0,0,0,0,820.7794,2573.3339
249,38,11.4045,33661.9638,105537.9514,1.0,1,0,0,885.8412,2777.3145
250,38,11.1024,26442.1558,82901.9891,2.0,1,0,0,695.8462,2181.6313
251,37,10.9331,31920.6168,100078.7527,3.0,1,0,1,862.7194,2704.8312
252,38,10.8513,33229.0037,104180.4326,4.0,2,1,0,874.4475,2741.5903
253,38,11.2855,41070.3585,128765.2848,5.0,1,0,0,1080.7989,3388.5601
254,38,11.3427,33753.4651,105824.5747,6.0,1,0,0,888.2491,2784.8572
255,38,11.4282,31615.8979,99122.7197,7.0,1,0,0,831.9973,2608.4926
256,38,11.815,39517.8923,123897.6962,0.0,0,0,0,1039.9445,3260.4657
257,38,11.7193,24170.1004,75778.5451,0.0,0,0,0,636.0553,1994.1722
258,38,11.1523,32047.4936,100476.3291,0.0,1,1,1,843.3551,2644.1139
259,38,11.0819,34546.441,108311.3543,0.0,0,0,0,909.1169,2850.2988
260,38,11.2158,33291.0881,104375.2277,0.0,0,0,0,876.0813,2746.7165
261,38,11.3012,35604.9067,111629.7587,1.0,1,0,0,936.9712,2937.6252
262,38,11.2299,29521.3634,92555.8805,3.0,2,0,0,776.878,2435.6811
263,38,11.22,31224.3759,97894.9717,5.0,2,0,0,821.6941,2576.1835
264,39,10.9285,32691.9267,102496.3974,7.0,3,1,0,838.2545,2628.1128
265,39,11.1213,32218.681,101012.6226,9.0,2,0,0,826.12,2590.0672
266,39,11.0033,28422.7088,89111.2027,11.0,2,0,0,728.7874,2284.9026
267,39,11.115,34267.9919,107437.8269,6.0,1,0,0,878.6665,2754.8161
268,39,11.0116,35072.895,109961.6278,7.0,1,0,0,899.305,2819.5289
269,38,10.8094,28942.7876,90742.4976,8.0,1,0,1,761.6523,2387.9605
270,39,10.9031,47540.5501,149050.5899,9.0,2,1,0,1218.9885,3821.81
271,39,10.6456,29005.6143,90939.2007,12.0,3,0,0,743.7337,2331.7744
272,39,10.2609,24543.2075,76948.0391,2.0,1,0,0,629.313,1973.0266
273,39,10.0901,29724.2827,93191.7763,3.0,1,0,0,762.1611,2389.5327
274,39,10.5013,38422.4083,120462.943,4.0,1,0,0,985.19,3088.7934
275,39,10.7813,39861.6397,124975.1088,5.0,1,0,0,1022.0933,3204.49
276,40,10.639,36733.1344,115166.699,6.0,2,1,0,918.3284,2879.1675
277,39,10.8393,39014.5636,122320.0077,7.0,1,0,1,1000.3734,3136.4105
278,39,11.0194,35002.0485,109739.5696,8.0,1,0,0,897.4884,2813.8351
279,39,11.3112,40118.9843,125782.6669,0.0,0,0,0,1028.6919,3225.1966
280,39,11.0599,24341.7952,76316.7891,0.0,0,0,0,624.1486,1956.8407
281,38,10.9244,35248.8747,110513.4713,0.0,0,0,1,927.602,2908.2492
282,39,10.6919,38446.4414,120538.2889,0.0,1,1,0,985.8062,3090.7254
283,39,10.7979,32565.1396,102098.5416,0.0,0,0,0,835.0036,2617.9113
284,39,10.5871,26087.1344,81788.835,0.0,0,0,0,668.9009,2097.1496
285,39,10.6314,34304.9831,107554.2308,0.0,0,0,0,879.615,2757.8008
286,39,10.8422,40995.4466,128530.4993,0.0,0,0,0,1051.1653,3295.6538
287,39,11.0276,35141.0863,110175.471,0.0,0,0,0,901.0535,2825.0121
288,40,10.6617,26890.861,84308.7968,0.0,1,1,0,672.2715,2107.7199
289,39,10.9008,34929.3378,109511.3078,0.0,0,0,1,895.624,2807.9823
290,39,10.9615,34902.7145,109427.6735,0.0,0,0,0,894.9414,2805.8378
291,39,10.7321,24987.2651,78340.5611,0.0,0,0,0,640.6991,2008.7323
292,39,10.6634,32124.3171,100717.3135,0.0,0,0,0,823.7004,2582.4952
293,38,10.6624,27972.9224,87701.0923,2.0,2,0,1,736.1295,2307.9235
294,39,10.0461,25741.0826,80703.3009,4.0,3,1,0,660.0278,2069.3154
295,39,10.0964,32493.8273,101875.2691,6.0,2,0,0,833.1751,2612.1864
296,38,10.1958,29594.4934,92784.9331,8.0,2,0,1,778.8025,2441.7088
297,38,10.1042,27004.1961,84663.937,10.0,2,0,0,710.6367,2227.9983
298,38,10.1717,31263.711,98018.0115,12.0,2,0,0,822.7292,2579.4214
299,38,10.2731,35066.1284,109939.7839,14.0,2,0,0,922.7929,2893.1522
300,39,9.9229,31115.6087,97554.3539,16.0,3,1,0,797.8361,2501.3937
301,39,10.03,28992.3638,90897.3719,18.0,2,0,0,743.3939,2330.7018
302,39,10.3006,35894.5485,112537.1317,20.0,2,0,0,920.373,2885.5675
303,39,10.5267,33950.1161,106441.0583,22.0,2,0,0,870.5158,2729.2579
304,39,10.7611,34167.7854,107123.2519,12.0,1,0,0,876.0971,2746.75
305,37,10.9008,23570.6362,73898.4468,0.0,0,0,2,637.0442,1997.2553
306,38,10.3164,26060.5047,81704.7683,0.0,1,1,0,685.8028,2150.1255
307,38,10.2245,22974.5158,72029.9381,0.0,0,0,0,604.5925,1895.5247
308,38,10.1349,29037.9326,91040.4719,1.0,1,0,0,764.1561,2395.8019
309,38,10.3121,33140.3447,103902.089,2.0,1,0,0,872.1143,2734.2655
310,38,10.4317,30423.7282,95385.0612,3.0,1,0,0,800.6244,2510.1332
311,36,10.5911,31135.1658,97615.8879,4.0,1,0,2,864.8657,2711.5524
312,37,10.4434,31572.4745,98986.4627,5.0,2,1,0,853.3101,2675.3098
313,37,10.5307,27838.1571,87278.6496,6.0,1,0,0,752.3826,2358.8824
314,37,10.5937,30465.2456,95515.4176,7.0,1,0,0,823.385,2581.4978
315,37,10.7324,28371.8142,88951.7584,0.0,0,0,0,766.8058,2404.1016
316,37,10.5354,27534.9894,86328.1897,0.0,0,0,0,744.1889,2333.1943
317,37,10.3898,28549.6233,89509.2437,0.0,0,0,0,771.6114,2419.1687
318,38,10.0666,27025.9733,84732.5802,1.0,2,1,0,711.2098,2229.8047
319,37,10.4666,46727.9396,146503.2922,2.0,1,0,1,1262.9173,3959.5484
320,37,10.4654,30278.5151,94929.8917,0.0,0,0,0,818.3382,2565.6727
321,37,10.4296,31805.1247,99716.1322,1.0,1,0,0,859.598,2695.0306
322,37,10.5956,31273.8784,98050.6754,2.0,1,0,0,845.24,2650.0183
323,37,10.7447,35842.2479,112373.736,3.0,1,0,0,968.7094,3037.128
324,38,10.4947,34899.6713,109418.4095,4.0,2,1,0,918.4124,2879.4318
325,38,10.3738,26147.5907,81978.516,5.0,1,0,0,688.0945,2157.3294
326,38,10.4236,34238.7669,107346.2372,6.0,1,0,0,901.0202,2824.901
327,38,10.4109,29200.724,91550.2311,7.0,1,0,0,768.4401,2409.2166
328,38,10.3884,27680.3449,86783.6959,1.0,1,0,0,728.4301,2283.7815
329,38,10.5967,28758.7614,90164.7207,0.0,0,0,0,756.8095,2372.7558
330,39,10.6239,37591.3179,117857.3355,0.0,1,1,0,963.8799,3021.983
331,39,10.5156,29779.2056,93364.7679,0.0,0,0,0,763.5694,2393.9684
332,39,10.4045,36812.2063,115415.0339,0.0,0,0,0,943.9027,2959.3598
333,39,10.0149,27261.2851,85470.2438,0.0,0,0,0,699.0073,2191.5447
334,39,9.9386,36300.0361,113808.937,2.0,2,0,0,930.7702,2918.1779
335,39,9.762,32492.5101,101871.232,4.0,2,0,0,833.1413,2612.0829
336,40,9.5512,33342.9797,104537.6471,0.0,1,1,0,833.5745,2613.4412
337,40,9.5307,34357.5624,107718.7623,0.0,0,0,0,858.9391,2692.9691
338,40,9.7011,38555.9454,120881.6071,0.0,0,0,0,963.8986,3022.0402
339,40,10.0168,38611.6977,121056.2024,2.0,2,0,0,965.2924,3026.4051
340,40,9.891,28135.4668,88211.0651,4.0,2,0,0,703.3867,2205.2766
341,39,9.8122,26949.8992,84493.2748,7.0,3,0,1,691.0231,2166.4942
342,38,9.5127,33169.4635,103993.4583,10.0,4,1,2,872.8806,2736.67
343,37,9.8328,32337.0123,101383.1154,13.0,3,0,1,873.9733,2740.0842
344,35,10.0076,23128.4382,72512.2052,16.0,3,0,2,660.8125,2071.7773
345,35,10.174,30813.4674,96607.2323,14.0,2,0,0,880.3848,2760.2066
346,35,10.4471,32658.8374,102392.6375,8.0,1,0,0,933.1096,2925.5039
347,35,10.3821,27586.2021,86488.5795,9.0,1,0,0,788.1772,2471.1023
348,36,9.6679,20581.1623,64525.458,11.0,3,1,0,571.699,1792.3738
349,36,9.9353,34236.0333,107337.1553,13.0,2,0,0,951.0009,2981.5876
350,36,9.8216,24756.4151,77616.3022,16.0,3,0,0,687.6782,2156.0084
351,36,9.9516,30429.7792,95403.5806,19.0,3,0,0,845.2716,2650.0995
352,36,10.1007,30170.9443,94592.4649,19.0,2,0,0,838.0818,2627.5685
353,36,10.3099,35128.1384,110134.5124,0.0,0,0,0,975.7816,3059.292
354,36,10.5403,37171.3394,116541.1904,0.0,0,0,0,1032.5372,3237.2553
355,37,10.6854,38664.8462,121223.4956,0.0,1,1,0,1044.9958,3276.3107
356,37,10.9471,32436.2916,101695.2189,0.0,0,0,0,876.6565,2748.5194
357,37,10.8604,39229.6594,122994.7415,0.0,0,0,0,1060.2611,3324.1822
358,37,10.7713,28213.1699,88454.3895,1.0,1,0,0,762.5181,2390.6592
359,37,10.8452,31500.5013,98761.1812,2.0,1,0,0,851.3649,2669.2211
360,38,10.3368,29549.2465,92643.3402,4.0,3,1,0,777.6118,2437.9826
361,38,10.2865,34613.3518,108520.4944,7.0,3,0,0,910.8777,2855.8025
362,38,10.3795,40194.5455,126018.8254,10.0,3,0,0,1057.7512,3316.2849
363,38,10.4257,33137.7856,103894.5928,13.0,3,0,0,872.047,2734.0682
364,37,10.3331,31491.2957,98732.0394,17.0,4,0,1,851.1161,2668.4335
365,36,10.3536,34448.523,108004.1376,21.0,4,0,1,956.9034,3000.1149
366,37,9.9565,28600.0581,89667.1358,25.0,5,1,0,772.9745,2423.4361
367,36,10.1725,35579.3383,111549.2555,30.0,5,0,1,988.315,3098.5904
368,35,10.2716,34686.1615,108748.9473,33.0,4,0,1,991.0332,3107.1128
369,35,10.3979,31800.6314,99701.6315,15.0,2,0,0,908.5895,2848.618
370,35,10.7012,33955.5384,106458.3585,7.0,1,0,0,970.1582,3041.6674
371,35,11.0351,32687.3234,102482.2088,9.0,2,0,0,933.9235,2928.0631
372,36,10.7489,29094.2609,91216.4228,11.0,3,1,0,808.1739,2533.7895
373,35,10.9844,28975.0371,90843.1179,13.0,2,0,1,827.8582,2595.5177
374,35,11.2017,31044.2897,97330.9552,11.0,1,0,0,886.9797,2780.8844
375,35,11.3204,33981.3102,106539.4297,12.0,1,0,0,970.8946,3043.9837
376,35,11.3103,32643.0061,102343.327,14.0,2,0,0,932.6573,2924.0951
377,35,11.1587,24114.4608,75604.0928,14.0,1,0,0,688.9846,2160.1169
378,36,10.7418,31021.4235,97258.6854,15.0,2,1,0,861.7062,2701.6302
379,36,10.5862,27289.1171,85557.0553,16.0,1,0,0,758.031,2376.5849
380,36,10.7112,30645.0156,96079.2723,17.0,1,0,0,851.2504,2668.8687
381,36,11.1923,42266.5472,132516.0321,18.0,1,0,0,1174.0708,3681.0009
382,36,11.7608,46715.0691,146463.4174,19.0,1,0,0,1297.6408,4068.4283
383,36,12.0163,35473.9449,111219.3696,20.0,1,0,0,985.3874,3089.4269
384,37,11.9843,38547.6981,120856.1671,21.0,2,1,0,1041.8297,3266.3829
385,37,11.8431,26700.9132,83713.72,0.0,0,0,0,721.6463,2262.533
386,37,11.7376,24411.4466,76535.0738,0.0,0,0,0,659.7688,2068.5155
387,37,11.6326,24503.3556,76823.4642,0.0,0,0,0,662.2529,2076.3098
388,37,11.6476,29176.1064,91473.6182,0.0,0,0,0,788.5434,2472.26
389,37,11.6093,30764.9155,96455.0853,0.0,0,0,0,831.4842,2606.8942
390,38,11.535,35735.7996,112039.9532,1.0,2,1,0,940.4158,2948.4198
391,38,11.6824,33817.3031,106024.6731,2.0,1,0,0,889.929,2790.123
392,38,11.592,27010.1351,84682.809,3.0,1,0,0,710.793,2228.495
393,38,11.8647,38638.1164,121139.5554,4.0,1,0,0,1016.7925,3187.883
394,38,11.7997,32534.5728,102003.5703,5.0,1,0,0,856.173,2684.3045
395,38,11.8337,37043.2466,116139.5026,6.0,1,0,0,974.8223,3056.3027
396,39,11.2497,27814.627,87205.1623,7.0,2,1,0,713.1956,2236.0298
397,39,11.2821,37585.6084,117839.5146,8.0,1,0,0,963.7335,3021.526
398,39,11.1797,29755.2223,93289.4513,9.0,1,0,0,762.9544,2392.0372
399,39,11.2475,38762.9606,121530.5563,10.0,1,0,0,993.9221,3116.1681
400,38,11.3324,34088.8165,106876.3467,12.0,2,0,1,897.0741,2812.5354
401,38,11.338,36344.3527,113948.2507,2.0,1,0,0,956.4303,2998.6382
402,39,10.9247,32841.2539,102964.6178,4.0,3,1,0,842.0834,2640.1184
403,39,11.2451,35675.9001,111851.8508,6.0,2,0,0,914.7667,2867.9962
404,39,11.5023,40904.5704,128245.2872,3.0,1,0,0,1048.8351,3288.3407
405,39,11.6288,38174.6039,119686.4577,0.0,0,0,0,978.836,3068.8835
406,39,11.7229,38125.9817,119533.8933,0.0,0,0,0,977.5893,3064.9716
407,39,11.6421,38901.7265,121965.6728,1.0,1,0,0,997.4802,3127.3249
408,39,11.1335,28737.4718,90098.0077,2.0,2,1,1,736.8583,2310.2053
409,39,10.8244,23871.5122,74841.8749,3.0,1,0,0,612.0901,1919.0224
410,39,10.6953,30406.0206,95329.3592,4.0,1,0,0,779.6416,2444.3425
411,39,10.7599,31869.1801,99916.9584,1.0,1,0,0,817.1585,2561.9733
412,39,10.8838,37840.6301,118639.1061,2.0,1,0,0,970.2726,3042.0284
413,39,11.1612,38457.8609,120574.2373,3.0,1,0,0,986.099,3091.6471
414,40,10.8812,35070.7647,109955.1984,4.0,2,1,0,876.7691,2748.88
415,40,11.0967,41378.9019,129732.6377,5.0,1,0,0,1034.4725,3243.3159
416,40,11.0484,32265.5202,101159.7573,6.0,1,0,0,806.638,2528.9939
417,40,10.9267,30507.0853,95646.6219,7.0,1,0,0,762.6771,2391.1655
418,39,10.9586,35843.7957,112378.2439,8.0,1,0,1,919.0717,2881.4934
419,39,11.0249,29429.6543,92268.7245,9.0,1,0,0,754.6065,2365.8647
420,40,10.6197,26115.5996,81877.6872,11.0,3,1,0,652.89,2046.9422
421,40,10.3408,24403.1477,76508.7918,14.0,3,0,0,610.0787,1912.7198
422,40,10.2357,26858.2751,84206.4305,17.0,3,0,0,671.4569,2105.1608
423,40,10.2509,30652.2166,96100.5067,20.0,3,0,0,766.3054,2402.5127
424,40,10.1888,33942.9472,106418.2889,23.0,3,0,0,848.5737,2660.4572
425,39,10.2773,32053.0205,100492.9945,26.0,3,0,1,821.8723,2576.7434
426,39,10.3277,39475.3581,123764.0548,30.0,5,1,1,1012.1887,3173.4373
427,39,10.7283,41708.348,130765.2303,34.0,4,0,0,1069.4448,3352.9546
428,39,10.8178,27933.9811,87578.7887,21.0,2,0,0,716.2559,2245.61
429,39,11.0141,40230.4452,126131.8367,23.0,2,0,0,1031.5499,3234.1497
430,39,10.6563,23923.1888,75004.2579,5.0,1,0,0,613.4151,1923.1861
431,39,10.7653,32925.7997,103230.0055,0.0,0,0,0,844.2513,2646.9232
432,40,10.8089,40570.0911,127196.5633,0.0,1,1,0,1014.2523,3179.9141
433,40,10.8789,34900.207,109420.075,1.0,1,0,0,872.5052,2735.5019
434,40,11.1977,41416.625,129850.6092,2.0,1,0,0,1035.4156,3246.2652
435,40,11.3994,40628.3886,127380.0039,3.0,1,0,0,1015.7097,3184.5001
436,39,11.6825,37085.6188,116272.15,4.0,1,0,1,950.9133,2981.3372
437,39,11.6445,37671.1375,118108.3945,5.0,1,0,0,965.9266,3028.4204
438,40,11.1239,32833.6315,102940.9709,6.0,2,1,0,820.8408,2573.5243
439,39,11.4213,41049.5224,128699.8608,0.0,0,0,1,1052.5519,3299.9964
440,39,11.5938,33068.2984,103676.7997,0.0,0,0,0,847.9051,2658.3795
441,39,11.8588,37537.6421,117689.61,0.0,0,0,0,962.5036,3017.6823
442,39,11.8949,39190.2397,122871.2294,0.0,0,0,0,1004.8779,3150.5443
443,39,12.2646,45692.3187,143256.6576,0.0,0,0,0,1171.5979,3673.2476
444,39,12.6123,44143.4597,138400.7936,0.0,0,0,0,1131.8836,3548.7383
445,38,12.6476,34471.9869,108077.9331,0.0,0,0,1,907.1576,2844.1561
446,39,12.3405,35119.2498,110107.1705,0.0,1,1,0,900.4936,2823.2608
447,39,12.2802,28458.1357,89222.7753,0.0,0,0,0,729.6958,2287.7635
448,39,11.9812,26831.4406,84122.6684,0.0,0,0,0,687.9857,2156.9915
449,39,11.7943,31969.2857,100230.6935,0.0,0,0,0,819.7253,2570.0178
450,40,11.6685,34883.8876,109368.991,0.0,1,1,0,872.0972,2734.2248
451,40,11.8847,35224.9867,110438.2172,1.0,1,0,0,880.6247,2760.9554
452,40,12.0686,34611.6245,108515.1005,2.0,1,0,0,865.2906,2712.8775
453,40,12.3064,36519.4937,114496.9009,0.0,0,0,0,912.9873,2862.4225
454,40,12.3605,35894.7057,112538.2727,0.0,0,0,0,897.3676,2813.4568
455,40,12.2741,31982.9283,100273.8969,0.0,0,0,0,799.5732,2506.8474
456,41,11.5868,25585.5071,80216.2226,0.0,1,1,0,624.0368,1956.4932
457,41,11.4007,29845.683,93572.7387,0.0,0,0,0,727.9435,2282.2619
458,41,11.3547,34436.8586,107967.3808,0.0,0,0,0,839.9234,2633.3508
459,41,11.2784,28841.7591,90425.181,0.0,0,0,0,703.4575,2205.4922
460,41,11.4465,40042.0333,125541.1969,1.0,1,0,0,976.635,3061.9804
461,41,11.4453,38441.9922,120524.6617,2.0,1,0,0,937.6096,2939.6259
462,42,11.0775,36431.275,114220.1453,3.0,2,1,0,867.4113,2719.5273
463,42,11.3572,42098.2215,131987.3153,5.0,2,0,0,1002.3386,3142.5551
464,42,11.3478,33870.098,106190.4018,3.0,2,0,0,806.4309,2528.3429
465,42,11.2777,34912.9335,109459.8723,3.0,1,0,0,831.2603,2606.1874
466,42,11.1146,37767.6128,118409.7073,4.0,1,0,0,899.2289,2819.2787
467,42,11.1455,36263.0161,113692.7615,6.0,2,0,0,863.4051,2706.9705
468,43,11.0797,40274.2464,126269.0535,6.0,2,1,0,936.6104,2936.4896
469,43,11.1918,40918.4792,128289.403,7.0,1,0,0,951.5925,2983.4745
470,43,11.382,47432.5581,148712.3474,9.0,2,0,0,1103.0827,3458.4267
471,43,11.3199,31992.7683,100304.4142,11.0,2,0,0,744.0179,2332.6608
472,43,11.3233,43499.6738,136381.4806,13.0,2,0,0,1011.6203,3171.6623
473,43,11.3699,41460.516,129988.069,16.0,3,0,0,964.198,3022.9783
474,44,10.79,26827.2774,84108.7579,19.0,4,1,0,609.7109,1911.5627
475,44,10.6833,35938.5343,112675.2547,13.0,1,0,0,816.7849,2560.8012
476,44,10.2058,25237.8047,79125.6252,0.0,0,0,0,573.5865,1798.3097
477,44,10.2989,40314.7721,126396.0026,1.0,1,0,0,916.2448,2872.6364
478,44,10.4785,44389.0539,139169.9533,2.0,1,0,0,1008.8421,3162.9535
479,44,10.5937,39435.7745,123640.3582,4.0,2,0,0,896.2676,2810.0081
480,45,10.3977,43285.5398,135709.9934,2.0,2,1,0,961.9009,3015.7776
481,45,10.8943,52604.5757,164927.929,3.0,1,0,0,1168.9906,3665.0651
482,45,11.0998,45886.2203,143864.3197,4.0,1,0,0,1019.6938,3196.9849
483,45,11.3138,41756.1358,130915.1742,5.0,1,0,0,927.9141,2909.2261
484,45,11.2962,39023.0634,122346.3326,6.0,1,0,0,867.1792,2718.8074
485,45,11.3994,43387.829,136031.2988,7.0,1,0,0,964.174,3022.9178
486,45,11.2812,35124.0754,110121.7841,8.0,2,1,1,780.535,2447.1508
487,45,11.4728,40158.0305,125904.7048,9.0,1,0,0,892.4007,2797.8823
488,45,11.3765,33714.9087,105703.7733,10.0,1,0,0,749.2202,2348.9727
489,44,11.22,35111.2624,110081.2801,11.0,1,0,1,797.9832,2501.8473
490,44,11.0482,29176.9245,91475.7954,12.0,1,0,0,663.1119,2078.9953
491,44,10.6613,26290.8192,82427.2379,13.0,1,0,0,597.5186,1873.3463
492,45,10.2822,35688.5401,111890.8555,14.0,2,1,0,793.0787,2486.4635
493,45,10.4453,38255.7861,119940.4941,15.0,1,0,0,850.1286,2665.3443
494,45,10.4689,37647.6894,118033.9145,17.0,2,0,0,836.6153,2622.9759
495,45,10.4416,39396.5266,123516.9027,19.0,2,0,0,875.4784,2744.8201
496,45,10.4312,37487.993,117533.1563,21.0,2,0,0,833.0665,2611.8479
497,45,10.3837,36604.5822,114763.286,23.0,2,0,0,813.4352,2550.2952
498,45,10.6792,46050.306,144378.0725,5.0,1,0,0,1023.3401,3208.4016
499,45,10.4547,39822.9779,124853.7937,1.0,2,1,1,884.9551,2774.5287
500,45,10.3149,38818.6043,121704.8733,0.0,0,0,0,862.6357,2704.5527
501,45,10.3251,43613.9129,136740.3005,0.0,0,0,0,969.1981,3038.6733
502,45,10.8324,48789.4661,152966.3188,0.0,0,0,0,1084.2104,3399.2515
503,45,11.2345,48672.9293,152601.7698,0.0,0,0,0,1081.6207,3391.1504
504,46,11.2872,49344.6992,154707.6929,0.0,1,1,0,1072.7109,3363.2107
505,45,11.6841,44278.9816,138825.0019,0.0,0,0,1,983.9774,3085.0
506,45,11.6762,37616.2163,117935.6191,0.0,0,0,0,835.9159,2620.7915
507,45,11.6859,35417.8894,111042.9965,0.0,0,0,0,787.0642,2467.6221
508,45,11.637,32949.2368,103303.5543,0.0,0,0,0,732.2053,2295.6345
509,44,11.442,36431.9491,114222.7819,0.0,0,0,1,827.9988,2595.9723
510,44,11.1585,30833.1675,96668.4315,1.0,2,1,1,700.7538,2197.0098
511,44,11.0183,41640.7907,130553.683,2.0,1,0,0,946.3816,2967.1292
512,44,11.1643,37058.9134,116188.0735,3.0,1,0,0,842.248,2640.638
513,44,11.2923,40752.8366,127769.4148,4.0,1,0,0,926.2008,2903.8503
514,44,11.0867,34163.0976,107108.9682,5.0,1,0,0,776.434,2434.2947
515,44,10.8919,38074.0235,119370.9395,6.0,1,0,0,865.3187,2712.9759
516,45,10.7012,38320.999,120144.716,8.0,3,1,0,851.5778,2669.8826
517,45,10.6204,33262.4819,104284.4188,11.0,3,0,0,739.1663,2317.4315
518,45,10.6041,34861.8679,109298.9839,14.0,3,0,0,774.7082,2428.8663
519,45,10.7718,36603.2001,114758.1728,9.0,4,0,0,813.4044,2550.1816
520,45,11.03,38147.4674,119600.5819,11.0,3,0,0,847.7215,2657.7907
521,45,11.2153,41626.0696,130507.3547,14.0,3,0,0,925.0238,2900.1634
522,46,11.1085,38652.2784,121183.5283,17.0,4,1,0,840.2669,2634.4245
523,46,11.0166,36246.1065,113639.3781,20.0,3,0,0,787.9588,2470.4213
524,46,11.0529,41586.3032,130382.3162,23.0,3,0,0,904.0501,2834.3982
525,46,11.1437,36599.1688,114745.9362,26.0,3,0,0,795.6341,2494.4769
526,46,11.0912,33609.8782,105374.2938,29.0,3,0,0,730.6495,2290.7455
527,46,11.1957,44236.3832,138691.2071,32.0,3,0,0,961.6605,3015.0262
528,47,10.7125,24055.189,75417.6441,35.0,4,1,0,511.8125,1604.6307
529,47,10.8377,42164.2232,132193.9942,38.0,3,0,0,897.1111,2812.6382
530,47,10.7903,29310.5608,91894.476,41.0,3,0,0,623.629,1955.2016
531,47,10.9076,39507.1143,123863.4832,44.0,3,0,0,840.5769,2635.3933
532,46,11.201,42791.319,134160.4437,30.0,2,0,1,930.2461,2916.5314
533,46,11.3217,40435.8519,126775.7287,17.0,1,0,0,879.0403,2755.9941
534,46,10.971,33038.1914,103582.0939,19.0,3,1,1,718.2216,2251.7846
535,45,11.0452,43976.2301,137875.7426,21.0,2,0,1,977.2496,3063.9054
536,45,10.9285,37300.1441,116944.1173,23.0,2,0,0,828.8921,2598.7582
537,45,11.113,42901.1318,134504.8202,4.0,1,0,0,953.3585,2988.996
538,44,11.3617,41242.9991,129306.3262,6.0,2,0,1,937.3409,2938.7801
539,44,11.2842,37941.5899,118955.3056,8.0,2,0,0,862.3089,2703.5297
540,45,11.1475,42643.9077,133698.4752,3.0,2,1,0,947.6424,2971.0772
541,45,11.2089,38929.2016,122051.8428,0.0,0,0,0,865.0934,2712.2632
542,45,11.4323,42195.6782,132293.0738,1.0,1,0,0,937.6817,2939.8461
543,45,11.7102,41945.6534,131509.0254,3.0,2,0,0,932.1256,2922.4228
544,45,11.7166,38983.3181,122221.672,5.0,2,0,0,866.296,2716.0372
545,44,11.3474,29328.1028,91950.1408,7.0,2,0,1,666.5478,2089.7759
546,45,10.999,40632.5061,127391.8136,9.0,3,1,0,902.9446,2830.9292
547,45,11.1504,38957.5565,122140.4686,11.0,2,0,0,865.7235,2714.2326
548,45,11.1915,38096.6562,119441.765,6.0,1,0,0,846.5924,2654.2614
549,45,11.3047,32803.6426,102846.3729,7.0,1,0,0,728.9698,2285.475
550,45,11.582,46544.4415,145927.8364,8.0,1,0,0,1034.3209,3242.8408
551,45,11.598,34384.9489,107804.4277,0.0,0,0,0,764.11,2395.6539
552,46,11.4411,41942.9714,131500.4721,0.0,1,1,0,911.8037,2858.7059
553,46,11.3849,32859.6019,103022.2636,0.0,0,0,0,714.3392,2239.6144
554,46,11.6664,45600.1087,142967.2965,0.0,0,0,0,991.3067,3107.9847
555,46,11.6824,39555.5995,124016.0716,0.0,0,0,0,859.9043,2696.0016
556,44,11.7591,46710.8398,146449.8635,0.0,0,0,2,1061.61,3328.406
557,44,11.4682,31813.4486,99742.758,0.0,0,0,0,723.0329,2266.8809
558,45,11.0549,31278.6157,98065.5946,1.0,2,1,0,695.0803,2179.2354
559,45,10.8891,34367.4175,107749.1432,2.0,1,0,0,763.7204,2394.4254
560,45,10.8493,37773.8519,118429.6145,3.0,1,0,0,839.4189,2631.7692
561,45,10.8827,44758.8467,140329.6727,4.0,1,0,0,994.641,3118.4372
562,45,11.0408,45140.8498,141527.3839,5.0,1,0,0,1003.13,3145.053
563,45,11.2187,43827.1587,137408.6542,6.0,1,0,0,973.9369,3053.5256
564,46,10.9124,33311.6054,104439.2637,8.0,3,1,0,724.1653,2270.4188
565,46,11.1177,43790.8903,137294.4224,10.0,2,0,0,951.9759,2984.6614
566,46,11.0812,39829.2015,124873.8742,3.0,1,0,0,865.8522,2714.6494
567,46,11.1151,39959.5373,125282.075,5.0,2,0,0,868.6856,2723.5234
568,46,11.2424,42936.2795,134615.361,2.0,1,0,0,933.3974,2926.4209
569,46,11.0465,29286.4873,91819.5505,0.0,0,0,0,636.6628,1996.0772
570,47,10.9945,49894.5986,156430.8435,1.0,2,1,0,1061.5872,3328.3158
571,47,10.8064,36904.9465,115705.3922,2.0,1,0,0,785.2116,2461.8169
572,47,10.871,41950.7462,131525.2298,3.0,1,0,0,892.5691,2798.4091
573,47,10.8021,39339.4386,123337.9323,5.0,2,0,0,837.0093,2624.2113
574,47,10.6902,42791.1544,134159.7873,7.0,2,0,0,910.4501,2854.4636
575,47,10.6138,35677.6612,111857.1821,11.0,4,0,0,759.0992,2379.94
576,48,10.4599,40408.1838,126688.2402,15.0,5,1,0,841.8372,2639.3383
577,48,10.6613,43040.4225,134941.518,19.0,4,0,0,896.6755,2811.2816
578,48,10.8845,51831.9927,162505.3056,14.0,3,0,0,1079.8332,3385.5272
579,48,10.8794,37849.1462,118665.1036,17.0,3,0,0,788.5239,2472.1897
580,48,10.8598,47129.7434,147762.5585,12.0,2,0,0,981.8697,3078.3866
581,48,10.7559,32898.7309,103144.3624,7.0,1,0,0,685.3902,2148.8409
582,49,10.834,48187.4089,151078.7144,9.0,3,1,0,983.4165,3083.2391
583,47,10.8149,39138.6866,122708.4173,11.0,2,0,2,832.738,2610.8174
584,47,11.0742,45903.8083,143918.9646,13.0,2,0,0,976.6768,3062.1056
585,47,11.3689,49757.7912,156002.281,15.0,2,0,0,1058.6764,3319.1975
586,47,11.5987,48234.1198,151225.6036,17.0,2,0,0,1026.2579,3217.566
587,46,11.7018,34454.3586,108022.3569,6.0,1,0,1,749.0078,2348.3121
588,47,11.781,45995.1052,144205.5202,0.0,1,1,0,978.6193,3068.2026
589,47,11.7107,32303.097,101277.5243,0.0,0,0,0,687.2999,2154.8409
590,47,11.6768,40078.0109,125653.8726,0.0,0,0,0,852.7236,2673.4867
591,47,11.6021,34808.4746,109132.4278,0.0,0,0,0,740.6058,2321.9665
592,47,11.905,44384.0648,139154.2217,0.0,0,0,0,944.3418,2960.7281
593,47,12.3532,51834.4649,162513.4986,0.0,0,0,0,1102.861,3457.734
594,48,12.414,50600.1207,158643.1979,0.0,1,1,0,1054.1692,3305.0666
595,48,12.4635,42829.306,134280.2343,0.0,0,0,0,892.2772,2797.5049
596,48,12.5732,43770.1726,137230.0294,0.0,0,0,0,911.8786,2858.9589
597,48,12.6389,40440.6785,126791.0768,0.0,0,0,0,842.5141,2641.4808
598,48,12.5523,35253.2908,110527.0855,0.0,0,0,0,734.4436,2302.6476
599,48,12.4385,35835.9515,112354.0002,0.0,0,0,0,746.5823,2340.7083
600,49,11.7077,29212.559,91587.7718,0.0,1,1,0,596.1747,1869.1382
601,49,11.5711,35734.9123,112037.0327,0.0,0,0,0,729.2839,2286.4701
602,49,11.7492,44004.4966,137964.0301,0.0,0,0,0,898.051,2815.5925
603,49,11.9659,49784.6388,156086.7925,0.0,0,0,0,1016.013,3185.4447
604,49,12.0325,42661.0369,133752.6231,0.0,0,0,0,870.6334,2729.6454
605,49,12.0672,43278.5616,135688.5602,0.0,0,0,0,883.236,2769.1543
606,50,11.8696,44401.3503,139209.0345,0.0,1,1,0,888.027,2784.1807
607,50,11.841,42273.116,132536.0117,0.0,0,0,0,845.4623,2650.7202
608,50,11.5861,28086.5234,88057.1234,0.0,0,0,0,561.7305,1761.1425
609,50,11.5057,42156.6893,132170.7787,0.0,0,0,0,843.1338,2643.4156
610,50,11.4778,45859.1947,143778.6982,0.0,0,0,0,917.1839,2875.574
611,50,11.4707,35024.9924,109810.8494,0.0,0,0,0,700.4998,2196.217
612,51,11.3456,43019.5849,134876.2172,0.0,1,1,0,843.5213,2644.6317
613,50,11.6061,46127.8834,144621.6812,0.0,0,0,1,922.5577,2892.4336
614,50,11.5301,32068.1307,100540.4855,0.0,0,0,0,641.3626,2010.8097
615,50,11.6547,50925.3781,159663.3578,0.0,0,0,0,1018.5076,3193.2672
616,50,11.3865,32473.0194,101809.8778,0.0,0,0,0,649.4604,2036.1976
617,50,11.4843,43207.5771,135466.062,0.0,0,0,0,864.1515,2709.3212
618,51,11.4275,46864.8516,146932.1831,0.0,1,1,0,918.9187,2881.0232
619,50,11.2953,38608.4068,121046.2955,0.0,0,0,1,772.1681,2420.9259
620,50,11.4334,45295.2563,142011.1084,0.0,0,0,0,905.9051,2840.2222
621,50,11.5457,47676.0272,149475.7965,1.0,1,0,0,953.5205,2989.5159
622,50,11.5746,46857.5976,146909.6646,0.0,0,0,0,937.152,2938.1933
623,50,11.4763,33812.55,106010.3585,0.0,0,0,0,676.251,2120.2072
624,51,11.4141,48516.2092,152109.1949,0.0,1,1,0,951.2982,2982.5332
625,51,11.3702,41025.9831,128626.0336,0.0,0,0,0,804.431,2522.0791
626,51,11.5631,49542.5257,155327.829,0.0,0,0,0,971.4221,3045.6437
627,51,11.7745,49434.4024,154988.8508,0.0,0,0,0,969.302,3038.9971
628,51,11.7367,45064.2141,141287.3026,0.0,0,0,0,883.612,2770.3393
629,51,11.7199,41367.8144,129697.4374,0.0,0,0,0,811.1336,2543.087
630,52,11.4889,39132.8358,122690.0031,0.0,1,1,0,752.5545,2359.4231
631,52,11.5446,38699.936,121332.4622,1.0,1,0,0,744.2295,2333.3166
632,52,11.6723,47312.8305,148336.4624,2.0,1,0,0,909.8621,2852.6243
633,52,11.4547,38015.5227,119187.1365,3.0,1,0,0,731.0677,2292.0603
634,51,11.2694,32333.6971,101373.584,4.0,1,0,1,633.9941,1987.7173
635,51,11.3342,43861.186,137514.7565,6.0,2,0,0,860.0233,2696.3678
636,51,11.3499,44797.0138,140448.7441,8.0,3,1,1,878.3728,2753.8969
637,51,11.1842,38146.9388,119598.8058,10.0,2,0,0,747.9792,2345.0746
638,51,11.3037,52174.9292,163580.6721,12.0,2,0,0,1023.0378,3207.4642
639,51,11.3932,45199.0311,141709.3397,14.0,2,0,0,886.2555,2778.6145
640,51,11.5505,50111.3648,157110.8144,6.0,1,0,0,982.5758,3080.6042
641,51,11.4145,35542.1222,111432.5712,7.0,1,0,0,696.9044,2184.9524
642,52,11.4569,50673.8931,158874.6982,8.0,2,1,0,974.4979,3055.2827
643,52,11.4385,42299.7977,132619.9885,0.0,0,0,0,813.4576,2550.3844
644,51,11.3918,46418.2686,145532.5282,0.0,0,0,1,910.1621,2853.579
645,50,11.141,39482.546,123787.1918,0.0,0,0,1,789.6509,2475.7438
646,50,11.2298,44769.1377,140362.0512,1.0,1,0,0,895.3828,2807.241
647,50,11.0778,38621.0171,121085.24,0.0,0,0,0,772.4203,2421.7048
648,51,10.7219,39567.2231,124052.072,0.0,1,1,0,775.8279,2432.3936
649,51,10.7675,41876.1984,131291.2715,1.0,1,0,0,821.1019,2574.3387
650,51,10.7011,43150.4905,135286.534,2.0,1,0,0,846.088,2652.6771
651,50,10.6796,44664.5614,140033.9869,4.0,2,0,1,893.2912,2800.6797
652,49,10.618,43094.7513,135112.1078,4.0,1,0,1,879.4847,2757.39
653,49,10.4286,36735.0258,115171.8511,7.0,3,0,0,749.6944,2350.4459
654,50,10.3187,46147.4169,144682.3232,11.0,5,1,0,922.9483,2893.6465
655,50,10.4762,40917.4779,128284.9368,15.0,4,0,0,818.3496,2565.6987
656,50,10.638,43279.2756,135689.8717,16.0,3,0,0,865.5855,2713.7974
657,50,10.4955,41244.8227,129311.6747,19.0,3,0,0,824.8965,2586.2335
658,49,10.5213,46181.0749,144788.5231,22.0,3,0,1,942.4709,2954.8678
659,49,10.8407,52373.7978,164204.0114,7.0,1,0,0,1068.853,3351.1023
660,50,10.8749,48304.6425,151446.4835,8.0,2,1,0,966.0929,3028.9297
661,50,10.7967,48341.8712,151563.1682,9.0,1,0,0,966.8374,3031.2634
662,49,11.0764,50493.6339,158309.1827,10.0,1,0,1,1030.4823,3230.7996
663,49,11.1199,46188.5141,144811.9862,12.0,2,0,0,942.6227,2955.3467
664,49,11.0903,44486.4776,139475.4674,12.0,1,0,0,907.8873,2846.4381
665,47,11.0219,44119.5543,138325.254,13.0,1,0,2,938.7139,2943.0905
666,48,10.4758,35844.8419,112381.66,14.0,2,1,0,746.7675,2341.2846
667,48,10.7422,48896.8993,153302.9916,15.0,1,0,0,1018.6854,3193.8123
668,48,10.4121,29206.8664,91569.6558,17.0,2,0,0,608.4764,1907.7012
669,48,10.266,35435.0928,111096.4653,21.0,4,0,0,738.2311,2314.5097
670,48,10.1212,42684.397,133825.1977,25.0,4,0,0,889.2583,2788.025
671,47,10.1652,40125.3978,125801.5028,29.0,4,0,1,853.7319,2676.6277
672,48,10.0556,41532.3701,130213.0034,34.0,6,1,0,865.2577,2712.7709
673,48,10.1533,37529.1166,117661.4688,10.0,2,0,0,781.8566,2451.2806
674,48,10.4371,46660.6439,146291.5606,6.0,1,0,0,972.0967,3047.7408
675,48,10.4951,39231.2853,122998.8528,7.0,1,0,0,817.3184,2562.4761
676,48,10.8961,47355.0209,148468.8734,8.0,1,0,0,986.5629,3093.1015
677,47,10.7448,37497.4216,117562.9791,0.0,0,0,1,797.8175,2501.34
678,48,10.3549,39635.2756,124264.998,1.0,2,1,0,825.7349,2588.8541
679,48,10.4185,39157.2608,122766.8281,3.0,2,0,0,815.7763,2557.6423
680,48,10.777,50014.9408,156808.4574,5.0,2,0,0,1041.9779,3266.8429
681,48,11.0661,49422.2449,154950.6277,7.0,2,0,0,1029.6301,3228.1381
682,48,11.2203,48263.0423,151315.8219,9.0,2,0,0,1005.48,3152.413
683,47,11.4206,45465.6256,142545.2965,11.0,2,0,1,967.3537,3032.8786
684,48,11.2403,42282.1241,132563.8709,13.0,3,1,0,880.8776,2761.7473
685,47,11.2732,34193.2533,107203.208,16.0,3,0,1,727.516,2280.9193
686,47,11.3985,43737.9423,137128.3714,19.0,3,0,0,930.5945,2917.6249
687,47,11.5207,35014.7526,109778.9367,22.0,3,0,0,744.9947,2335.7221
688,47,11.4467,35828.9467,112331.4724,21.0,2,0,0,762.318,2390.0313
689,47,11.5526,40383.7324,126611.6893,23.0,2,0,0,859.2283,2693.8657
690,48,11.4411,44308.1975,138916.2911,25.0,3,1,0,923.0874,2894.0894
691,48,11.2516,35767.6049,112139.6117,0.0,0,0,0,745.1584,2336.2419
692,48,11.2786,41073.4874,128774.8592,0.0,0,0,0,855.6977,2682.8096
693,48,11.4336,44769.5247,140363.0164,0.0,0,0,0,932.6984,2924.2295
694,48,11.3963,39618.5232,124213.2586,0.0,0,0,0,825.3859,2587.7762
695,48,11.2948,35733.5359,112032.2635,1.0,1,0,0,744.4487,2334.0055
696,49,10.8787,37325.754,117024.9833,2.0,2,1,0,761.7501,2388.265
697,48,10.8659,40754.7425,127774.9898,3.0,1,0,1,849.0571,2661.979
698,48,11.0542,44917.7326,140826.9377,4.0,1,0,0,935.7861,2933.8945
699,48,10.8959,29782.7318,93375.2792,5.0,1,0,0,620.4736,1945.3183
700,47,11.0937,41007.0701,128566.4538,0.0,0,0,1,872.4909,2735.4565
701,46,10.9424,33769.13,105874.3697,0.0,0,0,1,734.1115,2301.6167
702,47,10.9654,42508.7331,133274.3628,0.0,1,1,0,904.4411,2835.6247
703,47,10.9147,33342.4552,104536.1444,0.0,0,0,0,709.4139,2224.1733
704,47,10.9888,39629.0422,124246.1408,0.0,0,0,0,843.1711,2643.5349
705,47,10.9437,40653.7926,127459.4426,0.0,0,0,0,864.9743,2711.903
706,47,11.0676,40396.4729,126651.6333,0.0,0,0,0,859.4994,2694.7156
707,47,11.1651,40572.3578,127203.3895,0.0,0,0,0,863.2417,2706.4551
708,47,10.8344,33869.5731,106188.4157,0.0,1,1,1,720.6292,2259.328
709,46,10.5381,29034.1558,91028.5074,0.0,0,0,1,631.1773,1978.8806
710,46,10.6443,41044.5131,128683.6928,0.0,0,0,0,892.272,2797.4716
711,46,10.8627,44484.6488,139470.1695,0.0,0,0,0,967.0576,3031.9602
712,46,11.0644,41015.72,128594.0157,0.0,0,0,0,891.6461,2795.5221
713,46,11.2153,44297.2907,138882.7651,0.0,0,0,0,962.9846,3019.1905
714,47,11.1266,45517.2976,142707.6268,0.0,1,1,0,968.4531,3036.3325
715,47,11.1011,38352.7657,120244.7027,0.0,0,0,0,816.0163,2558.3979
716,47,11.0279,39360.9705,123405.6997,0.0,0,0,0,837.4675,2625.6532
717,47,11.1416,44927.8759,140859.2674,0.0,0,0,0,955.9123,2997.0057
718,47,11.2828,41534.394,130219.9206,0.0,0,0,0,883.7105,2770.6366
719,46,11.3267,34469.2308,108068.6973,0.0,0,0,1,749.3311,2349.3195
720,47,11.3186,42132.8213,132095.7931,0.0,1,1,0,896.443,2810.5488
721,47,11.4247,42445.6738,133077.203,0.0,0,0,0,903.0994,2831.4299
722,47,11.4373,43243.6704,135579.12,0.0,0,0,0,920.0781,2884.6621
723,47,11.4274,37242.9451,116764.8091,0.0,0,0,0,792.4031,2484.3576
724,47,11.6702,46350.688,145320.0858,0.0,0,0,0,986.1849,3091.9167
725,47,11.7704,42075.2141,131915.9358,0.0,0,0,0,895.2173,2806.722
726,48,11.4142,33468.3919,104931.0033,0.0,1,1,0,697.2582,2186.0626
727,48,11.5336,42942.8463,134635.7472,0.0,0,0,0,894.6426,2804.9114
728,48,11.5303,46033.9146,144327.0993,0.0,0,0,0,959.0399,3006.8146
729,48,11.3791,39576.9656,124083.0056,0.0,0,0,0,824.5201,2585.0626
730,48,11.314,39839.6466,124906.1769,1.0,1,0,0,829.9926,2602.212
731,48,11.4215,40546.4702,127122.3898,0.0,0,0,0,844.7181,2648.3831
732,49,11.4666,48540.7256,152186.4557,0.0,1,1,0,990.6271,3105.846
733,49,11.4217,41554.1585,130281.8251,0.0,0,0,0,848.0441,2658.8128
734,49,11.3815,40093.9804,125703.6606,0.0,0,0,0,818.2445,2565.3808
735,49,11.0424,26955.3287,84510.7572,0.0,0,0,0,550.1087,1724.7093
736,49,11.0946,42494.5169,133229.8707,0.0,0,0,0,867.235,2718.977
737,49,11.0373,43203.372,135452.1583,1.0,1,0,0,881.7015,2764.3298
738,49,10.9933,43028.7278,134904.303,2.0,2,1,1,878.1373,2753.149
739,49,10.887,37749.2952,118352.0699,4.0,2,0,0,770.3938,2415.3484
740,49,10.8776,44549.4002,139672.7986,2.0,1,0,0,909.1714,2850.4653
741,49,10.7109,40118.1838,125779.4754,3.0,1,0,0,818.7384,2566.9281
742,48,10.8113,41360.1099,129673.318,4.0,1,0,1,861.669,2701.5275
743,47,10.884,40234.6064,126145.1507,5.0,1,0,1,856.0555,2683.9394
744,48,10.4498,39709.9475,124499.8635,6.0,2,1,0,827.2906,2593.7472
745,48,10.5336,45448.2107,142490.7163,7.0,1,0,0,946.8377,2968.5566
746,48,10.5094,39340.1028,123339.9719,8.0,1,0,0,819.5855,2569.5827
747,48,10.5159,44397.7218,139197.661,0.0,0,0,0,924.9525,2899.9513
748,48,10.8717,55107.9165,172776.6113,0.0,0,0,0,1148.0816,3599.5127
749,48,10.825,36820.9499,115442.0449,1.0,1,0,0,767.1031,2405.0426
750,49,10.7063,45918.0531,143963.7638,0.0,1,1,0,937.1031,2938.036
751,49,11.1403,52778.5006,165473.143,0.0,0,0,0,1077.1123,3377.0029
752,48,11.5366,45829.8002,143687.1139,0.0,0,0,1,954.7875,2993.4815
753,48,11.7148,48074.5137,150725.2008,0.0,0,0,0,1001.5524,3140.1083
754,47,11.6588,37316.7287,116996.6152,0.0,0,0,1,793.973,2489.2897
755,47,11.8152,47352.0345,148460.1837,0.0,0,0,0,1007.4901,3158.7273
756,47,11.3675,39788.3933,124745.6521,1.0,2,1,1,846.5616,2654.1628
757,47,11.1579,38228.7913,119856.2992,0.0,0,0,0,813.3785,2550.134
758,46,11.5842,47082.6278,147614.9742,0.0,0,0,1,1023.5354,3209.0212
759,46,11.8531,45137.5914,141517.1003,0.0,0,0,0,981.252,3076.4587
760,46,11.8599,41855.6976,131227.8993,0.0,0,0,0,909.9065,2852.7804
761,46,11.8399,37181.8834,116574.0968,0.0,0,0,0,808.3018,2534.2195
762,47,11.9545,52865.4833,165746.119,0.0,1,1,0,1124.7975,3526.5132
763,47,12.1454,43812.0545,137361.8379,0.0,0,0,0,932.1714,2922.5923
764,47,12.0297,40762.1293,127799.2747,0.0,0,0,0,867.2793,2719.1335
765,45,11.8505,32801.5224,102840.2978,1.0,1,0,2,728.9227,2285.34
766,44,11.845,32568.6444,102109.9051,2.0,1,0,1,740.1965,2320.6797
767,44,11.901,38846.4235,121792.1369,4.0,2,0,0,882.8733,2768.0031
768,45,11.6828,39994.6624,125392.3982,4.0,2,1,0,888.7703,2786.4977
769,44,11.6755,38953.5174,122128.1902,5.0,1,0,1,885.3072,2775.6407
770,44,11.7962,34803.5357,109116.9995,0.0,0,0,0,790.9894,2479.9318
771,44,12.1847,45655.466,143140.7111,0.0,0,0,0,1037.6242,3253.198
772,44,12.3773,43531.6983,136482.5936,0.0,0,0,0,989.3568,3101.8771
773,44,12.573,43974.2881,137870.04,0.0,0,0,0,999.4156,3133.41
774,45,12.1143,33306.1783,104422.4347,0.0,1,1,0,740.1373,2320.4985
775,45,12.1465,40511.4792,127012.8374,0.0,0,0,0,900.2551,2822.5075
776,45,12.2292,39404.8392,123543.6406,0.0,0,0,0,875.6631,2745.4142
777,44,12.3525,43468.6796,136284.7245,0.0,0,0,1,987.9245,3097.3801
778,44,12.2183,31033.5807,97297.7217,0.0,0,0,0,705.3087,2211.3119
779,43,12.2443,36552.3648,114599.9408,0.0,0,0,1,850.055,2665.1149
780,44,11.8977,36220.9386,113561.0513,0.0,1,1,0,823.2031,2580.933
781,43,11.9753,31726.3943,99469.4687,0.0,0,0,1,737.8231,2313.2435
782,42,12.1937,38590.3514,120989.8466,0.0,0,0,1,918.8179,2880.7106
783,42,12.2901,35683.1102,111874.6778,0.0,0,0,0,849.5979,2663.6828
784,41,12.59,37382.788,117203.7003,0.0,0,0,1,911.7753,2858.6268
785,41,12.6706,34378.8155,107785.3769,0.0,0,0,0,838.5077,2628.9116
786,41,12.3214,28668.9108,89883.8393,0.0,1,1,1,699.2417,2192.2888
787,41,12.1281,27410.0964,85936.5527,0.0,0,0,0,668.5389,2096.0135
788,41,12.2084,33254.1246,104258.9214,0.0,0,0,0,811.0762,2542.9005
789,41,12.3425,35864.2859,112442.9557,0.0,0,0,0,874.7387,2742.5111
790,41,12.2496,30100.6586,94372.2616,0.0,0,0,0,734.1624,2301.7625
791,41,12.1929,31763.7641,99586.5806,0.0,0,0,0,774.726,2428.941
792,41,11.9886,29608.0139,92827.3666,0.0,1,1,1,722.1467,2264.0821
793,40,11.9408,27373.1173,85820.8577,0.0,0,0,1,684.3279,2145.5214
794,40,11.7749,28632.4173,89769.0915,0.0,0,0,0,715.8104,2244.2273
795,40,11.7474,34501.7887,108171.3524,0.0,0,0,0,862.5447,2704.2838
796,40,11.8575,32515.7009,101944.319,0.0,0,0,0,812.8925,2548.608
797,40,11.9529,33567.1968,105241.0035,0.0,0,0,0,839.1799,2631.0251
798,41,11.8972,41527.0975,130197.2769,0.0,1,1,0,1012.856,3175.5433
799,41,11.9009,32847.0737,102983.1916,0.0,0,0,0,801.1481,2511.7852
800,41,11.8685,30957.2929,97057.8349,0.0,0,0,0,755.0559,2367.2643
801,41,11.8793,34653.2117,108645.6171,1.0,1,0,0,845.2003,2649.8931
802,41,11.5082,24950.3294,78224.5139,2.0,1,0,0,608.5446,1907.915
803,41,11.35,27484.8788,86170.863,3.0,1,0,0,670.3629,2101.7284
804,42,11.0311,36811.8672,115413.4463,4.0,2,1,0,876.473,2747.9392
805,42,10.8063,31910.0752,100045.1178,5.0,1,0,0,759.7637,2382.0266
806,42,10.8457,30783.5738,96512.4541,6.0,1,0,0,732.9422,2297.9156
807,42,10.7112,29112.3108,91273.2844,8.0,2,0,0,693.1503,2173.1734
808,42,10.9238,37776.3079,118437.4505,10.0,2,0,0,899.4359,2819.9393
809,42,11.004,38449.6305,120548.2163,3.0,1,0,0,915.4674,2870.1956
810,43,10.9398,36855.3746,115549.6743,5.0,3,1,0,857.1017,2687.2017
811,43,11.1503,38983.4941,122221.7093,7.0,2,0,0,906.5929,2842.3653
812,43,11.0874,32904.3141,103162.1149,9.0,2,0,0,765.2166,2399.119
813,43,11.1425,38390.8633,120363.8414,11.0,2,0,0,892.8108,2799.1591
814,43,10.9913,33376.5338,104642.4341,13.0,2,0,0,776.1985,2433.545
815,43,10.842,30866.791,96773.8374,15.0,2,0,0,717.8323,2250.5544
816,44,10.6796,37983.4907,119086.625,10.0,2,1,0,863.2612,2706.5142
817,44,10.7647,32423.2472,101653.9068,11.0,1,0,0,736.892,2310.3161
818,44,10.942,38413.9498,120435.88,12.0,1,0,0,873.0443,2737.1791
819,43,11.1867,41028.7101,128634.6089,13.0,1,0,1,954.156,2991.5025
820,43,11.226,33458.2858,104899.385,15.0,2,0,0,778.0997,2439.5206
821,43,11.5198,41045.0693,128685.6244,15.0,1,0,0,954.5365,2992.6889
822,44,11.4845,36858.6738,115560.1952,16.0,2,1,0,837.6971,2626.3681
823,44,11.4118,29290.7405,91832.701,17.0,1,0,0,665.6986,2087.1068
824,44,11.3551,33715.6717,105705.7822,18.0,1,0,0,766.2653,2402.4041
825,44,11.1148,32187.7491,100915.5598,19.0,1,0,0,731.5398,2293.5355
826,44,10.9453,34107.9711,106936.0744,20.0,1,0,0,775.1812,2430.3653
827,43,10.8366,31885.1957,99967.3367,0.0,0,0,1,741.5162,2324.8218
828,44,10.7644,45978.4215,144153.1319,0.0,1,1,0,1044.9641,3276.2075
829,44,10.6698,34846.697,109252.4544,1.0,1,0,0,791.9704,2483.0103
830,44,10.6302,36809.9455,115407.7356,2.0,1,0,0,836.5897,2622.9031
831,44,10.8812,40932.802,128334.5357,0.0,0,0,0,930.291,2916.694
832,44,11.0171,43898.4292,137632.0399,0.0,0,0,0,997.6916,3128.0009
833,44,10.9056,32138.1968,100760.7267,0.0,0,0,0,730.4136,2290.0165
834,45,10.4178,35526.716,111384.3011,2.0,3,1,0,789.4826,2475.2067
835,45,10.4649,36404.8415,114137.0904,4.0,2,0,0,808.9965,2536.3798
836,45,10.2963,34410.1095,107882.9868,6.0,2,0,0,764.6691,2397.3997
837,45,10.142,36440.7644,114249.5779,5.0,2,0,0,809.7948,2538.8795
838,44,10.3598,39265.372,123106.2945,7.0,2,0,1,892.3948,2797.8703
839,44,10.6939,47576.9013,149164.8614,10.0,3,0,0,1081.2932,3390.1105
840,45,10.3998,36482.2012,114379.3125,13.0,4,1,0,810.7156,2541.7625
841,45,10.2614,35191.0426,110331.4747,16.0,3,0,0,782.0232,2451.8105
842,45,10.1006,34751.4446,108952.8793,19.0,3,0,0,772.2543,2421.1751
843,44,10.5522,45439.5933,142463.7696,5.0,1,0,1,1032.718,3237.8129
844,44,10.6224,39050.8055,122433.3889,6.0,1,0,0,887.5183,2782.577
845,44,10.6022,36579.6654,114685.5887,7.0,1,0,0,831.356,2606.4907
846,45,10.2739,37872.9984,118740.1804,8.0,2,1,0,841.6222,2638.6707
847,44,10.3914,32485.3545,101848.0726,10.0,2,0,1,738.3035,2314.7289
848,44,10.4203,36981.9434,115946.6723,12.0,2,0,0,840.4987,2635.1516
849,44,10.3847,41152.8459,129023.4469,15.0,3,0,0,935.292,2932.3511
850,44,10.059,31566.6063,98967.854,19.0,4,0,0,717.4229,2249.2694
851,44,10.2848,42621.9182,133629.2741,23.0,4,0,0,968.68,3037.029
852,45,10.0721,33966.742,106492.4923,27.0,5,1,0,754.8165,2366.4998
853,45,10.0876,35941.0612,112682.4569,32.0,5,0,0,798.6902,2504.0546
854,45,10.1053,36684.1434,115012.5771,23.0,3,0,0,815.2032,2555.835
855,44,10.0828,28940.7341,90735.4172,9.0,2,0,1,657.744,2062.1686
856,44,10.4251,42060.8749,131870.1975,4.0,1,0,0,955.929,2997.0499
857,44,10.4115,33073.0494,103691.1961,5.0,1,0,0,751.6602,2356.6181
858,45,10.1892,38773.589,121563.9374,6.0,2,1,0,861.6353,2701.4208
859,44,10.0545,33802.7012,105978.8811,7.0,1,0,1,768.2432,2408.6109
860,44,9.9979,31286.7921,98090.8359,8.0,1,0,0,711.0635,2229.3372
861,44,10.3648,45231.8494,141812.341,9.0,1,0,0,1027.9966,3223.0077
862,44,10.4889,38490.5807,120677.1309,0.0,0,0,0,874.7859,2742.6621
863,44,10.3817,39074.0326,122506.2791,0.0,0,0,0,888.0462,2784.2336
864,45,10.4109,44215.3398,138625.3441,0.0,1,1,0,982.5631,3080.5632
865,45,10.4299,32348.0226,101418.4989,0.0,0,0,0,718.8449,2253.7444
866,44,10.6866,41206.3243,129191.2684,1.0,1,0,1,936.5074,2936.1652
867,44,10.82,38314.6399,120124.9904,2.0,1,0,0,870.7873,2730.1134
868,44,11.0213,44475.1207,139440.0366,3.0,1,0,0,1010.7982,3169.0917
869,43,11.1857,39473.665,123759.3565,5.0,2,0,1,917.9922,2878.1246
870,44,10.9341,35774.8821,112162.4112,7.0,3,1,0,813.0655,2549.1457
871,44,10.7907,37638.2885,118004.2707,9.0,2,0,0,855.4156,2681.9152
872,43,10.7348,35710.2981,111959.7763,11.0,2,0,1,830.472,2603.7157
873,43,10.9187,39136.1218,122700.6745,13.0,2,0,0,910.1424,2853.5041
874,43,11.0541,30628.252,96026.2169,15.0,2,0,0,712.2849,2233.1678
875,43,11.2258,39799.5971,124780.6155,17.0,2,0,0,925.572,2901.8748
876,44,10.9847,36523.9837,114510.888,19.0,3,1,0,830.0905,2602.5202
877,44,10.9311,30202.9432,94692.5361,0.0,0,0,0,686.4305,2152.1031
878,44,10.8767,35771.3332,112150.9399,0.0,0,0,0,812.9848,2548.885
879,44,11.3486,48743.3934,152821.8318,1.0,1,0,0,1107.8044,3473.2235
880,43,11.6394,42894.245,134483.72,2.0,1,0,1,997.5406,3127.5284
881,43,11.5035,31052.5694,97357.047,3.0,1,0,0,722.1528,2264.1174
882,44,11.0875,34722.1317,108861.6247,4.0,2,1,0,789.1394,2474.1278
883,44,11.09,35993.6769,112848.0213,5.0,1,0,0,818.0381,2564.7278
884,44,11.0763,36492.8632,114413.3663,7.0,2,0,0,829.3833,2600.3038
885,44,10.9939,38086.0623,119408.2971,9.0,2,0,0,865.5923,2713.8249
886,44,10.8013,31587.324,99032.952,11.0,2,0,0,717.8937,2250.7489
887,44,10.689,32648.047,102358.748,14.0,3,0,0,742.0011,2326.3352
888,45,10.1896,38851.9643,121808.8339,12.0,3,1,0,863.377,2706.863
889,45,10.4241,38532.9678,120808.7911,13.0,3,0,0,856.2882,2684.6398
890,43,10.492,36784.7686,115328.29,12.0,1,0,2,855.4597,2682.0533
891,42,10.8666,41227.9253,129258.7932,13.0,1,0,1,981.6173,3077.5903
892,41,11.1363,36461.9636,114316.4668,14.0,1,0,1,889.3162,2788.2065
893,41,11.1995,37255.3649,116804.025,15.0,1,0,0,908.6674,2848.8787
894,41,11.0322,35404.1649,111000.2651,16.0,2,1,1,863.5162,2707.3235
895,40,11.1966,36673.9492,114981.2242,17.0,1,0,1,916.8487,2874.5306
896,40,11.2279,33410.8219,104750.7381,18.0,1,0,0,835.2705,2618.7685
897,39,11.485,37327.6533,117031.074,19.0,1,0,1,957.1193,3000.7968
898,39,11.4868,38174.7427,119687.2966,20.0,1,0,0,978.8396,3068.905
899,39,11.5144,30758.587,96435.1989,0.0,0,0,0,788.6817,2472.6974
900,40,11.3786,41425.211,129878.0888,0.0,1,1,0,1035.6303,3246.9522
901,40,11.6365,34706.8474,108814.0192,0.0,0,0,0,867.6712,2720.3505
902,40,11.8346,37374.1773,117177.0599,0.0,0,0,0,934.3544,2929.4265
903,40,11.754,35517.5342,111356.089,0.0,0,0,0,887.9384,2783.9022
904,39,11.9679,42779.8893,134125.3143,0.0,0,0,1,1096.9202,3439.1106
905,39,12.1853,44617.03,139885.2921,1.0,1,0,0,1144.0264,3586.8024
906,40,11.865,36654.5595,114920.7919,2.0,2,1,0,916.364,2873.0198
907,40,11.743,29986.2307,94014.1706,3.0,1,0,0,749.6558,2350.3543
908,40,12.0684,39388.5639,123492.2409,4.0,1,0,0,984.7141,3087.306
909,40,12.163,40509.1981,127005.8611,5.0,1,0,0,1012.73,3175.1465
910,40,11.5728,21501.8132,67413.0075,6.0,1,0,0,537.5453,1685.3252
911,40,11.7434,39579.7176,124091.8899,7.0,1,0,0,989.4929,3102.2972
912,41,11.68,42187.1016,132266.9754,8.0,2,1,0,1028.9537,3226.0238
913,41,11.9852,46947.3185,147191.1549,10.0,2,0,0,1145.0565,3590.0282
914,41,11.9029,37213.4411,116672.7453,12.0,2,0,0,907.6449,2845.6767
915,41,11.7925,34702.2068,108799.7156,3.0,1,0,0,846.3953,2653.6516
916,41,11.7227,35954.3762,112725.1205,4.0,1,0,0,876.936,2749.3932
917,41,11.8518,40524.2872,127053.217,5.0,1,0,0,988.3972,3098.859
918,42,11.5825,37070.5571,116224.8558,6.0,2,1,0,882.6323,2767.2585
919,42,11.8046,44815.4392,140507.0196,8.0,2,0,0,1067.0343,3345.4052
920,42,12.014,43658.3141,136879.1242,10.0,2,0,0,1039.4837,3259.0268
921,42,12.0548,37183.1882,116577.6116,12.0,2,0,0,885.314,2775.6574
922,42,11.6682,24498.3865,76807.2348,16.0,4,0,0,583.2949,1828.7437
923,41,11.6143,36194.577,113478.0178,18.0,3,0,1,882.7946,2767.7565
924,42,11.4676,34475.5811,108088.3404,15.0,3,1,0,820.8472,2573.5319
925,42,11.6253,34979.309,109668.086,17.0,2,0,0,832.8407,2611.1449
926,42,11.6116,32619.4652,102269.3833,19.0,2,0,0,776.6539,2434.9853
927,42,11.4826,38381.9149,120336.2241,21.0,2,0,0,913.8551,2865.1482
928,41,11.5139,39353.7977,123383.197,23.0,2,0,1,959.8487,3009.3463
929,41,11.4348,34057.7436,106778.5774,25.0,2,0,0,830.6767,2604.3555
930,42,11.2985,38539.3501,120829.9613,27.0,3,1,0,917.6036,2876.9038
931,42,11.1016,24892.6056,78043.4772,0.0,0,0,0,592.6811,1858.178
932,42,11.0423,32704.374,102535.2931,0.0,0,0,0,778.6756,2441.3165
933,41,10.8779,36701.3523,115067.1708,0.0,0,0,1,895.1549,2806.5164
934,40,10.8539,30639.08,96060.0322,1.0,1,0,1,765.977,2401.5008
935,40,10.8043,33375.1431,104638.1288,2.0,1,0,0,834.3786,2615.9532
936,41,10.5568,28412.8251,89079.6475,2.0,3,1,0,692.9957,2172.6743
937,40,10.6611,34110.1593,106942.5527,2.0,1,0,1,852.754,2673.5638
938,40,10.6708,33062.9371,103659.4972,4.0,2,0,0,826.5734,2591.4874
939,40,10.8064,34499.926,108164.816,6.0,2,0,0,862.4981,2704.1204
940,40,10.7899,32924.0946,103224.6161,8.0,2,0,0,823.1024,2580.6154
941,40,10.7085,36160.9018,113372.6554,10.0,2,0,0,904.0225,2834.3164
942,41,10.3032,34096.9231,106901.5918,12.0,3,1,0,831.6323,2607.3559
943,41,10.4807,41795.8756,131039.6897,14.0,2,0,0,1019.4116,3196.09
944,41,10.4677,36267.1776,113706.0944,17.0,3,0,0,884.5653,2773.3194
945,41,10.6038,36990.7363,115973.8377,20.0,3,0,0,902.2131,2828.6302
946,41,10.6724,37103.0594,116326.6058,23.0,3,0,0,904.9527,2837.2343
947,41,10.7072,36762.0771,115257.0108,4.0,1,0,0,896.636,2811.1466
948,42,10.7312,39803.2436,124792.2029,0.0,1,1,0,947.6963,2971.2429
949,42,11.1323,39047.0188,122421.3694,0.0,0,0,0,929.6909,2914.7945
950,42,11.5177,44063.2939,138148.6432,0.0,0,0,0,1049.126,3289.2534
951,41,11.8436,44528.8749,139609.0677,0.0,0,0,1,1086.0701,3405.0992
952,40,11.8784,27374.597,85825.6742,0.0,0,0,1,684.3649,2145.6419
953,40,12.1565,43454.4535,136240.4494,0.0,0,0,0,1086.3613,3406.0112
954,41,11.972,32633.3469,102312.9408,0.0,1,1,0,795.9353,2495.4376
955,41,12.1703,36997.7197,115996.4281,0.0,0,0,0,902.3834,2829.1812
956,41,12.2984,34067.4545,106808.8613,0.0,0,0,0,830.9135,2605.0942
957,40,12.4355,33917.1497,106337.9238,0.0,0,0,1,847.9287,2658.4481
958,39,12.6008,34575.478,108402.1322,0.0,0,0,1,886.5507,2779.5419
959,39,12.5159,28506.0451,89373.151,0.0,0,0,0,730.9242,2291.6193
960,40,11.937,25125.7649,78774.8376,0.0,1,1,0,628.1441,1969.3709
961,39,12.1722,37351.3992,117105.7323,0.0,0,0,1,957.7282,3002.7111
962,39,12.1392,24909.5192,78096.9029,0.0,0,0,0,638.7056,2002.4847
963,39,11.9248,30081.719,94313.127,0.0,0,0,0,771.3261,2418.2853
964,39,11.7498,26804.5845,84038.6749,0.0,0,0,0,687.297,2154.8378
965,39,12.007,41613.8598,130469.0057,0.0,0,0,0,1067.022,3345.3591
966,39,11.7455,30185.2755,94638.0502,0.0,1,1,1,773.9814,2426.6167
967,39,11.8801,38853.7264,121815.9018,0.0,0,0,0,996.2494,3123.4847
968,39,11.6856,27663.7555,86732.2308,0.0,0,0,0,709.3271,2223.9034
969,38,11.6394,32863.9782,103036.3099,0.0,0,0,1,864.8415,2711.4818
970,38,11.8311,39242.9202,123036.223,0.0,0,0,0,1032.7084,3237.7953
971,38,11.5352,31834.4652,99808.8381,0.0,0,0,0,837.7491,2626.5484
972,39,11.4327,35938.3532,112675.2618,0.0,1,1,0,921.4962,2889.1093
973,39,11.7481,39734.8081,124578.2425,0.0,0,0,0,1018.8412,3194.3139
974,39,11.6298,26485.5103,83037.8854,0.0,0,0,0,679.1156,2129.1765
975,39,11.5872,32116.8005,100693.7045,0.0,0,0,0,823.5077,2581.8899
976,39,11.673,30862.729,96762.067,0.0,0,0,0,791.352,2481.0786
977,38,11.7341,34950.4374,109577.8889,0.0,0,0,1,919.7484,2883.6287
978,39,11.397,32784.6893,102787.7341,0.0,1,1,0,840.6331,2635.5829
979,38,11.411,29458.8664,92359.9848,0.0,0,0,1,775.2333,2430.5259
980,38,11.6099,30133.1878,94474.5328,0.0,0,0,0,792.9786,2486.1719
981,38,11.8372,34187.064,107184.1856,0.0,0,0,0,899.6596,2820.6365
982,38,11.9765,34629.7937,108572.2973,0.0,0,0,0,911.3104,2857.1657
983,38,12.0144,29991.5496,94030.3838,0.0,0,0,0,789.2513,2474.4838
984,38,11.7371,30498.5918,95619.6689,0.0,1,1,1,802.5945,2516.3071
985,37,12.0809,36072.2253,113094.921,0.0,0,0,1,974.925,3056.6195
986,37,11.9183,28140.076,88225.3295,0.0,0,0,0,760.5426,2384.4684
987,37,11.6274,25337.7268,79439.9144,0.0,0,0,0,684.8034,2147.0247
988,37,11.8406,33498.5386,105025.5895,0.0,0,0,0,905.3659,2838.5294
989,37,11.7971,30854.0033,96734.2212,1.0,1,0,0,833.892,2614.4384
990,37,11.4743,34048.09,106748.7127,2.0,2,1,1,920.2186,2885.1003
991,37,10.9338,28272.7616,88641.4439,3.0,1,0,0,764.1287,2395.7147
992,37,11.2844,36824.3949,115453.1198,4.0,1,0,0,995.2539,3120.3546
993,37,11.3387,32827.5687,102922.1418,0.0,0,0,0,887.2316,2781.6795
994,37,11.4968,37008.9117,116032.0184,0.0,0,0,0,1000.2409,3136.0005
995,37,11.4134,36070.2583,113089.1195,0.0,0,0,0,974.8718,3056.4627
996,38,11.0406,30574.1939,95857.5829,0.0,1,1,0,804.584,2522.568
997,38,11.164,40185.9246,125992.9131,0.0,0,0,0,1057.5243,3315.603
998,38,11.2063,41585.3205,130380.2112,0.0,0,0,0,1094.3505,3431.0582
999,37,11.1062,36260.4898,113685.3439,1.0,1,0,1,980.0132,3072.5769
1000,37,11.0221,36385.8505,114078.2766,3.0,2,0,0,983.4014,3083.1967
1001,37,11.1967,39126.6187,122671.2309,5.0,2,0,0,1057.4762,3315.4387
1002,38,11.2825,45320.1548,142089.4939,7.0,3,1,0,1192.6357,3739.1972
1003,38,11.5155,39445.7949,123671.7206,9.0,2,0,0,1038.0472,3254.519
1004,38,11.5387,35164.2865,110248.0364,11.0,2,0,0,925.376,2901.2641
1005,38,11.2609,24828.1163,77841.5707,13.0,2,0,0,653.3715,2048.4624
1006,38,11.2822,38182.1861,119710.1005,15.0,2,0,0,1004.7944,3150.2658
1007,37,11.4498,36630.5022,114845.1353,9.0,1,0,1,990.0136,3103.9226
1008,38,11.402,41316.4556,129536.8921,10.0,2,1,0,1087.2751,3408.8656
1009,38,11.5507,33440.8456,104844.5289,11.0,1,0,0,880.0223,2759.0666
1010,38,11.7996,36061.9785,113062.6925,12.0,1,0,0,948.9994,2975.334
1011,38,11.6733,36059.0495,113053.6269,13.0,1,0,0,948.9224,2975.0954
1012,38,11.4292,29485.4754,92443.9085,14.0,1,0,0,775.9336,2432.7344
1013,38,11.3043,31985.6083,100282.4927,15.0,1,0,0,841.7265,2639.013
1014,39,10.8043,31277.1014,98060.4843,17.0,3,1,0,801.977,2514.3714
1015,38,10.935,40080.7265,125662.0858,17.0,1,0,1,1054.756,3306.897
1016,37,11.1078,31601.0806,99076.8203,18.0,1,0,1,854.0833,2677.7519
1017,37,11.1643,30322.9678,95069.3608,19.0,1,0,0,819.5397,2569.4422
1018,37,11.166,30924.3976,96954.896,20.0,1,0,0,835.7945,2620.4026
1019,37,11.4645,37119.1871,116377.3779,0.0,0,0,0,1003.2213,3145.3345
1020,38,11.0112,30762.9644,96449.1387,0.0,1,1,0,809.5517,2538.1352
1021,38,11.2381,38185.5528,119720.5712,0.0,0,0,0,1004.883,3150.5413
1022,38,11.2278,30566.85,95834.1206,0.0,0,0,0,804.3908,2521.9505
1023,38,11.5259,41145.9394,129002.2512,0.0,0,0,0,1082.7879,3394.7961
1024,38,11.6311,36252.6644,113660.9009,0.0,0,0,0,954.0175,2991.0763
1025,38,11.5716,31609.5407,99103.2613,0.0,0,0,0,831.83,2607.9806
1026,39,11.1382,35137.0495,110163.0834,0.0,1,1,0,900.95,2824.6944
1027,39,11.0069,32351.1424,101428.1333,0.0,0,0,0,829.5165,2600.7214
1028,39,11.2181,36635.8518,114862.1104,0.0,0,0,0,939.3808,2945.1823
1029,39,11.2467,30601.2307,95941.6278,0.0,0,0,0,784.6469,2460.0417
1030,39,11.3193,38160.0001,119640.7872,0.0,0,0,0,978.4615,3067.7125
1031,39,11.332,32341.3315,101397.6013,0.0,0,0,0,829.2649,2599.9385
1032,40,10.6971,23460.3471,73553.1983,0.0,1,1,0,586.5087,1838.83
1033,40,10.7037,39715.8493,124518.4744,2.0,2,0,0,992.8962,3112.9619
1034,40,10.3995,32911.148,103183.9063,4.0,2,0,0,822.7787,2579.5977
1035,40,10.5543,38863.8303,121846.9795,6.0,2,0,0,971.5958,3046.1745
1036,40,10.5045,33269.0347,104305.8124,9.0,3,0,0,831.7259,2607.6453
1037,40,10.5208,42504.2301,133260.6435,12.0,3,0,0,1062.6058,3331.5161
1038,41,10.3643,34151.2873,107071.7756,15.0,4,1,0,832.9582,2611.5067
1039,40,10.2711,34756.0545,108967.7552,18.0,3,0,1,868.9014,2724.1939
1040,40,10.4876,35418.3435,111044.0289,21.0,3,0,0,885.4586,2776.1007
1041,40,10.7231,36476.0062,114360.1746,24.0,3,0,0,911.9002,2859.0044
1042,40,10.7469,36105.4744,113198.4611,27.0,3,0,0,902.6369,2829.9615
1043,40,10.8012,34115.4064,106959.5927,19.0,2,0,0,852.8852,2673.9898
1044,41,10.7598,34166.105,107118.483,9.0,2,1,0,833.3196,2612.6459
1045,41,11.0153,39006.2961,122293.8244,10.0,1,0,0,951.3731,2982.7762
1046,41,11.3074,42059.8968,131867.5741,11.0,1,0,0,1025.8511,3216.2823
1047,41,11.4611,37858.7669,118695.8953,12.0,1,0,0,923.3846,2895.0218
1048,41,11.5301,37375.5058,117181.0634,13.0,1,0,0,911.5977,2858.0747
1049,40,11.6278,39005.4158,122291.4559,14.0,1,0,1,975.1354,3057.2864
1050,41,11.351,41078.0132,128789.3717,15.0,2,1,0,1001.9028,3141.2042
1051,41,11.0259,29122.9463,91307.1056,16.0,1,0,0,710.3158,2227.0026
1052,40,10.9963,37827.6898,118598.5525,17.0,1,0,1,945.6922,2964.9638
1053,40,11.0006,35518.4632,111358.1682,0.0,0,0,0,887.9616,2783.9542
1054,40,10.9912,37316.7169,116996.2958,2.0,2,0,0,932.9179,2924.9074
1055,40,10.9441,30320.6392,95061.2687,6.0,4,0,0,758.016,2376.5317
1056,41,10.7138,31696.7153,99375.4187,10.0,5,1,0,773.0906,2423.7907
1057,41,10.7877,40222.977,126107.9049,14.0,4,0,0,981.0482,3075.8026
1058,40,10.8429,36390.3177,114091.7829,18.0,4,0,1,909.7579,2852.2946
1059,40,10.9436,31219.9073,97881.2512,6.0,1,0,0,780.4977,2447.0313
1060,39,11.107,31933.7495,100119.2908,7.0,1,0,1,818.8141,2567.1613
1061,39,10.9758,32843.4479,102971.3308,9.0,2,0,0,842.1397,2640.2905
1062,40,10.9203,36566.9868,114645.4986,11.0,3,1,0,914.1747,2866.1375
1063,38,11.1362,34871.3538,109329.706,13.0,2,0,2,917.6672,2877.0975
1064,38,11.1649,33319.6915,104464.8149,15.0,2,0,0,876.834,2749.0741
1065,38,11.4027,41977.6819,131610.2781,17.0,2,0,0,1104.6758,3463.4284
1066,37,11.5384,31058.3312,97374.9182,19.0,2,0,1,839.4144,2631.7545
1067,37,11.7647,37017.0966,116056.9676,22.0,3,0,0,1000.4621,3136.6748
1068,37,11.474,35253.9421,110528.8033,25.0,4,1,1,952.8092,2987.265
1069,37,11.3692,25887.7895,81163.903,12.0,2,0,0,699.67,2193.619
1070,37,11.331,31910.2032,100045.8663,0.0,0,0,0,862.4379,2703.9423
1071,37,11.3903,31234.6476,97927.8639,0.0,0,0,0,844.1797,2646.699
1072,37,11.512,36133.3882,113286.8705,1.0,1,0,0,976.5781,3061.8073
1073,37,11.6405,36420.4743,114186.8058,2.0,1,0,0,984.3371,3086.1299
1074,38,11.1027,30811.1659,96600.1948,4.0,3,1,0,810.8202,2542.1104
1075,38,11.1242,34548.351,108316.8685,6.0,2,0,0,909.1671,2850.4439
1076,38,10.9551,32466.4491,101789.919,8.0,2,0,0,854.3802,2678.6821
1077,37,10.9762,38414.5462,120438.7394,10.0,2,0,1,1038.231,3255.1011
1078,37,10.9051,34010.9521,106632.0903,12.0,2,0,0,919.2149,2881.9484
1079,37,10.5433,25463.4711,79833.2174,15.0,3,0,0,688.2019,2157.6545
1080,38,10.2753,34693.2999,108771.4199,18.0,4,1,0,912.9816,2862.4058
1081,38,10.1823,35827.8025,112327.9349,21.0,3,0,0,942.8369,2955.9983
1082,38,10.6311,52053.8698,163201.5407,25.0,4,0,0,1369.8387,4294.7774
1083,38,10.7262,42585.5617,133515.772,29.0,4,0,0,1120.6727,3513.5729
1084,38,10.9544,40100.6284,125724.6205,34.0,5,0,0,1055.2797,3308.5426
1085,38,11.0795,38340.6845,120206.6427,39.0,5,0,0,1008.9654,3163.3327
1086,39,10.8945,29748.1549,93266.8177,44.0,6,1,0,762.7732,2391.4569
1087,39,10.7685,29303.5215,91872.5591,33.0,4,0,0,751.3723,2355.7066
1088,39,10.9597,40298.7524,126345.5194,37.0,4,0,0,1033.3013,3239.6287
1089,39,10.6445,23259.5278,72923.3738,41.0,4,0,0,596.3981,1869.8301
1090,39,10.8709,41376.3233,129724.2416,45.0,4,0,0,1060.9314,3326.2626
1091,39,11.1694,45258.3935,141895.7037,49.0,4,0,0,1160.4716,3638.3514
1092,40,11.0516,42919.4976,134562.3472,54.0,6,1,0,1072.9874,3364.0587
1093,40,11.1385,34280.7563,107477.8356,2.0,1,0,0,857.0189,2686.9459
1094,40,11.1342,40679.8153,127540.8553,0.0,0,0,0,1016.9954,3188.5214
1095,40,11.1698,42101.8489,131999.6252,0.0,0,0,0,1052.5462,3299.9906
1096,40,10.9172,34910.9901,109454.4189,0.0,0,0,0,872.7748,2736.3605
1097,40,10.2848,31174.6203,97739.7203,0.0,0,0,0,779.3655,2443.493
1098,41,9.7473,31423.5423,98519.2592,2.0,3,1,0,766.4279,2402.9088
1099,41,9.8971,42247.0581,132453.8561,6.0,4,0,0,1030.4161,3230.5819
1100,41,9.9529,41178.2516,129102.6032,12.0,6,0,0,1004.3476,3148.844
1101,41,10.2249,42458.8662,133117.8749,18.0,6,0,0,1035.5821,3246.7774
1102,41,10.3803,38288.2628,120041.6377,25.0,7,0,0,933.8601,2927.8448
1103,41,10.5239,34398.2197,107845.5845,21.0,5,0,0,838.981,2630.3801
1104,41,10.5107,40423.5747,126736.8782,20.0,5,1,1,985.9408,3091.1434
1105,41,10.6908,42115.6838,132041.9545,24.0,4,0,0,1027.2118,3220.5355
1106,41,10.9342,41558.2717,130294.5456,28.0,4,0,0,1013.6164,3177.9157
1107,41,10.7277,34737.0794,108907.9233,33.0,5,0,0,847.2458,2656.2908
1108,40,10.449,30858.3119,96747.2586,38.0,5,0,1,771.4578,2418.6815
1109,40,10.3095,28103.5721,88110.3594,21.0,3,0,0,702.5893,2202.759
1110,41,10.2326,35324.2449,110749.0669,25.0,5,1,0,861.5669,2701.1968
1111,41,10.6341,40790.7191,127887.6251,30.0,5,0,0,994.8956,3119.2104
1112,41,10.9194,39937.0385,125211.2683,35.0,5,0,0,974.0741,3053.9334
1113,41,10.769,34288.6461,107502.2732,40.0,5,0,0,836.3084,2622.0067
1114,41,10.9903,37589.4669,117851.2594,40.0,4,0,0,916.8163,2874.421
1115,41,10.8679,29212.4477,91587.4071,14.0,2,0,0,712.4987,2233.8392
1116,42,10.8231,43388.562,136033.0897,16.0,3,1,0,1033.061,3238.8831
1117,42,10.7227,34084.2412,106861.2667,7.0,1,0,0,811.5296,2544.3159
1118,42,10.8683,43319.772,135817.6736,1.0,1,0,0,1031.4231,3233.7541
1119,42,11.0231,38250.4255,119923.6255,0.0,0,0,0,910.7244,2855.3244
1120,42,11.1708,42298.2638,132615.3078,0.0,0,0,0,1007.1015,3157.5073
1121,42,11.2731,40047.5192,125558.4688,0.0,0,0,0,953.5124,2989.4874
1122,43,11.0302,39235.7704,123013.9035,0.0,1,1,0,912.4598,2860.7885
1123,43,11.301,42594.8937,133545.133,0.0,0,0,0,990.5789,3105.7008
1124,43,11.3712,41163.1498,129056.3137,0.0,0,0,0,957.2826,3001.3096
1125,43,11.6762,41697.3203,130730.7049,0.0,0,0,0,969.7051,3040.249
1126,43,12.1618,48139.4586,150928.6335,0.0,0,0,0,1119.5223,3509.9682
1127,43,12.4494,45270.5366,141934.8694,0.0,0,0,0,1052.8032,3300.8109
1128,44,12.1433,36254.4447,113666.2526,0.0,1,1,0,823.9647,2583.3239
1129,44,12.2653,42001.1401,131683.4411,0.0,0,0,0,954.5714,2992.8055
1130,44,12.5293,45291.2576,141998.7629,0.0,0,0,0,1029.3468,3227.2446
1131,44,12.3097,32114.1137,100685.5646,0.0,0,0,0,729.8662,2288.3083
1132,44,12.3295,39308.6643,123242.0555,0.0,0,0,0,893.3787,2800.9558
1133,44,12.3606,40404.8378,126678.7005,1.0,1,0,0,918.2918,2879.0614
1134,45,11.7821,37668.8012,118100.3923,2.0,2,1,0,837.0845,2624.4532
1135,45,11.2708,28458.2957,89222.4675,6.0,4,0,0,632.4066,1982.7215
1136,45,11.2394,36347.1903,113956.1534,10.0,4,0,0,807.7153,2532.359
1137,44,11.349,41679.979,130676.1941,11.0,3,0,1,947.2723,2969.9135
1138,44,11.6927,46076.7347,144461.1975,14.0,3,0,0,1047.1985,3283.209
1139,44,11.6018,30742.1129,96383.6217,17.0,3,0,0,698.6844,2190.5369
1140,45,11.4303,44382.5951,139149.4111,20.0,4,1,0,986.2799,3092.2091
1141,45,11.3848,38389.1399,120358.5978,23.0,3,0,0,853.092,2674.6355
1142,45,11.6321,47263.6104,148182.6649,26.0,3,0,0,1050.3025,3292.9481
1143,45,11.719,39122.0977,122656.85,29.0,3,0,0,869.3799,2725.7078
1144,45,11.737,38376.0028,120317.0865,22.0,2,0,0,852.8001,2673.713
1145,45,11.8274,40464.28,126864.8038,24.0,2,0,0,899.2062,2819.2179
1146,46,11.4142,35065.8056,109939.2218,26.0,3,1,0,762.3001,2389.9831
1147,46,11.1753,30173.8432,94601.2825,29.0,3,0,0,655.9531,2056.5496
1148,46,11.1578,37947.5291,118973.4679,32.0,3,0,0,824.9463,2586.3797
1149,46,11.5334,48133.2439,150909.266,3.0,1,0,0,1046.3749,3280.6362
1150,46,11.975,49938.0577,156567.6569,4.0,1,0,0,1085.6099,3403.6447
1151,46,11.9537,42960.8935,134693.0122,5.0,1,0,0,933.9325,2928.109
1152,47,11.956,50221.0572,157455.1865,6.0,2,1,0,1068.5331,3350.1104
1153,47,12.1326,45605.9355,142985.1189,7.0,1,0,0,970.3391,3042.2366
1154,47,12.1246,41471.5803,130023.3903,8.0,1,0,0,882.374,2766.4551
1155,47,11.9774,36610.4673,114782.3561,9.0,1,0,0,778.9461,2442.1778
1156,47,12.1752,48972.1049,153539.2104,10.0,1,0,0,1041.9597,3266.7917
1157,47,12.3928,40260.408,126225.592,0.0,0,0,0,856.6044,2685.6509
1158,48,12.3752,44616.5765,139883.1772,0.0,1,1,0,929.512,2914.2329
1159,48,12.5373,44382.8606,139150.5274,0.0,0,0,0,924.6429,2898.9693
1160,48,12.1549,31152.1096,97668.8558,0.0,0,0,0,649.0023,2034.7678
1161,48,12.0421,38656.3301,121196.8228,0.0,0,0,0,805.3402,2524.9338
1162,48,11.4648,31369.1819,98349.3585,0.0,0,0,0,653.5246,2048.945
1163,47,11.7519,48201.9968,151124.7333,0.0,0,0,1,1025.5744,3215.4199
1164,47,11.6829,40593.1755,127269.6705,0.0,0,0,0,863.6846,2707.8653
1165,47,12.0916,54480.382,170809.7927,0.0,0,0,0,1159.1571,3634.2509
1166,47,12.0762,38534.4309,120814.8719,0.0,0,0,0,819.8815,2570.5292
1167,48,11.7783,46125.8984,144615.8452,0.0,1,1,0,960.9562,3012.8301
1168,47,11.4065,33988.4908,106561.9705,0.0,0,0,1,723.1594,2267.276
1169,47,11.4218,40585.8056,127245.8883,1.0,1,0,0,863.5278,2707.3593
1170,48,11.4043,48129.0158,150895.7459,0.0,1,1,0,1002.6878,3143.6614
1171,47,11.4815,38362.9648,120276.6584,1.0,1,0,1,816.2333,2559.0778
1172,47,11.6526,42165.5053,132198.8659,2.0,1,0,0,897.1384,2812.7418
1173,46,12.0177,53475.2655,167658.0996,3.0,1,0,1,1162.5058,3644.7413
1174,45,11.8549,27848.7969,87312.2702,4.0,1,0,1,618.8622,1940.2727
1175,45,12.1324,47849.7652,150020.8326,5.0,1,0,0,1063.3281,3333.7963
1176,46,11.7865,35583.9424,111564.0351,6.0,2,1,0,773.564,2425.3051
1177,46,12.256,51359.6464,161024.8652,7.0,1,0,0,1116.5141,3500.5405
1178,46,12.1331,34250.3509,107382.5054,8.0,1,0,0,744.5728,2334.4023
1179,46,11.7488,32172.555,100868.5142,9.0,1,0,0,699.4034,2192.7938
1180,46,11.4073,37647.2368,118032.7766,10.0,1,0,0,818.4182,2565.9299
1181,46,11.0333,33880.538,106222.6812,11.0,1,0,0,736.5334,2309.1887
1182,46,10.4242,37200.4733,116631.0712,14.0,4,1,1,808.7059,2535.4581
1183,46,10.3515,44061.7167,138142.9414,4.0,2,0,0,957.8634,3003.1074
1184,46,10.817,51023.7228,159971.2515,8.0,4,0,0,1109.2114,3477.6359
1185,46,11.2287,54207.3446,169952.7851,12.0,4,0,0,1178.4205,3694.6258
1186,46,11.2799,49454.0805,155050.6751,16.0,4,0,0,1075.0887,3370.6669
1187,46,11.0416,44303.4623,138901.83,14.0,3,0,0,963.1187,3019.605
1188,47,10.3255,34719.5557,108853.2347,17.0,4,1,0,738.714,2316.0263
1189,47,10.3894,39778.1134,124713.1319,6.0,1,0,0,846.3428,2653.4709
1190,47,10.6246,40266.5675,126244.7896,0.0,0,0,0,856.7355,2686.0594
1191,47,10.947,48129.5124,150897.322,1.0,1,0,0,1024.0322,3210.5813
1192,47,11.1495,48284.7979,151384.119,0.0,0,0,0,1027.3361,3220.9387
1193,47,11.3363,41572.9645,130341.1266,0.0,0,0,0,884.5312,2773.2155
1194,48,11.0341,47649.6242,149392.5811,2.0,3,1,0,992.7005,3112.3454
1195,48,10.8444,31731.8389,99486.0244,4.0,2,0,0,661.08,2072.6255
1196,48,10.6288,43585.9181,136651.7856,7.0,3,0,0,908.04,2846.9122
1197,48,10.4098,44066.1393,138157.0873,12.0,5,0,0,918.0446,2878.2727
1198,48,10.3672,43495.1242,136366.8143,17.0,5,0,0,906.1484,2840.9753
1199,47,10.6034,46811.6128,146764.5387,22.0,5,0,1,995.9918,3122.6498
1200,48,10.3551,38901.2617,121963.2483,28.0,7,1,0,810.443,2540.901
1201,47,10.3054,37999.98,119138.0026,34.0,6,0,1,808.5102,2534.8511
1202,46,10.3696,43345.7017,135897.7375,40.0,6,0,1,942.2979,2954.2986
1203,46,10.5933,41628.9877,130515.7914,46.0,6,0,0,904.978,2837.2998
1204,46,10.943,48516.3656,152109.6025,52.0,6,0,0,1054.7036,3306.7305
1205,46,11.1084,40527.8988,127063.5124,49.0,5,0,0,881.0413,2762.2503
1206,46,11.0886,45824.3472,143669.7861,54.0,6,1,1,996.1815,3123.2562
1207,46,11.2694,47506.7697,148944.6633,59.0,5,0,0,1032.7559,3237.9275
1208,46,11.5278,46435.8104,145586.9413,64.0,5,0,0,1009.4741,3164.9335
1209,46,11.4105,40152.9734,125888.4259,37.0,3,0,0,872.8907,2736.7049
1210,46,11.7115,40033.1314,125512.9466,11.0,1,0,0,870.2855,2728.5423
1211,46,12.0446,48016.5508,150543.686,0.0,0,0,0,1043.8381,3272.6888
1212,47,12.1079,52764.86,165430.7127,0.0,1,1,0,1122.6566,3519.8024
1213,47,12.1827,43568.4574,136597.6808,0.0,0,0,0,926.9885,2906.3336
1214,47,12.5044,47347.7732,148446.4519,0.0,0,0,0,1007.3994,3158.4351
1215,47,12.8942,51080.3563,160149.751,0.0,0,0,0,1086.8161,3407.4415
1216,47,13.0205,37227.5769,116717.4308,0.0,0,0,0,792.0761,2483.3496
1217,47,13.1116,45828.7556,143684.0083,1.0,1,0,0,975.0799,3057.1066
1218,48,12.5726,34804.8487,109120.8241,2.0,2,1,0,725.101,2273.3505
1219,47,12.5493,38553.7046,120874.9903,0.0,0,0,1,820.2916,2571.8083
1220,47,12.3819,27925.1838,87551.6673,0.0,0,0,0,594.1528,1862.8014
1221,47,12.5078,48409.9715,151776.8815,0.0,0,0,0,1029.9994,3229.2954
1222,47,12.5922,44752.9203,140310.9757,0.0,0,0,0,952.1898,2985.3399
1223,47,12.6721,41614.5024,130471.5813,0.0,0,0,0,885.4149,2775.9911
1224,48,12.3491,34539.176,108288.3956,0.0,1,1,0,719.5662,2256.0082
1225,48,12.2175,33239.9854,104214.9494,0.0,0,0,0,692.4997,2171.1448
1226,48,12.2731,49201.5655,154259.2939,0.0,0,0,0,1025.0326,3213.7353
1227,48,12.4146,45618.6588,143025.148,1.0,1,0,0,950.3887,2979.6906
1228,48,12.5493,40889.6365,128198.4399,2.0,1,0,0,851.8674,2670.8008
1229,48,12.686,41903.0269,131375.6544,3.0,1,0,0,872.9797,2736.9928
1230,49,12.3645,35759.0268,112112.46,4.0,2,1,0,729.7761,2288.0094
1231,49,12.3532,45621.9074,143035.4613,5.0,1,0,0,931.0593,2919.091
1232,49,12.2162,37266.2182,116838.2816,6.0,1,0,0,760.5351,2384.4547
1233,49,12.0222,38444.6702,120533.0055,7.0,1,0,0,784.5851,2459.8573
1234,49,12.1361,45720.6483,143344.7821,0.0,0,0,0,933.0745,2925.4037
1235,49,12.1139,36664.9225,114952.984,0.0,0,0,0,748.2637,2345.9793
1236,50,11.8924,40555.2156,127149.5436,0.0,1,1,0,811.1043,2542.9909
1237,50,11.9791,44045.0159,138091.0126,0.0,0,0,0,880.9003,2761.8203
1238,48,11.7797,38864.7266,121850.4255,0.0,0,0,2,809.6818,2538.5505
1239,48,11.708,43318.028,135812.4021,0.0,0,0,0,902.4589,2829.425
1240,48,11.5461,40426.6748,126747.1772,1.0,1,0,0,842.2224,2640.5662
1241,48,11.6677,49835.4392,156246.2924,2.0,1,0,0,1038.2383,3255.1311
1242,49,11.6725,56883.2456,178343.1536,0.0,1,1,0,1160.8826,3639.6562
1243,49,11.8163,53393.1981,167400.7543,0.0,0,0,0,1089.6571,3416.3419
1244,49,11.8955,46998.0078,147350.111,0.0,0,0,0,959.143,3007.1451
1245,49,11.8299,41482.3349,130057.2025,0.0,0,0,0,846.5783,2654.2286
1246,49,11.8426,44666.3662,140039.8417,0.0,0,0,0,911.5585,2857.956
1247,49,12.1278,57794.703,181200.9799,0.0,0,0,0,1179.4837,3697.9792
1248,50,12.0684,49389.143,154846.9029,0.0,1,1,0,987.7829,3096.9381
1249,50,12.0183,37374.7446,117178.5859,0.0,0,0,0,747.4949,2343.5717
1250,50,12.1931,53573.9754,167967.3653,1.0,1,0,0,1071.4795,3359.3473
1251,50,12.2332,45067.5021,141297.0668,2.0,1,0,0,901.35,2825.9413
1252,49,11.7833,32797.4843,102827.4396,4.0,2,0,1,669.3364,2098.5192
1253,49,11.5863,37307.9156,116968.5021,6.0,2,0,0,761.386,2387.1123
1254,50,11.0756,41071.0726,128767.3757,8.0,3,1,0,821.4215,2575.3475
1255,50,11.0506,44843.6609,140594.916,10.0,2,0,0,896.8732,2811.8983
1256,50,10.9279,42759.8327,134061.7947,12.0,2,0,0,855.1967,2681.2359
1257,50,10.9497,43019.2012,134874.7659,6.0,1,0,0,860.384,2697.4953
1258,50,11.0139,39048.8972,122426.7938,0.0,0,0,0,780.9779,2448.5359
1259,50,11.0688,41960.6412,131555.9095,2.0,2,0,0,839.2128,2631.1182
1260,50,11.0764,52197.4984,163650.8552,4.0,3,1,1,1043.95,3273.0171
1261,50,10.8455,31577.1361,99000.9099,6.0,2,0,0,631.5427,1980.0182
1262,50,10.8465,40138.3675,125842.7049,8.0,2,0,0,802.7673,2516.8541
1263,50,11.0545,52164.2738,163547.2728,10.0,2,0,0,1043.2855,3270.9455
1264,50,11.0189,42703.2924,133884.4158,13.0,3,0,0,854.0658,2677.6883
1265,50,11.1202,48201.5918,151123.1347,8.0,2,0,0,964.0318,3022.4627
1266,51,10.8885,40871.8339,128142.0709,10.0,3,1,0,801.4085,2512.5896
1267,51,11.023,46594.4531,146083.7026,12.0,2,0,0,913.6167,2864.3863
1268,51,11.007,37536.4436,117684.9446,4.0,1,0,0,736.0087,2307.5479
1269,51,11.1479,47211.7004,148019.5022,5.0,1,0,0,925.7196,2902.3432
1270,51,10.947,44321.8434,138959.3198,6.0,1,0,0,869.0558,2724.6925
1271,51,10.9526,44851.0614,140618.3935,7.0,1,0,0,879.4326,2757.2234
1272,52,10.9234,50758.0376,159138.7176,8.0,2,1,0,976.1161,3060.36
1273,52,11.1405,56987.1815,178668.4629,9.0,1,0,0,1095.9073,3435.932
1274,52,11.2787,47789.6175,149831.6884,10.0,1,0,0,919.0311,2881.3786
1275,52,11.5779,56385.5938,176782.4336,0.0,0,0,0,1084.3383,3399.6622
1276,51,11.552,45038.5961,141206.8165,0.0,0,0,1,883.1097,2768.7611
1277,51,11.535,45523.6778,142727.0847,0.0,0,0,0,892.6211,2798.5703
1278,52,10.9797,35802.2646,112247.9698,0.0,1,1,0,688.5051,2158.6148
1279,51,10.7927,38469.8953,120612.0088,0.0,0,0,1,754.3117,2364.9413
1280,49,10.9613,52647.4042,165062.4659,1.0,1,0,2,1074.4368,3368.6218
1281,49,11.1073,43693.3816,136988.9692,0.0,0,0,0,891.7017,2795.6932
1282,49,11.3486,53858.8033,168860.7166,0.0,0,0,0,1099.1593,3446.1371
1283,49,11.4826,42099.3429,131990.7699,0.0,0,0,0,859.1703,2693.6892
1284,50,11.3687,43501.5291,136387.8223,1.0,2,1,0,870.0306,2727.7564
1285,50,11.6321,49556.4956,155371.455,2.0,1,0,0,991.1299,3107.4291
1286,50,11.7353,43592.8852,136673.9453,3.0,1,0,0,871.8577,2733.4789
1287,50,11.6939,39856.6652,124959.896,4.0,1,0,0,797.1333,2499.1979
1288,49,11.6329,44168.6368,138478.4898,5.0,1,0,1,901.4008,2826.0916
1289,47,11.7635,42030.0982,131774.3434,6.0,1,0,2,894.2574,2803.7094
1290,48,11.4002,33847.0038,106117.9968,7.0,2,1,0,705.1459,2210.7916
1291,48,11.3374,36737.2,115179.1657,0.0,0,0,0,765.3583,2399.566
1292,48,11.2331,39022.8354,122345.2371,0.0,0,0,0,812.9757,2548.8591
1293,48,11.2426,35692.5677,111904.4371,0.0,0,0,0,743.5952,2331.3424
1294,47,11.2229,35491.6443,111274.5636,0.0,0,0,1,755.1414,2367.5439
1295,47,11.3957,46577.4643,146031.2886,0.0,0,0,0,991.0099,3107.0487
1296,48,11.1092,36098.1678,113176.0296,1.0,2,1,0,752.0452,2357.834
1297,48,11.0942,39453.2764,123694.8318,3.0,2,0,0,821.9433,2576.9757
1298,47,10.8754,31184.8604,97771.5137,5.0,2,0,1,663.5077,2080.245
1299,47,10.8948,38953.1052,122126.5278,3.0,1,0,0,828.7895,2598.4368
1300,47,10.9632,38949.7781,122115.9542,4.0,1,0,0,828.7187,2598.2118
1301,47,11.0896,43242.7131,135575.6909,5.0,1,0,0,920.0577,2884.5892
1302,48,10.8245,38429.3996,120484.7426,6.0,2,1,0,800.6125,2510.0988
1303,48,10.5336,30966.2391,97085.6212,7.0,1,0,0,645.13,2022.6171
1304,48,10.3554,37874.8955,118745.9078,8.0,1,0,0,789.0603,2473.8731
1305,48,10.3472,33255.3355,104262.4582,10.0,2,0,0,692.8195,2172.1345
1306,48,10.4616,39938.344,125215.5524,12.0,2,0,0,832.0488,2608.6573
1307,47,10.8699,49928.9497,156538.7451,0.0,0,0,1,1062.3181,3330.6116
1308,48,10.6515,39323.8185,123289.352,0.0,1,1,0,819.2462,2568.5282
1309,48,10.7499,40246.6185,126182.4386,0.0,0,0,0,838.4712,2628.8008
1310,48,10.7813,40184.7055,125988.1199,0.0,0,0,0,837.1814,2624.7525
1311,48,10.9443,46156.0048,144709.9955,0.0,0,0,0,961.5834,3014.7916
1312,48,11.3794,52991.7419,166142.2639,0.0,0,0,0,1103.9946,3461.2972
1313,48,11.4361,44979.8938,141023.01,0.0,0,0,0,937.0811,2937.9794
1314,48,11.2273,38117.1343,119505.9111,0.0,1,1,1,794.107,2489.7065
1315,48,11.1824,38435.0064,120502.1869,0.0,0,0,0,800.7293,2510.4622
1316,47,11.391,44354.7,139062.326,0.0,0,0,1,943.717,2958.7729
1317,46,11.4408,36332.3371,113909.8983,0.0,0,0,1,789.8334,2476.3021
1318,46,11.1508,34823.9311,109180.9363,1.0,1,0,0,757.042,2373.4986
1319,46,11.0681,32049.2545,100481.3149,2.0,1,0,0,696.7229,2184.3764
1320,47,10.9637,36503.6092,114446.4449,3.0,2,1,0,776.6725,2435.0307
1321,47,11.1645,38607.3966,121042.8413,4.0,1,0,0,821.434,2575.3796
1322,47,11.1269,34920.9702,109484.8826,5.0,1,0,0,742.9994,2329.4656
1323,47,11.0031,35317.412,110728.0101,0.0,0,0,0,751.4343,2355.9151
1324,47,10.85,34336.0484,107651.0745,0.0,0,0,0,730.5542,2290.4484
1325,47,10.6788,34099.7003,106910.1689,1.0,1,0,0,725.5255,2274.6844
1326,48,10.3207,38227.7243,119852.2989,2.0,2,1,0,796.4109,2496.9229
1327,48,10.2585,42393.9836,132914.6093,3.0,1,0,0,883.208,2769.0544
1328,48,9.9976,30118.3585,94427.4231,0.0,0,0,0,627.4658,1967.238
1329,47,10.5165,52131.4294,163444.0004,1.0,1,0,1,1109.1793,3477.5319
1330,46,10.5169,35546.64,111446.9739,3.0,2,0,1,772.753,2422.7603
1331,44,10.4013,36257.7357,113676.291,5.0,2,0,2,824.0394,2583.5521
1332,45,9.9371,34984.0939,109682.5639,7.0,3,1,0,777.4243,2437.3903
1333,45,10.017,37852.5092,118676.1317,6.0,2,0,0,841.1669,2637.2474
1334,45,9.8996,29270.1166,91767.6608,8.0,2,0,0,650.447,2039.2814
1335,44,10.1346,38637.7272,121137.7852,10.0,2,0,1,878.1302,2753.1315
1336,44,10.0724,33375.8051,104640.2681,12.0,2,0,0,758.541,2378.1879
1337,44,10.0997,35272.7341,110587.701,9.0,1,0,0,801.653,2513.3568
1338,45,9.6239,38156.187,119628.1247,10.0,2,1,0,847.9153,2658.4028
1339,45,9.8923,42817.3316,134242.4538,0.0,0,0,0,951.4963,2983.1656
1340,45,10.126,45121.3841,141465.7291,1.0,1,0,0,1002.6974,3143.6829
1341,45,10.2545,39493.4754,123820.8963,2.0,1,0,0,877.6328,2751.5755
1342,45,10.3794,38924.6331,122037.3974,4.0,2,0,0,864.9918,2711.9422
1343,45,10.6183,39935.3332,125206.1624,6.0,2,0,0,887.4518,2782.3592
1344,46,10.6514,46039.1451,144343.231,3.0,2,1,0,1000.851,3137.8963
1345,45,10.6067,36590.1002,114717.8652,4.0,1,0,1,813.1133,2549.2859
1346,45,10.308,30045.999,94200.2079,6.0,2,0,0,667.6889,2093.338
1347,45,10.0641,27768.9165,87061.3143,2.0,1,0,0,617.087,1934.6959
1348,45,10.5441,45143.7718,141536.1617,0.0,0,0,0,1003.1949,3145.248
1349,45,10.7565,42440.8859,133061.916,0.0,0,0,0,943.1308,2956.9315
1350,45,10.5516,35380.9987,110927.2406,0.0,1,1,1,786.2444,2465.0498
1351,45,10.497,34220.792,107289.7486,0.0,0,0,0,760.462,2384.2166
1352,45,10.3726,27815.1123,87206.8331,0.0,0,0,0,618.1136,1937.9296
1353,45,10.7629,50738.8531,159078.2137,0.0,0,0,0,1127.5301,3535.0714
1354,45,10.7291,31774.9282,99621.731,0.0,0,0,0,706.1095,2213.8162
1355,45,10.5496,35045.5557,109875.5892,0.0,0,0,0,778.7901,2441.6798
1356,46,10.4903,43923.9852,137711.4787,0.0,1,1,0,954.8692,2993.7278
1357,46,10.512,33997.9087,106591.051,0.0,0,0,0,739.085,2317.1968
1358,46,10.323,29863.1449,93627.7838,0.0,0,0,0,649.1988,2035.3866
1359,45,10.7374,48541.1332,152188.1129,0.0,0,0,1,1078.6918,3381.9581
1360,45,10.8783,42856.9983,134366.7439,0.0,0,0,0,952.3777,2985.9276
1361,45,10.9671,41663.3333,130624.4553,0.0,0,0,0,925.8519,2902.7657
1362,46,10.8246,38407.1632,120415.1359,0.0,1,1,0,834.9383,2617.7203
1363,45,10.752,33091.9608,103750.6939,0.0,0,0,1,735.3769,2305.571
1364,45,10.5791,29602.2952,92809.5086,0.0,0,0,0,657.8288,2062.4335
1365,45,10.4857,32516.4985,101946.0393,0.0,0,0,0,722.5889,2265.4675
1366,44,10.7883,36939.0928,115812.4346,1.0,1,0,1,839.5248,2632.1008
1367,44,10.6971,36820.841,115441.8477,2.0,1,0,0,836.8373,2623.6784
1368,45,10.495,37982.9778,119085.4862,3.0,2,1,0,844.0662,2646.3441
1369,43,10.8229,41067.2523,128755.316,4.0,1,0,2,955.0524,2994.3097
1370,43,10.7192,33962.6865,106480.5812,5.0,1,0,0,789.8299,2476.2926
1371,43,10.7064,35062.869,109929.8691,6.0,1,0,0,815.4156,2556.5086
1372,43,10.8422,41173.802,129089.3366,7.0,1,0,0,957.5303,3002.0776
1373,43,10.7944,30284.5239,94948.7338,8.0,1,0,0,704.2913,2208.1101
1374,43,10.7964,44011.1388,137985.3351,0.0,1,1,1,1023.5149,3208.9613
1375,43,10.6558,32839.2761,102958.7454,1.0,1,0,0,763.7041,2394.3894
1376,41,10.7774,34164.9864,107114.9253,2.0,1,0,2,833.2924,2612.5592
1377,41,11.2749,48115.2715,150853.0152,3.0,1,0,0,1173.5432,3679.3418
1378,40,11.2741,29791.0762,93401.7227,4.0,1,0,1,744.7769,2335.0431
1379,40,11.322,29127.2143,91320.299,5.0,1,0,0,728.1804,2283.0075
1380,41,11.0656,29550.8211,92648.2851,6.0,2,1,0,720.7517,2259.7143
1381,41,11.0604,35779.6016,112177.0713,7.0,1,0,0,872.6732,2736.0261
1382,41,11.1069,34148.9466,107064.7761,8.0,1,0,0,832.9011,2611.336
1383,41,11.1908,36114.7053,113227.723,9.0,1,0,0,880.8465,2761.6518
1384,40,11.1684,34092.0964,106886.4389,10.0,1,0,1,852.3024,2672.161
1385,40,10.9966,24295.5476,76171.5447,0.0,0,0,0,607.3887,1904.2886
1386,41,10.5749,31350.7248,98291.3134,0.0,1,1,0,764.6518,2397.3491
1387,41,10.6419,34694.4,108774.6931,0.0,0,0,0,846.2049,2653.0413
1388,41,11.0403,42771.1958,134097.7113,0.0,0,0,0,1043.1999,3270.6759
1389,41,11.1393,34574.3635,108398.8634,0.0,0,0,0,843.2772,2643.8747
1390,40,11.0383,33674.2074,105576.2648,0.0,0,0,1,841.8552,2639.4066
1391,40,11.0695,33053.8954,103631.5233,0.0,0,0,0,826.3474,2590.7881
1392,41,10.5641,30283.3992,94945.18,0.0,1,1,0,738.6195,2315.7361
1393,40,10.5867,30832.5762,96666.9288,0.0,0,0,1,770.8144,2416.6732
1394,40,10.444,29476.5622,92415.7562,0.0,0,0,0,736.9141,2310.3939
1395,40,10.3379,29585.5311,92756.7062,1.0,1,0,0,739.6383,2318.9177
1396,39,10.4166,29486.4489,92446.6535,2.0,1,0,1,756.0628,2370.427
1397,39,10.2618,32705.6234,102539.6829,3.0,1,0,0,838.6057,2629.2226
1398,40,9.8697,31859.6631,99887.5606,4.0,2,1,0,796.4916,2497.189
1399,40,9.8414,34093.9374,106892.3178,5.0,1,0,0,852.3484,2672.3079
1400,40,9.5959,37131.3317,116415.4627,6.0,1,0,0,928.2833,2910.3866
1401,39,9.4661,37794.6435,118494.5438,0.0,0,0,1,969.0934,3038.3216
1402,39,9.7254,36147.9328,113332.2691,2.0,2,0,0,926.8701,2905.9556
1403,39,10.2061,46296.5585,145150.2246,4.0,2,0,0,1187.0912,3721.8006
1404,40,9.9129,29048.4614,91073.0852,4.0,3,1,0,726.2115,2276.8271
1405,40,10.2226,40538.8633,127098.2883,6.0,2,0,0,1013.4716,3177.4572
1406,40,10.1237,32942.9974,103283.4354,8.0,2,0,0,823.5749,2582.0859
1407,40,10.1404,36387.4074,114082.7636,10.0,2,0,0,909.6852,2852.0691
1408,40,10.2246,34529.5631,108257.8257,12.0,2,0,0,863.2391,2706.4456
1409,39,10.5992,41420.6839,129863.2203,14.0,2,0,1,1062.0688,3329.8262
1410,39,10.78,41711.1065,130774.2244,16.0,3,1,1,1069.5156,3353.1852
1411,39,11.1533,39485.7351,123797.1801,18.0,2,0,0,1012.4547,3174.2867
1412,39,11.2625,32709.6983,102552.2546,11.0,1,0,0,838.7102,2629.545
1413,39,11.3433,26657.7164,83577.6276,12.0,1,0,0,683.5312,2143.0161
1414,39,11.4154,32771.1315,102745.2004,13.0,1,0,0,840.2854,2634.4923
1415,39,11.4544,34341.5886,107668.6704,14.0,1,0,0,880.5536,2760.7351
1416,40,11.1006,30296.8291,94987.357,15.0,2,1,0,757.4207,2374.6839
1417,40,11.0935,29863.7218,93629.2412,16.0,1,0,0,746.593,2340.731
1418,40,11.1761,34795.293,109091.0762,17.0,1,0,0,869.8823,2727.2769
1419,39,11.2876,25989.2991,81481.9474,0.0,0,0,1,666.3923,2089.2807
1420,39,11.1704,33381.3544,104658.3739,0.0,0,0,0,855.9322,2683.548
1421,39,11.2737,40945.4388,128373.5975,0.0,0,0,0,1049.883,3291.6307
1422,40,10.6742,26024.277,81591.7144,0.0,1,1,0,650.6069,2039.7929
1423,40,10.6986,36353.4177,113976.5238,1.0,1,0,0,908.8354,2849.4131
1424,40,10.8485,33819.6305,106031.5896,2.0,1,0,0,845.4908,2650.7897
1425,40,10.6734,29946.0011,93887.3242,4.0,2,0,0,748.65,2347.1831
1426,39,10.7893,36732.9718,115165.8943,6.0,2,0,1,941.8711,2952.9716
1427,39,10.9346,39158.0554,122769.7183,8.0,2,0,0,1004.0527,3147.9415
1428,39,10.6932,30506.8325,95645.695,10.0,3,1,1,782.2265,2452.4537
1429,39,10.8648,34759.7489,108979.7985,5.0,1,0,0,891.2756,2794.3538
1430,39,10.9843,40002.2864,125416.4773,6.0,1,0,0,1025.6997,3215.8071
1431,39,10.7782,28472.4822,89267.2583,7.0,1,0,0,730.0636,2288.9041
1432,39,10.9637,35580.7724,111554.0929,8.0,1,0,0,912.3275,2860.3614
1433,39,11.2284,44656.5674,140009.3725,9.0,1,0,0,1145.0402,3589.9839
1434,40,11.056,37524.2446,117647.0429,10.0,2,1,0,938.1061,2941.1761
1435,40,11.1446,40597.1407,127281.7714,0.0,0,0,0,1014.9285,3182.0443
1436,40,11.2615,36059.1626,113053.5105,0.0,0,0,0,901.4791,2826.3378
1437,40,11.4018,34466.6515,108060.6127,0.0,0,0,0,861.6663,2701.5153
1438,40,11.577,35222.047,110429.4453,0.0,0,0,0,880.5512,2760.7361
1439,40,11.5198,38638.8378,121142.0636,0.0,0,0,0,965.9709,3028.5516
1440,40,11.0919,35249.1857,110514.6192,0.0,1,1,1,881.2296,2762.8655
1441,40,11.2627,40836.199,128031.3486,0.0,0,0,0,1020.905,3200.7837
1442,40,11.4074,38441.123,120522.0739,0.0,0,0,0,961.0281,3013.0518
1443,40,11.59,36857.8112,115558.031,0.0,0,0,0,921.4453,2888.9508
1444,40,11.4409,26877.8969,84268.2756,0.0,0,0,0,671.9474,2106.7069
1445,36,11.6256,32432.6619,101683.8908,0.0,0,0,4,900.9073,2824.5525
1446,37,11.2192,30168.8796,94586.4287,0.0,1,1,0,815.3751,2556.39
1447,37,11.618,42496.3758,133236.7865,0.0,0,0,0,1148.5507,3600.9942
1448,37,11.7684,34991.003,109705.208,0.0,0,0,0,945.7028,2965.0056
1449,37,12.0394,37547.5725,117721.1266,0.0,0,0,0,1014.7993,3181.6521
1450,36,12.0299,33691.4654,105630.9198,1.0,1,0,1,935.874,2934.1922
1451,36,12.0244,34086.8557,106870.579,2.0,1,0,0,946.8571,2968.6272
1452,37,11.6613,29579.6369,92738.7042,3.0,2,1,0,799.4496,2506.4515
1453,36,11.6692,31570.296,98979.8599,4.0,1,0,1,876.9527,2749.4406
1454,36,11.5815,22435.4414,70339.7596,5.0,1,0,0,623.2067,1953.8822
1455,36,11.6228,33601.0419,105346.7284,0.0,0,0,0,933.3623,2926.298
1456,35,11.7408,24756.12,77615.9455,0.0,0,0,1,707.3177,2217.5984
1457,35,11.6995,22648.3424,71007.4398,0.0,0,0,0,647.0955,2028.784
1458,36,11.2402,26850.4223,84181.9477,0.0,1,1,0,745.8451,2338.3874
1459,36,11.5331,35602.685,111622.8969,0.0,0,0,0,988.9635,3100.636
1460,36,11.7283,29283.0283,91808.8317,0.0,0,0,0,813.4175,2550.2453
1461,35,12.3179,39812.5355,124821.9112,0.0,0,0,1,1137.501,3566.3403
1462,35,12.4666,31760.07,99575.4253,0.0,0,0,0,907.4306,2845.0122
1463,35,12.9302,41214.4372,129217.6253,0.0,0,0,0,1177.5553,3691.9322
1464,36,12.7332,35091.244,110019.6311,0.0,1,1,0,974.7568,3056.1009
1465,36,12.7896,29778.3022,93361.736,0.0,0,0,0,827.1751,2593.3816
1466,36,12.6584,27668.8724,86748.064,0.0,0,0,0,768.5798,2409.6684
1467,36,12.3191,26014.4824,81561.351,0.0,0,0,0,722.6245,2265.5931
1468,36,11.9899,23205.2948,72753.6876,1.0,1,0,0,644.5915,2020.9358
1469,36,11.8904,30037.2226,94173.5956,2.0,1,0,0,834.3673,2615.9332
1470,37,11.4645,28024.5378,87862.7711,3.0,2,1,0,757.4199,2374.6695
1471,36,11.8617,36655.1001,114922.298,5.0,2,0,1,1018.1972,3192.2861
1472,36,12.0805,40896.5354,128220.5135,7.0,2,0,0,1136.0149,3561.6809
1473,36,12.1927,28580.3916,89605.9557,0.0,0,0,0,793.8998,2489.0543
1474,36,12.1263,30313.9134,95041.3505,0.0,0,0,0,842.0531,2640.0375
1475,34,11.8135,26754.9864,83882.8658,0.0,0,0,2,786.9114,2467.1431
1476,35,11.5274,30826.7741,96648.9036,0.0,1,1,0,880.765,2761.3972
1477,35,11.7773,32416.917,101634.7636,0.0,0,0,0,926.1976,2903.8504
1478,35,11.8855,32032.1492,100428.4399,0.0,0,0,0,915.2043,2869.384
1479,34,11.7866,28937.3883,90725.8435,0.0,0,0,1,851.0997,2668.4072
1480,34,11.4233,22288.7093,69880.3169,0.0,0,0,0,655.5503,2055.3034
1481,34,11.3742,32533.9952,102001.8153,1.0,1,0,0,956.8822,3000.0534
1482,35,10.8652,23527.7192,73763.9936,1.0,2,1,0,672.2205,2107.5427
1483,35,10.9794,26858.9556,84208.4802,2.0,1,0,0,767.3987,2405.9566
1484,35,10.8616,25407.1082,79656.6991,3.0,1,0,0,725.9174,2275.9057
1485,35,10.5952,32543.5484,102031.4476,4.0,1,0,0,929.8157,2915.1842
1486,35,10.3145,26839.281,84147.038,5.0,1,0,0,766.8366,2404.2011
1487,35,10.5545,36528.5509,114525.3534,2.0,2,0,0,1043.6729,3272.153
1488,35,10.568,35782.3696,112186.0695,0.0,1,1,1,1022.3534,3205.3163
1489,35,10.7145,34392.7754,107829.4195,0.0,0,0,0,982.6507,3080.8406
1490,35,10.9456,36990.1423,115972.6747,0.0,0,0,0,1056.8612,3313.505
1491,35,11.149,33582.5673,105289.365,0.0,0,0,0,959.5019,3008.2676
1492,35,11.2805,31544.91,98900.6007,1.0,1,0,0,901.2831,2825.7314
1493,34,11.324,37470.3413,117478.5664,2.0,1,0,1,1102.0689,3455.252
1494,34,11.2669,43775.8336,137247.6566,4.0,3,1,1,1287.5245,4036.6958
1495,34,11.3908,31047.5113,97341.2256,6.0,2,0,0,913.1621,2862.9772
1496,34,11.5517,35419.7222,111049.0053,8.0,2,0,0,1041.7565,3266.1472
1497,34,11.4497,32191.559,100927.9954,10.0,2,0,0,946.8106,2968.4705
1498,34,11.9334,43408.5157,136096.2336,8.0,2,0,0,1276.7211,4002.8304
1499,34,12.1786,35331.8563,110773.6487,8.0,1,0,0,1039.1722,3258.0485
1500,35,11.8915,28579.7076,89603.4446,9.0,2,1,0,816.5631,2560.0984
1501,35,12.1144,30290.8212,94968.6802,10.0,1,0,0,865.452,2713.3909
1502,35,12.2351,27880.5451,87412.0611,11.0,1,0,0,796.587,2497.4875
1503,35,12.6476,37614.0211,117928.9199,0.0,0,0,0,1074.6863,3369.3977
1504,35,12.9044,36683.5918,115012.0239,0.0,0,0,0,1048.1026,3286.0578
1505,35,12.8078,28474.9645,89275.659,0.0,0,0,0,813.5704,2550.7331
1506,36,12.2594,28094.0122,88081.2885,0.0,1,1,0,780.3892,2446.7025
1507,36,12.0411,24392.3928,76475.8357,0.0,0,0,0,677.5665,2124.3288
1508,36,12.0168,28872.7828,90522.9686,0.0,0,0,0,802.0217,2514.5269
1509,36,12.1273,37258.3554,116813.7603,0.0,0,0,0,1034.9543,3244.8267
1510,36,12.2457,34664.3104,108680.8841,0.0,0,0,0,962.8975,3018.9134
1511,36,12.3264,31846.8744,99847.4257,1.0,1,0,0,884.6354,2773.5396
1512,37,11.9,25369.0363,79537.5579,2.0,2,1,0,685.6496,2149.6637
1513,36,11.9801,25773.8718,80806.5124,3.0,1,0,1,715.9409,2244.6253
1514,36,11.9305,30820.6247,96629.4235,4.0,1,0,0,856.1285,2684.1507
1515,35,11.2975,22255.2379,69774.9395,5.0,1,0,1,635.8639,1993.5697
1516,35,11.2717,24797.2425,77744.8533,6.0,1,0,0,708.4926,2221.2815
1517,35,11.1298,28425.3768,89119.5901,7.0,1,0,0,812.1536,2546.274
1518,36,10.9292,34189.8794,107192.7694,8.0,2,1,0,949.7189,2977.5769
1519,36,10.7181,27689.3913,86812.1941,1.0,1,0,0,769.1498,2411.4498
1520,36,10.843,30975.8863,97116.1849,2.0,1,0,0,860.4413,2697.6718
1521,36,11.0751,33112.181,103814.4241,3.0,1,0,0,919.7828,2883.734
1522,36,11.2901,34440.0654,107977.5211,4.0,1,0,0,956.6685,2999.3756
1523,36,11.3307,32592.3719,102184.6521,5.0,1,0,0,905.3437,2838.4626
1524,37,11.029,29450.3803,92333.1676,7.0,3,1,0,795.9562,2495.491
1525,37,10.8133,22852.2124,71646.2544,10.0,3,0,0,617.6274,1936.3853
1526,36,10.5069,26344.5903,82595.1662,13.0,3,0,1,731.7942,2294.3102
1527,35,10.6917,28053.0788,87952.2022,16.0,3,0,1,801.5165,2512.9201
1528,35,10.7685,30300.4262,94998.3618,19.0,3,0,0,865.7265,2714.2389
1529,35,10.9406,30646.7449,96084.3351,22.0,3,0,0,875.6213,2745.2667
1530,36,10.7756,32548.8284,102047.6043,25.0,4,1,0,904.1341,2834.6557
1531,36,10.6912,29412.3502,92213.7072,28.0,3,0,0,817.0097,2561.4919
1532,36,10.3825,22522.386,70612.2932,22.0,2,0,0,625.6218,1961.4526
1533,36,10.4413,28287.9135,88688.4528,24.0,2,0,0,785.7754,2463.5681
1534,36,10.6605,30935.945,96991.0526,26.0,2,0,0,859.3318,2694.1959
1535,36,10.8086,32197.9536,100948.2007,17.0,1,0,0,894.3876,2804.1167
1536,37,10.6905,31042.7653,97325.884,18.0,2,1,0,838.9937,2630.4293
1537,37,10.756,36752.9638,115228.8501,19.0,1,0,0,993.3233,3114.2932
1538,37,10.6632,29360.533,92051.9864,0.0,0,0,0,793.5279,2487.8915
1539,37,10.5797,28543.3534,89489.9288,0.0,0,0,0,771.442,2418.6467
1540,36,10.6937,35360.6766,110864.0581,0.0,0,0,1,982.241,3079.5572
1541,36,10.8555,33322.0372,104472.8079,0.0,0,0,0,925.6121,2902.0224
1542,37,10.926,36563.8388,114636.2457,0.0,1,1,0,988.2119,3098.2769
1543,36,11.3293,38963.4631,122159.8221,0.0,0,0,1,1082.3184,3393.3284
1544,36,11.5042,32176.2559,100879.8169,0.0,0,0,0,893.7849,2802.2171
1545,36,11.5185,25476.4,79874.0396,0.0,0,0,0,707.6778,2218.7233
1546,36,11.577,29717.4162,93171.0409,0.0,0,0,0,825.4838,2588.0845
1547,36,11.3603,24205.5142,75889.6467,0.0,0,0,0,672.3754,2108.0457
1548,37,10.8644,29477.4473,92418.3463,0.0,1,1,0,796.6878,2497.7931
1549,37,10.8892,28116.0209,88149.7555,0.0,0,0,0,759.8925,2382.4258
1550,37,10.879,26741.0622,83839.3034,0.0,0,0,0,722.7314,2265.9271
1551,37,11.1583,35627.1619,111699.1455,0.0,0,0,0,962.8963,3018.8958
1552,37,11.467,37361.2206,117136.3704,0.0,0,0,0,1009.7627,3165.8478
1553,37,11.3978,33379.1961,104651.8739,0.0,0,0,0,902.1404,2828.429
1554,38,10.962,29962.5031,93939.456,0.0,1,1,0,788.4869,2472.0909
1555,38,10.9588,33531.7199,105129.8056,0.0,0,0,0,882.4137,2766.5738
1556,38,11.046,31235.2579,97929.4652,0.0,0,0,0,821.9805,2577.0912
1557,38,11.2573,33255.3991,104263.5279,0.0,0,0,0,875.1421,2743.7771
1558,38,11.2527,31479.4682,98695.2759,0.0,0,0,0,828.4071,2597.2441
1559,38,11.2649,27585.8944,86488.371,0.0,0,0,0,725.9446,2276.0098
1560,39,10.7358,31911.3261,100049.344,0.0,1,1,0,818.2391,2565.3678
1561,39,10.6365,31815.2762,99748.215,0.0,0,0,0,815.7763,2557.6465
1562,39,10.3879,33072.6568,103690.3039,0.0,0,0,0,848.0168,2658.7257
1563,39,10.2806,34220.3456,107288.2154,1.0,1,0,0,877.4448,2750.9799
1564,39,10.3218,31454.0531,98615.4527,3.0,2,0,0,806.5142,2528.6014
1565,39,10.6244,36474.2328,114354.7763,5.0,2,0,0,935.2367,2932.1738
1566,40,10.1974,28851.8351,90456.2605,7.0,3,1,0,721.2959,2261.4065
1567,40,10.1278,33282.6031,104348.2709,5.0,1,0,0,832.0651,2608.7068
1568,40,10.1129,33247.9193,104239.6992,6.0,1,0,0,831.198,2605.9925
1569,40,10.0959,30617.7436,95993.0043,7.0,1,0,0,765.4436,2399.8251
1570,40,10.1637,28346.6296,88872.6607,8.0,1,0,0,708.6657,2221.8165
1571,40,10.247,33023.6428,103536.6248,9.0,1,0,0,825.5911,2588.4156
1572,41,10.2906,38454.8013,120564.1873,0.0,1,1,0,937.922,2940.5899
1573,41,10.4963,37605.3064,117901.0203,0.0,0,0,0,917.2026,2875.6346
1574,41,10.7624,40515.8592,127026.7246,0.0,0,0,0,988.1917,3098.2128
1575,39,10.9903,35217.2794,110414.4081,0.0,0,0,2,903.0072,2831.1387
1576,39,10.977,37321.4259,117011.5293,0.0,0,0,0,956.9596,3000.2956
1577,39,10.9861,31003.3594,97202.3691,0.0,0,0,0,794.9579,2492.3684
1578,39,10.557,30319.5882,95058.4285,1.0,2,1,1,777.4253,2437.3956
1579,39,10.6219,30882.872,96824.3121,2.0,1,0,0,791.8685,2482.6747
1580,39,10.832,36999.2179,116000.8169,4.0,2,0,0,948.6979,2974.3799
1581,39,10.9012,36047.3392,113016.3667,2.0,1,0,0,924.2907,2897.8556
1582,39,10.6844,30015.1695,94103.9407,3.0,1,0,0,769.6197,2412.9216
1583,39,10.7288,33234.3548,104197.0421,4.0,1,0,0,852.1629,2671.719
1584,40,10.3997,28882.0971,90551.2825,5.0,2,1,0,722.0524,2263.7821
1585,40,10.3998,31035.2285,97302.3415,6.0,1,0,0,775.8807,2432.5585
1586,40,10.2089,29068.098,91134.8592,7.0,1,0,0,726.7024,2278.3715
1587,40,9.8865,30110.2506,94402.174,0.0,0,0,0,752.7563,2360.0544
1588,40,9.9539,34368.0855,107751.9292,0.0,0,0,0,859.2021,2693.7982
1589,40,9.8377,35148.9499,110200.0626,0.0,0,0,0,878.7237,2755.0016
1590,41,10.0659,49127.0738,154025.6441,0.0,1,1,0,1198.2213,3756.723
1591,41,10.2815,41932.9301,131469.8998,0.0,0,0,0,1022.7544,3206.5829
1592,41,10.5549,44790.4899,140429.3291,0.0,0,0,0,1092.451,3425.1056
1593,40,10.6105,33922.8637,106355.7902,1.0,1,0,1,848.0716,2658.8948
1594,40,10.4459,29843.9387,93567.1935,2.0,1,0,0,746.0985,2339.1798
1595,40,10.2157,28558.9684,89538.2192,3.0,1,0,0,713.9742,2238.4555
1596,41,10.1469,37037.6783,116121.138,1.0,2,1,0,903.358,2832.2229
1597,41,10.6106,46202.3091,144855.0831,2.0,1,0,0,1126.8856,3533.0508
1598,41,10.7211,33052.4897,103626.7795,3.0,1,0,0,806.1583,2527.4824
1599,40,10.6813,31425.8497,98527.1497,4.0,1,0,1,785.6462,2463.1787
1600,40,10.8519,40436.8627,126779.0808,5.0,1,0,0,1010.9216,3169.477
1601,40,10.9287,28824.8574,90372.3163,0.0,0,0,0,720.6214,2259.3079
1602,41,10.7157,34616.9144,108532.0938,0.0,1,1,0,844.315,2647.1242
1603,41,10.6837,31329.4225,98224.5974,0.0,0,0,0,764.1323,2395.7219
1604,41,10.7829,30694.3848,96233.8243,0.0,0,0,0,748.6435,2347.1664
1605,41,10.8793,39740.1666,124594.7785,0.0,0,0,0,969.2724,3038.897
1606,41,10.5013,25707.5671,80599.072,0.0,0,0,0,627.0138,1965.831
1607,41,10.6607,38506.9484,120728.3923,0.0,0,0,0,939.1939,2944.5949
1608,42,10.7352,48338.1197,151551.295,1.0,2,1,0,1150.9076,3608.3642
1609,42,11.1013,40935.7275,128343.0687,2.0,1,0,0,974.6602,3055.7873
1610,41,11.2594,35187.9345,110322.2688,3.0,1,0,1,858.2423,2690.787
1611,40,11.5537,36008.6884,112895.3843,4.0,1,0,1,900.2172,2822.3846
1612,40,11.4349,28099.0291,88096.4571,5.0,1,0,0,702.4757,2202.4114
1613,40,11.2849,24671.2995,77349.7485,6.0,1,0,0,616.7825,1933.7437
1614,41,10.996,29853.803,93597.8668,7.0,2,1,0,728.1415,2282.8748
1615,40,10.9511,31228.7152,97909.0003,8.0,1,0,1,780.7179,2447.725
1616,40,10.9329,31892.2974,99989.6356,9.0,1,0,0,797.3074,2499.7409
1617,40,11.1466,36050.2217,113025.5734,10.0,1,0,0,901.2555,2825.6393
1618,40,10.9597,34056.1658,106773.9237,11.0,1,0,0,851.4041,2669.3481
1619,39,10.9418,29339.4468,91985.7247,12.0,1,0,1,752.2935,2358.6083
1620,40,10.9358,40819.3187,127977.9874,13.0,2,1,0,1020.483,3199.4497
1621,40,10.7251,31061.5127,97384.7154,14.0,1,0,0,776.5378,2434.6179
1622,39,10.5388,30337.3789,95114.4233,0.0,0,0,1,777.8815,2438.8314
1623,39,10.5239,29921.7044,93811.0798,0.0,0,0,0,767.2232,2405.4123
1624,39,10.6295,34700.4649,108793.6106,0.0,0,0,0,889.7555,2789.5798
1625,39,10.508,31748.4876,99538.9577,1.0,1,0,0,814.0638,2552.281
1626,40,10.1502,32576.8719,102136.0042,2.0,2,1,0,814.4218,2553.4001
1627,40,10.3581,41279.2684,129420.3207,3.0,1,0,0,1031.9817,3235.508
1628,40,10.7128,42784.2301,134138.4607,4.0,1,0,0,1069.6058,3353.4615
1629,39,10.7888,28477.9336,89284.8447,5.0,1,0,1,730.2034,2289.355
1630,38,10.7715,28290.2395,88696.1685,6.0,1,0,1,744.48,2334.1097
1631,38,10.4945,29315.1996,91909.5626,7.0,1,0,0,771.4526,2418.6727
1632,39,10.229,34120.7911,106976.4013,8.0,2,1,0,874.8921,2742.9846
1633,39,10.4868,37391.6179,117231.0502,0.0,0,0,0,958.7594,3005.9244
1634,39,10.504,29388.5005,92139.4774,0.0,0,0,0,753.5513,2362.5507
1635,39,10.604,36781.2959,115317.5899,1.0,1,0,0,943.1102,2956.8613
1636,39,10.5964,32972.4148,103375.7751,2.0,1,0,0,845.4465,2650.6609
1637,39,10.4679,29669.8578,93021.2488,4.0,2,0,0,760.7656,2385.1602
1638,39,9.9462,28084.8276,88051.3713,6.0,3,1,1,720.1238,2257.7275
1639,39,9.9914,34496.6158,108154.5193,8.0,2,0,0,884.5286,2773.1928
1640,39,9.7578,33622.2142,105412.8878,10.0,2,0,0,862.1081,2702.8946
1641,39,9.8494,32782.2707,102779.5477,12.0,2,0,0,840.571,2635.373
1642,39,9.8301,32862.2152,103030.4174,14.0,2,0,0,842.6209,2641.8056
1643,38,10.0651,33870.9848,106193.0669,8.0,2,0,1,891.3417,2794.5544
1644,39,9.7577,36628.2139,114837.7249,10.0,3,1,0,939.185,2944.557
1645,39,9.4759,24744.8767,77580.1383,12.0,2,0,0,634.484,1989.2343
1646,39,9.3173,31095.1746,97490.2159,10.0,1,0,0,797.3122,2499.7491
1647,39,9.3481,35055.3568,109906.3342,13.0,3,0,0,898.8553,2818.1111
1648,39,9.6947,37935.9038,118937.634,1.0,1,0,0,972.7155,3049.6829
1649,39,9.9338,38311.8395,120116.1283,2.0,1,0,0,982.3549,3079.9007
1650,40,9.5967,32382.5902,101526.3454,3.0,2,1,0,809.5648,2538.1586
1651,40,9.6403,35437.206,111103.3011,4.0,1,0,0,885.9301,2777.5825
1652,40,9.5618,32631.3508,102306.3858,5.0,1,0,0,815.7838,2557.6596
1653,40,9.8397,35264.977,110563.5144,1.0,1,0,0,881.6244,2764.0879
1654,40,10.19,41578.6821,130358.6986,3.0,2,0,0,1039.4671,3258.9675
1655,40,10.3495,39020.3588,122337.7962,5.0,2,0,0,975.509,3058.4449
1656,41,10.1743,34974.2413,109651.5451,7.0,3,1,0,853.0303,2674.4279
1657,41,10.3561,37328.0424,117031.5296,9.0,2,0,0,910.4401,2854.4276
1658,41,10.2226,32003.9337,100339.2351,11.0,2,0,0,780.5837,2447.2984
1659,40,10.1261,36803.6124,115387.4321,13.0,2,0,1,920.0903,2884.6858
1660,40,10.0714,31684.0542,99335.8986,16.0,3,0,0,792.1014,2483.3975
1661,40,10.2838,35329.9287,110766.4569,20.0,4,0,0,883.2482,2769.1614
1662,40,9.9212,29213.5408,91590.4716,24.0,5,1,1,730.3385,2289.7618
1663,40,9.8949,23280.7394,72989.0366,15.0,2,0,0,582.0185,1824.7259
1664,40,9.9352,32221.3077,101020.4862,12.0,1,0,0,805.5327,2525.5122
1665,40,9.9117,27498.7488,86214.2204,13.0,1,0,0,687.4687,2155.3555
1666,40,10.0959,34996.9675,109723.2709,0.0,0,0,0,874.9242,2743.0818
1667,39,10.7132,48732.0827,152786.9527,0.0,0,0,1,1249.5406,3917.6142
1668,39,10.8604,40623.7603,127365.2225,0.0,1,1,1,1041.6349,3265.7749
1669,39,11.329,48599.2372,152370.623,0.0,0,0,0,1246.1343,3906.9391
1670,39,11.5988,39929.4866,125188.7483,0.0,0,0,0,1023.833,3209.9679
1671,39,11.8148,39339.7774,123339.1509,1.0,1,0,0,1008.7122,3162.5423
1672,39,12.0167,34283.652,107487.4884,2.0,1,0,0,879.068,2756.0894
1673,38,11.8808,31198.4746,97814.6659,3.0,1,0,1,821.0125,2574.0702
1674,39,11.3461,28496.0128,89340.7295,4.0,2,1,0,730.667,2290.7879
1675,39,11.4848,29953.2998,93910.2403,0.0,0,0,0,768.0333,2407.9549
1676,39,11.4801,30548.278,95775.8433,0.0,0,0,0,783.2892,2455.7909
1677,39,11.7174,37588.1187,117847.7345,0.0,0,0,0,963.7979,3021.7368
1678,39,11.9859,37547.5836,117720.7929,0.0,0,0,0,962.7586,3018.4819
1679,39,12.0902,32186.9447,100913.5083,0.0,0,0,0,825.3063,2587.5259
1680,39,11.6894,27138.453,85085.2871,0.0,1,1,1,695.8578,2181.674
1681,39,11.3908,30034.7346,94165.6276,0.0,0,0,0,770.1214,2414.5033
1682,39,11.3183,34056.3056,106774.7664,0.0,0,0,0,873.2386,2737.8145
1683,39,11.544,38781.5902,121589.2154,0.0,0,0,0,994.3997,3117.6722
1684,39,11.7171,33170.9647,103998.4809,0.0,0,0,0,850.5376,2666.6277
1685,39,11.821,34184.4427,107176.5021,0.0,0,0,0,876.5242,2748.1154
1686,40,11.3753,28817.1245,90348.1218,0.0,1,1,0,720.4281,2258.703
1687,38,11.325,30203.8111,94695.8175,0.0,0,0,2,794.8371,2491.9952
1688,38,11.431,29483.573,92437.4819,0.0,0,0,0,775.8835,2432.5653
1689,38,11.5632,34887.8143,109381.5532,0.0,0,0,0,918.1004,2878.4619
1690,38,11.4482,30116.0953,94421.3881,0.0,0,0,0,792.5288,2484.7734
1691,38,11.2565,36415.1224,114170.3167,0.0,0,0,0,958.2927,3004.482
1692,39,10.6251,28129.1792,88191.4375,0.0,1,1,0,721.261,2261.3189
1693,39,10.3383,25900.2492,81203.0236,0.0,0,0,0,664.109,2082.1288
1694,39,10.2087,28343.3625,88862.9044,1.0,1,0,0,726.7529,2278.536
1695,39,10.3112,37200.0705,116630.6015,0.0,0,0,0,953.848,2990.5282
1696,39,10.6193,41131.3662,128956.6388,1.0,1,0,0,1054.6504,3306.5805
1697,39,10.845,36529.5607,114528.3123,2.0,1,0,0,936.6554,2936.6234
1698,40,10.6454,31398.0369,98439.654,3.0,2,1,0,784.9509,2460.9914
1699,40,10.8995,41370.4326,129706.1844,4.0,1,0,0,1034.2608,3242.6546
1700,40,11.0773,37404.6708,117272.4378,5.0,1,0,0,935.1168,2931.8109
1701,40,10.8729,30030.7015,94152.9021,6.0,1,0,0,750.7675,2353.8226
1702,40,10.9122,34691.2368,108765.0167,0.0,0,0,0,867.2809,2719.1254
1703,40,11.0418,35397.7382,110980.358,0.0,0,0,0,884.9435,2774.509
1704,40,10.483,30847.5111,96713.6003,0.0,1,1,1,771.1878,2417.84
1705,40,10.4578,33400.4334,104717.891,1.0,1,0,0,835.0108,2617.9473
1706,40,10.594,38765.575,121538.6073,1.0,1,0,0,969.1394,3038.4652
1707,40,10.492,29637.5713,92920.3497,2.0,1,0,0,740.9393,2323.0087
1708,40,10.6472,33999.4493,106595.982,0.0,0,0,0,849.9862,2664.8996
1709,40,10.9361,37796.0559,118499.4331,1.0,1,0,0,944.9014,2962.4858
1710,41,10.8128,41680.4226,130677.5371,2.0,2,1,0,1016.5957,3187.257
1711,41,11.0315,38626.1222,121102.3464,3.0,1,0,0,942.1005,2953.7158
1712,41,11.2551,40980.6463,128483.911,0.0,0,0,0,999.528,3133.7539
1713,41,11.6075,40804.1882,127930.5007,0.0,0,0,0,995.2241,3120.2561
1714,41,11.166,17425.6522,54633.1765,0.0,0,0,0,425.0159,1332.5165
1715,41,11.0838,37239.0751,116752.9441,0.0,0,0,0,908.2701,2847.6328
1716,42,10.6579,28234.2463,88520.4221,0.0,1,1,0,672.244,2107.6291
1717,42,10.7181,34670.0762,108698.7316,0.0,0,0,0,825.478,2588.065
1718,42,10.7722,32962.4522,103344.6526,0.0,0,0,0,784.8203,2460.587
1719,42,10.8488,40205.5788,126054.2289,0.0,0,0,0,957.2757,3001.2912
1720,42,11.0375,43224.8095,135520.3237,0.0,0,0,0,1029.1621,3226.6744
1721,42,11.0891,33978.5413,106530.3691,0.0,0,0,0,809.0129,2536.4374
1722,43,11.1325,43275.2359,135677.8378,0.0,1,1,0,1006.4008,3155.2986
1723,43,11.0678,29467.9616,92388.9067,0.0,0,0,0,685.3014,2148.5792
1724,42,11.1558,35266.4754,110568.3132,0.0,0,0,1,839.678,2632.5789
1725,42,11.3084,36201.0541,113498.2866,1.0,1,0,0,861.9299,2702.3402
1726,41,11.2021,30670.9373,96159.8369,2.0,1,0,1,748.0716,2345.3619
1727,41,11.2072,28841.0699,90422.9322,3.0,1,0,0,703.4407,2205.4374
1728,42,10.9644,32921.5316,103216.3232,0.0,1,1,0,783.846,2457.5315
1729,42,10.9833,32357.8713,101449.3847,0.0,0,0,0,770.4255,2415.4615
1730,42,11.156,33011.1425,103497.1514,0.0,0,0,0,785.9796,2464.2179
1731,42,10.9546,26039.2941,81638.8484,0.0,0,0,0,619.9832,1943.7821
1732,42,10.7453,31522.7159,98830.9163,0.0,0,0,0,750.5409,2353.1171
1733,42,10.711,32420.4238,101645.5053,0.0,0,0,0,771.9149,2420.1311
1734,43,10.5514,35544.4902,111440.2318,0.0,1,1,0,826.6161,2591.6333
1735,42,10.5393,32414.9995,101628.3599,0.0,0,0,1,771.7857,2419.7229
1736,42,10.5979,36932.615,115792.1979,0.0,0,0,0,879.348,2756.9571
1737,41,10.4897,34603.9707,108491.4748,0.0,0,0,1,843.9993,2646.1335
1738,41,10.3145,29336.4797,91976.4601,0.0,0,0,0,715.5239,2243.3283
1739,41,10.2792,34827.3375,109191.9664,0.0,0,0,0,849.4473,2663.2187
1740,42,10.0663,38743.2693,121469.0499,0.0,1,1,0,922.4588,2892.1202
1741,41,9.9838,36254.3566,113665.6818,0.0,0,0,1,884.2526,2772.3337
1742,41,10.1911,38915.2585,122008.4483,0.0,0,0,0,949.1526,2975.8158
1743,41,10.3188,40287.682,126311.4619,1.0,1,0,0,982.6264,3080.7674
1744,41,10.2764,33810.984,106005.0862,2.0,1,0,0,824.6581,2585.4899
1745,41,10.2306,32567.8385,102107.3565,3.0,1,0,0,794.3375,2490.4233
1746,42,9.9655,37026.8042,116087.3881,5.0,3,1,0,881.5906,2763.9854
1747,42,9.9937,34386.4456,107808.8749,8.0,3,0,0,818.7249,2566.878
1748,42,10.0787,36773.0726,115291.1877,11.0,3,0,0,875.5493,2745.0283
1749,42,10.2113,33030.4318,103557.3104,11.0,2,0,0,786.4389,2465.6502
1750,42,10.1998,32449.1316,101734.661,14.0,3,0,0,772.5984,2422.2538
1751,42,10.1622,35326.2694,110755.138,17.0,3,0,0,841.1017,2637.0271
1752,43,10.0833,38386.6921,120350.3874,17.0,3,1,0,892.7138,2798.8462
1753,43,10.2138,37287.9921,116906.1117,19.0,2,0,0,867.1626,2718.7468
1754,42,10.5339,39190.1828,122869.7991,22.0,3,0,1,933.0996,2925.4714
1755,42,10.629,36526.0696,114517.115,25.0,3,0,0,869.6683,2726.598
1756,41,10.7119,39843.1479,124917.1962,28.0,3,0,1,971.7841,3046.7609
1757,41,10.4556,27922.5561,87543.1847,31.0,3,0,0,681.038,2135.1996
1758,42,10.2396,37587.6741,117845.1723,34.0,4,1,0,894.9446,2805.8374
1759,42,10.3801,32064.9329,100529.9756,37.0,3,0,0,763.4508,2393.5708
1760,42,10.577,36795.3448,115361.278,40.0,3,0,0,876.0796,2746.6971
1761,42,10.7169,41892.6148,131342.8012,43.0,3,0,0,997.4432,3127.2096
1762,42,10.6679,34001.1845,106601.066,37.0,2,0,0,809.552,2538.1206
1763,42,10.4123,27452.0046,86067.8417,39.0,2,0,0,653.6192,2049.2343
1764,43,10.221,38499.2099,120702.9157,19.0,2,1,0,895.3305,2807.0446
1765,43,10.5835,40261.4411,126228.6285,1.0,1,0,0,936.3126,2935.5495
1766,43,10.7536,35239.1243,110482.0054,3.0,2,0,0,819.5145,2569.349
1767,43,11.0017,43707.8767,137033.6021,5.0,2,0,0,1016.4622,3186.828
1768,43,10.9313,27601.8065,86537.4898,4.0,1,0,0,641.9025,2012.4998
1769,43,11.0257,36760.9211,115253.6258,5.0,1,0,0,854.9051,2680.3169
1770,44,10.7897,34266.8033,107434.2813,6.0,2,1,0,778.791,2441.6882
1771,44,10.8598,40093.2348,125701.4545,7.0,1,0,0,911.2099,2856.8512
1772,44,10.7182,31089.7912,97473.2423,8.0,1,0,0,706.5862,2215.301
1773,43,10.6735,33762.0121,105851.5424,0.0,0,0,1,785.1631,2461.6638
1774,43,10.8329,36510.7634,114469.2712,0.0,0,0,0,849.0875,2662.0761
1775,43,10.859,36668.6624,114964.9233,0.0,0,0,0,852.7596,2673.6029
1776,44,10.5064,34733.6189,108897.7051,0.0,1,1,0,789.4004,2474.9478
1777,44,10.5277,35963.1332,112752.6575,0.0,0,0,0,817.3439,2562.5604
1778,44,10.5917,42882.8369,134447.8954,0.0,0,0,0,974.6099,3055.634
1779,43,10.672,36090.2124,113150.9119,0.0,0,0,1,839.3073,2631.4166
1780,43,11.1911,48014.5537,150537.74,0.0,0,0,0,1116.6175,3500.8777
1781,43,11.4866,42988.1689,134778.1524,0.0,0,0,0,999.7249,3134.3756
1782,44,11.3661,37557.9839,117753.0168,0.0,1,1,0,853.5905,2676.2049
1783,44,11.6277,40893.9008,128211.8899,0.0,0,0,0,929.4068,2913.9066
1784,44,11.8084,43533.8213,136488.9458,0.0,0,0,0,989.405,3102.0215
1785,44,11.8539,31435.2854,98556.536,0.0,0,0,0,714.4383,2239.9213
1786,43,12.1345,37286.9566,116903.1559,0.0,0,0,1,867.1385,2718.678
1787,43,11.9218,28880.5515,90546.9191,0.0,0,0,0,671.6407,2105.7423
1788,44,11.5161,31800.5766,99701.5783,0.0,1,1,0,722.7404,2265.945
1789,44,11.0367,25910.9922,81236.4759,0.0,0,0,0,588.8862,1846.2835
1790,43,10.5282,28530.1925,89447.989,1.0,1,0,1,663.4928,2080.1858
1791,43,10.1511,28430.2585,89134.6837,2.0,1,0,0,661.1688,2072.8996
1792,43,10.1239,35101.2789,110049.9959,4.0,2,0,0,816.3088,2559.3022
1793,43,10.3468,39883.7153,125044.4344,6.0,2,0,0,927.5283,2908.0101
1794,44,10.0409,34665.3385,108683.4938,8.0,3,1,0,787.8486,2470.0794
1795,44,10.0791,35731.2089,112024.5654,10.0,2,0,0,812.0729,2546.0129
1796,44,10.2518,32731.0084,102618.5634,0.0,0,0,0,743.8866,2332.2401
1797,44,10.4201,40779.3474,127852.6174,0.0,0,0,0,926.8033,2905.7413
1798,43,10.6099,42457.1229,133113.0536,0.0,0,0,1,987.375,3095.6524
1799,43,10.7634,40588.0683,127253.0119,0.0,0,0,0,943.9086,2959.3724
1800,44,10.4641,36197.024,113486.005,0.0,1,1,0,822.6596,2579.2274
1801,44,10.3037,31665.337,99278.0649,0.0,0,0,0,719.6667,2256.3197
1802,43,10.2843,42171.1975,132216.9,0.0,0,0,1,980.7255,3074.8116
1803,43,10.3948,41386.3018,129755.1965,0.0,0,0,0,962.4721,3017.5627
1804,43,10.7604,42992.0276,134790.3685,1.0,1,0,0,999.8146,3134.6597
1805,43,11.1422,46582.8399,146048.3592,2.0,1,0,0,1083.3219,3396.4735
1806,43,10.6534,34206.7676,107246.1379,3.0,2,1,1,795.5062,2494.0962
1807,43,10.4744,27913.9085,87516.168,4.0,1,0,0,649.1607,2035.2597
1808,43,10.3341,29415.607,92223.9136,0.0,0,0,0,684.0839,2144.7422
1809,42,10.5389,41406.286,129818.4622,0.0,0,0,1,985.864,3090.9158
1810,42,10.7999,39147.1792,122735.472,0.0,0,0,0,932.0757,2922.2731
1811,42,10.9109,39076.6898,122514.544,0.0,0,0,0,930.3974,2917.013
1812,42,11.0056,41645.1192,130567.1824,0.0,1,1,1,991.5505,3108.7424
1813,42,11.2594,40725.2712,127683.5532,0.0,0,0,0,969.6493,3040.0846
1814,42,10.9602,32146.1498,100785.1229,0.0,0,0,0,765.3845,2399.6458
1815,42,11.1583,40430.8441,126760.5882,0.0,0,0,0,962.6391,3018.1092
1816,42,11.332,35926.2567,112637.1845,0.0,0,0,0,855.3871,2681.8377
1817,42,11.6526,40287.2446,126310.3,0.0,0,0,0,959.2201,3007.3881
1818,43,11.5102,36163.6927,113381.5851,0.0,1,1,0,841.0161,2636.781
1819,43,11.6427,41916.8176,131418.7957,0.0,0,0,0,974.8097,3056.2511
1820,43,11.3651,30751.8253,96413.7608,0.0,0,0,0,715.1587,2242.1805
1821,41,10.8622,26192.1624,82118.4978,0.0,0,0,2,638.8332,2002.8902
1822,41,10.8808,34350.9175,107697.7511,0.0,0,0,0,837.8273,2626.7744
1823,41,10.6675,27214.9411,85325.104,0.0,0,0,0,663.7791,2081.1001
1824,42,10.5218,38752.8144,121499.0976,0.0,1,1,0,922.6861,2892.8357
1825,41,10.5942,35544.9457,111441.2869,0.0,0,0,1,866.9499,2718.0802
1826,41,10.5014,33260.1754,104277.8591,0.0,0,0,0,811.2238,2543.3624
1827,41,10.2007,25490.24,79917.8277,0.0,0,0,0,621.7132,1949.2153
1828,41,10.7165,47432.2321,148711.4098,0.0,0,0,0,1156.8837,3627.1076
1829,41,10.7893,35448.7847,111140.4132,0.0,0,0,0,864.6045,2710.7418
1830,42,10.9536,45945.281,144049.3232,0.0,1,1,0,1093.9353,3429.7458
1831,42,10.8927,33117.617,103831.3937,0.0,0,0,0,788.5147,2472.176
1832,41,10.704,25132.356,78795.3421,0.0,0,0,1,612.9843,1921.8376
1833,41,10.4865,28740.27,90106.9774,0.0,0,0,0,700.9822,2197.7312
1834,41,10.3341,28874.7132,90528.4261,0.0,0,0,0,704.2613,2208.0104
1835,41,10.5275,35092.9176,110023.9882,0.0,0,0,0,855.9248,2683.5119
1836,42,10.1072,29426.1903,92257.473,0.0,1,1,0,700.6236,2196.6065
1837,42,10.1663,32087.6535,100602.1331,0.0,0,0,0,763.9918,2395.2889
1838,42,10.071,39918.2389,125152.8233,0.0,0,0,0,950.4343,2979.8291
1839,42,9.9916,32847.6606,102984.8728,0.0,0,0,0,782.0872,2452.0208
1840,42,10.1942,40107.9489,125747.4749,0.0,0,0,0,954.9512,2993.9875
1841,42,10.1412,40527.9435,127064.3254,0.0,0,0,0,964.951,3025.3411
1842,42,9.9837,34619.2177,108539.2605,1.0,2,1,1,824.2671,2584.2681
1843,42,10.4776,52155.0006,163518.4564,0.0,0,0,0,1241.7857,3893.2966
1844,41,10.8937,42171.8861,132219.575,0.0,0,0,1,1028.5826,3224.8677
1845,41,11.1765,43161.7474,135322.8687,0.0,0,0,0,1052.7255,3300.5578
1846,41,11.4052,37304.6283,116959.1595,0.0,0,0,0,909.869,2852.6624
1847,41,11.5468,41387.5766,129760.1452,0.0,0,0,0,1009.4531,3164.8816
1848,42,11.2683,32639.4617,102332.1735,0.0,1,1,0,777.13,2436.4803
1849,42,11.3675,37752.1991,118361.8138,0.0,0,0,0,898.8619,2818.1384
1850,42,11.3095,27202.8735,85286.8819,0.0,0,0,0,647.6875,2030.64
1851,42,11.3884,37877.2072,118754.0471,0.0,0,0,0,901.8383,2827.4773
1852,41,11.4138,35092.9495,110024.5673,0.0,0,0,1,855.9256,2683.526
1853,41,11.5767,35859.7942,112428.5436,0.0,0,0,0,874.6291,2742.1596
1854,42,11.5211,36651.6292,114911.625,0.0,1,1,0,872.6578,2735.9911
1855,41,11.9547,39862.5275,124978.2319,0.0,0,0,1,972.2568,3048.2496
1856,41,11.943,31331.4045,98230.9494,0.0,0,0,0,764.1806,2395.8768
1857,41,12.038,36683.3981,115010.8935,0.0,0,0,0,894.717,2805.1437
1858,41,11.7382,24829.0777,77844.4925,0.0,0,0,0,605.5873,1898.6462
1859,41,11.8855,37809.3204,118541.067,0.0,0,0,0,922.1785,2891.2455
1860,42,11.6534,36639.6378,114873.7489,0.0,1,1,0,872.3723,2735.0893
1861,40,11.4233,33345.5698,104546.3485,0.0,0,0,2,833.6392,2613.6587
1862,40,11.288,27241.9827,85409.8787,0.0,0,0,0,681.0496,2135.247
1863,40,11.4032,34298.1923,107532.9809,0.0,0,0,0,857.4548,2688.3245
1864,40,11.5239,39825.4628,124862.1071,1.0,1,0,0,995.6366,3121.5527
1865,40,11.5719,38078.0187,119383.3279,2.0,1,0,0,951.9505,2984.5832
1866,40,11.2974,33192.6626,104066.3025,0.0,1,1,1,829.8166,2601.6576
1867,40,11.3488,36302.065,113815.2901,0.0,0,0,0,907.5516,2845.3823
1868,40,11.0723,28872.5168,90521.5565,0.0,0,0,0,721.8129,2263.0389
1869,40,11.0161,31486.211,98716.6633,1.0,1,0,0,787.1553,2467.9166
1870,40,11.0788,34479.7159,108101.5819,2.0,1,0,0,861.9929,2702.5395
1871,40,11.0766,38308.5871,120106.2916,3.0,1,0,0,957.7147,3002.6573
1872,40,10.6901,32517.1709,101948.3032,4.0,2,1,1,812.9293,2548.7076
1873,40,10.9109,39580.9673,124095.3938,6.0,2,0,0,989.5242,3102.3848
1874,40,10.9816,34374.7366,107772.4085,8.0,2,0,0,859.3684,2694.3102
1875,40,11.2608,41687.4506,130699.7752,10.0,2,0,0,1042.1863,3267.4944
1876,40,11.529,39215.4025,122949.4348,12.0,2,0,0,980.3851,3073.7359
1877,40,11.6742,37880.5286,118763.8573,14.0,2,0,0,947.0132,2969.0964
1878,41,11.1357,29729.0186,93206.9193,16.0,3,1,0,725.098,2273.3395
1879,41,11.1377,32920.3796,103212.59,7.0,1,0,0,802.9361,2517.3802
1880,41,11.4015,37597.2423,117875.8791,0.0,0,0,0,917.0059,2875.0214
1881,41,11.6141,40419.5341,126724.8815,0.0,0,0,0,985.8423,3090.8508
1882,40,11.858,36307.2931,113831.7514,0.0,0,0,1,907.6823,2845.7938
1883,40,11.7828,33138.7017,103897.5592,0.0,0,0,0,828.4675,2597.439
1884,41,11.3976,31944.358,100152.8339,0.0,1,1,0,779.1307,2442.752
1885,41,11.3104,38412.2714,120431.6809,0.0,0,0,0,936.8847,2937.3581
1886,41,11.5152,37130.8071,116413.4743,1.0,1,0,0,905.6294,2839.353
1887,41,11.2062,26215.7161,82191.7932,3.0,2,0,0,639.4077,2004.6779
1888,41,11.3117,33294.7303,104386.1103,0.0,0,0,0,812.0666,2546.0027
1889,41,11.2682,28742.3285,90113.1418,0.0,0,0,0,701.0324,2197.8815
1890,42,11.0548,35723.1487,111999.6306,0.0,1,1,0,850.5512,2666.6579
1891,42,11.3233,38150.3414,119610.4342,1.0,1,0,0,908.3415,2847.8675
1892,42,11.6966,44451.1918,139364.782,2.0,1,0,0,1058.3617,3318.2091
1893,42,11.6443,33043.0953,103597.8922,3.0,1,0,0,786.7404,2466.6165
1894,41,11.8852,37521.8295,117639.2303,4.0,1,0,1,915.1666,2869.2495
1895,41,11.8549,31560.3638,98948.9203,5.0,1,0,0,769.765,2413.3883
1896,42,11.4565,34227.0391,107309.5263,0.0,1,1,0,814.9295,2554.9887
1897,41,11.3628,29987.7001,94018.3393,0.0,0,0,1,731.4073,2293.1302
1898,41,11.2777,39174.3516,122820.8031,1.0,1,0,0,955.472,2995.6293
1899,41,11.1378,33830.3872,106065.956,2.0,1,0,0,825.1314,2586.9745
1900,40,11.2011,33542.8756,105164.5455,4.0,2,0,1,838.5719,2629.1136
1901,40,11.0437,34142.8895,107045.9932,6.0,2,0,0,853.5722,2676.1498
1902,41,10.7738,34579.8681,108415.5402,8.0,3,1,0,843.4114,2644.2815
1903,40,10.9729,33941.6206,106414.5415,10.0,2,0,1,848.5405,2660.3635
1904,40,11.166,38237.0131,119881.7184,0.0,0,0,0,955.9253,2997.043
1905,40,11.6896,48210.7729,151152.5166,0.0,0,0,0,1205.2693,3778.8129
1906,40,11.6711,27722.7386,86917.3226,0.0,0,0,0,693.0685,2172.9331
1907,40,12.0528,43978.4551,137882.9718,0.0,0,0,0,1099.4614,3447.0743
1908,40,11.5949,33841.3259,106100.2963,0.0,1,1,1,846.0331,2652.5074
1909,40,11.5131,33009.0593,103490.7787,0.0,0,0,0,825.2265,2587.2695
1910,40,11.4067,31492.4813,98736.1312,0.0,0,0,0,787.312,2468.4033
1911,40,11.2756,31120.2845,97569.0545,0.0,0,0,0,778.0071,2439.2264
1912,40,11.4081,35366.2146,110881.4183,0.0,0,0,0,884.1554,2772.0355
1913,40,11.4164,32411.2786,101616.6864,0.0,0,0,0,810.282,2540.4172
1914,41,11.101,33967.8077,106496.4777,0.0,1,1,0,828.4831,2597.4751
1915,41,11.1672,33841.5527,106100.7878,0.0,0,0,0,825.4037,2587.8241
1916,41,10.985,28733.7546,90086.6265,1.0,1,0,0,700.8233,2197.2348
1917,41,11.0989,37468.3996,117471.8531,2.0,1,0,0,913.8634,2865.1671
1918,40,11.2985,36241.835,113626.8646,0.0,0,0,1,906.0459,2840.6716
1919,40,11.4172,34511.641,108201.5853,0.0,0,0,0,862.791,2705.0396
1920,41,11.1797,34079.5886,106847.1684,0.0,1,1,0,831.2095,2606.0285
1921,41,11.1824,34726.6794,108875.9734,1.0,1,0,0,846.9922,2655.5115
1922,41,11.0439,30607.4102,95961.1016,2.0,1,0,0,746.5222,2340.5147
1923,41,10.8304,33771.5653,105881.81,0.0,0,0,0,823.6967,2582.4832
1924,41,10.9404,42615.8344,133610.8969,0.0,0,0,0,1039.4106,3258.8024
1925,41,11.0229,34341.7161,107668.9285,0.0,0,0,0,837.6028,2626.0714
1926,42,11.0938,44470.2146,139424.302,1.0,2,1,0,1058.8146,3319.6262
1927,42,11.5629,50242.9568,157523.8513,2.0,1,0,0,1196.2609,3750.5679
1928,42,11.6525,38639.9102,121145.2164,0.0,0,0,0,919.9979,2884.4099
1929,42,11.7125,31495.5043,98745.4495,0.0,0,0,0,749.893,2351.0821
1930,42,11.4008,24815.7763,77803.1045,0.0,0,0,0,590.8518,1852.4549
1931,42,11.6059,40104.2563,125735.994,0.0,0,0,0,954.8632,2993.7141
1932,43,11.4046,38777.3645,121576.3325,0.0,1,1,0,901.7992,2827.3566
1933,42,11.8789,40284.8782,126302.635,0.0,0,0,1,959.1638,3007.2056
1934,42,11.8117,31188.3632,97782.8551,0.0,0,0,0,742.5801,2328.1632
1935,42,12.1053,41942.8324,131500.3573,0.0,0,0,0,998.6389,3130.9609
1936,42,12.1751,36816.5214,115429.1866,0.0,0,0,0,876.5838,2748.314
1937,42,12.1051,32256.953,101133.3185,0.0,0,0,0,768.0227,2407.9362
1938,42,11.9435,40850.481,128076.1958,0.0,1,1,1,972.6305,3049.4332
1939,42,11.9433,31725.1215,99465.8589,0.0,0,0,0,755.36,2368.2347
1940,42,11.9714,31669.6696,99291.5665,0.0,0,0,0,754.0398,2364.0849
1941,41,12.0873,28159.9059,88287.373,0.0,0,0,1,686.827,2153.3506
1942,41,12.1257,31002.3602,97199.3399,0.0,0,0,0,756.1551,2370.7156
1943,41,12.0552,30938.835,97000.0623,0.0,0,0,0,754.6057,2365.8552
1944,42,11.5389,26777.6715,83954.2006,0.0,1,1,0,637.5636,1998.9095
1945,42,11.573,32032.2837,100428.5126,0.0,0,0,0,762.6734,2391.1551
1946,42,11.5718,31448.5774,98598.4918,0.0,0,0,0,748.7757,2347.5831
1947,42,11.3948,31393.3168,98425.2106,0.0,0,0,0,747.4599,2343.4574
1948,41,11.7175,37495.1053,117555.7126,0.0,0,0,1,914.5148,2867.2125
1949,41,11.6407,37156.7433,116495.6909,0.0,0,0,0,906.262,2841.3583
1950,42,11.4193,35274.7465,110594.788,0.0,1,1,0,839.8749,2633.2092
1951,42,11.2646,27104.2554,84977.6367,0.0,0,0,0,645.3394,2023.2771
1952,42,11.3502,39103.7357,122599.2904,0.0,0,0,0,931.0413,2919.0307
1953,42,11.1982,33112.5521,103815.2185,0.0,0,0,0,788.3941,2471.7909
1954,42,11.0921,32952.2485,103312.7869,0.0,0,0,0,784.5773,2459.8283
1955,42,11.4307,44160.1026,138452.3368,0.0,0,0,0,1051.431,3296.4842
1956,43,11.1346,33910.2141,106316.3469,0.0,1,1,0,788.6096,2472.4732
1957,42,11.1185,29584.0868,92752.8696,0.0,0,0,1,704.383,2208.4017
1958,42,11.3168,38978.1622,122205.6693,0.0,0,0,0,928.0515,2909.6588
1959,42,11.4443,34933.6387,109524.8312,0.0,0,0,0,831.7533,2607.7341
1960,42,11.56,33438.9711,104838.6373,0.0,0,0,0,796.166,2496.158
1961,42,11.503,37378.5907,117190.6398,0.0,0,0,0,889.9664,2790.2533
1962,42,11.2736,36200.7851,113497.9533,0.0,1,1,1,861.9235,2702.3322
1963,42,11.2935,33134.31,103883.4147,0.0,0,0,0,788.9121,2473.4146
1964,42,11.1628,33326.9187,104487.4893,0.0,0,0,0,793.4981,2487.7974
1965,41,10.9503,30575.6973,95861.5644,0.0,0,0,1,745.7487,2338.0869
1966,41,11.0692,34496.2058,108153.4705,0.0,0,0,0,841.3709,2637.8895
1967,41,11.0463,35934.2466,112662.1502,0.0,0,0,0,876.445,2747.8573
1968,42,10.5576,27867.7679,87371.647,0.0,1,1,0,663.5183,2080.2773
1969,42,10.9454,45252.3037,141876.4129,0.0,0,0,0,1077.4358,3378.0098
1970,42,11.0638,37065.6731,116209.501,0.0,0,0,0,882.516,2766.8929
1971,42,11.176,36340.0632,113934.4745,1.0,1,0,0,865.2396,2712.7256
1972,42,11.4961,44725.8085,140226.1864,0.0,0,0,0,1064.9002,3338.7187
1973,42,11.4788,33121.9661,103844.9624,0.0,0,0,0,788.6182,2472.4991
1974,42,11.0717,28684.3665,89931.8153,0.0,1,1,1,682.9611,2141.2337
1975,42,10.9515,26449.0305,82922.9455,0.0,0,0,0,629.7388,1974.3558
1976,42,10.9895,37885.6506,118780.6053,1.0,1,0,0,902.0393,2828.1096
1977,42,10.9922,36285.025,113761.6172,2.0,1,0,0,863.9292,2708.6099
1978,42,10.903,26734.2953,83817.8241,0.0,0,0,0,636.5308,1995.6625
1979,42,10.7357,32638.7056,102329.653,0.0,0,0,0,777.112,2436.4203
1980,43,10.5046,31919.0124,100073.3658,0.0,1,1,0,742.3026,2327.2876
1981,43,10.6299,32859.0079,103019.4798,0.0,0,0,0,764.163,2395.8019
1982,43,10.6049,28712.4136,90019.7054,1.0,1,0,0,667.7305,2093.4815
1983,43,10.7406,37326.6197,117027.3233,2.0,1,0,0,868.0609,2721.5657
1984,43,10.6786,36610.4371,114781.9211,3.0,1,0,0,851.4055,2669.347
1985,43,10.7168,31526.397,98842.2362,4.0,1,0,0,733.172,2298.6567
1986,43,10.5371,38960.9344,122151.4963,5.0,2,1,1,906.0682,2840.7325
1987,43,10.4688,32605.2449,102225.0042,6.0,1,0,0,758.2615,2377.3257
1988,42,10.8631,43247.5169,135590.5802,7.0,1,0,1,1029.7028,3228.3471
1989,42,11.0011,34917.5776,109474.4281,8.0,1,0,0,831.3709,2606.534
1990,42,11.1038,33821.8887,106039.1445,9.0,1,0,0,805.2831,2524.7415
1991,42,11.2177,34607.7045,108502.6597,1.0,1,0,0,823.993,2583.3967
1992,43,10.9811,31919.2794,100073.6189,2.0,2,1,0,742.3088,2327.2935
1993,43,10.9804,31960.3138,100202.63,3.0,1,0,0,743.2631,2330.2937
1994,43,11.1103,40439.7244,126787.5144,4.0,1,0,0,940.4587,2948.5468
1995,42,11.1757,31290.7754,98103.3617,5.0,1,0,1,745.0185,2335.7943
1996,41,11.2984,33663.2027,105541.7833,6.0,1,0,1,821.0537,2574.1898
1997,41,11.0505,29572.0696,92715.1079,7.0,1,0,0,721.27,2261.3441
1998,42,10.9943,41379.9583,129735.5593,9.0,3,1,0,985.2371,3088.9419
1999,42,11.1628,36248.4217,113646.7859,11.0,2,0,0,863.0577,2705.8759
2000,42,11.2152,35559.638,111487.0118,13.0,2,0,0,846.658,2654.4527
2001,41,11.034,32426.2949,101663.6751,15.0,2,0,1,790.8852,2479.6018
2002,41,10.965,32429.852,101674.6098,5.0,1,0,0,790.972,2479.8685
2003,41,11.0876,35896.9488,112544.7084,1.0,1,0,0,875.5353,2744.9929
2004,42,10.8819,34545.786,108308.9373,2.0,2,1,0,822.5187,2578.7842
2005,41,10.697,35390.1593,110956.1675,3.0,1,0,1,863.1746,2706.248
2006,41,10.7765,35406.4555,111007.3176,4.0,1,0,0,863.5721,2707.4956
2007,41,10.5536,26767.014,83920.1077,5.0,1,0,0,652.854,2046.8319
2008,41,10.5089,39557.4766,124021.9511,6.0,1,0,0,964.8165,3024.9256
2009,41,10.5531,39117.9367,122643.9215,7.0,1,0,0,954.096,2991.3152
2010,42,10.3798,41593.3491,130404.4249,9.0,3,1,0,990.3178,3104.8673
2011,42,10.5386,37045.6181,116146.447,11.0,2,0,0,882.0385,2765.3916
2012,42,10.647,42399.8663,132933.2375,3.0,1,0,0,1009.5206,3165.0771
2013,42,10.541,35523.7577,111374.7178,0.0,0,0,0,845.8038,2651.779
2014,41,10.2945,27706.2324,86864.9459,0.0,0,0,1,675.7618,2118.6572
2015,40,10.4724,35457.269,111166.413,1.0,1,0,1,886.4317,2779.1603
2016,41,10.2837,36073.0985,113097.4178,0.0,1,1,0,879.8317,2758.4736
2017,41,10.7216,45159.482,141585.5649,0.0,0,0,0,1101.4508,3453.3065
2018,41,10.9101,38520.2763,120770.2245,0.0,0,0,0,939.5189,2945.6152
2019,41,11.2102,44150.6657,138422.6149,0.0,0,0,0,1076.8455,3376.1613
2020,40,11.3692,36889.3437,115657.1582,0.0,0,0,1,922.2336,2891.429
2021,40,11.7019,45515.4846,142702.5168,0.0,0,0,0,1137.8871,3567.5629
2022,41,11.4558,39779.9191,124719.8067,0.0,1,1,0,970.2419,3041.9465
2023,40,11.7921,38521.9719,120775.4782,0.0,0,0,1,963.0493,3019.387
2024,39,11.9193,39244.3132,123040.3357,0.0,0,0,1,1006.2644,3154.8804
2025,39,11.879,30074.612,94290.4643,0.0,0,0,0,771.1439,2417.7042
2026,39,11.7931,32597.8907,102201.9222,1.0,1,0,0,835.8434,2620.5621
2027,39,11.6454,27909.198,87501.8315,0.0,0,0,0,715.6205,2243.6367
2028,40,10.8775,27365.9259,85797.9493,0.0,1,1,0,684.1481,2144.9487
2029,40,10.6564,37977.7419,119068.6863,0.0,0,0,0,949.4435,2976.7172
2030,40,10.3764,27299.7279,85590.6299,2.0,2,0,0,682.4932,2139.7657
2031,40,10.0459,30253.4483,94851.4033,4.0,2,0,0,756.3362,2371.2851
2032,40,9.8641,31247.289,97966.6283,6.0,2,0,0,781.1822,2449.1657
2033,39,9.4999,27538.2739,86337.643,10.0,4,0,1,706.1096,2213.7857
2034,40,9.351,36332.3591,113909.0343,8.0,4,1,0,908.309,2847.7259
2035,40,9.346,28388.6732,89003.8063,12.0,4,0,0,709.7168,2225.0952
2036,40,9.4916,35918.9611,112613.368,16.0,4,0,0,897.974,2815.3342
2037,40,9.758,32329.9149,101361.115,6.0,2,0,0,808.2479,2534.0279
2038,40,9.8844,38506.2479,120725.3286,6.0,1,0,0,962.6562,3018.1332
2039,40,9.9195,36368.8776,114024.8799,7.0,1,0,0,909.2219,2850.622
2040,41,9.9285,40762.1215,127798.6105,0.0,1,1,0,994.1981,3117.0393
2041,41,10.1816,38194.4211,119748.2657,0.0,0,0,0,931.5712,2920.6894
2042,40,10.4438,34269.3531,107442.1703,0.0,0,0,1,856.7338,2686.0543
2043,40,10.5781,36447.7158,114272.0266,0.0,0,0,0,911.1929,2856.8007
2044,39,10.6315,40233.1092,126140.6617,0.0,0,0,1,1031.6182,3234.3759
2045,39,10.9211,41922.7938,131438.1746,0.0,0,0,0,1074.9434,3370.2096
2046,40,10.8243,44095.3829,138250.1626,0.0,1,1,0,1102.3846,3456.2541
2047,40,11.1593,47146.1482,147814.9161,0.0,0,0,0,1178.6537,3695.3729
2048,40,11.5465,40469.086,126879.9186,0.0,0,0,0,1011.7272,3171.998
2049,40,11.7722,41641.6879,130556.6792,0.0,0,0,0,1041.0422,3263.917
2050,40,11.7407,35347.8403,110824.0324,0.0,0,0,0,883.696,2770.6008
2051,40,11.6043,30394.7945,95294.8016,0.0,0,0,0,759.8699,2382.37
2052,41,11.3264,36929.8425,115783.0537,1.0,2,1,0,900.7279,2823.9769
2053,41,11.4129,28718.0626,90037.6594,0.0,0,0,0,700.4406,2196.0405
2054,40,11.7687,39124.6016,122664.5015,0.0,0,0,1,978.115,3066.6125
2055,40,11.7764,28003.1101,87795.6138,0.0,0,0,0,700.0778,2194.8903
2056,40,11.821,30728.115,96339.7311,0.0,0,0,0,768.2029,2408.4933
2057,40,11.8872,35833.6814,112346.8189,0.0,0,0,0,895.842,2808.6705
2058,41,11.5121,30031.4882,94155.3753,0.0,1,1,0,732.4753,2296.4726
2059,41,11.5729,35686.2508,111884.1689,0.0,0,0,0,870.3964,2728.8822
2060,41,11.3835,28199.0449,88410.9228,0.0,0,0,0,687.7816,2156.364
2061,41,11.4194,33973.1398,106513.8932,0.0,0,0,0,828.6132,2597.8998
2062,39,11.2609,26968.9602,84553.4501,0.0,0,0,2,691.5118,2168.0372
2063,39,10.9878,24394.1696,76480.7332,1.0,1,0,0,625.4915,1961.0444
2064,40,10.3787,27183.6597,85226.3384,2.0,2,1,0,679.5915,2130.6585
2065,39,10.1758,24268.4493,76086.6241,3.0,1,0,1,622.2679,1950.9391
2066,39,10.1771,32481.4147,101836.7639,4.0,1,0,0,832.8568,2611.1991
2067,39,10.0371,30017.2337,94110.4382,6.0,2,0,0,769.6727,2413.0882
2068,39,10.2836,36129.0432,113272.7238,8.0,2,0,0,926.3857,2904.4288
2069,39,9.9279,27511.1167,86253.7433,10.0,2,0,0,705.4132,2211.6344
2070,39,10.1861,42560.1866,133435.6383,12.0,3,1,1,1091.2868,3421.4266
2071,39,10.3944,33333.7038,104508.6198,0.0,0,0,0,854.7104,2679.7082
2072,39,10.5154,33669.4135,105560.9322,0.0,0,0,0,863.3183,2706.6906
2073,39,10.7534,35137.6209,110164.7315,0.0,0,0,0,900.9646,2824.7367
2074,39,10.8309,29937.2227,93859.5053,0.0,0,0,0,767.6211,2406.654
2075,39,10.7393,33617.7096,105399.0547,0.0,0,0,0,861.9926,2702.5399
2076,40,10.3445,34736.1367,108905.5704,1.0,2,1,0,868.4034,2722.6393
2077,40,10.3056,30560.003,95811.9664,2.0,1,0,0,764.0001,2395.2992
2078,40,10.5292,36747.2397,115211.1338,3.0,1,0,0,918.681,2880.2783
2079,40,10.621,34787.6338,109067.1057,4.0,1,0,0,869.6908,2726.6776
2080,40,10.4606,34308.0999,107563.7101,6.0,2,0,0,857.7025,2689.0928
2081,40,10.1221,26362.7781,82652.7361,8.0,2,0,0,659.0695,2066.3184
2082,41,9.9416,32067.1636,100537.2838,8.0,3,1,0,782.1259,2452.1289
2083,41,10.1644,36939.2018,115812.4108,8.0,1,0,0,900.9561,2824.6929
2084,41,10.5084,41168.6983,129073.1898,0.0,0,0,0,1004.1146,3148.1266
2085,41,10.6255,38516.5968,120758.171,0.0,0,0,0,939.4292,2945.3212
2086,41,10.8881,43077.7855,135059.0071,0.0,0,0,0,1050.6777,3294.1221
2087,40,10.6999,29452.8039,92341.7088,0.0,0,0,1,736.3201,2308.5427
2088,41,10.315,35363.4879,110872.6763,0.0,1,1,0,862.5241,2704.2116
2089,41,10.6688,43050.5159,134973.1666,0.0,0,0,0,1050.0126,3292.0285
2090,41,11.0083,43826.2293,137405.6337,0.0,0,0,0,1068.9324,3351.3569
2091,40,11.0907,38021.4034,119206.2394,0.0,0,0,1,950.5351,2980.156
2092,40,11.2716,34952.2035,109583.53,0.0,0,0,0,873.8051,2739.5883
2093,40,11.2875,29506.3069,92508.9997,0.0,0,0,0,737.6577,2312.725
2094,41,10.7569,29042.8044,91055.5452,0.0,1,1,0,708.3611,2220.867
2095,41,10.5871,34887.4085,109379.8712,0.0,0,0,0,850.9124,2667.8017
2096,41,10.459,31451.9527,98608.9875,0.0,0,0,0,767.1208,2405.0973
2097,41,10.4916,28003.3237,87796.3409,0.0,0,0,0,683.0079,2141.3742
2098,41,10.5855,30861.5111,96757.6709,1.0,1,0,0,752.7198,2359.9432
2099,41,10.8216,40180.0263,125973.512,2.0,1,0,0,980.0006,3072.5247
2100,42,10.5246,30266.0904,94890.3879,3.0,2,1,0,720.6212,2259.295
2101,41,10.5573,33867.3649,106181.2349,4.0,1,0,1,826.0333,2589.7862
2102,40,10.097,22792.2077,71458.1343,5.0,1,0,1,569.8052,1786.4534
2103,40,9.9199,27468.4803,86119.2104,6.0,1,0,0,686.712,2152.9803
2104,40,9.9447,33452.0663,104879.3464,7.0,1,0,0,836.3017,2621.9837
2105,40,9.6884,25989.522,81482.7446,8.0,1,0,0,649.738,2037.0686
2106,41,9.4245,32928.1603,103236.8518,9.0,2,1,0,803.1259,2517.972
2107,41,9.7179,35552.0076,111462.9058,11.0,2,0,0,867.1221,2718.6075
2108,40,9.7465,35785.0117,112194.0291,11.0,1,0,1,894.6253,2804.8507
2109,40,10.016,37170.8301,116538.8153,12.0,1,0,0,929.2708,2913.4704
2110,40,10.2318,39261.3524,123093.1936,13.0,1,0,0,981.5338,3077.3298
2111,39,10.4239,35806.2069,112260.6306,14.0,1,0,1,918.1079,2878.4777
2112,40,10.3569,34691.1087,108764.5898,15.0,2,1,0,867.2777,2719.1147
2113,40,10.4886,33659.7247,105530.4976,16.0,1,0,0,841.4931,2638.2624
2114,40,10.5121,32035.5999,100438.5371,17.0,1,0,0,800.89,2510.9634
2115,40,10.4474,33265.731,104295.7086,18.0,1,0,0,831.6433,2607.3927
2116,40,10.6524,34773.4502,109022.3229,19.0,1,0,0,869.3363,2725.5581
2117,40,10.7768,36057.744,113049.1874,21.0,2,0,0,901.4436,2826.2297
2118,41,10.5527,36586.6155,114707.1883,23.0,3,1,0,892.3565,2797.7363
2119,41,10.3479,23925.1297,75010.3635,3.0,1,0,0,583.5397,1829.5211
2120,41,10.4109,37025.6837,116083.4525,4.0,1,0,0,903.0655,2831.3037
2121,41,10.4247,31412.2087,98483.7975,5.0,1,0,0,766.1514,2402.0438
2122,41,10.2534,27041.6009,84781.0139,6.0,1,0,0,659.5512,2067.8296
2123,41,10.4469,38449.2049,120546.8148,7.0,1,0,0,937.7855,2940.1662
2124,42,10.5941,43325.7149,135836.0971,8.0,2,1,0,1031.5646,3234.1928
2125,42,10.585,33182.2301,104033.9303,9.0,1,0,0,790.0531,2476.9983
2126,42,10.5542,41658.7059,130609.6247,10.0,1,0,0,991.8739,3109.753
2127,42,10.2466,31361.0171,98323.9851,11.0,1,0,0,746.6909,2341.0473
2128,41,10.1828,34689.1947,108758.4817,12.0,1,0,1,846.0779,2652.6459
2129,41,10.0148,30159.6441,94557.1846,14.0,2,0,0,735.6011,2306.2728
2130,42,10.1811,46795.1739,146713.3512,17.0,4,1,0,1114.1708,3493.175
2131,42,10.3357,32768.7479,102737.0108,18.0,2,0,0,780.2083,2446.1193
2132,42,10.4659,39483.5648,123789.7529,20.0,2,0,0,940.0849,2947.3751
2133,42,10.5123,31519.0844,98818.8297,22.0,2,0,0,750.4544,2352.8293
2134,42,10.6644,34439.9276,107977.0124,18.0,1,0,0,819.9983,2570.8812
2135,42,10.5908,30298.1918,94991.4241,19.0,1,0,0,721.3855,2261.7006
2136,43,10.4007,35589.6766,111581.0263,20.0,2,1,0,827.6669,2594.9076
2137,43,10.4545,34591.7493,108452.8621,22.0,2,0,0,804.4593,2522.1596
2138,43,10.4515,33054.3671,103632.9003,24.0,2,0,0,768.7062,2410.0674
2139,42,10.7463,35670.5337,111834.8728,3.0,1,0,1,849.2984,2662.7351
2140,42,10.8334,35449.5805,111142.289,4.0,1,0,0,844.0376,2646.245
2141,42,10.7493,31976.6949,100253.845,5.0,1,0,0,761.3499,2386.9963
2142,43,10.2134,22180.8147,69541.0694,6.0,2,1,0,515.8329,1617.2342
2143,43,10.2392,34724.3489,108868.1371,7.0,1,0,0,807.543,2531.8171
2144,43,10.4908,39080.7863,122527.0063,8.0,1,0,0,908.8555,2849.4653
2145,43,10.4154,32196.5616,100943.7753,1.0,1,0,0,748.7572,2347.5297
2146,43,10.6236,37246.9738,116778.0186,2.0,1,0,0,866.2087,2715.7679
2147,42,10.6909,34087.8918,106873.3246,3.0,1,0,1,811.6165,2544.603
2148,43,10.3969,37199.0056,116627.3938,4.0,2,1,0,865.0932,2712.265
2149,43,10.3469,36978.3311,115935.4176,5.0,1,0,0,859.9612,2696.1725
2150,43,10.2271,26319.9401,82518.226,0.0,0,0,0,612.0916,1919.0285
2151,43,10.1159,37493.5695,117550.9335,0.0,0,0,0,871.9435,2733.7426
2152,43,9.9767,35172.7806,110274.5275,1.0,1,0,0,817.9716,2564.5239
2153,43,9.9343,43886.4273,137594.2246,2.0,1,0,0,1020.6146,3199.8657
2154,44,9.496,35994.507,112850.7086,4.0,3,1,0,818.057,2564.7888
2155,44,9.4642,39862.6269,124978.592,4.0,1,0,0,905.9688,2840.4225
2156,44,9.9037,53109.3378,166510.049,5.0,1,0,0,1207.0304,3784.3193
2157,44,10.1681,42603.1928,133571.6988,2.0,2,0,0,968.2544,3035.7204
2158,44,10.3781,47147.0694,147817.0475,4.0,2,0,0,1071.5243,3359.4784
2159,44,10.6367,44790.5842,140429.3055,3.0,1,0,0,1017.9678,3191.5751
2160,45,10.3248,35890.9361,112525.7058,5.0,3,1,0,797.5764,2500.5712
2161,45,10.4612,42237.7763,132424.5791,8.0,3,0,0,938.6173,2942.7684
2162,45,10.6651,44011.4881,137985.9622,11.0,3,0,0,978.0331,3066.3547
2163,44,10.6668,33348.4176,104553.9352,12.0,4,0,1,757.9186,2376.2258
2164,44,10.8283,41399.23,129795.8356,16.0,4,0,0,940.8916,2949.9054
2165,44,10.9358,35966.0827,112761.3098,20.0,4,0,0,817.411,2562.757
2166,45,10.7475,37848.4244,118662.7428,24.0,5,1,0,841.0761,2636.9498
2167,45,10.7695,41529.1215,130202.7682,28.0,4,0,0,922.8694,2893.3948
2168,45,10.4856,28962.3928,90802.9634,32.0,4,0,0,643.6087,2017.8436
2169,45,10.417,41467.2117,130009.3965,36.0,4,0,0,921.4936,2889.0977
2170,45,10.1319,36181.7343,113437.7078,40.0,4,0,0,804.0385,2520.838
2171,44,9.7175,31905.8919,100031.793,44.0,4,0,1,725.1339,2273.4498
2172,45,9.3754,35037.797,109850.4831,49.0,6,1,0,778.6177,2441.1218
2173,45,9.3788,41204.6867,129185.3878,55.0,6,0,0,915.6597,2870.7864
2174,45,9.6488,46447.4058,145622.8462,27.0,3,0,0,1032.1646,3236.0632
2175,45,10.0512,45793.8995,143574.0317,5.0,2,0,0,1017.6422,3190.534
2176,45,10.2661,41013.3758,128586.3216,7.0,2,0,0,911.4084,2857.4738
2177,45,10.741,51417.2564,161205.2946,9.0,2,0,0,1142.6057,3582.3399
2178,46,10.5954,41343.4074,129621.2103,11.0,3,1,0,898.7697,2817.8524
2179,46,10.9806,49110.8216,153973.8394,5.0,1,0,0,1067.6266,3347.2574
2180,46,11.3949,48992.017,153601.641,6.0,1,0,0,1065.0438,3339.1661
2181,46,11.6186,41905.0077,131381.6681,7.0,1,0,0,910.9784,2856.1232
2182,46,11.8442,46128.0423,144622.6787,8.0,1,0,0,1002.7835,3143.9713
2183,46,11.9173,41114.735,128904.4797,0.0,0,0,0,893.7986,2802.2713
2184,47,11.5014,35825.7587,112321.5608,0.0,1,1,0,762.2502,2389.8204
2185,47,11.8162,47229.8953,148076.657,0.0,0,0,0,1004.8914,3150.5672
2186,47,11.94,37652.7144,118050.1056,0.0,0,0,0,801.1216,2511.7044
2187,45,12.0628,43475.1377,136304.3751,0.0,0,0,2,966.1142,3028.9861
2188,45,12.1004,36548.4815,114587.8727,0.0,0,0,0,812.1885,2546.3972
2189,45,12.2099,39818.8357,124841.5102,0.0,0,0,0,884.863,2774.2558
2190,44,12.1337,45112.4483,141438.3765,0.0,1,1,2,1025.2829,3214.5086
2191,44,12.1492,34056.6523,106775.7594,0.0,0,0,0,774.0148,2426.7218
2192,44,11.9221,33399.9478,104716.7383,0.0,0,0,0,759.0897,2379.9259
2193,44,11.3737,29965.5656,93949.2262,0.0,0,0,0,681.0356,2135.2097
2194,44,11.5865,40518.6287,127034.8996,0.0,0,0,0,920.8779,2887.1568
2195,43,11.6506,34803.3128,109116.3843,0.0,0,0,1,809.3794,2537.5903
2196,44,11.5121,44652.852,139997.3717,0.0,1,1,0,1014.8375,3181.7584
2197,44,11.4681,36003.7946,112880.423,0.0,0,0,0,818.2681,2565.4642
2198,44,11.5973,39331.8387,123314.8052,0.0,0,0,0,893.9054,2802.6092
2199,44,11.8315,46925.1761,147121.3034,0.0,0,0,0,1066.4813,3343.666
2200,44,11.961,38904.4282,121974.5001,0.0,0,0,0,884.1916,2772.1477
2201,44,11.8188,26815.8153,84073.5103,0.0,0,0,0,609.4503,1910.7616
2202,45,11.2978,31732.2263,99487.5917,0.0,1,1,0,705.1606,2210.8354
2203,45,11.1602,36429.4704,114214.8599,0.0,0,0,0,809.5438,2538.108
2204,45,11.0921,31908.1261,100038.4951,0.0,0,0,0,709.0695,2223.0777
2205,45,11.1765,37335.703,117055.9131,1.0,1,0,0,829.6823,2601.2425
2206,45,11.2317,38768.0139,121545.9276,2.0,1,0,0,861.5114,2701.0206
2207,45,11.0381,36329.1629,113899.9846,4.0,2,0,0,807.3147,2531.1108
2208,46,10.481,31517.2925,98813.5439,6.0,3,1,0,685.1585,2148.1205
2209,46,10.2645,31138.7018,97626.2618,8.0,2,0,0,676.9283,2122.31
2210,46,10.3162,33505.1126,105045.4413,10.0,2,0,0,728.372,2283.5966
2211,46,10.2194,32164.0806,100841.0555,12.0,2,0,0,699.2191,2192.1969
2212,45,10.2919,38030.8013,119234.6049,15.0,3,0,1,845.1289,2649.6579
2213,45,10.5044,40405.3254,126679.5608,18.0,3,0,0,897.8961,2815.1014
2214,46,10.1091,33852.0162,106132.9593,21.0,4,1,0,735.9134,2307.2382
2215,46,10.1082,34838.7673,109226.7898,15.0,2,0,0,757.3645,2374.4954
2216,46,10.1976,33739.6667,105780.5401,12.0,1,0,0,733.471,2299.577
2217,46,10.3808,39195.9953,122888.0037,13.0,1,0,0,852.0869,2671.4783
2218,46,10.5106,36058.033,113049.4558,14.0,1,0,0,783.8703,2457.5969
2219,46,10.5294,36224.7756,113572.3691,15.0,1,0,0,787.4951,2468.9645
2220,47,10.2065,37551.3994,117731.7485,16.0,2,1,0,798.9659,2504.9308
2221,47,10.3001,38421.1517,120458.9566,17.0,1,0,0,817.4713,2562.9565
2222,47,10.063,28736.5255,90094.9946,18.0,1,0,0,611.4154,1916.9148
2223,47,10.1057,38932.6016,122062.2421,0.0,0,0,0,828.3532,2597.069
2224,45,10.1909,36803.9417,115388.4234,0.0,0,0,2,817.8654,2564.1872
2225,45,10.2682,36703.8655,115074.6108,0.0,0,0,0,815.6415,2557.2136
2226,46,9.8098,28521.8676,89422.182,0.0,1,1,0,620.0406,1943.9605
2227,46,9.9345,41477.1102,130040.0581,1.0,1,0,0,901.6763,2826.9578
2228,46,9.8424,31239.775,97943.2484,2.0,1,0,0,679.1255,2129.2011
2229,45,9.729,34251.2496,107385.2045,4.0,2,0,1,761.1389,2386.3379
2230,45,9.2429,29073.0206,91150.0284,6.0,2,0,0,646.0671,2025.5562
2231,45,9.3278,39578.3926,124086.4548,8.0,2,0,0,879.5198,2757.4768
2232,46,9.3516,41976.4261,131605.4452,10.0,3,1,0,912.531,2860.9879
2233,46,9.3964,40446.2564,126808.4736,12.0,2,0,0,879.2664,2756.7059
2234,45,9.5114,40001.9037,125414.4779,14.0,2,0,1,888.9312,2786.9884
2235,45,9.7101,43312.9901,135796.5123,17.0,3,0,0,962.5109,3017.7003
2236,45,10.0066,51260.1751,160712.374,20.0,3,0,0,1139.115,3571.3861
2237,45,9.6079,30413.338,95351.878,23.0,3,0,0,675.852,2118.9306
2238,46,9.3659,40095.53,125707.993,26.0,4,1,0,871.642,2732.7825
2239,45,9.439,34774.432,109025.1405,19.0,3,0,1,772.7652,2422.7809
2240,45,9.5954,38518.8137,120764.7745,22.0,3,0,0,855.9736,2683.6617
2241,45,9.8237,42048.8488,131832.5258,10.0,2,0,0,934.4189,2929.6117
2242,44,9.9846,40741.1535,127732.8112,12.0,2,0,1,925.9353,2903.0184
2243,44,9.9122,31373.1678,98361.2149,14.0,2,0,0,713.0265,2235.4822
2244,45,9.822,37535.5424,117681.8041,16.0,3,1,0,834.1232,2615.1512
2245,45,9.7055,27131.3549,85062.333,18.0,2,0,0,602.919,1890.2741
2246,45,9.6685,34740.7261,108919.8017,20.0,2,0,0,772.0161,2420.44
2247,45,9.9521,40547.5663,127125.3435,13.0,1,0,0,901.057,2825.0076
2248,45,9.9937,35509.9177,111331.3787,16.0,3,0,0,789.1093,2474.0306
2249,45,10.1797,42213.0974,132347.432,17.0,2,0,0,938.0688,2941.054
2250,46,9.8497,27828.0761,87246.4258,19.0,3,1,0,604.9582,1896.6614
2251,46,9.9246,34434.3578,107959.0491,21.0,2,0,0,748.573,2346.9358
2252,46,10.004,42686.6172,133831.7768,23.0,2,0,0,927.9699,2909.3865
2253,46,9.9919,36933.8784,115795.6025,6.0,1,0,0,802.9104,2517.2957
2254,45,10.0766,31897.4134,100005.2449,7.0,1,0,1,708.8314,2222.3388
2255,45,10.2965,43564.164,136583.7518,0.0,0,0,0,968.0925,3035.1945
2256,45,10.0541,35658.175,111796.0603,1.0,2,1,1,792.4039,2484.3569
2257,44,10.0365,36694.4928,115045.8769,2.0,1,0,1,833.9657,2614.679
2258,44,9.9125,34193.7322,107204.9911,3.0,1,0,0,777.1303,2436.4771
2259,44,10.1262,46549.801,145944.6914,5.0,2,0,0,1057.95,3316.9248
2260,44,10.1716,35929.2128,112646.052,7.0,2,0,0,816.573,2560.1375
2261,44,10.3302,38958.4043,122143.4498,9.0,2,0,0,885.4183,2775.9875
2262,45,9.7487,30666.1945,96144.8537,11.0,3,1,0,681.471,2136.5523
2263,44,9.8214,40359.5769,126535.8217,13.0,2,0,1,917.2631,2875.8141
2264,44,10.0792,38747.5747,121482.1291,15.0,2,0,0,880.6267,2760.9575
2265,44,10.3033,43175.0956,135363.7327,18.0,3,0,0,981.2522,3076.4485
2266,44,10.6742,46725.2538,146493.9905,21.0,3,0,0,1061.9376,3329.4089
2267,44,10.7822,39794.5505,124764.7776,24.0,3,0,0,904.4216,2835.5631
2268,45,10.6107,35930.1522,112648.4168,23.0,3,1,0,798.4478,2503.2982
2269,45,10.6818,32514.7493,101940.2706,25.0,2,0,0,722.55,2265.3393
2270,45,10.6024,35561.1752,111491.8085,27.0,2,0,0,790.2483,2477.5957
2271,44,10.4728,34475.1008,108086.9828,29.0,2,0,1,783.525,2456.5223
2272,44,10.7001,44152.8316,138428.7549,31.0,2,0,0,1003.4734,3146.1081
2273,44,10.6425,34450.3647,108009.1812,19.0,2,0,0,782.9628,2454.7541
2274,45,10.6113,45073.2179,141314.8407,21.0,3,1,0,1001.6271,3140.3298
2275,45,10.6129,31146.491,97650.8604,3.0,1,0,0,692.1442,2170.0191
2276,45,10.5035,39826.4974,124864.9591,4.0,1,0,0,885.0333,2774.7769
2277,45,10.3979,29214.0446,91591.9658,5.0,1,0,0,649.201,2035.377
2278,44,10.616,41929.4634,131457.9092,7.0,2,0,1,952.9423,2987.6798
2279,44,10.8378,38624.9202,121097.7399,9.0,2,0,0,877.8391,2752.2214
2280,45,10.6961,39516.2746,123892.211,11.0,3,1,0,878.1394,2753.1602
2281,45,10.7212,39989.4532,125375.8367,13.0,2,0,0,888.6545,2786.1297
2282,45,10.4493,30917.1008,96931.9116,10.0,1,0,0,687.0467,2154.0425
2283,45,10.6241,45588.7385,142931.4412,11.0,1,0,0,1013.0831,3176.2542
2284,45,10.5519,35493.0727,111278.5579,14.0,3,0,0,788.7349,2472.8568
2285,45,10.894,46898.5445,147037.2293,17.0,3,0,0,1042.1899,3267.494
2286,46,10.6515,36544.0224,114573.3347,20.0,4,1,0,794.4353,2490.7247
2287,46,10.6916,37658.7967,118068.562,19.0,2,0,0,818.6695,2566.7079
2288,46,10.8338,41040.2662,128670.3198,21.0,2,0,0,892.1797,2797.1809
2289,46,10.6242,33103.1244,103785.7278,6.0,1,0,0,719.6331,2256.2115
2290,46,10.8561,44823.8682,140533.0512,7.0,1,0,0,974.4319,3055.0663
2291,46,10.9983,42599.9314,133560.5151,8.0,1,0,0,926.0855,2903.4895
2292,47,10.9898,42599.4578,133559.2187,9.0,2,1,0,906.3714,2841.6855
2293,47,11.0284,41839.1615,131175.5838,10.0,1,0,0,890.1949,2790.9699
2294,47,10.6399,24094.2626,75540.3351,12.0,2,0,0,512.6439,1607.2412
2295,47,10.5095,38854.1112,121816.678,14.0,2,0,0,826.6832,2591.8442
2296,47,10.3456,34252.0068,107387.4329,3.0,1,0,0,728.7661,2284.839
2297,47,10.1503,34868.3444,109320.0194,4.0,1,0,0,741.8797,2325.9579
2298,47,9.9515,35845.6006,112383.3747,6.0,3,1,1,762.6724,2391.1356
2299,46,10.1888,41338.6804,129605.8395,8.0,2,0,1,898.667,2817.5183
2300,46,10.3192,37247.1951,116777.7574,10.0,2,0,0,809.7216,2538.6469
2301,46,10.3402,34508.92,108192.9035,13.0,3,0,0,750.1939,2352.0196
2302,46,10.2986,39922.4303,125165.8329,16.0,3,0,0,867.8789,2720.9964
2303,46,9.9157,31184.0493,97768.8626,19.0,3,0,0,677.9141,2125.4101
2304,46,9.5908,42236.0555,132419.4746,18.0,3,1,1,918.1751,2878.6842
2305,46,9.6905,34456.9937,108029.8981,8.0,1,0,0,749.0651,2348.476
2306,46,9.4381,29096.8096,91224.2226,10.0,2,0,0,632.5393,1983.1353
2307,46,9.6064,46511.5193,145824.0688,12.0,2,0,0,1011.12,3170.0885
2308,46,10.0058,51151.2873,160371.1605,14.0,2,0,0,1111.9845,3486.3296
2309,46,10.2625,47183.3365,147930.7343,4.0,1,0,0,1025.7247,3215.8855
2310,46,10.3923,46018.6494,144279.1922,5.0,2,1,1,1000.4054,3136.5042
2311,46,10.4481,41185.9353,129127.6014,6.0,1,0,0,895.3464,2807.1218
2312,46,10.5513,43054.0043,134984.4237,7.0,1,0,0,935.9566,2934.444
2313,46,10.8706,45484.5165,142604.7512,8.0,1,0,0,988.7938,3100.1033
2314,46,11.1136,44739.1024,140267.8697,9.0,1,0,0,972.5892,3049.3015
2315,45,11.2572,35683.0644,111874.1659,10.0,1,0,1,792.957,2486.0926
2316,46,10.7814,31330.2566,98227.5427,11.0,2,1,0,681.0925,2135.3814
2317,46,10.8238,34285.3489,107491.6131,12.0,1,0,0,745.3337,2336.7742
2318,46,10.8153,33515.0553,105077.1056,13.0,1,0,0,728.5882,2284.2849
2319,45,11.005,36108.6178,113208.252,14.0,1,0,1,802.4137,2515.7389
2320,45,11.0128,32146.792,100787.2463,15.0,1,0,0,714.3732,2239.7166
2321,45,10.9346,34589.4329,108445.2923,16.0,1,0,0,768.6541,2409.8954
2322,46,10.741,39956.0911,125271.0243,17.0,2,1,0,868.6107,2723.2831
2323,46,10.7956,33278.0575,104333.6153,18.0,1,0,0,723.436,2268.1221
2324,45,10.8667,34706.698,108812.7947,19.0,1,0,1,771.26,2418.0621
2325,45,10.9631,33959.4586,106470.4963,20.0,1,0,0,754.6546,2366.011
2326,45,11.1294,40223.0741,126108.1965,21.0,1,0,0,893.8461,2802.4044
2327,45,11.1296,35209.144,110388.4798,22.0,1,0,0,782.4254,2453.0773
2328,46,10.5339,27874.2362,87391.7862,23.0,2,1,0,605.9617,1899.8214
2329,46,10.5347,35079.2931,109981.502,0.0,0,0,0,762.5933,2390.9022
2330,46,10.8361,47161.7417,147863.0934,0.0,0,0,0,1025.2553,3214.4151
2331,46,11.1843,45467.2438,142550.6135,1.0,1,0,0,988.4183,3098.9264
2332,45,11.4568,38645.3975,121162.2214,2.0,1,0,1,858.7866,2692.4938
2333,45,11.6299,39822.7302,124853.3365,3.0,1,0,0,884.9496,2774.5186
2334,46,11.2682,35617.9052,111669.7115,4.0,2,1,0,774.3023,2427.6024
2335,46,11.0652,36786.4953,115333.9675,5.0,1,0,0,799.7064,2507.2602
2336,46,10.9339,37347.3449,117092.2369,6.0,1,0,0,811.8988,2545.4834
2337,46,10.8645,36305.2449,113825.089,2.0,2,0,0,789.2445,2474.4585
2338,46,10.8186,38605.891,121038.0594,4.0,2,0,0,839.2585,2631.2622
2339,46,10.8612,42014.9396,131726.5728,3.0,1,0,0,913.3683,2863.6211
2340,47,10.7267,39956.0562,125271.1945,4.0,2,1,0,850.1289,2665.3446
2341,47,10.7873,35464.0737,111187.717,5.0,1,0,0,754.5548,2365.6961
2342,47,11.0445,50868.2635,159484.2127,6.0,1,0,0,1082.3035,3393.2811
2343,47,11.3233,51061.9911,160091.8547,0.0,0,0,0,1086.4253,3406.2097
2344,47,11.2247,46268.0217,145061.654,0.0,0,0,0,984.426,3086.4182
2345,47,11.5838,55007.22,172461.1922,0.0,0,0,0,1170.3664,3669.3871
2346,48,11.2139,41852.5845,131217.3889,0.0,1,1,0,871.9288,2733.6956
2347,48,11.0026,37148.0983,116468.0089,0.0,0,0,0,773.9187,2426.4169
2348,48,10.8115,34353.9932,107707.2506,0.0,0,0,0,715.7082,2243.9011
2349,47,10.7597,41082.6411,128803.4696,0.0,0,0,1,874.0987,2740.4994
2350,46,10.7476,43586.7086,136654.4849,2.0,2,0,1,947.5371,2970.7497
2351,46,10.8103,44612.1565,139869.2993,4.0,2,0,0,969.8295,3040.6369
2352,46,10.7545,37545.6124,117713.6377,3.0,2,1,1,816.209,2558.9921
2353,46,11.0903,44967.2621,140982.7888,0.0,0,0,0,977.5492,3064.8432
2354,45,11.4128,43382.8068,136014.9474,0.0,0,0,1,964.0624,3022.5544
2355,45,11.8255,50525.8351,158410.8531,0.0,0,0,0,1122.7963,3520.2412
2356,44,12.0601,40346.6339,126496.623,0.0,0,0,1,916.969,2874.9233
2357,44,12.3297,47568.0025,149137.5468,0.0,0,0,0,1081.091,3389.4897
2358,45,11.8667,41632.7969,130529.2505,0.0,1,1,0,925.1733,2900.65
2359,45,11.6235,39385.6673,123483.469,0.0,0,0,0,875.2371,2744.0771
2360,45,11.5351,39253.5264,123069.0034,1.0,1,0,0,872.3006,2734.8667
2361,45,11.428,40851.3472,128078.7423,2.0,1,0,0,907.8077,2846.1943
2362,45,11.1737,32563.9079,102094.9939,5.0,3,0,0,723.6424,2268.7776
2363,45,10.8198,33937.456,106401.1247,9.0,4,0,0,754.1657,2364.4694
2364,46,10.6289,41915.9627,131415.6023,13.0,5,1,0,911.2166,2856.8609
2365,46,10.8299,41349.8873,129640.64,11.0,3,0,0,898.9106,2818.2748
2366,46,10.7493,36634.0638,114855.7601,9.0,2,0,0,796.3927,2496.8643
2367,46,10.9067,42855.452,134361.779,9.0,2,0,0,931.6403,2920.9082
2368,45,10.9568,42021.1636,131745.9832,9.0,1,0,1,933.8036,2927.6885
2369,45,11.1211,40631.9028,127389.9898,11.0,2,0,0,902.9312,2830.8887
2370,45,11.2791,47445.5184,148752.8636,0.0,1,1,1,1054.3449,3305.6192
2371,45,11.3606,40031.6089,125508.4429,0.0,0,0,0,889.5913,2789.0765
2372,45,11.316,37247.0406,116778.0204,0.0,0,0,0,827.712,2595.0671
2373,45,11.5198,45480.7729,142593.0124,0.0,0,0,0,1010.6838,3168.7336
2374,44,11.6371,37069.661,116222.6034,0.0,0,0,1,842.4923,2641.4228
2375,44,11.9801,49577.1714,155436.8824,0.0,0,0,0,1126.7539,3532.6564
2376,45,12.0049,49326.1984,154649.6666,0.0,1,1,0,1096.1377,3436.6593
2377,45,12.2455,45605.0649,142982.7181,0.0,0,0,0,1013.4459,3177.3937
2378,45,12.2399,38873.5937,121877.8869,0.0,0,0,0,863.8576,2708.3975
2379,44,12.0301,36099.3797,113180.2018,0.0,0,0,1,820.4404,2572.2773
2380,43,11.879,40412.3845,126702.7607,0.0,0,0,1,939.8229,2946.5758
2381,43,11.6974,33839.1032,106093.2611,0.0,0,0,0,786.9559,2467.2851
2382,44,11.2208,38032.4705,119240.6397,1.0,2,1,0,864.3743,2710.0145
2383,43,11.2011,32076.0931,100565.7471,2.0,1,0,1,745.9557,2338.7383
2384,43,11.1332,33697.2589,105648.146,4.0,2,0,0,783.6572,2456.9336
2385,43,11.0762,35667.648,111825.5892,4.0,1,0,0,829.4802,2600.5951
2386,43,11.056,33454.8679,104888.227,6.0,2,0,0,778.0202,2439.2611
2387,43,11.0778,37559.9691,117758.6054,8.0,2,0,0,873.4877,2738.5722
2388,44,10.898,38997.7433,122266.916,0.0,1,1,0,886.3123,2778.7935
2389,44,11.471,50067.5601,156973.7258,0.0,0,0,0,1137.8991,3567.5847
2390,44,11.886,47493.0666,148902.3834,0.0,0,0,0,1079.3879,3384.1451
2391,44,11.9489,39335.1451,123325.1043,0.0,0,0,0,893.9806,2802.8433
2392,44,12.3287,50231.4952,157488.6035,0.0,0,0,0,1141.6249,3579.2864
2393,44,12.5167,42239.1829,132430.2582,0.0,0,0,0,959.9814,3009.7786
2394,45,12.105,35965.2966,112759.756,0.0,1,1,0,799.2288,2505.7724
2395,45,12.4025,46559.3624,145974.9977,0.0,0,0,0,1034.6525,3243.8888
2396,45,12.3635,43971.5372,137861.7969,0.0,0,0,0,977.1453,3063.5955
2397,45,12.2262,34228.386,107314.178,0.0,0,0,0,760.6308,2384.7595
2398,45,12.3108,42048.1955,131831.1613,0.0,0,0,0,934.4043,2929.5814
2399,45,12.4116,43962.0144,137831.4914,0.0,0,0,0,976.9337,3062.922
2400,46,12.3268,46313.8098,145205.1916,0.0,1,1,0,1006.822,3156.6346
2401,46,12.3267,41135.6967,128970.1861,0.0,0,0,0,894.2543,2803.6997
2402,46,12.3568,43518.3558,136440.677,0.0,0,0,0,946.0512,2966.1017
2403,46,12.4666,41752.5851,130903.9286,0.0,0,0,0,907.6649,2845.7376
2404,46,12.2957,35643.178,111749.5593,1.0,1,0,0,774.8517,2429.3382
2405,46,12.1323,35688.9734,111893.5113,2.0,1,0,0,775.8472,2432.4676
2406,47,11.8534,41530.4482,130207.778,0.0,1,1,0,883.6266,2770.3783
2407,47,11.7895,33679.9018,105594.1807,0.0,0,0,0,716.5937,2246.6847
2408,47,11.9466,48540.4212,152185.8022,0.0,0,0,0,1032.7749,3237.9958
2409,47,12.0264,42286.5309,132578.3304,0.0,0,0,0,899.7134,2820.8155
2410,47,11.9826,42961.013,134693.1646,0.0,0,0,0,914.0641,2865.812
2411,47,11.7769,39568.4586,124056.1278,0.0,0,0,0,841.8821,2639.4921
2412,47,11.1804,32516.1074,101945.3652,1.0,2,1,1,691.8321,2169.0503
2413,46,11.4611,47182.97,147929.7138,3.0,2,0,1,1025.7167,3215.8633
2414,46,11.2884,41788.3551,131015.9721,6.0,3,0,0,908.4425,2848.1733
2415,46,11.3074,39127.8998,122674.3952,10.0,4,0,0,850.6065,2666.8347
2416,46,11.3312,39036.3266,122387.0008,5.0,1,0,0,848.6158,2660.587
2417,46,11.2539,32930.759,103244.8395,6.0,1,0,0,715.8861,2244.453
2418,47,11.0483,36140.8747,113309.4132,8.0,3,1,0,768.9548,2410.8386
2419,46,11.0804,49715.2417,155868.8206,8.0,1,0,1,1080.7661,3388.4526
2420,45,11.0003,37365.3454,117148.1819,9.0,1,0,1,830.341,2603.2929
2421,45,10.6626,34355.8433,107713.315,10.0,1,0,0,763.4632,2393.6292
2422,45,10.8621,43223.8644,135516.3559,12.0,2,0,0,960.5303,3011.4746
2423,45,11.0493,42138.7015,132114.963,2.0,1,0,0,936.4156,2935.8881
2424,46,11.0424,45450.5431,142497.7187,3.0,2,1,0,988.0553,3097.7765
2425,46,11.191,42314.1535,132664.5469,4.0,1,0,0,919.8729,2884.0119
2426,46,11.3398,46810.1565,146760.7605,5.0,1,0,0,1017.6121,3190.4513
2427,46,11.2095,35267.8623,110572.7636,6.0,1,0,0,766.6927,2403.7557
2428,46,11.1981,41210.0665,129202.971,7.0,1,0,0,895.871,2808.7602
2429,46,11.182,39748.2612,124619.4602,9.0,2,0,0,864.0926,2709.1187
2430,47,10.8118,32790.7426,102806.1155,11.0,3,1,0,697.6754,2187.3642
2431,46,10.9887,39158.3586,122770.0293,3.0,1,0,1,851.2687,2668.9137
2432,46,11.1827,42640.6968,133688.2386,4.0,1,0,0,926.9717,2906.2661
2433,45,11.1986,36365.7602,114015.1399,5.0,1,0,1,808.128,2533.6698
2434,45,11.116,42402.8143,132943.0793,6.0,1,0,0,942.2848,2954.2907
2435,45,11.1799,52082.8674,163292.993,8.0,2,0,0,1157.3971,3628.7332
2436,45,10.5208,33741.5208,105786.9082,2.0,2,1,1,749.8116,2350.8202
2437,45,10.6196,43153.9928,135297.5762,4.0,2,0,0,958.9776,3006.6128
2438,45,10.8251,39731.7943,124568.2164,4.0,1,0,0,882.9288,2768.1826
2439,45,10.9072,36495.1009,114420.8765,5.0,1,0,0,811.0022,2542.6861
2440,45,11.2226,47565.9394,149130.3374,6.0,1,0,0,1057.0209,3314.0075
2441,45,11.3006,41543.746,130249.5221,7.0,1,0,0,923.1944,2894.4338
2442,46,11.2579,44560.9901,139708.8933,8.0,2,1,0,968.7172,3037.1499
2443,46,11.283,33476.7589,104956.6327,9.0,1,0,0,727.7556,2281.6659
2444,46,11.2574,34817.0254,109159.0125,10.0,1,0,0,756.8919,2373.022
2445,45,11.1238,36258.8811,113679.6506,12.0,2,0,1,805.7529,2526.2145
2446,45,11.2178,38740.141,121459.2056,14.0,2,0,0,860.892,2699.0935
2447,45,11.1589,35323.3373,110746.7077,16.0,2,0,0,784.9631,2461.0379
2448,45,11.0911,35576.9661,111541.3982,18.0,3,1,1,790.5992,2478.6977
2449,44,11.2496,29356.9743,92040.603,5.0,1,0,1,667.204,2091.8319
2450,44,11.2702,33149.7852,103932.1306,6.0,1,0,0,753.4042,2362.0939
2451,43,11.3679,33756.2012,105833.2386,7.0,1,0,1,785.0279,2461.2381
2452,43,11.3582,33896.534,106273.2949,8.0,1,0,0,788.2915,2471.472
2453,43,11.1197,26335.2274,82566.6214,9.0,1,0,0,612.4471,1920.154
2454,44,11.1059,44218.4034,138634.3024,11.0,3,1,0,1004.9637,3150.7796
2455,44,11.0971,34639.7338,108603.2155,13.0,2,0,0,787.2667,2468.2549
2456,44,10.8824,31115.9072,97555.0762,15.0,2,0,0,707.1797,2217.1608
2457,44,10.7455,34518.432,108223.0927,4.0,1,0,0,784.5098,2459.6157
2458,44,10.8291,40145.9898,125866.648,5.0,1,0,0,912.4089,2860.6056
2459,44,10.9183,42966.9312,134710.7113,7.0,2,0,0,976.5212,3061.6071
2460,45,10.4236,30447.2787,95458.4481,9.0,3,1,0,676.6062,2121.2988
2461,45,10.4988,42353.1451,132786.7651,8.0,1,0,0,941.181,2950.817
2462,45,10.6945,40630.9478,127386.8477,9.0,1,0,0,902.91,2830.8188
2463,45,10.7796,37920.4221,118889.0846,10.0,1,0,0,842.676,2641.9797
2464,45,10.8697,36856.5773,115553.184,12.0,2,0,0,819.0351,2567.8485
2465,45,10.8378,38320.0562,120142.0637,2.0,1,0,0,851.5568,2669.8236
2466,46,10.7786,42744.7824,134014.5499,3.0,2,1,0,929.2344,2913.3598
2467,46,10.9898,47121.0767,147735.4933,4.0,1,0,0,1024.3712,3211.6412
2468,46,11.1071,42437.0442,133050.2592,5.0,1,0,0,922.5444,2892.3969
2469,46,11.0987,45326.2868,142109.0832,6.0,1,0,0,985.3541,3089.3279
2470,46,10.8718,37293.1184,116922.5192,7.0,1,0,0,810.72,2541.7939
2471,45,10.7351,33169.6483,103994.1738,9.0,2,0,1,737.1033,2310.9816
2472,46,10.4688,44087.3438,138223.824,12.0,4,1,0,958.4205,3004.8657
2473,46,10.2076,34210.297,107256.3955,13.0,3,0,0,743.7021,2331.6608
2474,46,10.2353,39681.7013,124410.7409,16.0,3,0,0,862.6457,2704.5813
2475,46,10.2917,38840.3127,121772.8057,19.0,3,0,0,844.3546,2647.2349
2476,45,10.5231,46887.1264,147001.9349,23.0,4,0,1,1041.9361,3266.7097
2477,44,10.8972,49470.7337,155101.7481,28.0,5,0,1,1124.3349,3525.0397
2478,44,10.4841,38451.3517,120553.4901,33.0,6,1,1,873.8944,2739.852
2479,44,10.5032,40803.5049,127928.2741,15.0,3,0,0,927.3524,2907.4608
2480,44,10.4802,39145.6374,122730.746,9.0,1,0,0,889.6736,2789.3351
2481,44,10.396,39104.1027,122600.163,10.0,1,0,0,888.7296,2786.3673
2482,44,10.1959,33463.6915,104916.6081,0.0,0,0,0,760.5384,2384.4684
2483,44,10.1669,40257.5018,126215.9282,0.0,0,0,0,914.9432,2868.5438
2484,45,10.3179,49074.7249,153860.517,2.0,3,1,0,1090.5494,3419.1226
2485,44,10.6527,41283.1633,129432.0055,4.0,2,0,1,938.2537,2941.6365
2486,43,10.8114,44893.3926,140751.7315,6.0,2,0,1,1044.0324,3273.2961
2487,43,10.9687,41118.593,128916.7864,8.0,2,0,0,956.2463,2998.0648
2488,43,11.2715,45968.8133,144122.6928,10.0,2,0,0,1069.0422,3351.6905
2489,43,11.388,36984.6739,115955.6301,12.0,2,0,0,860.1087,2696.6426
2490,44,10.8154,33247.2198,104237.0351,14.0,3,1,0,755.6186,2369.0235
2491,44,10.5402,31663.1488,99270.6703,8.0,1,0,0,719.617,2256.1516
2492,42,10.861,45906.2457,143926.5455,1.0,1,0,2,1093.0059,3426.8225
2493,42,10.6608,31002.3307,97198.6577,2.0,1,0,0,738.1507,2314.2538
2494,42,10.9662,42093.3323,131971.9532,5.0,3,0,0,1002.2222,3142.1894
2495,42,11.1255,39918.6555,125153.8984,8.0,3,0,0,950.4442,2979.8547
2496,43,10.9447,40890.7553,128201.6805,11.0,4,1,0,950.9478,2981.4344
2497,43,10.9177,38007.7179,119163.0085,10.0,2,0,0,883.9004,2771.2328
2498,43,10.8526,35039.5321,109856.7729,12.0,2,0,0,814.8728,2554.8087
2499,43,11.1022,39501.504,123846.3204,8.0,1,0,0,918.6396,2880.147
2500,43,11.3452,48349.4629,151587.2674,9.0,1,0,0,1124.4061,3525.2853
2501,43,11.8716,50079.8677,157012.2845,10.0,1,0,0,1164.6481,3651.4485
2502,44,11.8943,42269.8214,132525.4986,11.0,2,1,0,960.6778,3011.9432
2503,44,12.0457,38945.8735,122104.5224,12.0,1,0,0,885.1335,2775.1028
2504,44,12.2933,51505.6011,161482.9321,0.0,0,0,0,1170.5818,3670.0666
2505,44,12.4684,44314.6512,138937.4203,0.0,0,0,0,1007.1512,3157.6686
2506,44,12.4275,37648.9364,118038.7502,0.0,0,0,0,855.6576,2682.6989
2507,43,12.2348,33257.0416,104268.8845,0.0,0,0,1,773.4196,2424.8578
2508,44,11.9753,41392.1631,129774.7605,0.0,1,1,0,940.731,2949.4264
2509,43,11.9969,36416.2896,114173.3585,0.0,0,0,1,846.8905,2655.1944
2510,43,12.0153,39122.5373,122658.5752,0.0,0,0,0,909.8264,2852.525
2511,43,12.3565,46712.4307,146454.771,0.0,0,0,0,1086.3356,3405.9249
2512,43,12.4258,32880.4376,103087.7347,0.0,0,0,0,764.6613,2397.3892
2513,42,12.9511,47386.5663,148568.3855,0.0,0,0,1,1128.2516,3537.3425
2514,42,12.7148,33222.8343,104161.4002,0.0,1,1,1,791.0199,2480.0333
2515,42,12.5215,33566.6304,105239.077,0.0,0,0,0,799.2055,2505.6923
2516,42,12.0966,29115.3326,91283.0024,0.0,0,0,0,693.2222,2173.4048
2517,42,11.7963,31903.0424,100023.1541,0.0,0,0,0,759.5962,2381.5037
2518,42,11.6539,34123.1881,106983.9999,1.0,1,0,0,812.4569,2547.2381
2519,42,11.7179,38928.5412,122049.5956,2.0,1,0,0,926.87,2905.9428
2520,43,11.2797,33693.2416,105635.4443,3.0,2,1,0,783.5638,2456.6382
2521,43,11.0149,31138.129,97624.75,5.0,2,0,0,724.1425,2270.343
2522,43,10.876,33422.8454,104788.1088,8.0,3,0,0,777.2755,2436.9328
2523,43,10.7942,41847.7545,131202.0886,11.0,3,0,0,973.2036,3051.2114
2524,43,10.9564,37487.0645,117530.1692,11.0,2,0,0,871.7922,2733.2597
2525,43,11.2833,41907.364,131389.0466,5.0,1,0,0,974.5899,3055.5592
2526,44,11.2456,44515.2474,139565.8836,6.0,2,1,0,1011.7102,3171.9519
2527,44,11.1801,36216.4272,113546.7539,7.0,1,0,0,823.1006,2580.608
2528,44,11.5485,46779.7323,146665.6466,8.0,1,0,0,1063.1757,3333.3101
2529,44,11.7841,41940.0119,131491.224,9.0,1,0,0,953.1821,2988.4369
2530,44,12.0283,46255.2104,145021.2415,10.0,1,0,0,1051.2548,3295.9373
2531,44,12.1948,36983.9244,115953.1907,11.0,1,0,0,840.5437,2635.2998
2532,45,12.1523,47885.6542,150133.1485,12.0,2,1,0,1064.1256,3336.2922
2533,45,12.1888,36250.4304,113653.4205,13.0,1,0,0,805.5651,2525.6316
2534,45,12.2723,38491.8213,120680.6697,14.0,1,0,0,855.3738,2681.7927
2535,45,12.459,41048.8185,128697.717,15.0,1,0,0,912.196,2859.9493
2536,45,12.4241,36699.2809,115060.965,16.0,1,0,0,815.5396,2556.9103
2537,45,12.259,30365.4412,95202.5576,0.0,0,0,0,674.7876,2115.6124
2538,46,11.8392,34996.3841,109721.6139,0.0,1,1,0,760.791,2385.2525
2539,45,11.9916,37586.7374,117843.0677,0.0,0,0,1,835.2608,2618.7348
2540,45,11.8703,31825.0971,99778.8899,0.0,0,0,0,707.2244,2217.3087
2541,45,11.9146,42208.5866,132333.6417,0.0,0,0,0,937.9686,2940.7476
2542,45,11.4793,27433.5143,86010.1869,0.0,0,0,0,609.6337,1911.3375
2543,45,11.2795,37452.6358,117422.6161,1.0,1,0,0,832.2808,2609.3915
2544,46,10.7028,30830.0246,96658.6673,0.0,1,1,0,670.2179,2101.2754
2545,44,10.6986,37318.2741,117001.0995,0.0,0,0,2,848.1426,2659.1159
2546,43,10.7299,32605.7952,102226.4443,0.0,0,0,1,758.2743,2377.3592
2547,43,10.705,33264.6245,104291.7312,0.0,0,0,0,773.5959,2425.3891
2548,43,10.9973,39834.0131,124888.8317,0.0,0,0,0,926.3724,2904.3914
2549,43,11.501,50357.5352,157883.0386,0.0,0,0,0,1171.1055,3671.6986
2550,44,11.3116,40466.2713,126871.0779,0.0,1,1,0,919.688,2883.4336
2551,44,11.3067,35979.4938,112804.0725,1.0,1,0,0,817.7158,2563.7289
2552,44,11.5844,44567.1876,139728.8823,2.0,1,0,0,1012.8906,3175.6564
2553,44,11.4356,38126.4302,119535.6397,3.0,1,0,0,866.5098,2716.7191
2554,44,11.384,34838.4383,109226.4172,4.0,1,0,0,791.7827,2482.4186
2555,44,11.5271,43012.9022,134855.7852,5.0,1,0,0,977.566,3064.9042
2556,44,11.399,38403.8824,120404.9531,6.0,2,1,1,872.8155,2736.4762
2557,44,11.4441,38416.8165,120445.5976,7.0,1,0,0,873.1095,2737.3999
2558,44,11.0527,28230.9069,88510.1654,8.0,1,0,0,641.6115,2011.5947
2559,44,10.6823,26200.5988,82144.3554,0.0,0,0,0,595.4682,1866.9172
2560,44,10.6525,32624.3669,102284.1224,0.0,0,0,0,741.4629,2324.6391
2561,44,10.6784,42070.1878,131900.0628,0.0,0,0,0,956.1406,2997.7287
2562,45,10.2788,35751.8535,112089.8506,0.0,1,1,0,794.4856,2490.8856
2563,44,10.5307,39530.8205,123938.2011,0.0,0,0,1,898.4277,2816.7773
2564,44,10.7573,43745.4554,137152.5964,0.0,0,0,0,994.2149,3117.1045
2565,44,10.9178,46698.9497,146412.7783,0.0,0,0,0,1061.3398,3327.5631
2566,44,10.8458,36273.7536,113726.8586,1.0,1,0,0,824.4035,2584.7013
2567,43,11.2569,37383.4845,117205.4786,2.0,1,0,1,869.3834,2725.7088
2568,44,11.2139,40333.0702,126453.162,3.0,2,1,0,916.6607,2873.9355
2569,44,11.1676,34414.7742,107898.1882,4.0,1,0,0,782.154,2452.2315
2570,44,11.1286,42089.2417,131960.0266,5.0,1,0,0,956.5737,2999.0915
2571,44,10.7951,27975.2198,87708.4358,6.0,1,0,0,635.8005,1993.3735
2572,44,11.1342,45834.1064,143700.9355,7.0,1,0,0,1041.6842,3265.9304
2573,44,11.3883,42156.1435,132169.6665,8.0,1,0,0,958.0942,3003.8561
2574,45,11.0893,30930.9831,96975.3393,9.0,2,1,0,687.3552,2155.0075
2575,45,11.3232,40275.9918,126274.1162,10.0,1,0,0,895.022,2806.0915
2576,45,11.4381,41498.9,130109.0587,11.0,1,0,0,922.1978,2891.3124
2577,45,11.6422,41643.0601,130560.4934,12.0,1,0,0,925.4013,2901.3443
2578,45,11.7955,42569.0208,133463.9167,13.0,1,0,0,945.9782,2965.8648
2579,45,11.8507,34008.9048,106625.9215,0.0,0,0,0,755.7534,2369.4649
2580,45,11.5882,35368.4974,110888.0438,0.0,1,1,1,785.9666,2464.1788
2581,45,11.4001,38659.4063,121206.25,0.0,0,0,0,859.0979,2693.4722
2582,45,11.1531,31986.6837,100285.444,0.0,0,0,0,710.8152,2228.5654
2583,45,11.085,37612.0603,117922.4249,0.0,0,0,0,835.8236,2620.4983
2584,44,10.8622,33757.7043,105837.8111,0.0,0,0,1,767.2206,2405.4048
2585,44,11.1383,41841.8024,131183.7186,0.0,0,0,0,950.9501,2981.4481
2586,45,10.8219,38287.2642,120039.2389,1.0,2,1,0,850.8281,2667.5386
2587,45,10.7727,36174.2973,113414.2793,2.0,1,0,0,803.8733,2520.3173
2588,45,10.9567,44881.9616,140715.7264,3.0,1,0,0,997.3769,3127.0161
2589,45,10.7573,35778.5338,112173.6852,5.0,2,0,0,795.0785,2492.7486
2590,44,10.6167,34496.1892,108153.0305,7.0,2,0,1,784.0043,2458.0234
2591,44,10.485,33570.0029,105249.3308,7.0,2,0,0,762.9546,2392.0302
2592,45,9.6831,30050.5578,94214.6046,11.0,5,1,0,667.7902,2093.6579
2593,45,9.3853,35317.2119,110727.0392,7.0,3,0,0,784.8269,2460.6009
2594,45,9.2853,33164.7146,103978.128,10.0,3,0,0,736.9937,2310.6251
2595,45,9.4431,38562.3062,120901.1271,7.0,3,0,0,856.9401,2686.6917
2596,45,9.7395,42467.8437,133145.7067,6.0,1,0,0,943.7299,2958.7935
2597,45,10.1151,46642.6389,146235.4318,8.0,2,0,0,1036.5031,3249.6763
2598,45,10.0101,46493.8534,145769.0736,10.0,3,1,1,1033.1967,3239.3127
2599,45,10.0653,42378.9379,132867.5076,12.0,2,0,0,941.7542,2952.6113
2600,45,10.1894,43009.745,134845.5275,14.0,2,0,0,955.7721,2996.5673
2601,45,10.3093,42560.1199,133435.2355,5.0,1,0,0,945.7804,2965.2275
2602,45,10.6084,44244.9817,138717.9529,6.0,1,0,0,983.2218,3082.6212
2603,44,11.1921,52088.4866,163309.7459,7.0,1,0,1,1183.8292,3711.5851
2604,43,11.2685,28803.2679,90304.6666,8.0,1,0,1,669.8434,2100.1085
2605,44,10.9146,36218.5811,113553.4359,9.0,2,1,0,823.1496,2580.7599
2606,44,10.7735,36323.3556,113882.0148,10.0,1,0,0,825.5308,2588.2276
2607,44,10.4724,32265.4222,101159.1911,12.0,2,0,0,733.3051,2299.0725
2608,44,10.1467,29931.3574,93841.4101,14.0,2,0,0,680.2581,2132.7593
2609,43,10.1292,38149.2399,119606.6028,17.0,3,0,1,887.1916,2781.5489
2610,44,9.6997,30892.1325,96852.9947,20.0,4,1,0,702.0939,2201.2044
2611,44,9.7306,40934.4876,128338.274,20.0,4,0,0,930.3293,2916.779
2612,44,9.8292,33934.832,106392.7311,18.0,2,0,0,771.2462,2418.0166
2613,44,9.9089,30727.288,96336.3614,17.0,1,0,0,698.3475,2189.4628
2614,44,10.3829,47327.4127,148382.2088,18.0,1,0,0,1075.623,3372.3229
2615,43,10.907,49323.0617,154640.1366,0.0,0,0,1,1147.0479,3596.2822
2616,44,10.9929,48610.8895,152407.1016,0.0,1,1,0,1104.7929,3463.7978
2617,44,11.2468,46087.1061,144494.7284,0.0,0,0,0,1047.4342,3283.9711
2618,44,11.8357,59011.1204,185015.0029,0.0,0,0,0,1341.1618,4204.8864
2619,44,11.9217,45195.3016,141698.6449,0.0,0,0,0,1027.1659,3220.4237
2620,44,11.8648,38949.9836,122117.4689,0.0,0,0,0,885.2269,2775.397
2621,44,11.9652,40541.5993,127107.7119,1.0,1,0,0,921.4,2888.8116
2622,45,11.6615,36703.058,115072.1221,2.0,2,1,0,815.6235,2557.1583
2623,45,11.707,36530.1576,114530.5613,0.0,0,0,0,811.7813,2545.1236
2624,45,11.964,41941.6441,131496.5494,0.0,0,0,0,932.0365,2922.1455
2625,43,12.0887,38104.5855,119467.0361,0.0,0,0,2,886.1532,2778.3032
2626,42,12.1509,37018.0121,116060.06,0.0,0,0,1,881.3812,2763.3348
2627,42,12.4309,47937.8437,150297.203,1.0,1,0,0,1141.3772,3578.5048
2628,43,12.3554,39912.205,125134.1364,2.0,2,1,0,928.1908,2910.0962
2629,43,12.4317,41682.0426,130683.1891,3.0,1,0,0,969.3498,3039.1439
2630,43,12.3251,35610.5088,111647.2555,4.0,1,0,0,828.1514,2596.4478
2631,43,12.4096,35618.6554,111672.6834,5.0,1,0,0,828.3408,2597.0391
2632,43,12.6128,38730.0036,121427.6563,6.0,1,0,0,900.6978,2823.899
2633,43,12.6732,35227.0726,110444.8731,7.0,1,0,0,819.2342,2568.4854
2634,44,12.3506,40168.7,125938.2567,8.0,2,1,0,912.925,2862.2331
2635,44,12.4748,38102.8938,119461.3594,9.0,1,0,0,865.9749,2715.0309
2636,44,12.5816,41522.708,130183.5362,0.0,0,0,0,943.6979,2958.7167
2637,44,12.6346,36183.9604,113445.0708,0.0,0,0,0,822.3627,2578.2971
2638,44,12.8173,45152.6154,141564.4246,0.0,0,0,0,1026.1958,3217.3733
2639,44,12.9269,39880.0192,125033.3163,0.0,0,0,0,906.3641,2841.6663
2640,45,12.4603,34899.6505,109418.3682,1.0,2,1,0,775.5478,2431.5193
2641,45,12.5729,42750.3785,134032.4871,0.0,0,0,0,950.0084,2978.4997
2642,44,12.5388,36103.3797,113192.4674,0.0,0,0,1,820.5314,2572.5561
2643,44,12.4947,33492.4661,105006.7136,0.0,0,0,0,761.1924,2386.5162
2644,44,12.2241,40980.5127,128483.7706,0.0,0,0,0,931.3753,2920.0857
2645,44,11.906,35747.9936,112078.6464,0.0,0,0,0,812.4544,2547.242
2646,45,11.3704,33117.3506,103830.1678,0.0,1,1,0,735.9411,2307.3371
2647,45,11.024,27013.174,84692.2874,0.0,0,0,0,600.2928,1882.0508
2648,45,10.9625,34488.3411,108128.68,0.0,0,0,0,766.4076,2402.8596
2649,45,11.0368,40363.1796,126548.081,0.0,0,0,0,896.9595,2812.1796
2650,45,10.8897,33811.4011,106006.2933,1.0,1,0,0,751.3645,2355.6954
2651,45,11.2545,52653.7529,165081.7634,2.0,1,0,0,1170.0834,3668.4836
2652,46,11.1774,42872.2674,134414.4229,4.0,3,1,0,932.0058,2922.0527
2653,46,11.0303,29408.4988,92202.32,6.0,2,0,0,639.3152,2004.3983
2654,46,11.047,42048.59,131831.8141,8.0,2,0,0,914.0998,2865.909
2655,46,11.1442,44896.4628,140760.9678,10.0,2,0,0,976.0101,3060.021
2656,46,10.9753,29734.8894,93225.5442,12.0,2,0,0,646.4106,2026.6423
2657,46,10.8535,30129.8599,94463.1329,0.0,0,0,0,654.997,2053.5464
2658,47,10.966,52104.6384,163359.9422,0.0,1,1,0,1108.6093,3475.7435
2659,47,11.2482,45059.0205,141270.6266,1.0,1,0,0,958.7026,3005.758
2660,47,11.4763,40751.9977,127766.5754,2.0,1,0,0,867.0638,2718.4378
2661,46,11.6571,39783.4044,124729.8801,3.0,1,0,1,864.8566,2711.5191
2662,46,11.6664,37340.3749,117070.6543,4.0,1,0,0,811.7473,2545.0142
2663,44,11.862,40113.7326,125765.8532,5.0,1,0,2,911.6757,2858.3148
2664,45,11.5974,35200.1979,110360.2137,6.0,2,1,0,782.2266,2452.4492
2665,45,11.3946,26491.0949,83055.5623,7.0,1,0,0,588.691,1845.6792
2666,45,11.4379,38164.2221,119653.7967,8.0,1,0,0,848.0938,2658.9733
2667,45,11.4833,38683.2481,121280.9966,9.0,1,0,0,859.6277,2695.1333
2668,45,11.681,43729.3498,137101.7755,10.0,1,0,0,971.7633,3046.7061
2669,45,11.3642,26894.4473,84319.5863,12.0,2,0,0,597.6544,1873.7686
2670,46,10.7246,32648.9941,102361.0734,14.0,3,1,0,709.7607,2225.2407
2671,46,10.7034,35454.5297,111157.3593,13.0,1,0,0,770.7506,2416.4643
2672,46,10.7297,34827.2297,109190.6991,14.0,1,0,0,757.1137,2373.7108
2673,45,11.0799,41770.429,130959.8377,15.0,1,0,1,928.2318,2910.2186
2674,45,11.0862,37042.3331,116135.7935,16.0,1,0,0,823.163,2580.7954
2675,44,11.0837,36312.1776,113846.7184,17.0,1,0,1,825.2768,2587.4254
2676,45,10.6125,32856.1936,103011.0748,18.0,2,1,0,730.1376,2289.135
2677,45,10.5744,34022.4919,106667.7494,20.0,2,0,0,756.0554,2370.3944
2678,45,10.6878,36973.1609,115919.0118,22.0,2,0,0,821.6258,2575.978
2679,45,10.8286,42671.8332,133786.2619,24.0,2,0,0,948.263,2973.028
2680,45,10.7751,42083.6535,131942.4369,26.0,2,0,0,935.1923,2932.0542
2681,45,10.5752,37448.6879,117410.2115,28.0,2,0,0,832.1931,2609.1158
2682,46,10.2166,40665.1906,127494.1503,30.0,3,1,0,884.0259,2771.612
2683,46,10.03,32615.9993,102257.6871,7.0,1,0,0,709.0435,2222.9932
2684,46,10.1452,33625.6852,105423.8257,0.0,0,0,0,730.9932,2291.8223
2685,46,10.271,37234.985,116739.6258,0.0,0,0,0,809.4562,2537.818
2686,46,10.3498,38704.469,121347.0039,0.0,0,0,0,841.4015,2637.9783
2687,46,10.4478,42059.9766,131868.0089,0.0,0,0,0,914.3473,2866.6958
2688,47,10.5259,49698.8015,155817.3878,0.0,1,1,0,1057.4213,3315.2636
2689,47,10.247,31753.3091,99553.4415,1.0,1,0,0,675.6023,2118.1583
2690,47,10.2628,38219.7386,119827.4088,2.0,1,0,0,813.1859,2549.5193
2691,47,10.4828,43876.3427,137562.0317,1.0,1,0,0,933.5392,2926.8517
2692,47,10.7711,47689.5854,149517.863,0.0,0,0,0,1014.672,3181.2311
2693,47,10.8843,41161.2799,129050.4152,0.0,0,0,0,875.7719,2745.7535
2694,48,10.7528,46041.9942,144351.9422,0.0,1,1,0,959.2082,3007.3321
2695,48,10.7138,39100.3918,122588.9515,1.0,1,0,0,814.5915,2553.9365
2696,46,10.5781,38318.0181,120135.6739,2.0,1,0,2,833.0004,2611.6451
2697,46,10.5485,35783.6599,112189.8123,0.0,0,0,0,777.9056,2438.909
2698,46,10.6039,40934.9033,128340.1158,0.0,0,0,0,889.8892,2790.0025
2699,45,10.602,33800.8655,105972.9753,1.0,1,0,1,751.1303,2354.955
2700,46,10.5285,36814.2749,115420.4221,3.0,3,1,0,800.3103,2509.1396
2701,46,10.6834,41263.3565,129370.0005,5.0,2,0,0,897.0295,2812.3913
2702,46,10.948,42248.3528,132458.409,7.0,2,0,0,918.4425,2879.5306
2703,46,11.0329,35046.101,109877.0156,9.0,2,0,0,761.8718,2388.6308
2704,46,10.9652,37438.9023,117379.2779,11.0,2,0,0,813.8892,2551.7234
2705,46,11.02,38615.1911,121067.1512,13.0,2,0,0,839.4607,2631.8946
2706,47,10.8743,35315.2003,110720.427,8.0,2,1,0,751.3872,2355.7538
2707,46,10.9691,41021.1318,128610.3403,9.0,1,0,1,891.7637,2795.877
2708,45,10.7014,26090.0518,81797.9974,10.0,1,0,1,579.7789,1817.7333
2709,45,10.7001,34172.4018,107137.5394,11.0,1,0,0,759.3867,2380.8342
2710,45,10.7548,33839.7028,106094.9837,12.0,1,0,0,751.9934,2357.6663
2711,45,10.7194,32741.7175,102652.2944,13.0,1,0,0,727.5937,2281.1621
2712,46,10.5247,39964.014,125296.2342,14.0,2,1,0,868.7829,2723.8312
2713,46,10.6478,42124.3139,132069.2338,15.0,1,0,0,915.746,2871.0703
2714,46,10.6189,37640.2078,118010.7687,0.0,0,0,0,818.2654,2565.4515
2715,46,10.5594,35258.8991,110544.5225,0.0,0,0,0,766.4978,2403.1418
2716,45,10.5788,33654.0914,105512.6882,1.0,1,0,1,747.8687,2344.7264
2717,45,10.7853,46720.4663,146479.5008,0.0,0,0,0,1038.2326,3255.1
2718,45,10.5211,31715.8052,99436.1689,0.0,1,1,1,704.7957,2209.6926
2719,44,10.3189,30112.3681,94408.599,1.0,1,0,1,684.372,2145.65
2720,44,10.6139,45407.3309,142362.2731,3.0,2,0,0,1031.9848,3235.5062
2721,44,10.8952,41457.0463,129977.3126,5.0,2,0,0,942.2056,2954.0298
2722,44,10.8855,40952.8812,128396.748,7.0,2,0,0,930.7473,2918.1079
2723,44,10.807,36261.8687,113689.1479,9.0,2,0,0,824.1334,2583.8443
2724,45,10.6024,37869.111,118727.7198,11.0,3,1,0,841.5358,2638.3938
2725,45,10.6171,36692.348,115038.644,13.0,2,0,0,815.3855,2556.4143
2726,45,10.3203,24640.4534,77252.937,7.0,1,0,0,547.5656,1716.7319
2727,45,10.2613,31707.7787,99410.8683,0.0,0,0,0,704.6173,2209.1304
2728,45,10.4471,41972.8245,131594.3915,0.0,0,0,0,932.7294,2924.3198
2729,45,10.5338,37102.5739,116324.8615,0.0,0,0,0,824.5016,2584.9969
2730,46,10.3258,38552.8812,120871.7986,0.0,1,1,0,838.1061,2627.6478
2731,46,10.3347,36739.8832,115187.9989,0.0,0,0,0,798.6931,2504.0869
2732,46,10.3817,36596.1965,114737.8504,0.0,0,0,0,795.5695,2494.3011
2733,46,10.5379,43494.3188,136364.51,0.0,0,0,0,945.5287,2964.4459
2734,46,10.2667,27971.2612,87695.8626,0.0,0,0,0,608.0709,1906.4318
2735,45,10.3802,48205.4099,151135.4961,0.0,0,0,1,1071.2313,3358.5666
2736,46,10.3331,41746.5197,130885.016,0.0,1,1,0,907.533,2845.3264
2737,46,10.1875,31862.7911,99896.8146,0.0,0,0,0,692.6694,2171.6699
2738,46,10.126,41015.5804,128593.4012,0.0,0,0,0,891.6431,2795.5087
2739,46,10.206,42789.4656,134154.7696,0.0,0,0,0,930.2058,2916.408
2740,46,10.4091,38578.297,120951.3776,0.0,0,0,0,838.6586,2629.3778
2741,45,10.6005,35893.3775,112533.1181,1.0,1,0,1,797.6306,2500.736
2742,46,10.5093,38459.0719,120577.6784,2.0,2,1,0,836.0668,2621.2539
2743,46,10.4949,35301.0816,110676.5645,3.0,1,0,0,767.4148,2406.0123
2744,45,10.6522,38212.5309,119805.1128,5.0,2,0,1,849.1674,2662.3358
2745,44,10.8739,44834.665,140567.3013,7.0,2,0,1,1018.9697,3194.7114
2746,44,11.0159,37593.708,117864.5441,9.0,2,0,0,854.4025,2678.7396
2747,44,10.938,29567.0644,92698.9214,11.0,2,0,0,671.9787,2106.7937
2748,45,10.7158,34675.5109,108715.0919,13.0,3,1,0,770.5669,2415.8909
2749,45,10.6312,32583.1127,102154.5893,15.0,2,0,0,724.0692,2270.102
2750,45,10.7561,42932.4618,134602.833,17.0,2,0,0,954.0547,2991.1741
2751,45,10.6256,30959.8545,97065.8308,19.0,2,0,0,687.9968,2157.0185
2752,45,10.5586,32738.7355,102642.9026,21.0,2,0,0,727.5275,2280.9534
2753,44,10.3971,30124.8402,94448.1761,23.0,2,0,1,684.6555,2146.5495
2754,44,10.1597,41098.6911,128853.4138,25.0,3,1,1,934.0612,2928.4867
2755,43,10.2998,34722.1778,108861.4656,28.0,3,0,1,807.4925,2531.662
2756,43,10.4169,41043.9363,128682.152,0.0,0,0,0,954.5101,2992.6082
2757,43,10.2863,31406.6322,98466.6332,0.0,0,0,0,730.3868,2289.9217
2758,43,10.4894,44138.0347,138383.2929,0.0,0,0,0,1026.4659,3218.2161
2759,41,10.8636,39534.6354,123950.467,1.0,1,0,2,964.2594,3023.1821
2760,42,10.5037,30916.3763,96929.8073,2.0,2,1,0,736.1042,2307.8526
2761,42,10.7015,39893.1137,125073.9818,0.0,0,0,0,949.836,2977.9519
2762,42,10.5549,25080.7411,78633.4914,1.0,1,0,0,597.1605,1872.226
2763,42,10.9225,46669.2248,146318.7544,2.0,1,0,0,1111.172,3483.7799
2764,40,10.813,27151.1638,85124.8701,3.0,1,0,2,678.7791,2128.1218
2765,40,11.0775,39447.1985,123676.1369,4.0,1,0,0,986.18,3091.9034
2766,41,10.7074,31756.8657,99564.6246,5.0,2,1,0,774.5577,2428.4055
2767,41,10.3401,25327.2475,79406.0907,6.0,1,0,0,617.7377,1936.7339
2768,41,10.1934,30371.8819,95222.958,0.0,0,0,0,740.7776,2322.5112
2769,41,10.1349,31677.524,99315.9428,0.0,0,0,0,772.6225,2422.3401
2770,41,10.0876,40288.2416,126312.9273,0.0,0,0,0,982.64,3080.8031
2771,41,9.8559,31565.0256,98963.3703,0.0,0,0,0,769.8787,2413.7407
2772,42,9.8437,37939.5028,118948.4868,2.0,3,1,0,903.3215,2832.1068
2773,41,10.1192,36087.6021,113142.3352,2.0,1,0,1,880.1854,2759.5692
2774,41,10.2805,35566.3168,111508.3441,0.0,0,0,0,867.4711,2719.7157
2775,41,10.2648,32937.6066,103267.0267,0.0,0,0,0,803.3563,2518.708
2776,41,10.2712,41893.2246,131345.422,0.0,0,0,0,1021.786,3203.5469
2777,41,10.1545,36491.899,114410.4528,1.0,1,0,0,890.0463,2790.4988
2778,42,9.7386,36543.6048,114572.2647,3.0,3,1,0,870.0858,2727.9111
2779,42,9.4836,26066.9307,81725.1081,3.0,2,0,0,620.6412,1945.8359
2780,42,9.8957,46495.9497,145775.2438,3.0,1,0,0,1107.0464,3470.8391
2781,42,10.2658,46851.7434,146891.4097,4.0,1,0,0,1115.5177,3497.4145
2782,42,10.132,35050.8185,109892.167,6.0,2,0,0,834.5433,2616.4802
2783,41,10.2284,37170.9136,116538.7636,7.0,2,0,1,906.6076,2842.4089
2784,42,10.0943,33132.3176,103877.1182,9.0,3,1,0,788.8647,2473.2647
2785,42,10.2199,35970.4171,112774.9871,11.0,2,0,0,856.4385,2685.1187
2786,42,10.3868,41466.139,130005.6271,13.0,2,0,0,987.289,3095.3721
2787,42,10.3624,36033.8112,112974.2093,15.0,2,0,0,857.9479,2689.8621
2788,42,10.5949,39239.3803,123024.2153,0.0,0,0,0,934.271,2929.148
2789,42,10.4361,29472.3645,92402.1208,2.0,2,0,0,701.723,2200.0505
2790,43,10.3633,43374.3365,135988.2231,2.0,2,1,0,1008.7055,3162.5168
2791,43,10.4643,33260.3047,104278.538,3.0,1,0,0,773.4955,2425.0823
2792,43,10.6092,37927.7976,118912.2275,4.0,1,0,0,882.0418,2765.4006
2793,43,10.702,37982.4361,119083.724,5.0,1,0,0,883.3125,2769.3889
2794,43,10.7604,37738.4686,118319.024,0.0,0,0,0,877.6388,2751.6052
2795,43,10.8273,39607.0911,124177.2251,0.0,0,0,0,921.0951,2887.8424
2796,44,10.5182,35017.0254,109786.2733,0.0,1,1,0,795.8415,2495.1426
2797,44,10.7798,42414.9023,132980.7533,0.0,0,0,0,963.9751,3022.2898
2798,43,11.2267,42264.9965,132510.6384,0.0,0,0,1,982.9069,3081.6428
2799,43,11.2542,37306.6112,116964.7942,0.0,0,0,0,867.5956,2720.1115
2800,42,11.2557,35175.0589,110282.0496,0.0,0,0,1,837.5014,2625.7631
2801,42,11.5007,39991.0994,125380.9848,1.0,1,0,0,952.169,2985.2615
2802,43,11.3989,36904.9404,115705.0,2.0,2,1,0,858.2544,2690.814
2803,43,11.2139,20188.3683,63294.4161,3.0,1,0,0,469.4969,1471.9632
2804,42,11.5237,37877.352,118754.0086,4.0,1,0,1,901.8417,2827.4764
2805,41,11.3404,25475.5853,79871.5109,5.0,1,0,1,621.3557,1948.0856
2806,40,11.2656,32478.187,101826.4321,6.0,1,0,1,811.9547,2545.6608
2807,40,11.3154,32822.7637,102906.8342,7.0,1,0,0,820.5691,2572.6709
2808,41,11.0533,27504.6567,86232.8884,8.0,2,1,0,670.8453,2103.2412
2809,41,11.24,38745.9748,121477.352,9.0,1,0,0,945.0238,2962.8622
2810,41,11.4276,34541.1679,108294.113,10.0,1,0,0,842.4675,2641.3198
2811,41,11.4835,31685.9734,99342.7227,11.0,1,0,0,772.8286,2422.9932
2812,41,11.4603,34380.5105,107790.6584,12.0,1,0,0,838.549,2629.0404
2813,41,11.2958,23913.9027,74975.2237,13.0,1,0,0,583.2659,1828.664
2814,42,11.0857,37856.8378,118689.4096,14.0,2,1,0,901.3533,2825.9383
2815,42,10.5336,17417.5726,54607.3765,15.0,1,0,0,414.7041,1300.1756
2816,42,10.7725,41625.2552,130504.6261,16.0,1,0,0,991.0775,3107.253
2817,42,11.1395,42122.7862,132064.7541,17.0,1,0,0,1002.9235,3144.3989
2818,42,11.2979,37012.5731,116042.9145,18.0,1,0,0,881.2517,2762.9265
2819,42,11.406,35141.6251,110177.0859,19.0,1,0,0,836.7054,2623.2639
2820,43,11.3013,41258.5736,129355.5063,20.0,2,1,0,959.5017,3008.2676
2821,42,11.0709,28457.4467,89220.5219,21.0,1,0,1,677.5583,2124.2981
2822,42,10.7407,29103.8905,91247.1408,22.0,1,0,0,692.9498,2172.551
2823,42,10.6373,33789.872,105938.5824,23.0,1,0,0,804.5208,2522.3472
2824,42,10.5244,32052.8631,100492.6661,1.0,1,0,0,763.1634,2392.6825
2825,42,10.6651,37437.335,117374.7231,2.0,1,0,0,891.3651,2794.6363
2826,43,10.468,44359.8787,139078.9378,3.0,2,1,0,1031.6251,3234.3939
2827,42,10.4045,32738.4968,102642.0307,5.0,2,0,1,779.488,2443.8579
2828,42,10.398,30810.3043,96596.7587,7.0,2,0,0,733.5787,2299.9228
2829,42,10.3922,32741.7486,102652.4468,9.0,2,0,0,779.5654,2444.1059
2830,42,10.234,33340.6001,104530.4572,11.0,2,0,0,793.8238,2488.8204
2831,42,10.5729,40168.257,125936.6378,8.0,1,0,0,956.3871,2998.4914
2832,43,10.7738,48275.2817,151353.8596,9.0,2,1,0,1122.681,3519.8572
2833,43,10.9212,34309.4272,107567.6831,11.0,2,0,0,797.8937,2501.574
2834,43,11.044,35369.3976,110890.9773,13.0,2,0,0,822.5441,2578.8599
2835,42,11.2943,46044.6746,144360.7628,15.0,2,0,1,1096.3018,3437.161
2836,42,11.2785,38300.2611,120080.137,17.0,2,0,0,911.911,2859.0509
2837,42,11.3992,36930.3135,115784.9913,5.0,1,0,0,879.2932,2756.7855
2838,43,11.0256,31870.7687,99921.6559,7.0,3,1,0,741.1807,2323.7594
2839,43,11.128,33528.1763,105117.8809,2.0,1,0,0,779.725,2444.6019
2840,42,11.4845,38587.1469,120979.365,3.0,1,0,1,918.7416,2880.4611
2841,42,11.456,31895.9133,100000.643,4.0,1,0,0,759.4265,2380.9677
2842,42,11.5424,38041.3885,119268.3299,5.0,1,0,0,905.7473,2839.7221
2843,42,11.7188,37454.4001,117428.2289,0.0,0,0,0,891.7714,2795.9102
2844,43,11.4999,34891.4723,109392.5959,0.0,1,1,0,811.4296,2544.0139
2845,43,11.5537,35643.3958,111750.4459,0.0,0,0,0,828.9162,2598.8476
2846,43,11.4637,34574.1436,108398.0657,0.0,0,0,0,804.0499,2520.8852
2847,43,11.4127,35409.6181,111017.5779,0.0,0,0,0,823.4795,2581.8041
2848,43,11.5139,42321.5946,132688.5596,0.0,0,0,0,984.2231,3085.7805
2849,43,11.6435,37874.9205,118746.3752,0.0,0,0,0,880.8121,2761.5436
2850,44,11.6022,45257.1984,141891.8225,1.0,2,1,0,1028.5727,3224.8141
2851,44,11.5874,29081.4397,91176.3157,0.0,0,0,0,660.9418,2072.189
2852,44,11.8685,43183.5866,135390.6399,0.0,0,0,0,981.4451,3077.06
2853,44,11.7289,36835.438,115487.2549,0.0,0,0,0,837.169,2624.7103
2854,44,11.6516,32137.9704,100759.8538,0.0,0,0,0,730.4084,2289.9967
2855,44,11.7181,35854.8975,112413.4719,0.0,0,0,0,814.884,2554.8516
2856,45,11.4862,39260.251,123089.8615,0.0,1,1,0,872.45,2735.3303
2857,45,11.8606,46969.1864,147259.5368,0.0,0,0,0,1043.7597,3272.4342
2858,45,11.9889,37862.8789,118709.2334,0.0,0,0,0,841.3973,2637.983
2859,45,12.0894,45658.5802,143150.8426,0.0,0,0,0,1014.6351,3181.1298
2860,45,12.0219,41909.4536,131396.1089,0.0,0,0,0,931.3212,2919.9135
2861,45,11.8662,34408.1177,107877.2133,0.0,0,0,0,764.6248,2397.2714
2862,46,11.4971,32076.9809,100568.28,0.0,1,1,0,697.3257,2186.267
2863,46,11.6457,43662.2884,136891.4345,0.0,0,0,0,949.1802,2975.9008
2864,46,11.6097,41718.7203,130798.094,0.0,0,0,0,906.9287,2843.4368
2865,46,11.5621,42232.5155,132409.0654,0.0,0,0,0,918.0982,2878.4579
2866,46,11.5597,43618.3452,136753.6276,0.0,0,0,0,948.2249,2972.9049
2867,46,11.7293,43109.4458,135158.2935,2.0,2,0,0,937.1619,2938.2238
2868,47,11.8503,51748.4914,162243.4011,2.0,2,1,0,1101.0317,3451.9873
2869,47,11.8977,41122.9275,128929.5959,3.0,1,0,0,874.9559,2743.1829
2870,47,11.7568,34620.6207,108543.4545,4.0,1,0,0,736.609,2309.4352
2871,46,11.8158,40060.0598,125597.5938,5.0,1,0,1,870.8709,2730.3825
2872,46,11.7688,42405.6008,132951.3588,6.0,1,0,0,921.8609,2890.2469
2873,46,11.6036,34553.8329,108334.1665,7.0,1,0,0,751.1703,2355.0906
2874,47,11.3879,40144.2857,125861.6699,0.0,1,1,0,854.1337,2677.9079
2875,47,11.2284,37885.3645,118779.5514,0.0,0,0,0,806.0716,2527.2245
2876,47,11.1784,37133.773,116422.8561,0.0,0,0,0,790.0803,2477.082
2877,47,11.3406,44506.0604,139536.6574,1.0,1,0,0,946.9375,2968.8651
2878,47,11.3246,39782.5648,124727.346,2.0,1,0,0,846.4375,2653.7733
2879,47,11.401,41854.2369,131222.9593,0.0,0,0,0,890.5157,2791.9779
2880,48,11.3088,45429.7341,142432.5049,0.0,1,1,0,946.4528,2967.3439
2881,48,11.3894,40829.8779,128011.0806,0.0,0,0,0,850.6225,2666.8975
2882,48,11.4576,38966.6838,122169.8034,0.0,0,0,0,811.8059,2545.2042
2883,48,11.705,47931.038,150275.0741,1.0,1,0,0,998.5633,3130.7307
2884,48,11.9584,48618.0176,152428.9473,2.0,1,0,0,1012.8754,3175.6031
2885,48,11.9883,44902.588,140780.343,3.0,1,0,0,935.4706,2932.9238
2886,49,11.777,43168.0348,135341.5581,4.0,2,1,0,880.9803,2762.0726
2887,49,11.6789,36593.6818,114729.0456,5.0,1,0,0,746.8098,2341.4091
2888,49,11.4435,38052.581,119302.6334,6.0,1,0,0,776.5833,2434.7476
2889,48,11.2902,42465.1298,133137.8237,8.0,2,0,1,884.6902,2773.7047
2890,48,11.0649,30680.9236,96191.2014,10.0,2,0,0,639.1859,2003.9834
2891,48,10.907,35776.0069,112165.5495,12.0,2,0,0,745.3335,2336.7823
2892,48,10.6291,38944.5311,122099.6231,14.0,3,1,1,811.3444,2543.7421
2893,47,10.6474,38923.4296,122033.2883,11.0,1,0,1,828.1581,2596.4529
2894,47,10.5221,32841.4942,102964.8095,12.0,1,0,0,698.7552,2190.7406
2895,46,10.4718,41096.9728,128848.2651,14.0,2,0,1,893.4125,2801.0492
2896,46,10.652,40866.8745,128126.2355,17.0,3,0,0,888.4103,2785.3529
2897,46,10.3001,35291.9278,110648.1138,20.0,3,0,0,767.2158,2405.3938
2898,47,10.0789,38637.7897,121137.8162,24.0,5,1,0,822.0806,2577.4003
2899,47,10.2759,42257.6099,132487.2139,24.0,3,0,0,899.0981,2818.8769
2900,47,10.6414,48132.024,150904.9476,6.0,1,0,0,1024.0856,3210.7436
2901,45,11.1492,45650.3186,143124.2776,7.0,1,0,2,1014.4515,3180.5395
2902,45,11.4524,47238.3553,148103.5231,0.0,0,0,0,1049.7412,3291.1894
2903,45,11.5238,37867.8046,118724.2539,0.0,0,0,0,841.5068,2638.3168
2904,46,11.4353,47152.4565,147833.7612,0.0,1,1,0,1025.0534,3213.7774
2905,46,11.3877,34899.2457,109416.8804,0.0,0,0,0,758.6793,2378.6278
2906,46,11.7161,45542.8313,142787.1638,0.0,0,0,0,990.0616,3104.0688
2907,46,11.5671,37002.9162,116012.1756,1.0,1,0,0,804.4112,2522.0038
2908,46,11.3967,34335.0345,107648.3299,2.0,1,0,0,746.4138,2340.1811
2909,46,11.3457,43608.6929,136723.3175,3.0,1,0,0,948.0151,2972.246
2910,47,11.2537,45215.155,141759.7388,4.0,2,1,0,962.0246,3016.1647
2911,47,11.3792,38786.4937,121604.7948,5.0,1,0,0,825.2445,2587.3361
2912,47,11.5637,45850.9737,143753.6724,6.0,1,0,0,975.5526,3058.5888
2913,47,11.6385,44046.3538,138095.8209,7.0,1,0,0,937.1565,2938.209
2914,47,11.8352,44664.1292,140032.4803,8.0,1,0,0,950.3006,2979.4145
2915,47,11.8158,37770.9044,118420.8057,9.0,1,0,0,803.6363,2519.5916
2916,48,11.7266,46214.1196,144891.7082,0.0,1,1,0,962.7942,3018.5773
2917,48,11.8511,40238.6372,126157.2354,0.0,0,0,0,838.3049,2628.2757
2918,48,12.0731,46761.6859,146609.3001,0.0,0,0,0,974.2018,3054.3604
2919,47,12.0805,33534.0925,105136.7677,0.0,0,0,1,713.4913,2236.9525
2920,47,12.2412,38289.5376,120046.2087,0.0,0,0,0,814.671,2554.1747
2921,47,12.2909,36157.127,113360.7159,0.0,0,0,0,769.3006,2411.9301
2922,48,12.0347,39148.1728,122738.7248,0.0,1,1,0,815.5869,2557.0568
2923,48,12.2161,41653.9047,130594.7208,0.0,0,0,0,867.7897,2720.7234
2924,48,12.4375,44760.5635,140334.5883,0.0,0,0,0,932.5117,2923.6373
2925,48,12.4058,34541.8694,108297.2412,0.0,0,0,0,719.6223,2256.1925
2926,48,12.4088,49393.0888,154858.9944,0.0,0,0,0,1029.0227,3226.2291
2927,48,12.2229,31648.0557,99223.643,0.0,0,0,0,659.3345,2067.1592
2928,49,11.7811,34261.1282,107416.2798,0.0,1,1,0,699.2067,2192.169
2929,49,12.0382,45446.1736,142484.3088,0.0,0,0,0,927.4729,2907.843
2930,49,11.9398,31651.7343,99234.917,0.0,0,0,0,645.9538,2025.2024
2931,48,12.0412,47116.8872,147722.8881,0.0,0,0,1,981.6018,3077.5602
2932,48,12.073,44081.773,138207.1007,0.0,0,0,0,918.3703,2879.3146
2933,47,11.9363,34614.0114,108522.715,0.0,0,0,1,736.4683,2308.9939
2934,48,11.6161,33217.4048,104143.701,0.0,1,1,0,692.0293,2169.6604
2935,48,11.6452,34358.0334,107719.5485,1.0,1,0,0,715.7924,2244.1573
2936,48,11.6017,35398.6434,110982.4139,2.0,1,0,0,737.4717,2312.1336
2937,48,11.4828,38532.3487,120807.4834,3.0,1,0,0,802.7573,2516.8226
2938,48,11.2021,31295.5156,98118.1452,4.0,1,0,0,651.9899,2044.128
2939,48,11.0044,37398.006,117251.5038,0.0,0,0,0,779.1251,2442.7397
2940,49,10.4931,34743.4775,108928.2526,0.0,1,1,0,709.0506,2223.0256
2941,49,10.5434,42465.5523,133139.0617,0.0,0,0,0,866.6439,2717.1237
2942,49,10.5865,40777.528,127846.8524,1.0,1,0,0,832.1944,2609.1194
2943,49,10.6543,42234.0762,132413.5774,0.0,0,0,0,861.9199,2702.3179
2944,49,10.8525,40418.7085,126721.688,0.0,0,0,0,824.8716,2586.1569
2945,49,10.7461,36963.8591,115889.7427,0.0,0,0,0,754.3645,2365.0968
2946,50,10.4518,38509.6659,120736.5856,0.0,1,1,0,770.1933,2414.7317
2947,50,10.5561,44477.0301,139445.6345,0.0,0,0,0,889.5406,2788.9127
2948,50,10.5452,42296.4606,132609.0008,0.0,0,0,0,845.9292,2652.18
2949,50,10.4208,44141.8018,138395.3352,0.0,0,0,0,882.836,2767.9067
2950,50,10.7383,51060.8685,160088.4374,0.0,0,0,0,1021.2174,3201.7687
2951,50,10.9087,48691.3511,152658.6655,0.0,0,0,0,973.827,3053.1733
2952,50,10.6261,35503.8351,111312.073,1.0,2,1,1,710.0767,2226.2415
2953,50,10.662,40165.6642,125928.1719,3.0,2,0,0,803.3133,2518.5634
2954,50,10.9584,49510.8381,155227.8291,5.0,2,0,0,990.2168,3104.5566
2955,50,10.7119,36407.5767,114145.872,7.0,2,0,0,728.1515,2282.9174
2956,49,10.8553,44341.57,139020.8674,9.0,2,0,1,904.93,2837.1606
2957,49,10.2938,27702.3899,86852.5777,11.0,2,0,0,565.3549,1772.5016
2958,50,10.0088,37557.1947,117749.4796,13.0,3,1,0,751.1439,2354.9896
2959,49,10.0707,38598.7189,121015.1054,7.0,1,0,1,787.729,2469.696
2960,49,10.2102,36254.9944,113666.6036,9.0,2,0,0,739.8978,2319.7266
2961,49,10.4906,47257.0045,148161.0846,12.0,3,0,0,964.4287,3023.6956
2962,49,10.61,42298.7369,132615.8914,15.0,3,0,0,863.2395,2706.4468
2963,49,10.5802,43552.1695,136545.5774,18.0,3,0,0,888.8198,2786.6444
2964,49,10.6226,37676.184,118123.3839,9.0,2,0,0,768.9017,2410.6813
2965,49,10.6972,46192.1322,144822.5338,11.0,2,0,0,942.6966,2955.5619
2966,48,10.9135,43804.3175,137336.2139,6.0,1,0,1,912.5899,2861.1711
2967,49,10.6777,39815.0999,124829.4344,7.0,2,1,0,812.5531,2547.5395
2968,49,10.2559,33109.2813,103804.6728,8.0,1,0,0,675.6996,2118.4627
2969,49,10.2773,42457.6278,133114.1835,9.0,1,0,0,866.4822,2716.616
2970,50,9.9297,34885.7014,109373.8547,11.0,3,1,0,697.714,2187.4771
2971,50,10.0192,45704.2031,143292.5422,13.0,2,0,0,914.0841,2865.8508
2972,50,10.2063,49316.9894,154620.1739,16.0,3,0,0,986.3398,3092.4035
2973,50,10.63,56084.0435,175836.7829,6.0,2,0,0,1121.6809,3516.7357
2974,49,10.7791,45716.5855,143332.3406,9.0,3,0,1,932.9915,2925.1498
2975,49,10.8311,41191.9167,129146.018,12.0,3,0,0,840.6514,2635.633
2976,50,10.4996,38198.6118,119760.5984,15.0,4,1,0,763.9722,2395.212
2977,50,10.3369,38109.8236,119482.0224,18.0,3,0,0,762.1965,2389.6404
2978,50,10.47,46396.981,145464.4977,22.0,4,0,0,927.9396,2909.29
2979,50,10.7444,48449.7368,151901.0004,18.0,3,0,0,968.9947,3038.02
2980,49,10.9092,41294.0195,129465.8163,10.0,2,0,1,842.7351,2642.1595
2981,49,11.1524,49410.7323,154914.2749,13.0,3,0,0,1008.3823,3161.5158
2982,49,11.3599,56747.2781,177915.8904,7.0,3,1,1,1158.1077,3630.9365
2983,46,11.2894,44066.1556,138157.5609,9.0,2,0,3,957.9599,3003.4252
2984,46,11.4783,44389.812,139172.1806,12.0,3,0,0,964.9959,3025.4822
2985,46,11.5935,38913.1329,122001.4009,15.0,3,0,0,845.9377,2652.2044
2986,45,11.7462,49212.6092,154293.2239,18.0,3,0,1,1093.6135,3428.7383
2987,44,11.7795,41248.2208,129323.1398,21.0,3,0,1,937.4596,2939.1623
2988,45,11.6046,45106.1307,141418.2468,13.0,3,1,0,1002.3585,3142.6277
2989,45,11.6254,41146.6327,129004.0099,15.0,2,0,0,914.3696,2866.7558
2990,45,11.6251,37846.0234,118655.6696,18.0,3,0,0,841.0227,2636.7927
2991,45,11.7017,42453.8544,133102.7656,21.0,3,0,0,943.419,2957.8392
2992,45,12.0092,44730.4941,140241.1917,12.0,1,0,0,994.011,3116.4709
2993,45,12.1176,39539.3959,123965.2622,13.0,1,0,0,878.6532,2754.7836
2994,46,12.0613,46832.0262,146829.4375,14.0,2,1,0,1018.0875,3191.9443
2995,46,12.1906,43323.792,135830.6014,15.0,1,0,0,941.8216,2952.8392
2996,45,12.2938,41031.8791,128644.8926,0.0,0,0,1,911.8195,2858.7754
2997,45,12.24,34398.8292,107848.7423,0.0,0,0,0,764.4184,2396.6387
2998,44,12.3002,47346.6233,148443.5969,0.0,0,0,1,1076.0596,3373.7181
2999,44,12.0893,39110.5854,122621.3958,0.0,0,0,0,888.8769,2786.8499
3000,45,11.7566,41194.5953,129154.583,0.0,1,1,0,915.4355,2870.1018
3001,45,11.7699,40763.6967,127803.5512,2.0,2,0,0,905.8599,2840.0789
3002,45,11.7256,41760.1464,130927.962,2.0,1,0,0,928.0033,2909.5103
3003,45,11.9681,46651.8895,146264.9451,3.0,1,0,0,1036.7087,3250.3321
3004,45,12.1954,44110.9508,138298.3884,4.0,1,0,0,980.2434,3073.2975
3005,45,12.4571,47773.6793,149782.1509,5.0,1,0,0,1061.6373,3328.4922
3006,46,12.2819,43880.4515,137575.5348,6.0,2,1,0,953.9229,2990.7725
3007,46,12.42,39289.15,123180.5991,7.0,1,0,0,854.112,2677.8391
3008,46,12.4311,37244.2722,116769.6598,8.0,1,0,0,809.6581,2538.4709
3009,46,12.438,36092.8527,113159.4492,9.0,1,0,0,784.6272,2459.988
3010,46,12.7494,49746.7571,155967.8949,10.0,1,0,0,1081.4512,3390.6064
3011,46,12.6731,39235.8399,123013.6417,11.0,1,0,0,852.953,2674.2096
3012,47,12.1128,32996.1394,103450.3725,0.0,1,1,0,702.0455,2201.0718
3013,47,11.8466,34823.5855,109179.8439,0.0,0,0,0,740.9274,2322.9754
3014,47,11.746,37537.2871,117688.2849,0.0,0,0,0,798.6657,2504.0061
3015,47,11.4158,35191.1029,110332.462,0.0,0,0,0,748.7469,2347.4992
3016,47,11.2537,41856.274,131229.3501,1.0,1,0,0,890.559,2792.1138
3017,47,11.3245,41263.815,129371.0122,3.0,2,0,0,877.9535,2752.5747
3018,48,11.3898,53029.4282,166259.3315,2.0,2,1,0,1104.7798,3463.7361
3019,48,11.2811,38798.2797,121641.5696,4.0,2,0,0,808.2975,2534.1994
3020,47,11.246,42406.2005,132953.236,2.0,1,0,1,902.2596,2828.7923
3021,47,11.1354,36617.4586,114803.8976,3.0,1,0,0,779.0949,2442.6361
3022,47,11.1733,40061.7626,125602.7852,2.0,2,0,0,852.3779,2672.3997
3023,47,11.3069,45301.2772,142029.6991,4.0,2,0,0,963.857,3021.9085
3024,48,11.2168,45254.2513,141882.4754,3.0,2,1,0,942.7969,2955.8849
3025,48,11.2417,41605.8032,130443.6122,4.0,1,0,0,866.7876,2717.5753
3026,48,11.5058,43473.7723,136299.7584,5.0,1,0,0,905.7036,2839.5783
3027,48,11.8059,44637.4816,139948.8726,6.0,1,0,0,929.9475,2915.6015
3028,48,11.9631,47728.2902,149639.7347,7.0,1,0,0,994.3394,3117.4945
3029,48,12.1067,47597.0336,149228.3358,0.0,0,0,0,991.6049,3108.9237
3030,49,11.9183,48306.4846,151452.1595,0.0,1,1,0,985.8466,3090.8604
3031,49,12.1605,49361.6889,154760.4324,0.0,0,0,0,1007.3814,3158.3762
3032,49,12.2928,38082.3331,119396.4076,1.0,1,0,0,777.1905,2436.6614
3033,49,12.2476,38392.5569,120369.3065,2.0,1,0,0,783.5216,2456.5165
3034,49,12.3279,49834.3661,156242.7713,3.0,1,0,0,1017.0279,3188.628
3035,49,11.8581,37712.7789,118238.555,4.0,1,0,0,769.6485,2413.0317
3036,50,11.5056,43592.5538,136673.0959,0.0,1,1,0,871.8511,2733.4619
3037,50,11.5742,47859.1201,150049.6949,1.0,1,0,0,957.1824,3000.9939
3038,50,11.4407,40516.3659,127028.1657,3.0,2,0,0,810.3273,2540.5633
3039,50,11.6279,42347.1086,132768.1753,0.0,0,0,0,846.9422,2655.3635
3040,49,11.9437,48543.1985,152194.2785,1.0,1,0,1,990.6775,3106.0057
3041,49,11.874,45235.0332,141822.8743,2.0,1,0,0,923.1639,2894.3444
3042,50,11.4595,43140.9233,135257.0712,3.0,2,1,0,862.8185,2705.1414
3043,50,11.6009,47383.4426,148558.1156,4.0,1,0,0,947.6689,2971.1623
3044,50,11.7554,46383.1592,145421.8973,6.0,2,0,0,927.6632,2908.4379
3045,50,11.6699,42193.9198,132288.0078,8.0,2,0,0,843.8784,2645.7602
3046,50,11.4996,42884.7106,134453.1102,7.0,1,0,0,857.6942,2689.0622
3047,49,11.3847,38126.3789,119535.0654,9.0,2,0,1,778.0894,2439.4911
3048,49,11.2792,41653.9287,130594.1271,1.0,2,1,1,850.0802,2665.1863
3049,49,11.3219,44084.6465,138215.1018,1.0,1,0,0,899.6867,2820.7164
3050,49,11.559,47363.3737,148494.9252,1.0,1,0,0,966.5995,3030.5087
3051,49,11.6116,40319.7027,126411.1374,0.0,0,0,0,822.8511,2579.8191
3052,49,11.9911,52997.6347,166160.0368,0.0,0,0,0,1081.5844,3391.0212
3053,48,12.5224,50674.238,158875.3758,1.0,1,0,1,1055.7133,3309.9037
3054,49,12.3032,41540.1791,130237.8329,2.0,2,1,0,847.7588,2657.915
3055,49,12.1935,41154.2094,129027.9922,3.0,1,0,0,839.8818,2633.2243
3056,49,11.9743,41105.0864,128874.2887,4.0,1,0,0,838.8793,2630.0875
3057,49,11.7182,46360.2593,145350.6977,5.0,1,0,0,946.1277,2966.3408
3058,49,11.6284,43098.582,135124.0061,6.0,1,0,0,879.5629,2757.6328
3059,49,11.483,42540.8501,133375.8624,7.0,1,0,0,868.1806,2721.9564
3060,50,11.3055,48474.7136,151979.8937,8.0,2,1,0,969.4943,3039.5979
3061,49,11.3382,41167.1121,129068.4544,0.0,0,0,1,840.1451,2634.0501
3062,49,11.4102,49497.4394,155186.1477,1.0,1,0,0,1010.1518,3167.0642
3063,49,11.4245,42769.2313,134091.752,2.0,1,0,0,872.8415,2736.5664
3064,48,11.9027,56104.3005,175900.7721,3.0,1,0,1,1168.8396,3664.5994
3065,48,11.7962,36765.3308,115268.0962,4.0,1,0,0,765.9444,2401.4187
3066,49,11.962,52041.0162,163160.5676,0.0,1,1,0,1062.0616,3329.8075
3067,49,12.0111,37780.8421,118451.7695,0.0,0,0,0,771.0376,2417.3831
3068,49,12.3134,50755.431,159130.4401,0.0,0,0,0,1035.8251,3247.56
3069,49,12.4027,44410.2194,139236.988,0.0,0,0,0,906.331,2841.5712
3070,49,12.3752,40330.7838,126446.0786,0.0,0,0,0,823.0772,2580.5322
3071,49,12.2434,41752.5377,130904.092,0.0,0,0,0,852.0926,2671.5121
3072,50,12.1083,47735.8461,149662.9588,0.0,1,1,0,954.7169,2993.2592
3073,50,11.9343,34614.5801,108525.0928,0.0,0,0,0,692.2916,2170.5019
3074,49,12.2408,49653.7965,155676.5032,0.0,0,0,1,1013.3428,3177.0715
3075,49,12.2213,41194.0005,129153.0919,0.0,0,0,0,840.6939,2635.7774
3076,49,12.1867,42279.5268,132556.2043,0.0,0,0,0,862.8475,2705.2287
3077,49,12.0303,40366.5188,126558.4938,0.0,0,0,0,823.8065,2582.8264
3078,50,11.6864,40567.7749,127189.4989,0.0,1,1,0,811.3555,2543.79
3079,50,11.7625,48921.1501,153379.7333,0.0,0,0,0,978.423,3067.5947
3080,49,11.8628,36767.1274,115273.1256,0.0,0,0,1,750.3495,2352.5128
3081,49,12.0033,48734.0981,152793.247,1.0,1,0,0,994.5734,3118.2295
3082,49,11.8713,37044.3332,116142.8784,2.0,1,0,0,756.0068,2370.2628
3083,49,12.1983,58261.9732,182665.5876,3.0,1,0,0,1189.0199,3727.8691
3084,50,11.9875,42197.1352,132297.9268,4.0,2,1,0,843.9427,2645.9585
3085,49,12.1457,58489.6044,183379.7177,5.0,1,0,1,1193.6654,3742.4432
3086,49,11.823,33065.6681,103668.3888,6.0,1,0,0,674.8096,2115.6814
3087,49,11.6984,36379.1099,114056.9487,0.0,0,0,0,742.4308,2327.6928
3088,49,11.6961,40373.1054,126578.9068,0.0,0,0,0,823.9409,2583.243
3089,49,11.5518,39331.085,123312.4441,0.0,0,0,0,802.6752,2516.5805
3090,50,11.286,42143.895,132131.0097,0.0,1,1,0,842.8779,2642.6202
3091,50,11.4873,44931.5491,140870.8872,0.0,0,0,0,898.631,2817.4177
3092,50,11.6356,39102.2183,122594.5207,0.0,0,0,0,782.0444,2451.8904
3093,50,12.0594,56136.6411,176002.0423,0.0,0,0,0,1122.7328,3520.0408
3094,50,12.0652,41315.1076,129533.0096,0.0,0,0,0,826.3022,2590.6602
3095,50,12.2401,52970.1438,166074.3067,0.0,0,0,0,1059.4029,3321.4861
3096,51,12.0723,43240.255,135568.683,0.0,1,1,0,847.8481,2658.2095
3097,51,12.328,44879.4633,140707.3857,0.0,0,0,0,879.9895,2758.9683
3098,51,12.5074,43607.6332,136720.214,0.0,0,0,0,855.0516,2680.7885
3099,51,12.5768,46798.098,146723.2039,0.0,0,0,0,917.6098,2876.9256
3100,51,12.4166,38620.1618,121083.1254,0.0,0,0,0,757.2581,2374.1789
3101,51,12.0054,31146.0194,97650.474,0.0,0,0,0,610.7063,1914.7152
3102,51,11.8941,51014.0357,159940.6908,0.0,1,1,1,1000.2752,3136.092
3103,50,11.7122,36980.7932,115943.6051,0.0,0,0,1,739.6159,2318.8721
3104,49,11.6096,43221.266,135508.8594,0.0,0,0,1,882.0667,2765.4869
3105,48,11.3699,36736.1904,115176.4675,0.0,0,0,1,765.3373,2399.5097
3106,48,11.2854,44916.4824,140823.7801,1.0,1,0,0,935.7601,2933.8288
3107,48,11.3366,40323.0234,126422.049,2.0,1,0,0,840.063,2633.7927
3108,49,11.2171,40397.9774,126656.9355,0.0,1,1,0,824.4485,2584.8354
3109,49,11.3085,40945.9065,128374.6184,0.0,0,0,0,835.6307,2619.8902
3110,49,11.3069,42055.3941,131853.1807,0.0,0,0,0,858.2733,2690.8812
3111,49,11.2296,36978.0159,115934.6104,1.0,1,0,0,754.6534,2366.0125
3112,49,11.136,39149.0717,122741.8623,2.0,1,0,0,798.9606,2504.936
3113,49,11.4095,47659.8194,149424.5158,3.0,1,0,0,972.6494,3049.4799
3114,50,11.2365,42336.8878,132735.8274,0.0,1,1,0,846.7378,2654.7165
3115,50,11.1141,30941.0914,97006.9418,0.0,0,0,0,618.8218,1940.1388
3116,50,11.5674,56656.8868,177632.8087,0.0,0,0,0,1133.1377,3552.6562
3117,50,11.717,44660.5931,140021.6514,0.0,0,0,0,893.2119,2800.433
3118,50,11.8838,47086.6797,147627.5896,0.0,0,0,0,941.7336,2952.5518
3119,50,11.9971,41517.6606,130167.1454,0.0,0,0,0,830.3532,2603.3429
3120,51,11.8561,43928.9325,137727.355,0.0,1,1,0,861.3516,2700.5364
3121,51,11.8486,37253.7321,116799.1546,0.0,0,0,0,730.4653,2290.1795
3122,51,12.1064,48997.533,153618.8869,0.0,0,0,0,960.7359,3012.135
3123,51,12.0883,37708.9315,118225.8042,0.0,0,0,0,739.3908,2318.153
3124,50,11.9728,32732.734,102624.5585,0.0,0,0,1,654.6547,2052.4912
3125,50,11.9375,42726.1078,133956.5002,0.0,0,0,0,854.5222,2679.13
3126,51,11.3027,28042.4823,87919.0591,1.0,2,1,0,549.8526,1723.9031
3127,51,11.2036,42997.3895,134806.6211,2.0,1,0,0,843.0861,2643.2671
3128,51,11.1489,41159.4976,129044.4684,3.0,1,0,0,807.049,2530.2837
3129,51,11.2512,44320.9024,138956.1394,4.0,1,0,0,869.0373,2724.6302
3130,51,11.4331,49544.1607,155332.2797,1.0,1,0,0,971.4541,3045.731
3131,51,11.5377,44028.4545,138038.6993,3.0,2,0,0,863.303,2706.6412
3132,52,11.2977,38283.0279,120025.6386,3.0,2,1,0,736.2121,2308.1854
3133,52,11.3585,39228.3075,122989.2042,4.0,1,0,0,754.3905,2365.177
3134,52,11.4147,49849.3137,156289.1108,5.0,1,0,0,958.6406,3005.5598
3135,52,11.1658,36226.5931,113578.5573,6.0,1,0,0,696.6653,2184.203
3136,52,11.0062,37536.9143,117686.4623,7.0,1,0,0,721.8637,2263.2012
3137,52,10.8466,42393.2482,132912.5877,8.0,1,0,0,815.2548,2556.0113
3138,53,10.5775,47841.2569,149993.1377,0.0,1,1,0,902.6652,2830.0592
3139,52,10.3056,35835.237,112351.331,0.0,0,0,1,689.1392,2160.6025
3140,51,10.5089,44090.5599,138233.5359,0.0,0,0,1,864.5208,2710.4615
3141,51,10.702,42714.5496,133919.4885,2.0,2,0,0,837.5402,2625.8723
3142,51,10.8422,47358.0459,148478.1077,4.0,2,0,0,928.5891,2911.3354
3143,51,10.8793,43331.6426,135854.0405,6.0,2,0,0,849.6401,2663.8047
3144,51,10.6128,33955.5846,106457.8977,8.0,3,1,1,665.7958,2087.4098
3145,50,10.8633,46029.9399,144314.4959,10.0,2,0,1,920.5988,2886.2899
3146,49,10.9562,36397.0677,114112.5359,6.0,1,0,1,742.7973,2328.8273
3147,49,10.9996,41620.3088,130488.6019,7.0,1,0,0,849.3941,2663.0327
3148,48,11.2517,43523.1508,136454.8213,8.0,1,0,1,906.7323,2842.8088
3149,48,11.1112,31311.1826,98167.6714,0.0,0,0,0,652.3163,2045.1598
3150,49,10.9751,36913.9938,115733.5167,0.0,1,1,0,753.3468,2361.9085
3151,49,11.1904,48431.7563,151845.3042,0.0,0,0,0,988.4032,3098.8838
3152,49,11.0,38546.6651,120852.8332,1.0,1,0,0,786.6666,2466.3844
3153,49,10.9871,43470.6365,136291.0956,2.0,1,0,0,887.1558,2781.4509
3154,48,11.0238,46519.2885,145848.5604,4.0,2,0,1,969.1518,3038.5117
3155,46,10.9396,32279.8289,101203.9239,6.0,2,0,2,701.7354,2200.0853
3156,46,10.9577,41891.4818,131339.3561,6.0,3,1,1,910.6844,2855.2034
3157,46,11.0297,36579.2566,114683.7622,8.0,2,0,0,795.2012,2493.1253
3158,46,11.2032,42205.7838,132324.7314,10.0,2,0,0,917.517,2876.6246
3159,46,11.2378,41194.8992,129155.4252,12.0,2,0,0,895.5413,2807.7266
3160,45,11.3871,39214.5503,122946.637,14.0,2,0,1,871.4345,2732.1475
3161,44,11.1106,30154.8643,94542.1921,16.0,2,0,1,685.3378,2148.6862
3162,45,10.8159,37133.0191,116419.9154,18.0,3,1,0,825.1782,2587.1092
3163,44,10.8671,37637.2737,118001.1224,20.0,2,0,1,855.3926,2681.8437
3164,44,11.0165,44060.1519,138138.5523,22.0,2,0,0,1001.3671,3139.5126
3165,44,10.9997,37434.3401,117364.8819,24.0,2,0,0,850.7805,2667.3837
3166,44,10.9746,31816.0498,99750.5121,27.0,3,0,0,723.092,2267.0571
3167,44,10.7312,35840.8866,112369.097,30.0,3,0,0,814.5656,2553.8431
3168,45,10.2003,27102.6465,84972.0038,16.0,3,1,0,602.281,1888.2668
3169,44,10.1504,37758.1778,118380.3013,4.0,1,0,1,858.1404,2690.4614
3170,44,10.3615,37984.0959,119089.0575,5.0,1,0,0,863.2749,2706.5695
3171,44,10.5458,44981.5628,141027.404,6.0,1,0,0,1022.3082,3205.1683
3172,44,10.2932,32577.5001,102137.6197,8.0,2,0,0,740.3977,2321.3095
3173,44,10.156,42863.3881,134386.6372,10.0,2,0,0,974.1679,3054.2418
3174,45,10.1519,44697.8421,140138.0279,13.0,4,1,0,993.2854,3114.1784
3175,45,10.2552,40678.8946,127537.7395,16.0,3,0,0,903.9754,2834.172
3176,44,10.5795,48548.4315,152210.5561,19.0,3,0,1,1103.3734,3459.3308
3177,44,10.6133,45727.953,143368.0879,22.0,3,0,0,1039.2717,3258.3656
3178,44,10.7091,42020.9355,131745.4507,25.0,3,0,0,955.0213,2994.2148
3179,44,10.6677,40788.341,127880.7612,28.0,3,0,0,927.0078,2906.3809
3180,45,10.3154,32357.4227,101447.4304,31.0,4,1,0,719.0538,2254.3873
3181,45,10.374,38335.3177,120189.5502,34.0,3,0,0,851.8959,2670.8789
3182,45,10.5457,45342.2272,142158.4406,26.0,2,0,0,1007.605,3159.0765
3183,44,10.5212,39794.3112,124764.5104,10.0,1,0,1,904.4162,2835.5571
3184,44,10.8316,41793.3105,131031.9062,0.0,0,0,0,949.848,2977.9979
3185,44,11.0784,41447.9142,129948.8378,1.0,1,0,0,941.9981,2953.3827
3186,45,11.0668,42421.8506,133002.0961,2.0,2,1,0,942.7078,2955.6021
3187,44,11.4539,41179.7169,129107.5618,3.0,1,0,1,935.9027,2934.2628
3188,44,11.7144,44862.7215,140654.5593,4.0,1,0,0,1019.6073,3196.6945
3189,44,11.9234,44939.906,140897.5087,5.0,1,0,0,1021.3615,3202.2161
3190,43,12.1992,42130.6958,132089.6047,6.0,1,0,1,979.7836,3071.8513
3191,43,12.1959,35102.3291,110053.722,7.0,1,0,0,816.3332,2559.3889
3192,44,11.7829,34834.6027,109214.3097,8.0,2,1,0,791.6955,2482.1434
3193,43,12.0437,33646.6361,105489.5148,0.0,0,0,1,782.4799,2453.2445
3194,43,12.1274,43094.7526,135112.5144,0.0,0,0,0,1002.2035,3142.1515
3195,42,11.8486,28163.0197,88297.4762,0.0,0,0,1,670.5481,2102.3209
3196,41,12.0098,31131.1689,97603.1985,0.0,0,0,1,759.2968,2380.5658
3197,41,12.2561,37754.2168,118368.4059,0.0,0,0,0,920.8346,2887.0343
3198,42,12.2451,43579.4873,136631.9937,0.0,1,1,0,1037.6068,3253.1427
3199,42,12.2354,31636.3904,99187.3783,0.0,0,0,0,753.2474,2361.6042
3200,42,12.1732,33156.7722,103954.4246,0.0,0,0,0,789.447,2475.1053
3201,42,12.1167,31156.945,97684.1433,0.0,0,0,0,741.832,2325.8129
3202,42,12.0564,32797.0284,102826.2586,0.0,0,0,0,780.8816,2448.2443
3203,41,12.0458,41320.7917,129550.2788,0.0,0,0,1,1007.8242,3159.7629
3204,42,11.6474,28894.0506,90589.2884,1.0,2,1,0,687.9536,2156.8878
3205,42,11.9346,39018.5775,122332.1192,2.0,1,0,0,929.0137,2912.6695
3206,41,12.2765,39723.5369,124542.6286,3.0,1,0,1,968.8668,3037.6251
3207,41,12.301,30326.0976,95079.1981,4.0,1,0,0,739.6609,2319.0048
3208,40,12.6103,35484.7098,111252.7516,5.0,1,0,1,887.1177,2781.3188
3209,40,12.5117,31059.9973,97380.52,6.0,1,0,0,776.4999,2434.513
3210,41,12.006,30040.7413,94184.5671,7.0,2,1,0,732.701,2297.1846
3211,40,11.626,23677.3546,74233.7064,8.0,1,0,1,591.9339,1855.8427
3212,40,11.4042,35238.4328,110480.8711,0.0,0,0,0,880.9608,2762.0218
3213,40,11.3104,39605.2148,124171.6682,0.0,0,0,0,990.1304,3104.2917
3214,39,11.1508,34297.109,107529.3607,1.0,1,0,1,879.4131,2757.1631
3215,39,11.2656,32757.7674,102702.851,3.0,2,0,0,839.9428,2633.4064
3216,40,11.0304,38404.9829,120408.1805,5.0,3,1,0,960.1246,3010.2045
3217,40,10.9058,33683.1807,105604.3532,7.0,2,0,0,842.0795,2640.1088
3218,40,10.885,36069.2684,113085.1319,5.0,2,0,0,901.7317,2827.1283
3219,40,11.2759,45072.4389,141312.9906,7.0,2,0,0,1126.811,3532.8248
3220,40,11.0679,33715.3641,105705.0956,10.0,3,0,0,842.8841,2642.6274
3221,40,11.0037,33425.515,104796.3332,13.0,3,0,0,835.6379,2619.9083
3222,41,10.6533,40467.6455,126875.3592,16.0,4,1,0,987.0157,3094.521
3223,41,10.6334,39656.2081,124331.1238,19.0,3,0,0,967.2246,3032.4664
3224,41,10.5473,36512.9621,114476.1896,23.0,4,0,0,890.5601,2792.1022
3225,41,10.6567,39525.3384,123920.5844,27.0,4,0,0,964.0326,3022.4533
3226,41,10.63,32081.4819,100582.264,20.0,4,0,0,782.4752,2453.226
3227,41,10.6998,38966.0812,122167.1137,20.0,3,0,0,950.3922,2979.6857
3228,42,10.5466,36775.8733,115300.1694,12.0,3,1,0,875.616,2745.2421
3229,41,10.5023,29888.4452,93706.462,14.0,2,0,1,728.9865,2285.5235
3230,41,10.26,32379.2657,101515.8027,16.0,2,0,0,789.7382,2475.9952
3231,41,10.2143,40868.4695,128131.9039,19.0,3,0,0,996.7919,3125.1684
3232,41,10.5336,41469.0935,130015.3671,22.0,3,0,0,1011.4413,3171.1065
3233,41,10.9292,49271.6647,154478.3668,25.0,3,0,0,1201.7479,3767.765
3234,42,10.7362,38612.5359,121059.0228,29.0,5,1,0,919.3461,2882.3577
3235,42,11.0194,42309.7171,132650.6558,33.0,4,0,0,1007.3742,3158.3489
3236,41,11.0661,39591.778,124129.2506,26.0,3,0,1,965.6531,3027.5427
3237,41,11.1822,32009.0382,100355.2573,29.0,3,0,0,780.7082,2447.6892
3238,41,11.0418,35926.5741,112637.7383,24.0,2,0,0,876.2579,2747.2619
3239,41,10.8968,31359.945,98320.2065,6.0,1,0,0,764.8767,2398.0538
3240,42,10.4591,28399.4291,89038.3016,7.0,2,1,0,676.1769,2119.9596
3241,42,10.5943,39419.7293,123590.2539,8.0,1,0,0,938.565,2942.6251
3242,41,10.822,37868.5561,118726.9437,9.0,1,0,1,923.6233,2895.7791
3243,41,11.0191,40039.2799,125532.5065,11.0,2,0,0,976.5678,3061.7685
3244,41,11.2037,39779.0868,124716.9413,11.0,1,0,0,970.2216,3041.8766
3245,41,11.4122,41251.3422,129332.7743,12.0,1,0,0,1006.1303,3154.4579
3246,41,11.1992,42166.1717,132200.8721,13.0,2,1,1,1028.4432,3224.4115
3247,41,11.2707,34068.116,106811.4829,14.0,1,0,0,830.9297,2605.1581
3248,41,11.4992,42582.9597,133507.5339,15.0,1,0,0,1038.6088,3256.2813
3249,41,11.6285,32983.0317,103409.2843,16.0,1,0,0,804.4642,2522.1777
3250,41,11.8981,41184.9193,129124.6466,17.0,1,0,0,1004.5102,3149.3816
3251,40,11.8311,36037.9539,112987.5259,18.0,1,0,1,900.9488,2824.6881
3252,41,11.5965,32319.8551,101330.0568,0.0,1,1,0,788.2891,2471.4648
3253,41,11.4268,25201.3064,79011.5071,0.0,0,0,0,614.666,1927.1099
3254,40,11.011,31314.2397,98177.343,0.0,0,0,1,782.856,2454.4336
3255,40,10.953,31036.9306,97307.6007,0.0,0,0,0,775.9233,2432.69
3256,39,10.8069,27842.3891,87292.068,0.0,0,0,1,713.9074,2238.2582
3257,39,10.9346,39050.2505,122431.6823,0.0,0,0,0,1001.2885,3139.2739
3258,40,10.9248,36135.3999,113292.2397,1.0,2,1,0,903.385,2832.306
3259,40,11.027,32091.1685,100612.9857,2.0,1,0,0,802.2792,2515.3246
3260,40,11.27,39919.194,125155.8628,3.0,1,0,0,997.9799,3128.8966
3261,40,10.8541,30117.9951,94426.734,4.0,1,0,0,752.9499,2360.6683
3262,40,10.646,31500.0238,98759.7991,5.0,1,0,0,787.5006,2468.995
3263,40,10.4068,31780.516,99638.9751,6.0,1,0,0,794.5129,2490.9744
3264,41,9.7816,26176.015,82067.4855,8.0,3,1,0,638.4394,2001.646
3265,41,9.7267,35579.22,111549.1239,10.0,2,0,0,867.7859,2720.7103
3266,41,9.9636,38476.9132,120633.9548,9.0,1,0,0,938.4613,2942.2916
3267,41,10.2624,41561.5096,130305.1702,10.0,1,0,0,1013.6954,3178.1749
3268,41,10.9347,50620.6501,158708.0237,0.0,0,0,0,1234.65,3870.9274
3269,41,11.196,40180.6034,125975.7844,0.0,0,0,0,980.0147,3072.5801
3270,42,10.6256,24718.5988,77498.3464,0.0,1,1,0,588.5381,1845.1987
3271,41,10.855,36689.2538,115029.386,0.0,0,0,1,894.8598,2805.5948
3272,41,10.9998,35243.7842,110496.9875,0.0,0,0,0,859.6045,2695.0485
3273,40,11.2521,35747.4494,112076.6754,0.0,0,0,1,893.6862,2801.9169
3274,40,11.2485,35262.5743,110556.5938,0.0,0,0,0,881.5644,2763.9148
3275,40,11.1639,27208.2286,85303.8162,0.0,0,0,0,680.2057,2132.5954
3276,40,10.6595,29154.1273,91404.5343,1.0,2,1,1,728.8532,2285.1134
3277,40,10.7318,33026.1371,103544.6263,2.0,1,0,0,825.6534,2588.6157
3278,40,10.7945,32063.0272,100524.5073,3.0,1,0,0,801.5757,2513.1127
3279,40,10.9405,36519.3601,114496.5985,4.0,1,0,0,912.984,2862.415
3280,40,10.7915,33653.9832,105513.1075,5.0,1,0,0,841.3496,2637.8277
3281,40,10.9108,35023.8024,109807.653,6.0,1,0,0,875.5951,2745.1913
3282,41,10.8887,38349.9681,120235.7162,1.0,2,1,0,935.3651,2932.5784
3283,41,10.8538,34471.98,108077.3884,2.0,1,0,0,840.78,2636.0339
3284,41,11.1614,41737.8075,130857.5689,3.0,1,0,0,1017.9953,3191.648
3285,41,11.2487,32214.111,100998.648,4.0,1,0,0,785.71,2463.3817
3286,41,11.3459,35452.4112,111151.6285,5.0,1,0,0,864.693,2711.0153
3287,40,11.565,38579.2057,120954.9474,0.0,0,0,1,964.4801,3023.8737
3288,41,11.0838,27850.4117,87316.9057,0.0,1,1,0,679.2783,2129.6806
3289,41,10.9208,30624.7775,96015.1883,1.0,1,0,0,746.9458,2341.8339
3290,41,10.8932,31157.156,97684.2642,2.0,1,0,0,759.9306,2382.543
3291,41,11.0015,40329.4141,126441.6015,4.0,2,0,0,983.6442,3083.9415
3292,41,11.1491,35805.8028,112259.096,2.0,1,0,0,873.3123,2738.0267
3293,41,11.0921,28039.1173,87908.4694,3.0,1,0,0,683.8809,2144.109
3294,42,10.8671,28653.2231,89833.8022,4.0,2,1,0,682.2196,2138.9001
3295,42,11.0005,35039.1646,109855.6056,5.0,1,0,0,834.2658,2615.6097
3296,42,10.967,29194.2293,91530.2522,6.0,1,0,0,695.1007,2179.2917
3297,42,10.9562,38362.7706,120276.2134,7.0,1,0,0,913.3993,2863.7194
3298,42,10.9979,35295.0997,110658.5344,8.0,1,0,0,840.3595,2634.727
3299,42,10.9885,34367.9339,107750.6176,9.0,1,0,0,818.2841,2565.4909
3300,43,10.6492,33900.6388,106286.2166,10.0,2,1,0,788.3869,2471.7725
3301,43,10.9424,37485.6585,117525.978,11.0,1,0,0,871.7595,2733.1623
3302,43,10.7412,33461.227,104908.6044,12.0,1,0,0,778.1681,2439.735
3303,43,10.8789,39632.8816,124258.1224,13.0,1,0,0,921.6949,2889.7238
3304,43,11.0677,36197.6915,113488.0451,14.0,1,0,0,841.8068,2639.2569
3305,43,11.2672,39907.9692,125120.4013,15.0,1,0,0,928.0923,2909.7768
3306,44,10.9202,27833.7917,87264.753,16.0,2,1,0,632.5862,1983.2898
3307,43,10.8649,29693.6892,93096.1333,0.0,0,0,1,690.5509,2165.0264
3308,43,10.7227,26798.9602,84020.3194,0.0,0,0,0,623.2316,1953.9609
3309,41,10.5866,32450.8,101740.427,0.0,0,0,2,791.4829,2481.4738
3310,41,10.4578,27652.1993,86695.5575,0.0,0,0,0,674.4439,2114.5258
3311,41,10.58,37574.3505,117804.0164,1.0,1,0,0,916.4476,2873.2687
3312,41,10.5892,35651.9433,111776.6996,0.0,1,1,1,869.5596,2726.261
3313,41,10.6662,35931.3254,112652.707,0.0,0,0,0,876.3738,2747.627
3314,41,10.7994,40457.6585,126844.3066,0.0,0,0,0,986.7722,3093.7636
3315,41,10.9199,37509.2451,117600.216,0.0,0,0,0,914.8596,2868.298
3316,41,11.0577,42445.0239,133075.4331,0.0,0,0,0,1035.2445,3245.7423
3317,41,11.1501,39567.4135,124053.1384,0.0,0,0,0,965.0589,3025.6863
3318,42,10.9875,39474.153,123760.4069,1.0,2,1,0,939.8608,2946.6764
3319,42,10.9411,36568.1256,114649.4675,2.0,1,0,0,870.6697,2729.7492
3320,42,10.93,38603.6981,121031.6123,3.0,1,0,0,919.1357,2881.7051
3321,42,10.8776,34006.3877,106617.5801,5.0,2,0,0,809.6759,2538.5138
3322,42,10.4175,27012.5779,84690.4367,7.0,2,0,0,643.1566,2016.439
3323,42,10.4249,39715.5783,124517.4089,9.0,2,0,0,945.609,2964.7002
3324,43,10.3425,37284.9479,116896.24,11.0,3,1,0,867.0918,2718.5172
3325,41,10.4955,31947.7035,100162.9059,5.0,1,0,2,779.2123,2442.9977
3326,41,10.8114,40461.4958,126856.044,6.0,1,0,0,986.8658,3094.0499
3327,41,11.078,37291.9411,116919.0259,0.0,0,0,0,909.5595,2851.6836
3328,41,11.057,35276.6391,110600.5345,0.0,0,0,0,860.4058,2697.574
3329,41,11.1542,39019.4701,122335.2843,0.0,0,0,0,951.6944,2983.7874
3330,42,11.0468,39444.025,123666.3781,0.0,1,1,0,939.1435,2944.4376
3331,41,11.1525,32759.4854,102708.7574,0.0,0,0,1,799.0118,2505.0916
3332,40,11.2401,30989.0406,97157.4254,0.0,0,0,1,774.726,2428.9356
3333,38,11.5586,37182.5559,116575.6626,0.0,0,0,2,978.4883,3067.7806
3334,38,11.8004,38845.4417,121789.664,1.0,1,0,0,1022.2485,3204.9912
3335,38,11.7333,31947.1156,100161.5631,2.0,1,0,0,840.7136,2635.8306
3336,39,11.6692,36614.5978,114795.3937,3.0,2,1,0,938.8358,2943.4716
3337,39,11.4359,26548.7118,83235.8994,4.0,1,0,0,680.7362,2134.2538
3338,39,11.1326,25674.3753,80494.789,5.0,1,0,0,658.3173,2063.9689
3339,39,10.8973,30858.2727,96747.1989,6.0,1,0,0,791.2378,2480.6974
3340,39,10.8056,33603.2167,105353.7337,7.0,1,0,0,861.6209,2701.3778
3341,39,10.5987,27800.8159,87161.8066,8.0,1,0,0,712.8414,2234.9181
3342,40,10.38,38455.7811,120567.7047,9.0,2,1,0,961.3945,3014.1926
3343,40,10.5278,33692.9566,105634.6332,10.0,1,0,0,842.3239,2640.8658
3344,40,10.4902,27702.2375,86852.5878,12.0,2,0,0,692.5559,2171.3147
3345,39,10.6576,35215.2076,110407.6648,12.0,1,0,1,902.954,2830.9658
3346,39,10.7507,33549.4757,105185.2539,13.0,1,0,0,860.243,2697.0578
3347,39,10.757,35084.1586,109997.037,14.0,1,0,0,899.5938,2820.4368
3348,40,10.6141,33496.4053,105019.0298,1.0,2,1,0,837.4101,2625.4757
3349,39,10.9116,38999.2332,122271.5831,2.0,1,0,1,999.9803,3135.1688
3350,39,11.1481,37318.3516,117001.3624,3.0,1,0,0,956.8808,3000.0349
3351,39,11.397,38341.9975,120210.691,0.0,0,0,0,983.1281,3082.3254
3352,39,11.1599,27036.4216,84765.5389,0.0,0,0,0,693.2416,2173.4754
3353,39,11.1313,32807.498,102858.6528,1.0,1,0,0,841.2179,2637.4014
3354,40,10.9249,31717.8959,99442.4182,2.0,2,1,0,792.9474,2486.0605
3355,40,11.0962,36321.5824,113876.7849,3.0,1,0,0,908.0396,2846.9196
3356,40,11.4266,38131.8925,119551.7413,4.0,1,0,0,953.2973,2988.7935
3357,40,11.4816,32098.8969,100637.1723,5.0,1,0,0,802.4724,2515.9293
3358,40,11.3716,30500.7573,95626.6861,6.0,1,0,0,762.5189,2390.6672
3359,40,11.0161,31419.8206,98508.262,7.0,1,0,0,785.4955,2462.7065
3360,41,10.6542,30791.8585,96538.4886,8.0,2,1,0,751.0209,2354.5973
3361,41,10.9144,36699.4751,115061.1756,9.0,1,0,0,895.1091,2806.3701
3362,41,11.0351,33777.9893,105901.633,10.0,1,0,0,823.8534,2582.9667
3363,41,10.9614,33505.9708,105048.6172,11.0,1,0,0,817.2188,2562.1614
3364,41,11.081,34489.3303,108131.6603,0.0,0,0,0,841.2032,2637.3576
3365,41,11.3404,41636.2944,130539.512,0.0,0,0,0,1015.5194,3183.8905
3366,42,11.0401,30967.2612,97088.9533,0.0,1,1,0,737.3157,2311.6417
3367,42,11.2229,37930.7715,118921.6391,1.0,1,0,0,903.1136,2831.4676
3368,42,11.5333,43158.4873,135312.2704,2.0,1,0,0,1027.583,3221.7207
3369,42,11.543,34288.1436,107500.9038,3.0,1,0,0,816.3844,2559.5453
3370,42,11.451,32844.9165,102976.2259,4.0,1,0,0,782.0218,2451.8149
3371,42,11.2352,29381.0704,92116.2151,5.0,1,0,0,699.5493,2193.2432
3372,43,10.6667,27939.3765,87595.6481,6.0,2,1,0,649.7529,2037.1081
3373,43,10.6558,33462.8967,104913.501,7.0,1,0,0,778.2069,2439.8489
3374,43,10.8954,37103.7586,116328.6746,8.0,1,0,0,862.8781,2705.318
3375,43,11.1904,39285.7128,123169.4644,9.0,1,0,0,913.6212,2864.4061
3376,43,11.5207,44074.3312,138183.5232,10.0,1,0,0,1024.9844,3213.5703
3377,43,11.5623,35510.7937,111334.5867,11.0,1,0,0,825.8324,2589.1764
3378,44,11.1595,32032.9983,100430.7241,12.0,2,1,0,728.0227,2282.5165
3379,44,11.1054,34862.3996,109301.2466,13.0,1,0,0,792.3273,2484.1192
3380,43,11.3455,37163.9569,116517.1141,14.0,1,0,1,864.2781,2709.7003
3381,43,11.2078,27881.1985,87413.7429,15.0,1,0,0,648.4,2032.8777
3382,43,11.2081,28622.9201,89739.1894,16.0,1,0,0,665.6493,2086.9579
3383,43,11.294,31264.51,98020.6754,17.0,1,0,0,727.0816,2279.5506
3384,44,11.1145,34696.8357,108781.7769,18.0,2,1,0,788.5644,2472.3131
3385,43,11.3289,34257.9441,107406.1046,19.0,1,0,1,796.6964,2497.8164
3386,43,10.8314,23890.9707,74903.1875,20.0,1,0,0,555.604,1741.9346
3387,43,10.7697,31705.4974,99403.6948,0.0,0,0,0,737.3371,2311.7138
3388,43,10.6222,31721.7283,99454.7645,0.0,0,0,0,737.7146,2312.9015
3389,43,10.6678,33835.6728,106082.4325,0.0,0,0,0,786.8761,2467.0333
3390,44,10.1493,33468.7829,104931.8408,1.0,2,1,0,760.6542,2384.8146
3391,44,10.3462,43731.4768,137108.2139,2.0,1,0,0,993.8972,3116.0958
3392,44,10.1807,35946.9426,112701.1685,3.0,1,0,0,816.976,2561.3902
3393,44,10.1754,38857.2254,121825.9905,4.0,1,0,0,883.1188,2768.7725
3394,44,10.3722,38604.6169,121034.1138,1.0,1,0,0,877.3777,2750.7753
3395,44,10.2445,35708.2796,111953.7165,2.0,1,0,0,811.5518,2544.4026
3396,45,10.0801,41300.0958,129485.2198,3.0,2,1,0,917.7799,2877.4493
3397,45,10.2308,44961.636,140964.4145,4.0,1,0,0,999.1475,3132.5425
3398,45,10.4434,39125.9136,122668.0834,8.0,4,0,0,869.4647,2725.9574
3399,45,10.6214,40683.0537,127550.2798,10.0,3,0,0,904.0679,2834.4507
3400,45,10.7126,39774.2253,124700.9,13.0,3,0,0,883.8717,2771.1311
3401,45,10.44,30386.2595,95267.2556,12.0,2,0,0,675.2502,2117.0501
3402,46,10.1527,36580.9247,114688.7477,5.0,2,1,0,795.2375,2493.2336
3403,46,10.1958,37826.6996,118595.0866,6.0,1,0,0,822.3196,2578.1541
3404,46,10.347,38135.2293,119562.7162,7.0,1,0,0,829.0267,2599.1895
3405,46,10.4009,38597.5752,121011.9329,8.0,1,0,0,839.0777,2630.6942
3406,46,10.3131,31098.3457,97500.2743,10.0,2,0,0,676.051,2119.5712
3407,46,10.4867,44446.371,139349.3373,12.0,2,0,0,966.2255,3029.3334
3408,47,10.3985,41622.4452,130495.1751,14.0,3,1,0,885.5839,2776.4931
3409,47,10.4627,42476.0952,133172.5448,0.0,0,0,0,903.7467,2833.4584
3410,47,10.7403,52326.7729,164057.2062,0.0,0,0,0,1113.3356,3490.5789
3411,47,10.8709,44592.5338,139808.3448,0.0,0,0,0,948.7773,2974.6456
3412,47,11.1861,49140.5271,154067.3666,0.0,0,0,0,1045.5431,3278.0291
3413,47,11.6588,55831.7724,175046.4858,0.0,0,0,0,1187.9101,3724.3933
3414,48,11.4279,41481.7681,130055.1964,0.0,1,1,0,864.2035,2709.4833
3415,48,11.4855,43862.7481,137520.2038,0.0,0,0,0,913.8073,2865.0042
3416,48,11.4403,44439.0865,139327.2547,0.0,0,0,0,925.8143,2902.6511
3417,48,11.4286,39222.3886,122971.3851,0.0,0,0,0,817.1331,2561.9039
3418,48,11.5351,43885.3328,137590.7124,0.0,0,0,0,914.2778,2866.4732
3419,48,11.4496,33516.0237,105080.0638,2.0,2,0,0,698.2505,2189.168
3420,48,11.2349,45295.3184,142011.4999,4.0,3,1,1,943.6525,2958.5729
3421,47,11.2124,38767.7968,121546.1274,3.0,1,0,1,824.8467,2586.0878
3422,47,11.4662,45622.1641,143035.7817,4.0,1,0,0,970.6843,3043.3145
3423,47,11.3252,37454.8463,117429.1454,5.0,1,0,0,796.9116,2498.4925
3424,47,11.4645,42278.6331,132553.6572,0.0,0,0,0,899.5454,2820.2906
3425,46,11.4218,36988.1351,115966.1067,0.0,0,0,1,804.0899,2521.0023
3426,46,11.041,39003.0585,122283.5062,0.0,1,1,1,847.8926,2658.3371
3427,45,11.1246,42205.0186,132322.2455,1.0,1,0,1,937.8893,2940.4943
3428,45,10.9903,33130.4403,103871.2644,0.0,0,0,0,736.232,2308.2503
3429,45,11.1829,46220.8971,144913.1505,0.0,0,0,0,1027.131,3220.2922
3430,45,11.2186,39408.3083,123554.4379,0.0,0,0,0,875.7402,2745.6542
3431,45,11.6202,48890.526,153283.4874,0.0,0,0,0,1086.4561,3406.2997
3432,45,11.4827,41446.3504,129943.6189,0.0,1,1,1,921.03,2887.636
3433,45,11.6307,38019.3065,119199.0375,0.0,0,0,0,844.8735,2648.8675
3434,45,11.3868,27004.5983,84665.6079,1.0,1,0,0,600.1022,1881.458
3435,45,11.324,38817.799,121703.0928,2.0,1,0,0,862.6178,2704.5132
3436,45,10.9326,29189.7922,91516.6843,3.0,1,0,0,648.662,2033.7041
3437,45,10.8124,34959.8635,109607.3749,4.0,1,0,0,776.8859,2435.7194
3438,46,10.7518,44952.2846,140935.763,6.0,3,1,0,977.2236,3063.8209
3439,45,11.1712,43661.2019,136888.0989,8.0,2,0,1,970.2489,3041.9578
3440,45,11.2416,37987.8525,119100.7341,10.0,2,0,0,844.1745,2646.683
3441,45,11.0475,32639.7933,102333.1079,8.0,1,0,0,725.3287,2274.0691
3442,44,11.4717,53639.8648,168173.7972,9.0,1,0,1,1219.0878,3822.1318
3443,44,11.2293,33067.127,103672.9394,10.0,1,0,0,751.5256,2356.2032
3444,45,10.975,40593.2735,127268.9662,12.0,3,1,0,902.0727,2828.1992
3445,45,11.0696,39441.1398,123657.6099,12.0,1,0,0,876.4698,2747.9469
3446,45,11.237,39211.6782,122937.4213,0.0,0,0,0,871.3706,2731.9427
3447,45,11.3696,39277.439,123143.9616,0.0,0,0,0,872.832,2736.5325
3448,45,11.761,51625.869,161859.3802,0.0,0,0,0,1147.2415,3596.8751
3449,45,11.8659,36563.2061,114634.3762,0.0,0,0,0,812.5157,2547.4306
3450,46,11.7521,40292.0818,126325.5204,0.0,1,1,0,875.9148,2746.207
3451,46,11.8117,43241.3005,135571.908,0.0,0,0,0,940.0283,2947.2154
3452,46,11.6859,32092.9128,100618.5764,0.0,0,0,0,697.672,2187.3604
3453,46,11.6237,33940.0362,106409.6426,0.0,0,0,0,737.8269,2313.2531
3454,46,11.7834,40025.8264,125490.3835,0.0,0,0,0,870.1267,2728.0518
3455,45,11.8561,41222.5029,129242.1468,0.0,0,0,1,916.0556,2872.0477
3456,46,11.6545,44221.9087,138646.2543,0.0,1,1,0,961.3458,3014.049
3457,46,11.2029,31631.3358,99171.767,0.0,0,0,0,687.6377,2155.908
3458,46,10.8776,34718.6697,108850.7551,1.0,1,0,0,754.7537,2366.3208
3459,46,10.7952,36845.7027,115519.5352,3.0,2,0,0,800.9935,2511.2942
3460,46,10.8189,37907.7365,118848.6443,2.0,1,0,0,824.0812,2583.6662
3461,46,11.0576,38757.8432,121514.4516,0.0,0,0,0,842.5618,2641.6185
3462,47,11.175,45048.7981,141238.4277,0.0,1,1,0,958.4851,3005.0729
3463,47,11.5207,47092.3116,147645.5967,0.0,0,0,0,1001.9641,3141.3957
3464,46,11.5023,36903.9912,115702.6898,0.0,0,0,1,802.2607,2515.2759
3465,46,11.4655,33978.318,106529.5582,1.0,1,0,0,738.6591,2315.86
3466,46,11.5661,39815.0896,124829.5315,0.0,0,0,0,865.5454,2713.6855
3467,46,11.7112,41856.373,131229.7017,0.0,0,0,0,909.9212,2852.8196
3468,47,11.6655,42237.7563,132424.921,0.0,1,1,0,898.6757,2817.5515
3469,47,11.6201,30907.1867,96901.1806,0.0,0,0,0,657.5997,2061.7272
3470,47,11.6777,42675.9213,133799.1717,0.0,0,0,0,907.9983,2846.7909
3471,47,11.331,28893.5044,90587.5665,0.0,0,0,0,614.7554,1927.395
3472,46,11.3809,42861.4335,134380.6379,0.0,0,0,1,931.7703,2921.3182
3473,46,11.3767,35858.3189,112423.8675,0.0,0,0,0,779.5287,2443.9971
3474,47,11.2567,39534.5518,123950.127,0.0,1,1,0,841.1607,2637.2367
3475,47,11.4967,41954.378,131536.5356,0.0,0,0,0,892.6463,2798.6497
3476,46,11.291,29164.4963,91437.1271,0.0,0,0,1,634.0108,1987.7636
3477,46,11.4852,42269.0421,132523.186,0.0,0,0,0,918.8922,2880.9388
3478,46,11.4654,36215.4576,113543.865,0.0,0,0,0,787.2926,2468.3449
3479,46,11.5039,45439.2507,142463.1674,0.0,0,0,0,987.8098,3097.0254
3480,47,11.1266,39077.5527,122517.2525,0.0,1,1,0,831.4373,2606.7501
3481,47,11.1899,41332.8472,129587.8223,0.0,0,0,0,879.4223,2757.1877
3482,47,11.5042,50024.2872,156838.2407,0.0,0,0,0,1064.3465,3336.9838
3483,47,11.5744,41284.8078,129437.7323,0.0,0,0,0,878.4002,2753.9943
3484,45,11.8027,42906.4462,134522.0083,0.0,0,0,2,953.4766,2989.378
3485,45,12.0025,43155.5725,135302.9208,0.0,0,0,0,959.0127,3006.7316
3486,46,11.3744,27412.2499,85943.1604,0.0,1,1,0,595.9185,1868.3296
3487,46,11.2409,36556.4233,114612.7983,0.0,0,0,0,794.7049,2491.5826
3488,46,11.0777,32417.0536,101634.7668,1.0,1,0,0,704.7186,2209.4515
3489,46,10.6281,30464.5618,95513.0226,0.0,0,0,0,662.2731,2076.3701
3490,46,10.5336,37643.6872,118021.2874,1.0,1,0,0,818.341,2565.6802
3491,46,10.5504,34286.6631,107496.0266,0.0,0,0,0,745.3622,2336.8701
3492,47,10.3823,39370.7638,123436.2053,0.0,1,1,0,837.6758,2626.3022
3493,47,10.4451,35768.8186,112142.9701,1.0,1,0,0,761.0387,2386.0206
3494,47,10.6455,41929.0455,131456.671,2.0,1,0,0,892.1074,2796.9504
3495,47,10.7051,40602.5277,127298.4096,3.0,1,0,0,863.8836,2708.4768
3496,47,10.7819,37733.1914,118301.7856,4.0,1,0,0,802.8339,2517.0593
3497,47,10.8195,41928.5025,131455.6323,0.0,0,0,0,892.0958,2796.9283
3498,48,10.913,49788.4741,156098.5215,0.0,1,1,0,1037.2599,3252.0525
3499,48,10.9707,35872.0902,112467.0618,0.0,0,0,0,747.3352,2343.0638
3500,48,11.3055,46746.0858,146560.1124,0.0,0,0,0,973.8768,3053.3357
3501,48,11.5531,42760.5181,134063.9915,0.0,0,0,0,890.8441,2792.9998
3502,48,11.6784,45002.2227,141092.865,0.0,0,0,0,937.5463,2939.4347
3503,48,11.9359,49701.3981,155826.1721,0.0,0,0,0,1035.4458,3246.3786
3504,49,11.6936,41740.159,130865.218,0.0,1,1,0,851.84,2670.7187
3505,49,11.6549,35289.2696,110639.578,0.0,0,0,0,720.1892,2257.9506
3506,49,11.7245,43719.0956,137069.3928,0.0,0,0,0,892.2264,2797.3345
3507,49,11.5976,34376.3915,107777.5997,0.0,0,0,0,701.559,2199.5429
3508,49,11.7365,44920.5606,140836.4744,0.0,0,0,0,916.7461,2874.2138
3509,49,11.7156,35227.1757,110444.98,0.0,0,0,0,718.922,2253.9792
3510,50,11.2348,31179.5505,97754.5974,0.0,1,1,0,623.591,1955.0919
3511,50,11.2724,36952.539,115854.1387,0.0,0,0,0,739.0508,2317.0828
3512,50,11.3699,46993.353,147335.2224,0.0,0,0,0,939.8671,2946.7044
3513,50,11.2865,36725.2272,115141.8574,0.0,0,0,0,734.5045,2302.8371
3514,50,11.2829,40027.01,125493.7645,0.0,0,0,0,800.5402,2509.8753
3515,50,11.487,48036.7766,150606.8646,0.0,0,0,0,960.7355,3012.1373
3516,51,11.1834,42759.8374,134062.0425,0.0,1,1,0,838.4282,2628.6675
3517,51,11.2073,49787.5756,156096.0333,0.0,0,0,0,976.227,3060.7065
3518,49,11.068,32997.2986,103453.9713,0.0,0,0,2,673.4143,2111.3055
3519,49,11.0015,35525.1446,111379.1797,0.0,0,0,0,725.003,2273.0445
3520,49,10.8518,35428.6921,111075.9405,1.0,1,0,0,723.0345,2266.8559
3521,49,10.7379,37645.3292,118026.6596,3.0,2,0,0,768.272,2408.7073
3522,50,10.4736,40824.3702,127993.3426,5.0,3,1,0,816.4874,2559.8669
3523,50,10.8243,50703.314,158965.9541,4.0,1,0,0,1014.0663,3179.3191
3524,50,10.8913,42398.1678,132928.398,5.0,1,0,0,847.9634,2658.568
3525,50,10.9151,41806.6939,131073.6626,6.0,1,0,0,836.1339,2621.4733
3526,49,11.2515,50905.695,159601.5415,7.0,1,0,1,1038.8917,3257.1743
3527,48,11.2844,37072.6017,116231.1526,0.0,0,0,1,772.3459,2421.4823
3528,49,11.179,44086.1168,138219.7677,0.0,1,1,0,899.7167,2820.8116
3529,49,11.3392,42141.1687,132122.1656,0.0,0,0,0,860.0239,2696.3707
3530,49,11.5012,42872.9538,134416.9563,0.0,0,0,0,874.9582,2743.2032
3531,47,11.6113,38283.6356,120028.1026,0.0,0,0,2,814.5454,2553.7894
3532,47,11.6259,29921.0962,93809.0058,0.0,0,0,0,636.6191,1995.9363
3533,47,11.7839,39431.6705,123627.0026,0.0,0,0,0,838.9717,2630.3618
3534,48,11.5138,41711.5536,130775.3009,0.0,1,1,0,868.9907,2724.4854
3535,47,11.5004,34286.3234,107495.4212,0.0,0,0,1,729.4962,2287.1366
3536,46,11.8761,44888.4449,140735.7579,0.0,0,0,1,975.8358,3059.473
3537,46,12.0502,41808.8531,131080.6702,0.0,0,0,0,908.8881,2849.5798
3538,46,12.1552,38107.9832,119477.8274,0.0,0,0,0,828.4344,2597.3441
3539,44,12.3872,49363.2542,154765.9673,0.0,0,0,2,1121.8921,3517.4083
3540,45,11.8747,33194.2887,104071.5644,0.0,1,1,0,737.6509,2312.7014
3541,45,11.9755,37750.251,118355.7284,0.0,0,0,0,838.8945,2630.1273
3542,45,11.8465,36031.6082,112967.531,0.0,0,0,0,800.7024,2510.3896
3543,44,11.6153,31535.4225,98870.6081,0.0,0,0,1,716.7141,2247.0593
3544,43,11.3485,35565.6775,111506.5896,0.0,0,0,1,827.1088,2593.1765
3545,43,10.983,33696.8656,105647.6043,0.0,0,0,0,783.648,2456.921
3546,44,10.8041,41586.9704,130384.1573,0.0,1,1,0,945.1584,2963.2763
3547,44,10.8652,42960.6569,134691.6354,1.0,1,0,0,976.3786,3061.1735
3548,43,10.7042,32267.979,101166.9545,3.0,2,0,1,750.4181,2352.7199
3549,43,10.8136,40083.447,125670.7647,5.0,2,0,0,932.1732,2922.5759
3550,43,11.0881,45081.0742,141339.5959,7.0,2,0,0,1048.3971,3286.9673
3551,42,11.1562,36588.9584,114714.5285,9.0,2,0,1,871.1657,2731.2983
3552,42,10.9998,38553.1947,120872.9073,11.0,3,1,1,917.9332,2877.9264
3553,41,10.8975,30449.71,95466.2943,13.0,2,0,1,742.6759,2328.4462
3554,41,10.8943,35761.3377,112119.4354,15.0,2,0,0,872.2277,2734.6204
3555,41,10.9861,29072.3198,91147.8744,17.0,2,0,0,709.081,2223.1189
3556,41,10.8152,36054.5361,113039.0397,19.0,2,0,0,879.3789,2757.0497
3557,40,10.6182,29586.6346,92760.6743,10.0,1,0,1,739.6659,2319.0169
3558,41,10.1162,28770.5344,90202.0318,11.0,2,1,0,701.7204,2200.0496
3559,41,10.2433,35040.7999,109860.1268,13.0,2,0,0,854.6537,2679.5153
3560,41,10.4925,39227.0542,122985.2602,15.0,2,0,0,956.7574,2999.6405
3561,41,10.6036,33627.9956,105431.4214,17.0,2,0,0,820.195,2571.4981
3562,41,10.7565,32751.2749,102682.598,15.0,1,0,0,798.8116,2504.4536
3563,41,10.6339,32544.6685,102034.9039,16.0,1,0,0,793.7724,2488.6562
3564,42,10.2902,33240.9394,104217.7131,0.0,1,1,0,791.4509,2481.3741
3565,42,10.506,35869.6005,112458.9806,0.0,0,0,0,854.0381,2677.5948
3566,42,10.7926,38329.6094,120171.9575,0.0,0,0,0,912.6097,2861.2371
3567,41,11.0737,35265.147,110564.5039,0.0,0,0,1,860.1255,2696.6952
3568,40,11.3426,34122.7257,106982.6061,0.0,0,0,1,853.0681,2674.5652
3569,40,11.2276,25831.6374,80987.6686,0.0,0,0,0,645.7909,2024.6917
3570,41,11.088,37736.5689,118312.4266,0.0,1,1,0,920.4041,2885.6689
3571,41,11.2336,35140.6658,110173.8179,0.0,0,0,0,857.0894,2687.1663
3572,41,11.226,30866.5058,96773.3129,0.0,0,0,0,752.8416,2360.3247
3573,41,11.506,39165.4252,122792.7812,0.0,0,0,0,955.2543,2994.9459
3574,41,11.5471,31756.4274,99563.5529,0.0,0,0,0,774.547,2428.3793
3575,41,11.4914,34069.5501,106816.0157,0.0,0,0,0,830.9646,2605.2687
3576,42,11.3025,36758.1567,115244.9614,0.0,1,1,0,875.1942,2743.9277
3577,42,11.3848,33710.0829,105688.5237,0.0,0,0,0,802.621,2516.3934
3578,42,11.2984,32046.9918,100474.6702,0.0,0,0,0,763.0236,2392.2541
3579,42,11.0177,29100.9142,91237.8482,0.0,0,0,0,692.8789,2172.3297
3580,42,10.7984,31257.9359,98000.4672,0.0,0,0,0,744.2366,2333.3445
3581,42,10.8183,34770.4039,109012.9474,0.0,0,0,0,827.8668,2595.5464
3582,43,10.5112,41308.2776,129510.9674,1.0,2,1,0,960.6576,3011.883
3583,43,10.5295,38579.318,120955.2698,2.0,1,0,0,897.1934,2812.9133
3584,42,10.3124,28375.9699,88965.0549,3.0,1,0,1,675.6183,2118.2156
3585,42,10.2656,33702.5598,105664.7371,4.0,1,0,0,802.4419,2515.8271
3586,42,10.3211,37991.2215,119111.4416,5.0,1,0,0,904.5529,2835.9867
3587,42,10.3892,39803.0919,124791.9426,6.0,1,0,0,947.6927,2971.2367
3588,43,10.0183,31791.6883,99674.0767,7.0,2,1,0,739.3416,2318.0018
3589,43,10.1502,37594.643,117867.1761,9.0,2,0,0,874.294,2741.0971
3590,43,10.1941,34185.2533,107177.9567,12.0,3,0,0,795.0059,2492.5106
3591,43,10.1402,34195.4821,107210.1393,3.0,1,0,0,795.2438,2493.2591
3592,43,10.027,35954.0634,112724.0469,4.0,1,0,0,836.141,2621.4895
3593,43,9.7763,33874.6512,106204.0839,6.0,2,0,0,787.7826,2469.8624
3594,43,9.3459,28788.0893,90256.5559,8.0,3,1,1,669.4904,2098.9897
3595,42,9.5736,40137.5461,125840.089,10.0,2,0,1,955.6559,2996.1926
3596,42,10.0416,50222.5554,157459.513,9.0,2,0,0,1195.7751,3749.036
3597,41,10.3501,43515.6402,136431.9967,12.0,3,0,1,1061.3571,3327.6097
3598,41,10.3797,32254.8867,101126.3575,5.0,2,0,0,786.7046,2466.4965
3599,40,10.6799,42904.064,134514.1534,7.0,2,0,1,1072.6016,3362.8538
